Wed Sep  9 01:28:59 AM UTC 2026
flash-cloud-bench-publisher-1 0.77% 34.54MiB / 7.38GiB 805kB / 1.04MB
flash-cloud-bench-simulator-1 4.21% 34.77MiB / 7.38GiB 2.76MB / 3.48MB
flash-cloud-bench-api-1 1.09% 75.13MiB / 7.38GiB 27.9MB / 17.8MB
flash-cloud-bench-consumer-1 0.37% 35.29MiB / 7.38GiB 48.7kB / 90.1kB
flash-cloud-bench-maintenance-1 1.66% 35.63MiB / 7.38GiB 55MB / 198MB
flash-cloud-bench-redis-1 2.71% 51.63MiB / 7.38GiB 189MB / 28.6MB
flash-cloud-bench-pgbouncer-1 1.81% 1.566MiB / 7.38GiB 72.5MB / 72.5MB
flash-cloud-bench-postgres-1 4.68% 68.78MiB / 7.38GiB 15.7MB / 57.2MB
flash-cloud-bench-kafka-1 1.23% 679.8MiB / 7.38GiB 42.8kB / 29.7kB
flash-cloud-bench-prometheus-1 0.40% 29.45MiB / 7.38GiB 493kB / 84kB
Wed Sep  9 01:29:11 AM UTC 2026
flash-cloud-bench-publisher-1 2.15% 34.58MiB / 7.38GiB 938kB / 1.22MB
flash-cloud-bench-simulator-1 3.15% 34.77MiB / 7.38GiB 3.14MB / 3.96MB
flash-cloud-bench-api-1 78.37% 76.07MiB / 7.38GiB 28.5MB / 19.7MB
flash-cloud-bench-consumer-1 4.20% 35.33MiB / 7.38GiB 100kB / 171kB
flash-cloud-bench-maintenance-1 6.72% 35.64MiB / 7.38GiB 55.4MB / 199MB
flash-cloud-bench-redis-1 5.46% 51.32MiB / 7.38GiB 190MB / 28.9MB
flash-cloud-bench-pgbouncer-1 5.62% 1.594MiB / 7.38GiB 74.8MB / 74.7MB
flash-cloud-bench-postgres-1 13.52% 74.29MiB / 7.38GiB 17.4MB / 58.2MB
flash-cloud-bench-kafka-1 54.06% 714.9MiB / 7.38GiB 78.3kB / 58.4kB
flash-cloud-bench-prometheus-1 0.00% 29.46MiB / 7.38GiB 553kB / 93.5kB
Wed Sep  9 01:29:23 AM UTC 2026
flash-cloud-bench-publisher-1 2.85% 34.67MiB / 7.38GiB 1.21MB / 1.61MB
flash-cloud-bench-simulator-1 3.20% 34.77MiB / 7.38GiB 3.51MB / 4.43MB
flash-cloud-bench-api-1 93.62% 78.52MiB / 7.38GiB 46.5MB / 35.1MB
flash-cloud-bench-consumer-1 3.08% 35.48MiB / 7.38GiB 414kB / 630kB
flash-cloud-bench-maintenance-1 6.36% 35.68MiB / 7.38GiB 66.8MB / 239MB
flash-cloud-bench-redis-1 8.43% 51.75MiB / 7.38GiB 232MB / 47.6MB
flash-cloud-bench-pgbouncer-1 5.29% 1.566MiB / 7.38GiB 91.7MB / 91.6MB
flash-cloud-bench-postgres-1 12.71% 89.69MiB / 7.38GiB 22.2MB / 70.5MB
flash-cloud-bench-kafka-1 161.48% 752.9MiB / 7.38GiB 288kB / 239kB
flash-cloud-bench-prometheus-1 0.44% 29.52MiB / 7.38GiB 683kB / 108kB
Wed Sep  9 01:29:35 AM UTC 2026
flash-cloud-bench-publisher-1 2.26% 34.7MiB / 7.38GiB 1.46MB / 1.96MB
flash-cloud-bench-simulator-1 3.23% 34.77MiB / 7.38GiB 3.86MB / 4.87MB
flash-cloud-bench-api-1 61.61% 78.84MiB / 7.38GiB 83MB / 61.2MB
flash-cloud-bench-consumer-1 2.84% 35.53MiB / 7.38GiB 701kB / 1.05MB
flash-cloud-bench-maintenance-1 28.79% 35.7MiB / 7.38GiB 73.1MB / 261MB
flash-cloud-bench-redis-1 24.63% 52.01MiB / 7.38GiB 257MB / 82.6MB
flash-cloud-bench-pgbouncer-1 9.84% 1.578MiB / 7.38GiB 103MB / 103MB
flash-cloud-bench-postgres-1 22.43% 98.93MiB / 7.38GiB 26.3MB / 77.9MB
flash-cloud-bench-kafka-1 165.59% 782MiB / 7.38GiB 500kB / 419kB
flash-cloud-bench-prometheus-1 0.00% 29.52MiB / 7.38GiB 769kB / 117kB
Wed Sep  9 01:29:47 AM UTC 2026
flash-cloud-bench-publisher-1 2.88% 34.73MiB / 7.38GiB 1.75MB / 2.39MB
flash-cloud-bench-simulator-1 3.61% 34.77MiB / 7.38GiB 4.26MB / 5.38MB
flash-cloud-bench-api-1 73.29% 80.34MiB / 7.38GiB 132MB / 94.5MB
flash-cloud-bench-consumer-1 5.70% 35.56MiB / 7.38GiB 1.04MB / 1.56MB
flash-cloud-bench-maintenance-1 6.59% 35.7MiB / 7.38GiB 79.2MB / 281MB
flash-cloud-bench-redis-1 11.01% 51.98MiB / 7.38GiB 281MB / 126MB
flash-cloud-bench-pgbouncer-1 5.24% 1.574MiB / 7.38GiB 114MB / 114MB
flash-cloud-bench-postgres-1 12.80% 103.1MiB / 7.38GiB 30.4MB / 85MB
flash-cloud-bench-kafka-1 51.20% 725.6MiB / 7.38GiB 708kB / 596kB
flash-cloud-bench-prometheus-1 0.23% 29.56MiB / 7.38GiB 890kB / 128kB
Wed Sep  9 01:29:59 AM UTC 2026
flash-cloud-bench-publisher-1 2.66% 34.75MiB / 7.38GiB 2.03MB / 2.78MB
flash-cloud-bench-simulator-1 3.21% 34.77MiB / 7.38GiB 4.64MB / 5.86MB
flash-cloud-bench-api-1 98.27% 80.46MiB / 7.38GiB 180MB / 127MB
flash-cloud-bench-consumer-1 10.19% 35.57MiB / 7.38GiB 1.35MB / 2.01MB
flash-cloud-bench-maintenance-1 17.06% 35.7MiB / 7.38GiB 90.7MB / 322MB
flash-cloud-bench-redis-1 16.03% 52.36MiB / 7.38GiB 323MB / 172MB
flash-cloud-bench-pgbouncer-1 7.62% 1.609MiB / 7.38GiB 131MB / 131MB
flash-cloud-bench-postgres-1 18.82% 106.1MiB / 7.38GiB 35.3MB / 97.5MB
flash-cloud-bench-kafka-1 153.82% 808MiB / 7.38GiB 899kB / 762kB
flash-cloud-bench-prometheus-1 0.00% 29.64MiB / 7.38GiB 986kB / 142kB
Wed Sep  9 01:30:11 AM UTC 2026
flash-cloud-bench-publisher-1 2.75% 34.75MiB / 7.38GiB 2.3MB / 3.17MB
flash-cloud-bench-simulator-1 3.62% 34.77MiB / 7.38GiB 5.01MB / 6.33MB
flash-cloud-bench-api-1 72.35% 80.74MiB / 7.38GiB 232MB / 162MB
flash-cloud-bench-consumer-1 10.99% 35.57MiB / 7.38GiB 1.67MB / 2.48MB
flash-cloud-bench-maintenance-1 5.99% 35.7MiB / 7.38GiB 91.6MB / 323MB
flash-cloud-bench-redis-1 10.58% 52.02MiB / 7.38GiB 329MB / 222MB
flash-cloud-bench-pgbouncer-1 5.30% 1.578MiB / 7.38GiB 136MB / 136MB
flash-cloud-bench-postgres-1 12.94% 108.2MiB / 7.38GiB 38.7MB / 99.6MB
flash-cloud-bench-kafka-1 5.15% 750.4MiB / 7.38GiB 1.13MB / 956kB
flash-cloud-bench-prometheus-1 0.00% 29.65MiB / 7.38GiB 1.07MB / 151kB
Wed Sep  9 01:30:24 AM UTC 2026
flash-cloud-bench-publisher-1 2.23% 34.75MiB / 7.38GiB 2.57MB / 3.55MB
flash-cloud-bench-simulator-1 4.05% 34.77MiB / 7.38GiB 5.36MB / 6.77MB
flash-cloud-bench-api-1 64.41% 82.31MiB / 7.38GiB 284MB / 196MB
flash-cloud-bench-consumer-1 4.48% 35.59MiB / 7.38GiB 1.98MB / 2.94MB
flash-cloud-bench-maintenance-1 5.81% 35.72MiB / 7.38GiB 103MB / 364MB
flash-cloud-bench-redis-1 9.28% 52.11MiB / 7.38GiB 371MB / 272MB
flash-cloud-bench-pgbouncer-1 4.77% 1.828MiB / 7.38GiB 153MB / 153MB
flash-cloud-bench-postgres-1 12.28% 109.8MiB / 7.38GiB 43.7MB / 112MB
flash-cloud-bench-kafka-1 10.93% 762.3MiB / 7.38GiB 1.33MB / 1.13MB
flash-cloud-bench-prometheus-1 0.09% 29.73MiB / 7.38GiB 1.2MB / 166kB
Wed Sep  9 01:30:36 AM UTC 2026
flash-cloud-bench-publisher-1 2.17% 34.75MiB / 7.38GiB 2.84MB / 3.94MB
flash-cloud-bench-simulator-1 3.12% 34.79MiB / 7.38GiB 5.77MB / 7.28MB
flash-cloud-bench-api-1 67.92% 82.71MiB / 7.38GiB 334MB / 230MB
flash-cloud-bench-consumer-1 10.76% 35.61MiB / 7.38GiB 2.3MB / 3.4MB
flash-cloud-bench-maintenance-1 37.91% 35.74MiB / 7.38GiB 110MB / 388MB
flash-cloud-bench-redis-1 33.09% 52.4MiB / 7.38GiB 398MB / 319MB
flash-cloud-bench-pgbouncer-1 10.69% 1.594MiB / 7.38GiB 165MB / 165MB
flash-cloud-bench-postgres-1 25.81% 111MiB / 7.38GiB 47.9MB / 120MB
flash-cloud-bench-kafka-1 2.39% 773.9MiB / 7.38GiB 1.54MB / 1.31MB
flash-cloud-bench-prometheus-1 0.00% 29.74MiB / 7.38GiB 1.29MB / 175kB
Wed Sep  9 01:30:48 AM UTC 2026
flash-cloud-bench-publisher-1 2.89% 34.75MiB / 7.38GiB 3.12MB / 4.34MB
flash-cloud-bench-simulator-1 3.93% 34.77MiB / 7.38GiB 6.14MB / 7.76MB
flash-cloud-bench-api-1 73.44% 83.37MiB / 7.38GiB 384MB / 263MB
flash-cloud-bench-consumer-1 10.46% 35.62MiB / 7.38GiB 2.61MB / 3.86MB
flash-cloud-bench-maintenance-1 7.10% 35.73MiB / 7.38GiB 116MB / 406MB
flash-cloud-bench-redis-1 10.92% 52.07MiB / 7.38GiB 420MB / 367MB
flash-cloud-bench-pgbouncer-1 5.59% 1.621MiB / 7.38GiB 176MB / 175MB
flash-cloud-bench-postgres-1 20.20% 112.1MiB / 7.38GiB 52MB / 127MB
flash-cloud-bench-kafka-1 5.06% 786.2MiB / 7.38GiB 1.75MB / 1.49MB
flash-cloud-bench-prometheus-1 0.00% 29.78MiB / 7.38GiB 1.41MB / 186kB
Wed Sep  9 01:31:00 AM UTC 2026
flash-cloud-bench-publisher-1 2.56% 34.76MiB / 7.38GiB 3.39MB / 4.72MB
flash-cloud-bench-simulator-1 3.68% 34.77MiB / 7.38GiB 6.52MB / 8.23MB
flash-cloud-bench-api-1 70.11% 84.36MiB / 7.38GiB 431MB / 295MB
flash-cloud-bench-consumer-1 10.29% 35.65MiB / 7.38GiB 2.93MB / 4.32MB
flash-cloud-bench-maintenance-1 9.58% 35.74MiB / 7.38GiB 127MB / 446MB
flash-cloud-bench-redis-1 11.38% 53.11MiB / 7.38GiB 462MB / 412MB
flash-cloud-bench-pgbouncer-1 6.25% 1.582MiB / 7.38GiB 193MB / 192MB
flash-cloud-bench-postgres-1 42.65% 115.5MiB / 7.38GiB 56.9MB / 139MB
flash-cloud-bench-kafka-1 2.41% 797.4MiB / 7.38GiB 1.96MB / 1.67MB
flash-cloud-bench-prometheus-1 0.02% 29.78MiB / 7.38GiB 1.51MB / 199kB
Wed Sep  9 01:31:12 AM UTC 2026
flash-cloud-bench-publisher-1 4.95% 34.77MiB / 7.38GiB 3.7MB / 5.16MB
flash-cloud-bench-simulator-1 3.05% 34.77MiB / 7.38GiB 6.89MB / 8.7MB
flash-cloud-bench-api-1 73.79% 85.25MiB / 7.38GiB 482MB / 330MB
flash-cloud-bench-consumer-1 6.56% 35.66MiB / 7.38GiB 3.3MB / 4.88MB
flash-cloud-bench-maintenance-1 15.91% 35.74MiB / 7.38GiB 129MB / 450MB
flash-cloud-bench-redis-1 14.09% 52.29MiB / 7.38GiB 469MB / 461MB
flash-cloud-bench-pgbouncer-1 8.26% 1.578MiB / 7.38GiB 199MB / 198MB
flash-cloud-bench-postgres-1 80.30% 119.5MiB / 7.38GiB 60.6MB / 142MB
flash-cloud-bench-kafka-1 6.27% 811MiB / 7.38GiB 2.21MB / 1.89MB
flash-cloud-bench-prometheus-1 0.22% 29.77MiB / 7.38GiB 1.63MB / 210kB
Wed Sep  9 01:31:24 AM UTC 2026
flash-cloud-bench-publisher-1 4.42% 34.8MiB / 7.38GiB 4.13MB / 5.8MB
flash-cloud-bench-simulator-1 3.06% 34.77MiB / 7.38GiB 7.27MB / 9.18MB
flash-cloud-bench-api-1 102.97% 85.73MiB / 7.38GiB 535MB / 365MB
flash-cloud-bench-consumer-1 6.97% 35.69MiB / 7.38GiB 3.92MB / 5.79MB
flash-cloud-bench-maintenance-1 4.04% 35.74MiB / 7.38GiB 135MB / 471MB
flash-cloud-bench-redis-1 9.58% 52.4MiB / 7.38GiB 494MB / 512MB
flash-cloud-bench-pgbouncer-1 5.31% 1.605MiB / 7.38GiB 210MB / 210MB
flash-cloud-bench-postgres-1 106.16% 126.6MiB / 7.38GiB 64.9MB / 149MB
flash-cloud-bench-kafka-1 5.15% 832.3MiB / 7.38GiB 2.62MB / 2.23MB
flash-cloud-bench-prometheus-1 0.43% 29.78MiB / 7.38GiB 1.73MB / 223kB
Wed Sep  9 01:31:36 AM UTC 2026
flash-cloud-bench-publisher-1 3.84% 34.83MiB / 7.38GiB 4.57MB / 6.44MB
flash-cloud-bench-simulator-1 3.35% 34.77MiB / 7.38GiB 7.64MB / 9.65MB
flash-cloud-bench-api-1 81.34% 86.66MiB / 7.38GiB 597MB / 405MB
flash-cloud-bench-consumer-1 6.03% 35.7MiB / 7.38GiB 4.52MB / 6.68MB
flash-cloud-bench-maintenance-1 22.84% 35.74MiB / 7.38GiB 142MB / 496MB
flash-cloud-bench-redis-1 22.31% 53.01MiB / 7.38GiB 522MB / 572MB
flash-cloud-bench-pgbouncer-1 8.74% 1.609MiB / 7.38GiB 223MB / 223MB
flash-cloud-bench-postgres-1 66.04% 129.2MiB / 7.38GiB 69.4MB / 158MB
flash-cloud-bench-kafka-1 11.50% 853.6MiB / 7.38GiB 3.02MB / 2.57MB
flash-cloud-bench-prometheus-1 0.00% 29.79MiB / 7.38GiB 1.81MB / 232kB
Wed Sep  9 01:31:48 AM UTC 2026
flash-cloud-bench-publisher-1 4.27% 34.87MiB / 7.38GiB 4.99MB / 7.07MB
flash-cloud-bench-simulator-1 3.17% 34.77MiB / 7.38GiB 8.01MB / 10.1MB
flash-cloud-bench-api-1 77.63% 86.91MiB / 7.38GiB 670MB / 451MB
flash-cloud-bench-consumer-1 6.03% 35.7MiB / 7.38GiB 5.13MB / 7.59MB
flash-cloud-bench-maintenance-1 5.38% 35.74MiB / 7.38GiB 147MB / 514MB
flash-cloud-bench-redis-1 20.62% 52.79MiB / 7.38GiB 546MB / 642MB
flash-cloud-bench-pgbouncer-1 8.43% 1.598MiB / 7.38GiB 235MB / 234MB
flash-cloud-bench-postgres-1 67.39% 132.5MiB / 7.38GiB 73.6MB / 166MB
flash-cloud-bench-kafka-1 9.54% 874.5MiB / 7.38GiB 3.42MB / 2.91MB
flash-cloud-bench-prometheus-1 0.19% 29.79MiB / 7.38GiB 1.95MB / 246kB
Wed Sep  9 01:32:00 AM UTC 2026
flash-cloud-bench-publisher-1 4.76% 34.9MiB / 7.38GiB 5.43MB / 7.72MB
flash-cloud-bench-simulator-1 3.08% 34.77MiB / 7.38GiB 8.38MB / 10.6MB
flash-cloud-bench-api-1 77.18% 87.25MiB / 7.38GiB 737MB / 494MB
flash-cloud-bench-consumer-1 8.12% 35.71MiB / 7.38GiB 5.76MB / 8.5MB
flash-cloud-bench-maintenance-1 3.59% 35.74MiB / 7.38GiB 154MB / 538MB
flash-cloud-bench-redis-1 9.45% 52.72MiB / 7.38GiB 571MB / 707MB
flash-cloud-bench-pgbouncer-1 5.17% 1.59MiB / 7.38GiB 246MB / 246MB
flash-cloud-bench-postgres-1 104.59% 133.9MiB / 7.38GiB 77.9MB / 173MB
flash-cloud-bench-kafka-1 4.11% 895.1MiB / 7.38GiB 3.83MB / 3.26MB
flash-cloud-bench-prometheus-1 0.00% 29.8MiB / 7.38GiB 2.03MB / 255kB
Wed Sep  9 01:32:12 AM UTC 2026
flash-cloud-bench-publisher-1 3.99% 34.93MiB / 7.38GiB 5.87MB / 8.37MB
flash-cloud-bench-simulator-1 3.29% 34.77MiB / 7.38GiB 8.76MB / 11.1MB
flash-cloud-bench-api-1 70.76% 89.8MiB / 7.38GiB 800MB / 534MB
flash-cloud-bench-consumer-1 11.65% 35.7MiB / 7.38GiB 6.36MB / 9.39MB
flash-cloud-bench-maintenance-1 21.26% 35.74MiB / 7.38GiB 161MB / 562MB
flash-cloud-bench-redis-1 21.70% 52.25MiB / 7.38GiB 598MB / 774MB
flash-cloud-bench-pgbouncer-1 8.28% 1.613MiB / 7.38GiB 258MB / 258MB
flash-cloud-bench-postgres-1 59.52% 134.7MiB / 7.38GiB 82.3MB / 181MB
flash-cloud-bench-kafka-1 2.90% 914.8MiB / 7.38GiB 4.22MB / 3.6MB
flash-cloud-bench-prometheus-1 0.26% 29.88MiB / 7.38GiB 2.16MB / 268kB
Wed Sep  9 01:32:25 AM UTC 2026
flash-cloud-bench-publisher-1 3.58% 34.92MiB / 7.38GiB 6.31MB / 9.02MB
flash-cloud-bench-simulator-1 3.41% 34.77MiB / 7.38GiB 9.13MB / 11.5MB
flash-cloud-bench-api-1 72.83% 90.3MiB / 7.38GiB 873MB / 581MB
flash-cloud-bench-consumer-1 5.55% 35.7MiB / 7.38GiB 6.98MB / 10.3MB
flash-cloud-bench-maintenance-1 21.03% 35.74MiB / 7.38GiB 167MB / 583MB
flash-cloud-bench-redis-1 20.23% 52.29MiB / 7.38GiB 622MB / 839MB
flash-cloud-bench-pgbouncer-1 8.17% 1.582MiB / 7.38GiB 270MB / 269MB
flash-cloud-bench-postgres-1 65.40% 136.4MiB / 7.38GiB 86.6MB / 189MB
flash-cloud-bench-kafka-1 2.65% 928.6MiB / 7.38GiB 4.63MB / 3.95MB
flash-cloud-bench-prometheus-1 0.02% 29.92MiB / 7.38GiB 2.25MB / 279kB
Wed Sep  9 01:32:37 AM UTC 2026
flash-cloud-bench-publisher-1 5.65% 34.93MiB / 7.38GiB 6.76MB / 9.68MB
flash-cloud-bench-simulator-1 3.09% 34.77MiB / 7.38GiB 9.47MB / 12MB
flash-cloud-bench-api-1 70.98% 90.53MiB / 7.38GiB 941MB / 624MB
flash-cloud-bench-consumer-1 8.36% 35.72MiB / 7.38GiB 7.6MB / 11.2MB
flash-cloud-bench-maintenance-1 3.65% 35.74MiB / 7.38GiB 173MB / 604MB
flash-cloud-bench-redis-1 8.82% 52.27MiB / 7.38GiB 646MB / 905MB
flash-cloud-bench-pgbouncer-1 5.27% 1.609MiB / 7.38GiB 281MB / 281MB
flash-cloud-bench-postgres-1 103.24% 138.2MiB / 7.38GiB 90.8MB / 196MB
flash-cloud-bench-kafka-1 3.56% 929MiB / 7.38GiB 5.05MB / 4.3MB
flash-cloud-bench-prometheus-1 0.00% 29.92MiB / 7.38GiB 2.38MB / 290kB
Wed Sep  9 01:32:49 AM UTC 2026
flash-cloud-bench-publisher-1 4.28% 34.93MiB / 7.38GiB 7.2MB / 10.3MB
flash-cloud-bench-simulator-1 3.46% 34.77MiB / 7.38GiB 9.85MB / 12.4MB
flash-cloud-bench-api-1 85.02% 90.41MiB / 7.38GiB 1.02GB / 671MB
flash-cloud-bench-consumer-1 5.18% 35.71MiB / 7.38GiB 8.2MB / 12.1MB
flash-cloud-bench-maintenance-1 23.06% 35.74MiB / 7.38GiB 180MB / 628MB
flash-cloud-bench-redis-1 23.83% 52.23MiB / 7.38GiB 674MB / 977MB
flash-cloud-bench-pgbouncer-1 8.69% 1.602MiB / 7.38GiB 294MB / 293MB
flash-cloud-bench-postgres-1 62.11% 139.1MiB / 7.38GiB 95.3MB / 205MB
flash-cloud-bench-kafka-1 2.29% 929MiB / 7.38GiB 5.44MB / 4.64MB
flash-cloud-bench-prometheus-1 0.01% 29.93MiB / 7.38GiB 2.48MB / 302kB
Wed Sep  9 01:33:01 AM UTC 2026
flash-cloud-bench-publisher-1 4.30% 34.93MiB / 7.38GiB 7.63MB / 11MB
flash-cloud-bench-simulator-1 3.03% 34.77MiB / 7.38GiB 10.3MB / 12.9MB
flash-cloud-bench-api-1 109.97% 90.71MiB / 7.38GiB 1.09GB / 716MB
flash-cloud-bench-consumer-1 15.04% 35.72MiB / 7.38GiB 8.82MB / 13MB
flash-cloud-bench-maintenance-1 13.54% 35.74MiB / 7.38GiB 187MB / 650MB
flash-cloud-bench-redis-1 15.97% 52.31MiB / 7.38GiB 699MB / 1.04GB
flash-cloud-bench-pgbouncer-1 7.11% 1.602MiB / 7.38GiB 306MB / 305MB
flash-cloud-bench-postgres-1 78.05% 142.2MiB / 7.38GiB 99.6MB / 212MB
flash-cloud-bench-kafka-1 2.84% 929.1MiB / 7.38GiB 5.85MB / 4.98MB
flash-cloud-bench-prometheus-1 0.00% 29.93MiB / 7.38GiB 2.56MB / 312kB
Wed Sep  9 01:33:13 AM UTC 2026
flash-cloud-bench-publisher-1 4.01% 34.93MiB / 7.38GiB 8.05MB / 11.6MB
flash-cloud-bench-simulator-1 3.07% 34.77MiB / 7.38GiB 10.6MB / 13.4MB
flash-cloud-bench-api-1 77.64% 90.65MiB / 7.38GiB 1.16GB / 761MB
flash-cloud-bench-consumer-1 6.54% 35.72MiB / 7.38GiB 9.43MB / 13.9MB
flash-cloud-bench-maintenance-1 11.81% 35.98MiB / 7.38GiB 193MB / 672MB
flash-cloud-bench-redis-1 15.43% 52.62MiB / 7.38GiB 725MB / 1.11GB
flash-cloud-bench-pgbouncer-1 6.17% 1.582MiB / 7.38GiB 318MB / 317MB
flash-cloud-bench-postgres-1 85.97% 142.7MiB / 7.38GiB 104MB / 220MB
flash-cloud-bench-kafka-1 2.43% 929.2MiB / 7.38GiB 6.25MB / 5.33MB
flash-cloud-bench-prometheus-1 0.00% 29.93MiB / 7.38GiB 2.69MB / 323kB
Wed Sep  9 01:33:25 AM UTC 2026
flash-cloud-bench-publisher-1 3.69% 34.93MiB / 7.38GiB 8.47MB / 12.2MB
flash-cloud-bench-simulator-1 3.04% 34.77MiB / 7.38GiB 11MB / 13.9MB
flash-cloud-bench-api-1 79.55% 91.29MiB / 7.38GiB 1.23GB / 806MB
flash-cloud-bench-consumer-1 5.63% 35.72MiB / 7.38GiB 10MB / 14.8MB
flash-cloud-bench-maintenance-1 22.99% 35.74MiB / 7.38GiB 200MB / 695MB
flash-cloud-bench-redis-1 22.57% 52.66MiB / 7.38GiB 752MB / 1.18GB
flash-cloud-bench-pgbouncer-1 8.64% 1.598MiB / 7.38GiB 330MB / 329MB
flash-cloud-bench-postgres-1 61.45% 143.1MiB / 7.38GiB 108MB / 228MB
flash-cloud-bench-kafka-1 2.92% 929.5MiB / 7.38GiB 6.62MB / 5.64MB
flash-cloud-bench-prometheus-1 0.00% 29.94MiB / 7.38GiB 2.78MB / 335kB
Wed Sep  9 01:33:37 AM UTC 2026
flash-cloud-bench-publisher-1 5.11% 34.93MiB / 7.38GiB 8.9MB / 12.8MB
flash-cloud-bench-simulator-1 3.25% 34.78MiB / 7.38GiB 11.4MB / 14.4MB
flash-cloud-bench-api-1 85.90% 91.15MiB / 7.38GiB 1.3GB / 849MB
flash-cloud-bench-consumer-1 7.97% 35.72MiB / 7.38GiB 10.7MB / 15.8MB
flash-cloud-bench-maintenance-1 22.48% 35.74MiB / 7.38GiB 206MB / 717MB
flash-cloud-bench-redis-1 23.65% 52.53MiB / 7.38GiB 776MB / 1.25GB
flash-cloud-bench-pgbouncer-1 8.32% 1.605MiB / 7.38GiB 341MB / 340MB
flash-cloud-bench-postgres-1 63.22% 143.5MiB / 7.38GiB 112MB / 236MB
flash-cloud-bench-kafka-1 4.25% 930.5MiB / 7.38GiB 7.06MB / 6.02MB
flash-cloud-bench-prometheus-1 0.22% 29.94MiB / 7.38GiB 2.91MB / 346kB
Wed Sep  9 01:33:49 AM UTC 2026
flash-cloud-bench-publisher-1 4.90% 34.94MiB / 7.38GiB 9.29MB / 13.4MB
flash-cloud-bench-simulator-1 3.16% 34.78MiB / 7.38GiB 11.7MB / 14.8MB
flash-cloud-bench-api-1 96.53% 91.5MiB / 7.38GiB 1.37GB / 897MB
flash-cloud-bench-consumer-1 4.98% 35.96MiB / 7.38GiB 11.3MB / 16.6MB
flash-cloud-bench-maintenance-1 22.69% 35.74MiB / 7.38GiB 214MB / 742MB
flash-cloud-bench-redis-1 24.25% 52.34MiB / 7.38GiB 805MB / 1.32GB
flash-cloud-bench-pgbouncer-1 8.22% 1.594MiB / 7.38GiB 354MB / 353MB
flash-cloud-bench-postgres-1 60.53% 144.1MiB / 7.38GiB 117MB / 245MB
flash-cloud-bench-kafka-1 2.17% 930.9MiB / 7.38GiB 7.45MB / 6.35MB
flash-cloud-bench-prometheus-1 0.00% 29.95MiB / 7.38GiB 3.01MB / 358kB
Wed Sep  9 01:34:02 AM UTC 2026
flash-cloud-bench-publisher-1 3.87% 34.94MiB / 7.38GiB 9.75MB / 14.1MB
flash-cloud-bench-simulator-1 2.78% 34.78MiB / 7.38GiB 12.1MB / 15.3MB
flash-cloud-bench-api-1 77.04% 91.7MiB / 7.38GiB 1.44GB / 943MB
flash-cloud-bench-consumer-1 8.55% 35.73MiB / 7.38GiB 11.9MB / 17.6MB
flash-cloud-bench-maintenance-1 7.46% 35.74MiB / 7.38GiB 219MB / 762MB
flash-cloud-bench-redis-1 10.67% 52.01MiB / 7.38GiB 829MB / 1.39GB
flash-cloud-bench-pgbouncer-1 6.05% 1.598MiB / 7.38GiB 365MB / 364MB
flash-cloud-bench-postgres-1 99.43% 147.5MiB / 7.38GiB 121MB / 252MB
flash-cloud-bench-kafka-1 2.41% 931.1MiB / 7.38GiB 7.86MB / 6.69MB
flash-cloud-bench-prometheus-1 0.23% 29.95MiB / 7.38GiB 3.13MB / 369kB
Wed Sep  9 01:34:14 AM UTC 2026
flash-cloud-bench-publisher-1 4.41% 34.95MiB / 7.38GiB 10.2MB / 14.7MB
flash-cloud-bench-simulator-1 3.31% 34.78MiB / 7.38GiB 12.5MB / 15.8MB
flash-cloud-bench-api-1 74.83% 92.02MiB / 7.38GiB 1.51GB / 986MB
flash-cloud-bench-consumer-1 5.53% 35.73MiB / 7.38GiB 12.5MB / 18.5MB
flash-cloud-bench-maintenance-1 22.94% 35.74MiB / 7.38GiB 226MB / 786MB
flash-cloud-bench-redis-1 21.75% 52.31MiB / 7.38GiB 856MB / 1.46GB
flash-cloud-bench-pgbouncer-1 8.75% 1.586MiB / 7.38GiB 378MB / 377MB
flash-cloud-bench-postgres-1 66.92% 149.7MiB / 7.38GiB 126MB / 260MB
flash-cloud-bench-kafka-1 2.21% 931.2MiB / 7.38GiB 8.26MB / 7.03MB
flash-cloud-bench-prometheus-1 0.39% 30.02MiB / 7.38GiB 3.23MB / 381kB
Wed Sep  9 01:34:26 AM UTC 2026
flash-cloud-bench-publisher-1 3.41% 34.95MiB / 7.38GiB 10.6MB / 15.4MB
flash-cloud-bench-simulator-1 3.32% 35.03MiB / 7.38GiB 12.9MB / 16.2MB
flash-cloud-bench-api-1 81.09% 92.08MiB / 7.38GiB 1.58GB / 1.03GB
flash-cloud-bench-consumer-1 5.99% 35.73MiB / 7.38GiB 13.1MB / 19.4MB
flash-cloud-bench-maintenance-1 10.49% 35.74MiB / 7.38GiB 233MB / 808MB
flash-cloud-bench-redis-1 14.70% 52.38MiB / 7.38GiB 881MB / 1.52GB
flash-cloud-bench-pgbouncer-1 6.26% 1.582MiB / 7.38GiB 389MB / 388MB
flash-cloud-bench-postgres-1 93.66% 152MiB / 7.38GiB 130MB / 268MB
flash-cloud-bench-kafka-1 2.09% 931.6MiB / 7.38GiB 8.67MB / 7.38MB
flash-cloud-bench-prometheus-1 0.00% 30.17MiB / 7.38GiB 3.31MB / 391kB
Wed Sep  9 01:34:38 AM UTC 2026
flash-cloud-bench-publisher-1 4.27% 34.95MiB / 7.38GiB 11MB / 16MB
flash-cloud-bench-simulator-1 3.70% 34.78MiB / 7.38GiB 13.2MB / 16.7MB
flash-cloud-bench-api-1 74.41% 92.35MiB / 7.38GiB 1.65GB / 1.08GB
flash-cloud-bench-consumer-1 5.60% 35.74MiB / 7.38GiB 13.7MB / 20.3MB
flash-cloud-bench-maintenance-1 21.40% 35.73MiB / 7.38GiB 240MB / 832MB
flash-cloud-bench-redis-1 21.30% 52.41MiB / 7.38GiB 908MB / 1.59GB
flash-cloud-bench-pgbouncer-1 8.27% 1.625MiB / 7.38GiB 402MB / 401MB
flash-cloud-bench-postgres-1 70.24% 153.9MiB / 7.38GiB 134MB / 276MB
flash-cloud-bench-kafka-1 2.25% 931.8MiB / 7.38GiB 9.07MB / 7.72MB
flash-cloud-bench-prometheus-1 0.00% 30.18MiB / 7.38GiB 3.44MB / 402kB
Wed Sep  9 01:34:50 AM UTC 2026
flash-cloud-bench-publisher-1 3.69% 34.95MiB / 7.38GiB 11.5MB / 16.6MB
flash-cloud-bench-simulator-1 3.27% 34.78MiB / 7.38GiB 13.6MB / 17.2MB
flash-cloud-bench-api-1 79.97% 93.1MiB / 7.38GiB 1.72GB / 1.12GB
flash-cloud-bench-consumer-1 6.15% 35.74MiB / 7.38GiB 14.3MB / 21.2MB
flash-cloud-bench-maintenance-1 6.36% 35.74MiB / 7.38GiB 246MB / 853MB
flash-cloud-bench-redis-1 10.91% 52.41MiB / 7.38GiB 933MB / 1.66GB
flash-cloud-bench-pgbouncer-1 5.79% 1.582MiB / 7.38GiB 413MB / 412MB
flash-cloud-bench-postgres-1 102.65% 154.6MiB / 7.38GiB 139MB / 284MB
flash-cloud-bench-kafka-1 2.21% 932.1MiB / 7.38GiB 9.47MB / 8.06MB
flash-cloud-bench-prometheus-1 0.00% 30.19MiB / 7.38GiB 3.54MB / 414kB
Wed Sep  9 01:35:02 AM UTC 2026
flash-cloud-bench-publisher-1 3.90% 34.95MiB / 7.38GiB 11.9MB / 17.2MB
flash-cloud-bench-simulator-1 3.44% 34.78MiB / 7.38GiB 14MB / 17.7MB
flash-cloud-bench-api-1 76.27% 93.52MiB / 7.38GiB 1.79GB / 1.16GB
flash-cloud-bench-consumer-1 6.39% 35.74MiB / 7.38GiB 14.9MB / 22.1MB
flash-cloud-bench-maintenance-1 18.24% 35.74MiB / 7.38GiB 253MB / 877MB
flash-cloud-bench-redis-1 10.99% 52.43MiB / 7.38GiB 957MB / 1.72GB
flash-cloud-bench-pgbouncer-1 7.84% 1.598MiB / 7.38GiB 426MB / 425MB
flash-cloud-bench-postgres-1 73.34% 157.7MiB / 7.38GiB 143MB / 292MB
flash-cloud-bench-kafka-1 2.47% 932.4MiB / 7.38GiB 9.87MB / 8.4MB
flash-cloud-bench-prometheus-1 0.00% 30.19MiB / 7.38GiB 3.66MB / 425kB
Wed Sep  9 01:35:14 AM UTC 2026
flash-cloud-bench-publisher-1 3.73% 34.95MiB / 7.38GiB 12.3MB / 17.9MB
flash-cloud-bench-simulator-1 3.36% 34.77MiB / 7.38GiB 14.4MB / 18.1MB
flash-cloud-bench-api-1 93.01% 106MiB / 7.38GiB 1.86GB / 1.21GB
flash-cloud-bench-consumer-1 5.71% 35.75MiB / 7.38GiB 15.5MB / 23MB
flash-cloud-bench-maintenance-1 10.30% 35.74MiB / 7.38GiB 260MB / 901MB
flash-cloud-bench-redis-1 12.58% 52.39MiB / 7.38GiB 987MB / 1.8GB
flash-cloud-bench-pgbouncer-1 6.28% 1.582MiB / 7.38GiB 438MB / 437MB
flash-cloud-bench-postgres-1 88.13% 158.2MiB / 7.38GiB 147MB / 300MB
flash-cloud-bench-kafka-1 2.27% 932.6MiB / 7.38GiB 10.3MB / 8.74MB
flash-cloud-bench-prometheus-1 0.15% 30.19MiB / 7.38GiB 3.76MB / 438kB
Wed Sep  9 01:35:26 AM UTC 2026
flash-cloud-bench-publisher-1 3.80% 34.95MiB / 7.38GiB 12.7MB / 18.5MB
flash-cloud-bench-simulator-1 2.86% 35.03MiB / 7.38GiB 14.7MB / 18.6MB
flash-cloud-bench-api-1 77.47% 94.46MiB / 7.38GiB 1.93GB / 1.25GB
flash-cloud-bench-consumer-1 5.54% 35.75MiB / 7.38GiB 16.2MB / 23.9MB
flash-cloud-bench-maintenance-1 21.50% 35.74MiB / 7.38GiB 267MB / 925MB
flash-cloud-bench-redis-1 53.77% 52.33MiB / 7.38GiB 1.01GB / 1.86GB
flash-cloud-bench-pgbouncer-1 8.36% 1.613MiB / 7.38GiB 450MB / 449MB
flash-cloud-bench-postgres-1 62.73% 158.7MiB / 7.38GiB 152MB / 309MB
flash-cloud-bench-kafka-1 2.17% 932.7MiB / 7.38GiB 10.7MB / 9.08MB
flash-cloud-bench-prometheus-1 0.00% 30.19MiB / 7.38GiB 3.85MB / 447kB
Wed Sep  9 01:35:38 AM UTC 2026
flash-cloud-bench-publisher-1 4.36% 34.95MiB / 7.38GiB 13.1MB / 19.1MB
flash-cloud-bench-simulator-1 3.45% 34.77MiB / 7.38GiB 15.1MB / 19.1MB
flash-cloud-bench-api-1 77.82% 95.08MiB / 7.38GiB 2.01GB / 1.3GB
flash-cloud-bench-consumer-1 7.40% 35.77MiB / 7.38GiB 16.8MB / 24.8MB
flash-cloud-bench-maintenance-1 5.59% 35.74MiB / 7.38GiB 273MB / 947MB
flash-cloud-bench-redis-1 10.14% 52.39MiB / 7.38GiB 1.04GB / 1.94GB
flash-cloud-bench-pgbouncer-1 5.95% 1.582MiB / 7.38GiB 462MB / 461MB
flash-cloud-bench-postgres-1 100.59% 159.6MiB / 7.38GiB 156MB / 316MB
flash-cloud-bench-kafka-1 18.26% 933.9MiB / 7.38GiB 11.1MB / 9.42MB
flash-cloud-bench-prometheus-1 0.24% 30.19MiB / 7.38GiB 3.97MB / 460kB
Wed Sep  9 01:35:51 AM UTC 2026
flash-cloud-bench-publisher-1 4.46% 34.95MiB / 7.38GiB 13.6MB / 19.7MB
flash-cloud-bench-simulator-1 2.60% 34.77MiB / 7.38GiB 15.5MB / 19.5MB
flash-cloud-bench-api-1 78.21% 96.59MiB / 7.38GiB 2.08GB / 1.35GB
flash-cloud-bench-consumer-1 7.50% 35.76MiB / 7.38GiB 17.4MB / 25.7MB
flash-cloud-bench-maintenance-1 3.77% 35.75MiB / 7.38GiB 280MB / 970MB
flash-cloud-bench-redis-1 10.28% 52.36MiB / 7.38GiB 1.07GB / 2.01GB
flash-cloud-bench-pgbouncer-1 5.39% 1.582MiB / 7.38GiB 474MB / 473MB
flash-cloud-bench-postgres-1 99.48% 160MiB / 7.38GiB 160MB / 324MB
flash-cloud-bench-kafka-1 68.47% 972.8MiB / 7.38GiB 11.5MB / 9.76MB
flash-cloud-bench-prometheus-1 0.00% 30.2MiB / 7.38GiB 4.07MB / 470kB
Wed Sep  9 01:36:03 AM UTC 2026
flash-cloud-bench-publisher-1 3.65% 34.95MiB / 7.38GiB 13.9MB / 20.3MB
flash-cloud-bench-simulator-1 3.23% 34.77MiB / 7.38GiB 15.8MB / 20MB
flash-cloud-bench-api-1 77.16% 97.08MiB / 7.38GiB 2.15GB / 1.39GB
flash-cloud-bench-consumer-1 8.19% 35.76MiB / 7.38GiB 17.9MB / 26.5MB
flash-cloud-bench-maintenance-1 10.87% 35.75MiB / 7.38GiB 286MB / 991MB
flash-cloud-bench-redis-1 16.13% 52.26MiB / 7.38GiB 1.09GB / 2.07GB
flash-cloud-bench-pgbouncer-1 6.07% 1.598MiB / 7.38GiB 485MB / 484MB
flash-cloud-bench-postgres-1 64.59% 162.5MiB / 7.38GiB 165MB / 332MB
flash-cloud-bench-kafka-1 2.52% 938.2MiB / 7.38GiB 11.8MB / 10.1MB
flash-cloud-bench-prometheus-1 0.34% 30.19MiB / 7.38GiB 4.2MB / 485kB
Wed Sep  9 01:36:15 AM UTC 2026
flash-cloud-bench-publisher-1 3.79% 34.95MiB / 7.38GiB 14.4MB / 20.9MB
flash-cloud-bench-simulator-1 2.65% 34.77MiB / 7.38GiB 16.2MB / 20.5MB
flash-cloud-bench-api-1 74.77% 97.68MiB / 7.38GiB 2.22GB / 1.44GB
flash-cloud-bench-consumer-1 5.40% 35.77MiB / 7.38GiB 18.6MB / 27.5MB
flash-cloud-bench-maintenance-1 11.93% 35.75MiB / 7.38GiB 293MB / 1.02GB
flash-cloud-bench-redis-1 15.05% 52.57MiB / 7.38GiB 1.12GB / 2.15GB
flash-cloud-bench-pgbouncer-1 7.14% 1.598MiB / 7.38GiB 498MB / 497MB
flash-cloud-bench-postgres-1 68.07% 163.2MiB / 7.38GiB 169MB / 341MB
flash-cloud-bench-kafka-1 153.32% 992.7MiB / 7.38GiB 12.3MB / 10.4MB
flash-cloud-bench-prometheus-1 0.01% 30.19MiB / 7.38GiB 4.29MB / 494kB
Wed Sep  9 01:36:27 AM UTC 2026
flash-cloud-bench-publisher-1 5.11% 34.95MiB / 7.38GiB 14.8MB / 21.5MB
flash-cloud-bench-simulator-1 2.70% 34.77MiB / 7.38GiB 16.6MB / 21MB
flash-cloud-bench-api-1 69.54% 98.37MiB / 7.38GiB 2.29GB / 1.48GB
flash-cloud-bench-consumer-1 4.49% 35.77MiB / 7.38GiB 19.2MB / 28.4MB
flash-cloud-bench-maintenance-1 16.29% 35.75MiB / 7.38GiB 300MB / 1.04GB
flash-cloud-bench-redis-1 49.69% 52.34MiB / 7.38GiB 1.15GB / 2.21GB
flash-cloud-bench-pgbouncer-1 7.26% 1.586MiB / 7.38GiB 511MB / 509MB
flash-cloud-bench-postgres-1 47.91% 163.7MiB / 7.38GiB 173MB / 349MB
flash-cloud-bench-kafka-1 161.06% 1008MiB / 7.38GiB 12.7MB / 10.8MB
flash-cloud-bench-prometheus-1 0.00% 30.3MiB / 7.38GiB 4.41MB / 505kB
Wed Sep  9 01:36:39 AM UTC 2026
flash-cloud-bench-publisher-1 4.09% 34.95MiB / 7.38GiB 15.3MB / 22.2MB
flash-cloud-bench-simulator-1 2.67% 34.77MiB / 7.38GiB 17MB / 21.4MB
flash-cloud-bench-api-1 76.34% 99.96MiB / 7.38GiB 2.36GB / 1.53GB
flash-cloud-bench-consumer-1 15.21% 35.77MiB / 7.38GiB 19.8MB / 29.2MB
flash-cloud-bench-maintenance-1 12.56% 35.75MiB / 7.38GiB 307MB / 1.06GB
flash-cloud-bench-redis-1 16.47% 52.48MiB / 7.38GiB 1.17GB / 2.28GB
flash-cloud-bench-pgbouncer-1 6.88% 1.605MiB / 7.38GiB 523MB / 521MB
flash-cloud-bench-postgres-1 76.45% 164.3MiB / 7.38GiB 178MB / 357MB
flash-cloud-bench-kafka-1 118.45% 1009MiB / 7.38GiB 13.1MB / 11.1MB
flash-cloud-bench-prometheus-1 0.00% 30.3MiB / 7.38GiB 4.51MB / 518kB
Wed Sep  9 01:36:51 AM UTC 2026
flash-cloud-bench-publisher-1 4.31% 34.95MiB / 7.38GiB 15.7MB / 22.9MB
flash-cloud-bench-simulator-1 2.87% 34.77MiB / 7.38GiB 17.3MB / 21.9MB
flash-cloud-bench-api-1 106.31% 99.5MiB / 7.38GiB 2.43GB / 1.57GB
flash-cloud-bench-consumer-1 6.93% 35.77MiB / 7.38GiB 20.4MB / 30.2MB
flash-cloud-bench-maintenance-1 14.45% 35.75MiB / 7.38GiB 314MB / 1.09GB
flash-cloud-bench-redis-1 17.39% 52.34MiB / 7.38GiB 1.2GB / 2.35GB
flash-cloud-bench-pgbouncer-1 7.52% 1.586MiB / 7.38GiB 535MB / 534MB
flash-cloud-bench-postgres-1 70.57% 164.8MiB / 7.38GiB 182MB / 365MB
flash-cloud-bench-kafka-1 76.76% 939.4MiB / 7.38GiB 13.5MB / 11.5MB
flash-cloud-bench-prometheus-1 0.00% 30.3MiB / 7.38GiB 4.6MB / 527kB
Wed Sep  9 01:37:03 AM UTC 2026
flash-cloud-bench-publisher-1 5.09% 34.95MiB / 7.38GiB 16.1MB / 23.5MB
flash-cloud-bench-simulator-1 2.92% 34.77MiB / 7.38GiB 17.7MB / 22.4MB
flash-cloud-bench-api-1 73.14% 100MiB / 7.38GiB 2.51GB / 1.62GB
flash-cloud-bench-consumer-1 7.29% 35.77MiB / 7.38GiB 21.1MB / 31.1MB
flash-cloud-bench-maintenance-1 16.69% 35.75MiB / 7.38GiB 320MB / 1.11GB
flash-cloud-bench-redis-1 9.34% 52.44MiB / 7.38GiB 1.22GB / 2.42GB
flash-cloud-bench-pgbouncer-1 5.37% 1.602MiB / 7.38GiB 547MB / 545MB
flash-cloud-bench-postgres-1 99.96% 167.3MiB / 7.38GiB 186MB / 372MB
flash-cloud-bench-kafka-1 68.63% 941.3MiB / 7.38GiB 13.9MB / 11.8MB
flash-cloud-bench-prometheus-1 0.18% 30.31MiB / 7.38GiB 4.73MB / 541kB
Wed Sep  9 01:37:15 AM UTC 2026
flash-cloud-bench-publisher-1 4.22% 34.95MiB / 7.38GiB 16.5MB / 24.1MB
flash-cloud-bench-simulator-1 3.11% 34.77MiB / 7.38GiB 18.1MB / 22.9MB
flash-cloud-bench-api-1 77.93% 102.1MiB / 7.38GiB 2.58GB / 1.66GB
flash-cloud-bench-consumer-1 7.10% 35.77MiB / 7.38GiB 21.7MB / 32MB
flash-cloud-bench-maintenance-1 3.15% 35.75MiB / 7.38GiB 326MB / 1.13GB
flash-cloud-bench-redis-1 11.23% 52.69MiB / 7.38GiB 1.25GB / 2.49GB
flash-cloud-bench-pgbouncer-1 5.87% 1.598MiB / 7.38GiB 558MB / 557MB
flash-cloud-bench-postgres-1 94.35% 168MiB / 7.38GiB 191MB / 380MB
flash-cloud-bench-kafka-1 65.37% 952.2MiB / 7.38GiB 14.3MB / 12.2MB
flash-cloud-bench-prometheus-1 0.10% 30.3MiB / 7.38GiB 4.85MB / 551kB
Wed Sep  9 01:37:28 AM UTC 2026
flash-cloud-bench-publisher-1 4.32% 34.95MiB / 7.38GiB 17MB / 24.8MB
flash-cloud-bench-simulator-1 3.23% 34.77MiB / 7.38GiB 18.5MB / 23.3MB
flash-cloud-bench-api-1 75.64% 101.3MiB / 7.38GiB 2.64GB / 1.71GB
flash-cloud-bench-consumer-1 5.84% 35.78MiB / 7.38GiB 22.3MB / 32.9MB
flash-cloud-bench-maintenance-1 9.92% 35.75MiB / 7.38GiB 332MB / 1.15GB
flash-cloud-bench-redis-1 30.60% 55.31MiB / 7.38GiB 1.28GB / 2.55GB
flash-cloud-bench-pgbouncer-1 6.59% 1.844MiB / 7.38GiB 571MB / 569MB
flash-cloud-bench-postgres-1 84.27% 168.6MiB / 7.38GiB 195MB / 388MB
flash-cloud-bench-kafka-1 21.68% 940.5MiB / 7.38GiB 14.7MB / 12.5MB
flash-cloud-bench-prometheus-1 0.36% 30.3MiB / 7.38GiB 4.95MB / 565kB
Wed Sep  9 01:37:40 AM UTC 2026
flash-cloud-bench-publisher-1 4.43% 34.95MiB / 7.38GiB 17.4MB / 25.4MB
flash-cloud-bench-simulator-1 2.98% 34.77MiB / 7.38GiB 18.8MB / 23.8MB
flash-cloud-bench-api-1 79.80% 102.9MiB / 7.38GiB 2.71GB / 1.75GB
flash-cloud-bench-consumer-1 6.38% 35.79MiB / 7.38GiB 22.9MB / 33.9MB
flash-cloud-bench-maintenance-1 5.21% 35.75MiB / 7.38GiB 339MB / 1.17GB
flash-cloud-bench-redis-1 20.40% 52.53MiB / 7.38GiB 1.3GB / 2.62GB
flash-cloud-bench-pgbouncer-1 8.03% 1.605MiB / 7.38GiB 583MB / 581MB
flash-cloud-bench-postgres-1 75.19% 169.1MiB / 7.38GiB 200MB / 397MB
flash-cloud-bench-kafka-1 2.90% 940.7MiB / 7.38GiB 15.1MB / 12.8MB
flash-cloud-bench-prometheus-1 0.00% 30.3MiB / 7.38GiB 5.04MB / 574kB
Wed Sep  9 01:37:52 AM UTC 2026
flash-cloud-bench-publisher-1 3.86% 34.95MiB / 7.38GiB 17.9MB / 26.1MB
flash-cloud-bench-simulator-1 3.20% 34.77MiB / 7.38GiB 19.2MB / 24.3MB
flash-cloud-bench-api-1 77.44% 103.4MiB / 7.38GiB 2.78GB / 1.79GB
flash-cloud-bench-consumer-1 5.15% 35.79MiB / 7.38GiB 23.5MB / 34.8MB
flash-cloud-bench-maintenance-1 5.14% 35.75MiB / 7.38GiB 345MB / 1.2GB
flash-cloud-bench-redis-1 23.36% 52.32MiB / 7.38GiB 1.33GB / 2.69GB
flash-cloud-bench-pgbouncer-1 8.08% 1.586MiB / 7.38GiB 595MB / 593MB
flash-cloud-bench-postgres-1 69.48% 169.6MiB / 7.38GiB 204MB / 405MB
flash-cloud-bench-kafka-1 3.40% 940.7MiB / 7.38GiB 15.5MB / 13.2MB
flash-cloud-bench-prometheus-1 0.00% 30.3MiB / 7.38GiB 5.16MB / 585kB
Wed Sep  9 01:38:04 AM UTC 2026
flash-cloud-bench-publisher-1 3.93% 34.96MiB / 7.38GiB 18.3MB / 26.7MB
flash-cloud-bench-simulator-1 3.21% 34.77MiB / 7.38GiB 19.6MB / 24.7MB
flash-cloud-bench-api-1 76.16% 104.8MiB / 7.38GiB 2.85GB / 1.84GB
flash-cloud-bench-consumer-1 6.33% 35.8MiB / 7.38GiB 24.1MB / 35.7MB
flash-cloud-bench-maintenance-1 13.09% 35.75MiB / 7.38GiB 353MB / 1.22GB
flash-cloud-bench-redis-1 18.59% 52.51MiB / 7.38GiB 1.35GB / 2.76GB
flash-cloud-bench-pgbouncer-1 6.77% 1.613MiB / 7.38GiB 607MB / 605MB
flash-cloud-bench-postgres-1 89.00% 171.9MiB / 7.38GiB 208MB / 412MB
flash-cloud-bench-kafka-1 2.30% 941.1MiB / 7.38GiB 15.9MB / 13.5MB
flash-cloud-bench-prometheus-1 0.42% 30.32MiB / 7.38GiB 5.26MB / 598kB
Wed Sep  9 01:38:16 AM UTC 2026
flash-cloud-bench-publisher-1 4.85% 34.96MiB / 7.38GiB 18.7MB / 27.3MB
flash-cloud-bench-simulator-1 3.21% 34.77MiB / 7.38GiB 20MB / 25.2MB
flash-cloud-bench-api-1 83.46% 116.1MiB / 7.38GiB 2.92GB / 1.88GB
flash-cloud-bench-consumer-1 5.96% 35.8MiB / 7.38GiB 24.7MB / 36.6MB
flash-cloud-bench-maintenance-1 15.31% 35.75MiB / 7.38GiB 359MB / 1.24GB
flash-cloud-bench-redis-1 17.45% 52.65MiB / 7.38GiB 1.38GB / 2.82GB
flash-cloud-bench-pgbouncer-1 7.77% 1.605MiB / 7.38GiB 619MB / 617MB
flash-cloud-bench-postgres-1 83.13% 172.3MiB / 7.38GiB 213MB / 420MB
flash-cloud-bench-kafka-1 2.41% 941.9MiB / 7.38GiB 16.3MB / 13.9MB
flash-cloud-bench-prometheus-1 0.00% 30.37MiB / 7.38GiB 5.35MB / 607kB
Wed Sep  9 01:38:28 AM UTC 2026
flash-cloud-bench-publisher-1 4.90% 34.96MiB / 7.38GiB 19.1MB / 27.9MB
flash-cloud-bench-simulator-1 2.86% 34.78MiB / 7.38GiB 20.3MB / 25.7MB
flash-cloud-bench-api-1 79.73% 106MiB / 7.38GiB 2.99GB / 1.93GB
flash-cloud-bench-consumer-1 7.47% 35.8MiB / 7.38GiB 25.4MB / 37.5MB
flash-cloud-bench-maintenance-1 9.41% 35.75MiB / 7.38GiB 366MB / 1.27GB
flash-cloud-bench-redis-1 16.01% 52.64MiB / 7.38GiB 1.41GB / 2.89GB
flash-cloud-bench-pgbouncer-1 6.46% 1.582MiB / 7.38GiB 631MB / 629MB
flash-cloud-bench-postgres-1 92.12% 172.9MiB / 7.38GiB 217MB / 428MB
flash-cloud-bench-kafka-1 2.76% 942.6MiB / 7.38GiB 16.7MB / 14.2MB
flash-cloud-bench-prometheus-1 0.22% 30.41MiB / 7.38GiB 5.48MB / 620kB
Wed Sep  9 01:38:40 AM UTC 2026
flash-cloud-bench-publisher-1 3.74% 34.96MiB / 7.38GiB 19.6MB / 28.5MB
flash-cloud-bench-simulator-1 3.15% 34.78MiB / 7.38GiB 20.7MB / 26.2MB
flash-cloud-bench-api-1 95.79% 106.4MiB / 7.38GiB 3.06GB / 1.97GB
flash-cloud-bench-consumer-1 5.24% 35.8MiB / 7.38GiB 26MB / 38.4MB
flash-cloud-bench-maintenance-1 21.93% 35.75MiB / 7.38GiB 373MB / 1.29GB
flash-cloud-bench-redis-1 25.23% 52.45MiB / 7.38GiB 1.43GB / 2.96GB
flash-cloud-bench-pgbouncer-1 8.36% 1.586MiB / 7.38GiB 643MB / 641MB
flash-cloud-bench-postgres-1 60.41% 173.4MiB / 7.38GiB 221MB / 437MB
flash-cloud-bench-kafka-1 2.04% 944.2MiB / 7.38GiB 17.1MB / 14.6MB
flash-cloud-bench-prometheus-1 0.00% 30.47MiB / 7.38GiB 5.57MB / 631kB
Wed Sep  9 01:38:52 AM UTC 2026
flash-cloud-bench-publisher-1 5.06% 35.21MiB / 7.38GiB 20MB / 29.2MB
flash-cloud-bench-simulator-1 3.34% 34.78MiB / 7.38GiB 21.1MB / 26.6MB
flash-cloud-bench-api-1 78.13% 106.2MiB / 7.38GiB 3.13GB / 2.02GB
flash-cloud-bench-consumer-1 7.00% 35.8MiB / 7.38GiB 26.6MB / 39.3MB
flash-cloud-bench-maintenance-1 3.61% 35.75MiB / 7.38GiB 379MB / 1.31GB
flash-cloud-bench-redis-1 11.94% 52.28MiB / 7.38GiB 1.46GB / 3.03GB
flash-cloud-bench-pgbouncer-1 5.33% 1.602MiB / 7.38GiB 655MB / 653MB
flash-cloud-bench-postgres-1 103.47% 173.9MiB / 7.38GiB 226MB / 444MB
flash-cloud-bench-kafka-1 3.58% 942.9MiB / 7.38GiB 17.5MB / 14.9MB
flash-cloud-bench-prometheus-1 0.22% 30.54MiB / 7.38GiB 5.7MB / 644kB
Wed Sep  9 01:39:05 AM UTC 2026
flash-cloud-bench-publisher-1 3.56% 34.96MiB / 7.38GiB 20.4MB / 29.8MB
flash-cloud-bench-simulator-1 3.42% 34.78MiB / 7.38GiB 21.4MB / 27.1MB
flash-cloud-bench-api-1 104.82% 119.1MiB / 7.38GiB 3.2GB / 2.06GB
flash-cloud-bench-consumer-1 5.53% 35.81MiB / 7.38GiB 27.2MB / 40.2MB
flash-cloud-bench-maintenance-1 22.34% 35.75MiB / 7.38GiB 386MB / 1.34GB
flash-cloud-bench-redis-1 24.51% 52.57MiB / 7.38GiB 1.49GB / 3.09GB
flash-cloud-bench-pgbouncer-1 8.67% 1.59MiB / 7.38GiB 667MB / 666MB
flash-cloud-bench-postgres-1 58.52% 174.5MiB / 7.38GiB 230MB / 453MB
flash-cloud-bench-kafka-1 1.95% 942.9MiB / 7.38GiB 17.9MB / 15.2MB
flash-cloud-bench-prometheus-1 0.02% 30.57MiB / 7.38GiB 5.79MB / 654kB
Wed Sep  9 01:39:17 AM UTC 2026
flash-cloud-bench-publisher-1 3.59% 34.96MiB / 7.38GiB 20.8MB / 30.3MB
flash-cloud-bench-simulator-1 3.15% 34.78MiB / 7.38GiB 21.8MB / 27.6MB
flash-cloud-bench-api-1 82.28% 105.3MiB / 7.38GiB 3.27GB / 2.11GB
flash-cloud-bench-consumer-1 7.07% 35.82MiB / 7.38GiB 27.8MB / 41.1MB
flash-cloud-bench-maintenance-1 3.72% 35.75MiB / 7.38GiB 393MB / 1.36GB
flash-cloud-bench-redis-1 13.17% 52.45MiB / 7.38GiB 1.51GB / 3.16GB
flash-cloud-bench-pgbouncer-1 5.13% 1.598MiB / 7.38GiB 679MB / 677MB
flash-cloud-bench-postgres-1 104.07% 175.2MiB / 7.38GiB 234MB / 460MB
flash-cloud-bench-kafka-1 2.58% 942.9MiB / 7.38GiB 18.3MB / 15.6MB
flash-cloud-bench-prometheus-1 0.00% 30.58MiB / 7.38GiB 5.92MB / 666kB
Wed Sep  9 01:39:29 AM UTC 2026
flash-cloud-bench-publisher-1 2.89% 34.96MiB / 7.38GiB 21.3MB / 31MB
flash-cloud-bench-simulator-1 3.45% 34.79MiB / 7.38GiB 22.2MB / 28MB
flash-cloud-bench-api-1 76.33% 105.8MiB / 7.38GiB 3.34GB / 2.15GB
flash-cloud-bench-consumer-1 4.45% 35.82MiB / 7.38GiB 28.4MB / 42MB
flash-cloud-bench-maintenance-1 23.40% 35.75MiB / 7.38GiB 400MB / 1.38GB
flash-cloud-bench-redis-1 24.70% 52.47MiB / 7.38GiB 1.54GB / 3.23GB
flash-cloud-bench-pgbouncer-1 8.48% 1.598MiB / 7.38GiB 691MB / 690MB
flash-cloud-bench-postgres-1 59.63% 175.7MiB / 7.38GiB 239MB / 469MB
flash-cloud-bench-kafka-1 1.68% 943.1MiB / 7.38GiB 18.7MB / 15.9MB
flash-cloud-bench-prometheus-1 0.37% 30.61MiB / 7.38GiB 6.01MB / 678kB
Wed Sep  9 01:39:41 AM UTC 2026
flash-cloud-bench-publisher-1 3.77% 34.95MiB / 7.38GiB 21.7MB / 31.6MB
flash-cloud-bench-simulator-1 2.86% 34.79MiB / 7.38GiB 22.6MB / 28.5MB
flash-cloud-bench-api-1 83.37% 106.4MiB / 7.38GiB 3.41GB / 2.19GB
flash-cloud-bench-consumer-1 7.50% 35.82MiB / 7.38GiB 29MB / 42.9MB
flash-cloud-bench-maintenance-1 3.71% 35.75MiB / 7.38GiB 406MB / 1.4GB
flash-cloud-bench-redis-1 12.53% 52.54MiB / 7.38GiB 1.56GB / 3.29GB
flash-cloud-bench-pgbouncer-1 5.39% 1.605MiB / 7.38GiB 703MB / 701MB
flash-cloud-bench-postgres-1 105.75% 176.2MiB / 7.38GiB 243MB / 476MB
flash-cloud-bench-kafka-1 2.57% 943.2MiB / 7.38GiB 19.1MB / 16.3MB
flash-cloud-bench-prometheus-1 0.23% 30.63MiB / 7.38GiB 6.14MB / 689kB
Wed Sep  9 01:39:53 AM UTC 2026
flash-cloud-bench-publisher-1 3.73% 34.95MiB / 7.38GiB 22.2MB / 32.3MB
flash-cloud-bench-simulator-1 3.23% 34.79MiB / 7.38GiB 22.9MB / 29MB
flash-cloud-bench-api-1 110.10% 105MiB / 7.38GiB 3.48GB / 2.24GB
flash-cloud-bench-consumer-1 4.93% 35.82MiB / 7.38GiB 29.6MB / 43.8MB
flash-cloud-bench-maintenance-1 21.56% 35.75MiB / 7.38GiB 413MB / 1.43GB
flash-cloud-bench-redis-1 23.14% 52.47MiB / 7.38GiB 1.59GB / 3.36GB
flash-cloud-bench-pgbouncer-1 8.31% 1.582MiB / 7.38GiB 716MB / 714MB
flash-cloud-bench-postgres-1 60.47% 176.7MiB / 7.38GiB 247MB / 485MB
flash-cloud-bench-kafka-1 1.98% 943.2MiB / 7.38GiB 19.5MB / 16.6MB
flash-cloud-bench-prometheus-1 0.00% 30.66MiB / 7.38GiB 6.23MB / 698kB
Wed Sep  9 01:40:05 AM UTC 2026
flash-cloud-bench-publisher-1 4.37% 34.96MiB / 7.38GiB 22.6MB / 32.9MB
flash-cloud-bench-simulator-1 3.14% 34.78MiB / 7.38GiB 23.3MB / 29.5MB
flash-cloud-bench-api-1 82.74% 105.9MiB / 7.38GiB 3.55GB / 2.28GB
flash-cloud-bench-consumer-1 6.12% 35.82MiB / 7.38GiB 30.3MB / 44.7MB
flash-cloud-bench-maintenance-1 11.06% 35.75MiB / 7.38GiB 419MB / 1.45GB
flash-cloud-bench-redis-1 17.59% 52.48MiB / 7.38GiB 1.62GB / 3.43GB
flash-cloud-bench-pgbouncer-1 6.52% 1.59MiB / 7.38GiB 727MB / 725MB
flash-cloud-bench-postgres-1 86.76% 179.2MiB / 7.38GiB 252MB / 492MB
flash-cloud-bench-kafka-1 2.56% 943.5MiB / 7.38GiB 19.9MB / 17MB
flash-cloud-bench-prometheus-1 0.00% 30.66MiB / 7.38GiB 6.33MB / 711kB
Wed Sep  9 01:40:17 AM UTC 2026
flash-cloud-bench-publisher-1 4.13% 34.95MiB / 7.38GiB 23.1MB / 33.6MB
flash-cloud-bench-simulator-1 3.47% 34.78MiB / 7.38GiB 23.7MB / 29.9MB
flash-cloud-bench-api-1 82.89% 106.6MiB / 7.38GiB 3.62GB / 2.33GB
flash-cloud-bench-consumer-1 6.47% 35.82MiB / 7.38GiB 30.9MB / 45.6MB
flash-cloud-bench-maintenance-1 13.00% 35.75MiB / 7.38GiB 426MB / 1.47GB
flash-cloud-bench-redis-1 19.56% 52.54MiB / 7.38GiB 1.64GB / 3.5GB
flash-cloud-bench-pgbouncer-1 8.19% 1.582MiB / 7.38GiB 738MB / 736MB
flash-cloud-bench-postgres-1 83.43% 179.8MiB / 7.38GiB 256MB / 500MB
flash-cloud-bench-kafka-1 2.28% 943.6MiB / 7.38GiB 20.3MB / 17.3MB
flash-cloud-bench-prometheus-1 0.25% 30.66MiB / 7.38GiB 6.46MB / 724kB
Wed Sep  9 01:40:29 AM UTC 2026
flash-cloud-bench-publisher-1 3.74% 34.95MiB / 7.38GiB 23.5MB / 34.2MB
flash-cloud-bench-simulator-1 3.50% 34.78MiB / 7.38GiB 24.1MB / 30.4MB
flash-cloud-bench-api-1 81.87% 106MiB / 7.38GiB 3.69GB / 2.37GB
flash-cloud-bench-consumer-1 5.20% 35.82MiB / 7.38GiB 31.5MB / 46.5MB
flash-cloud-bench-maintenance-1 22.76% 35.75MiB / 7.38GiB 432MB / 1.5GB
flash-cloud-bench-redis-1 25.43% 52.53MiB / 7.38GiB 1.67GB / 3.57GB
flash-cloud-bench-pgbouncer-1 8.82% 1.602MiB / 7.38GiB 751MB / 749MB
flash-cloud-bench-postgres-1 66.36% 180.2MiB / 7.38GiB 260MB / 508MB
flash-cloud-bench-kafka-1 1.87% 943.7MiB / 7.38GiB 20.7MB / 17.7MB
flash-cloud-bench-prometheus-1 0.16% 30.67MiB / 7.38GiB 6.55MB / 734kB
Wed Sep  9 01:40:41 AM UTC 2026
flash-cloud-bench-publisher-1 5.03% 34.96MiB / 7.38GiB 23.9MB / 34.8MB
flash-cloud-bench-simulator-1 2.65% 34.79MiB / 7.38GiB 24.4MB / 30.9MB
flash-cloud-bench-api-1 112.91% 105.4MiB / 7.38GiB 3.76GB / 2.42GB
flash-cloud-bench-consumer-1 6.72% 35.82MiB / 7.38GiB 32.1MB / 47.4MB
flash-cloud-bench-maintenance-1 5.08% 35.75MiB / 7.38GiB 439MB / 1.52GB
flash-cloud-bench-redis-1 13.51% 52.31MiB / 7.38GiB 1.69GB / 3.64GB
flash-cloud-bench-pgbouncer-1 5.68% 1.586MiB / 7.38GiB 763MB / 761MB
flash-cloud-bench-postgres-1 103.31% 180.7MiB / 7.38GiB 265MB / 516MB
flash-cloud-bench-kafka-1 2.39% 943.7MiB / 7.38GiB 21.2MB / 18MB
flash-cloud-bench-prometheus-1 0.10% 30.67MiB / 7.38GiB 6.67MB / 744kB
Wed Sep  9 01:40:54 AM UTC 2026
flash-cloud-bench-publisher-1 3.66% 34.96MiB / 7.38GiB 24.4MB / 35.5MB
flash-cloud-bench-simulator-1 3.39% 34.79MiB / 7.38GiB 24.8MB / 31.3MB
flash-cloud-bench-api-1 73.44% 105.7MiB / 7.38GiB 3.83GB / 2.46GB
flash-cloud-bench-consumer-1 5.65% 35.83MiB / 7.38GiB 32.7MB / 48.3MB
flash-cloud-bench-maintenance-1 18.63% 35.75MiB / 7.38GiB 445MB / 1.54GB
flash-cloud-bench-redis-1 20.46% 52.4MiB / 7.38GiB 1.72GB / 3.7GB
flash-cloud-bench-pgbouncer-1 7.55% 1.598MiB / 7.38GiB 776MB / 774MB
flash-cloud-bench-postgres-1 73.66% 181.3MiB / 7.38GiB 269MB / 525MB
flash-cloud-bench-kafka-1 1.95% 943.9MiB / 7.38GiB 21.6MB / 18.4MB
flash-cloud-bench-prometheus-1 0.02% 30.67MiB / 7.38GiB 6.77MB / 757kB
Wed Sep  9 01:41:06 AM UTC 2026
flash-cloud-bench-publisher-1 4.42% 34.95MiB / 7.38GiB 24.8MB / 36.1MB
flash-cloud-bench-simulator-1 3.13% 34.79MiB / 7.38GiB 25.2MB / 31.8MB
flash-cloud-bench-api-1 83.11% 105.7MiB / 7.38GiB 3.9GB / 2.51GB
flash-cloud-bench-consumer-1 5.65% 35.83MiB / 7.38GiB 33.3MB / 49.3MB
flash-cloud-bench-maintenance-1 14.28% 35.75MiB / 7.38GiB 452MB / 1.56GB
flash-cloud-bench-redis-1 16.52% 52.51MiB / 7.38GiB 1.75GB / 3.77GB
flash-cloud-bench-pgbouncer-1 7.26% 1.59MiB / 7.38GiB 787MB / 785MB
flash-cloud-bench-postgres-1 85.79% 181.7MiB / 7.38GiB 273MB / 532MB
flash-cloud-bench-kafka-1 1.98% 944MiB / 7.38GiB 22MB / 18.7MB
flash-cloud-bench-prometheus-1 0.00% 30.68MiB / 7.38GiB 6.86MB / 767kB
Wed Sep  9 01:41:18 AM UTC 2026
flash-cloud-bench-publisher-1 4.33% 34.96MiB / 7.38GiB 25.2MB / 36.7MB
flash-cloud-bench-simulator-1 3.52% 34.79MiB / 7.38GiB 25.6MB / 32.3MB
flash-cloud-bench-api-1 79.41% 105.7MiB / 7.38GiB 3.97GB / 2.55GB
flash-cloud-bench-consumer-1 6.13% 35.83MiB / 7.38GiB 33.9MB / 50.2MB
flash-cloud-bench-maintenance-1 17.31% 35.75MiB / 7.38GiB 458MB / 1.58GB
flash-cloud-bench-redis-1 19.94% 52.44MiB / 7.38GiB 1.77GB / 3.84GB
flash-cloud-bench-pgbouncer-1 7.48% 1.605MiB / 7.38GiB 800MB / 798MB
flash-cloud-bench-postgres-1 77.83% 182.2MiB / 7.38GiB 278MB / 541MB
flash-cloud-bench-kafka-1 3.62% 944MiB / 7.38GiB 22.4MB / 19MB
flash-cloud-bench-prometheus-1 0.38% 30.68MiB / 7.38GiB 6.99MB / 781kB
Wed Sep  9 01:41:30 AM UTC 2026
flash-cloud-bench-publisher-1 3.80% 34.96MiB / 7.38GiB 25.7MB / 37.4MB
flash-cloud-bench-simulator-1 2.82% 34.79MiB / 7.38GiB 25.9MB / 32.8MB
flash-cloud-bench-api-1 104.45% 105.8MiB / 7.38GiB 4.04GB / 2.6GB
flash-cloud-bench-consumer-1 5.48% 35.83MiB / 7.38GiB 34.6MB / 51.1MB
flash-cloud-bench-maintenance-1 11.83% 35.75MiB / 7.38GiB 466MB / 1.61GB
flash-cloud-bench-redis-1 14.96% 52.55MiB / 7.38GiB 1.8GB / 3.91GB
flash-cloud-bench-pgbouncer-1 6.44% 1.59MiB / 7.38GiB 811MB / 809MB
flash-cloud-bench-postgres-1 81.93% 182.8MiB / 7.38GiB 282MB / 548MB
flash-cloud-bench-kafka-1 1.96% 944MiB / 7.38GiB 22.8MB / 19.4MB
flash-cloud-bench-prometheus-1 0.00% 30.68MiB / 7.38GiB 7.08MB / 790kB
Wed Sep  9 01:41:42 AM UTC 2026
flash-cloud-bench-publisher-1 4.01% 34.96MiB / 7.38GiB 26.1MB / 38MB
flash-cloud-bench-simulator-1 3.56% 34.79MiB / 7.38GiB 26.3MB / 33.2MB
flash-cloud-bench-api-1 79.81% 106MiB / 7.38GiB 4.11GB / 2.64GB
flash-cloud-bench-consumer-1 5.41% 35.84MiB / 7.38GiB 35.2MB / 52MB
flash-cloud-bench-maintenance-1 20.92% 35.75MiB / 7.38GiB 472MB / 1.63GB
flash-cloud-bench-redis-1 22.00% 52.39MiB / 7.38GiB 1.83GB / 3.97GB
flash-cloud-bench-pgbouncer-1 8.20% 1.598MiB / 7.38GiB 824MB / 822MB
flash-cloud-bench-postgres-1 66.85% 183MiB / 7.38GiB 287MB / 557MB
flash-cloud-bench-kafka-1 2.10% 944.1MiB / 7.38GiB 23.2MB / 19.7MB
flash-cloud-bench-prometheus-1 0.23% 30.68MiB / 7.38GiB 7.2MB / 801kB
Wed Sep  9 01:41:54 AM UTC 2026
flash-cloud-bench-publisher-1 4.81% 34.96MiB / 7.38GiB 26.6MB / 38.6MB
flash-cloud-bench-simulator-1 3.14% 34.79MiB / 7.38GiB 26.7MB / 33.7MB
flash-cloud-bench-api-1 82.07% 106.1MiB / 7.38GiB 4.18GB / 2.69GB
flash-cloud-bench-consumer-1 6.92% 35.85MiB / 7.38GiB 35.8MB / 52.9MB
flash-cloud-bench-maintenance-1 14.19% 35.75MiB / 7.38GiB 479MB / 1.65GB
flash-cloud-bench-redis-1 17.04% 52.47MiB / 7.38GiB 1.85GB / 4.04GB
flash-cloud-bench-pgbouncer-1 7.43% 1.59MiB / 7.38GiB 835MB / 833MB
flash-cloud-bench-postgres-1 81.47% 183.1MiB / 7.38GiB 291MB / 564MB
flash-cloud-bench-kafka-1 2.41% 944.1MiB / 7.38GiB 23.6MB / 20.1MB
flash-cloud-bench-prometheus-1 0.42% 30.68MiB / 7.38GiB 7.3MB / 814kB
Wed Sep  9 01:42:06 AM UTC 2026
flash-cloud-bench-publisher-1 4.74% 34.96MiB / 7.38GiB 27MB / 39.2MB
flash-cloud-bench-simulator-1 2.87% 34.78MiB / 7.38GiB 27MB / 34.2MB
flash-cloud-bench-api-1 75.75% 106.2MiB / 7.38GiB 4.25GB / 2.73GB
flash-cloud-bench-consumer-1 11.19% 35.85MiB / 7.38GiB 36.4MB / 53.8MB
flash-cloud-bench-maintenance-1 4.70% 36MiB / 7.38GiB 485MB / 1.68GB
flash-cloud-bench-redis-1 9.68% 52.44MiB / 7.38GiB 1.88GB / 4.11GB
flash-cloud-bench-pgbouncer-1 5.55% 1.59MiB / 7.38GiB 847MB / 845MB
flash-cloud-bench-postgres-1 100.58% 182.9MiB / 7.38GiB 295MB / 572MB
flash-cloud-bench-kafka-1 2.75% 944.1MiB / 7.38GiB 24MB / 20.4MB
flash-cloud-bench-prometheus-1 0.00% 30.68MiB / 7.38GiB 7.39MB / 823kB
Wed Sep  9 01:42:18 AM UTC 2026
flash-cloud-bench-publisher-1 4.79% 34.96MiB / 7.38GiB 27.4MB / 39.9MB
flash-cloud-bench-simulator-1 3.26% 34.79MiB / 7.38GiB 27.4MB / 34.6MB
flash-cloud-bench-api-1 78.25% 106.1MiB / 7.38GiB 4.32GB / 2.78GB
flash-cloud-bench-consumer-1 8.24% 35.85MiB / 7.38GiB 37MB / 54.7MB
flash-cloud-bench-maintenance-1 12.32% 35.75MiB / 7.38GiB 492MB / 1.7GB
flash-cloud-bench-redis-1 15.62% 52.48MiB / 7.38GiB 1.9GB / 4.18GB
flash-cloud-bench-pgbouncer-1 6.57% 1.602MiB / 7.38GiB 859MB / 857MB
flash-cloud-bench-postgres-1 86.22% 183MiB / 7.38GiB 300MB / 580MB
flash-cloud-bench-kafka-1 2.30% 944.2MiB / 7.38GiB 24.4MB / 20.8MB
flash-cloud-bench-prometheus-1 0.20% 30.68MiB / 7.38GiB 7.52MB / 836kB
Wed Sep  9 01:42:30 AM UTC 2026
flash-cloud-bench-publisher-1 4.08% 34.96MiB / 7.38GiB 27.9MB / 40.5MB
flash-cloud-bench-simulator-1 3.27% 34.8MiB / 7.38GiB 27.8MB / 35.1MB
flash-cloud-bench-api-1 73.44% 106.3MiB / 7.38GiB 4.39GB / 2.82GB
flash-cloud-bench-consumer-1 8.16% 35.86MiB / 7.38GiB 37.6MB / 55.6MB
flash-cloud-bench-maintenance-1 15.87% 35.75MiB / 7.38GiB 498MB / 1.72GB
flash-cloud-bench-redis-1 16.13% 52.5MiB / 7.38GiB 1.93GB / 4.25GB
flash-cloud-bench-pgbouncer-1 7.45% 1.59MiB / 7.38GiB 871MB / 869MB
flash-cloud-bench-postgres-1 76.96% 183MiB / 7.38GiB 304MB / 588MB
flash-cloud-bench-kafka-1 4.68% 944.2MiB / 7.38GiB 24.8MB / 21.1MB
flash-cloud-bench-prometheus-1 0.00% 30.76MiB / 7.38GiB 7.61MB / 847kB
Wed Sep  9 01:42:43 AM UTC 2026
flash-cloud-bench-publisher-1 4.44% 34.97MiB / 7.38GiB 28.3MB / 41.2MB
flash-cloud-bench-simulator-1 3.55% 34.79MiB / 7.38GiB 28.2MB / 35.6MB
flash-cloud-bench-api-1 81.40% 106.4MiB / 7.38GiB 4.46GB / 2.87GB
flash-cloud-bench-consumer-1 9.05% 35.86MiB / 7.38GiB 38.2MB / 56.5MB
flash-cloud-bench-maintenance-1 10.13% 35.75MiB / 7.38GiB 504MB / 1.74GB
flash-cloud-bench-redis-1 14.84% 52.52MiB / 7.38GiB 1.95GB / 4.32GB
flash-cloud-bench-pgbouncer-1 6.13% 1.598MiB / 7.38GiB 883MB / 881MB
flash-cloud-bench-postgres-1 89.26% 183MiB / 7.38GiB 308MB / 596MB
flash-cloud-bench-kafka-1 2.42% 944.2MiB / 7.38GiB 25.2MB / 21.5MB
flash-cloud-bench-prometheus-1 0.00% 30.76MiB / 7.38GiB 7.74MB / 858kB
Wed Sep  9 01:42:55 AM UTC 2026
flash-cloud-bench-publisher-1 3.63% 34.96MiB / 7.38GiB 28.7MB / 41.8MB
flash-cloud-bench-simulator-1 2.88% 34.79MiB / 7.38GiB 28.5MB / 36.1MB
flash-cloud-bench-api-1 78.61% 108MiB / 7.38GiB 4.54GB / 2.91GB
flash-cloud-bench-consumer-1 5.41% 35.86MiB / 7.38GiB 38.9MB / 57.4MB
flash-cloud-bench-maintenance-1 23.15% 35.75MiB / 7.38GiB 511MB / 1.77GB
flash-cloud-bench-redis-1 22.73% 52.46MiB / 7.38GiB 1.98GB / 4.39GB
flash-cloud-bench-pgbouncer-1 8.53% 1.59MiB / 7.38GiB 895MB / 893MB
flash-cloud-bench-postgres-1 60.86% 183MiB / 7.38GiB 313MB / 604MB
flash-cloud-bench-kafka-1 2.37% 944.3MiB / 7.38GiB 25.6MB / 21.8MB
flash-cloud-bench-prometheus-1 0.02% 30.76MiB / 7.38GiB 7.84MB / 870kB
Wed Sep  9 01:43:07 AM UTC 2026
flash-cloud-bench-publisher-1 4.89% 34.97MiB / 7.38GiB 29.2MB / 42.4MB
flash-cloud-bench-simulator-1 2.99% 34.79MiB / 7.38GiB 28.9MB / 36.5MB
flash-cloud-bench-api-1 81.23% 106.5MiB / 7.38GiB 4.6GB / 2.95GB
flash-cloud-bench-consumer-1 7.08% 35.86MiB / 7.38GiB 39.5MB / 58.3MB
flash-cloud-bench-maintenance-1 3.77% 35.75MiB / 7.38GiB 518MB / 1.79GB
flash-cloud-bench-redis-1 10.42% 52.52MiB / 7.38GiB 2.01GB / 4.45GB
flash-cloud-bench-pgbouncer-1 5.43% 1.598MiB / 7.38GiB 907MB / 905MB
flash-cloud-bench-postgres-1 105.53% 183.1MiB / 7.38GiB 317MB / 612MB
flash-cloud-bench-kafka-1 2.58% 944.3MiB / 7.38GiB 26MB / 22.2MB
flash-cloud-bench-prometheus-1 0.23% 30.76MiB / 7.38GiB 7.96MB / 881kB
Wed Sep  9 01:43:19 AM UTC 2026
flash-cloud-bench-publisher-1 3.64% 34.97MiB / 7.38GiB 29.6MB / 43.1MB
flash-cloud-bench-simulator-1 3.31% 34.79MiB / 7.38GiB 29.3MB / 37MB
flash-cloud-bench-api-1 76.82% 106.6MiB / 7.38GiB 4.67GB / 3GB
flash-cloud-bench-consumer-1 16.47% 35.86MiB / 7.38GiB 40.1MB / 59.2MB
flash-cloud-bench-maintenance-1 22.94% 35.75MiB / 7.38GiB 525MB / 1.81GB
flash-cloud-bench-redis-1 22.03% 52.56MiB / 7.38GiB 2.03GB / 4.52GB
flash-cloud-bench-pgbouncer-1 8.46% 1.59MiB / 7.38GiB 919MB / 917MB
flash-cloud-bench-postgres-1 61.42% 183.1MiB / 7.38GiB 321MB / 620MB
flash-cloud-bench-kafka-1 1.82% 944.3MiB / 7.38GiB 26.4MB / 22.5MB
flash-cloud-bench-prometheus-1 0.44% 30.76MiB / 7.38GiB 8.06MB / 894kB
Wed Sep  9 01:43:31 AM UTC 2026
flash-cloud-bench-publisher-1 5.36% 34.98MiB / 7.38GiB 30.1MB / 43.7MB
flash-cloud-bench-simulator-1 2.65% 34.79MiB / 7.38GiB 29.7MB / 37.5MB
flash-cloud-bench-api-1 77.61% 106MiB / 7.38GiB 4.74GB / 3.04GB
flash-cloud-bench-consumer-1 7.20% 35.86MiB / 7.38GiB 40.7MB / 60.1MB
flash-cloud-bench-maintenance-1 4.02% 35.75MiB / 7.38GiB 531MB / 1.83GB
flash-cloud-bench-redis-1 9.89% 52.55MiB / 7.38GiB 2.06GB / 4.58GB
flash-cloud-bench-pgbouncer-1 5.20% 1.586MiB / 7.38GiB 931MB / 929MB
flash-cloud-bench-postgres-1 105.07% 183.1MiB / 7.38GiB 326MB / 628MB
flash-cloud-bench-kafka-1 2.53% 944.3MiB / 7.38GiB 26.8MB / 22.8MB
flash-cloud-bench-prometheus-1 0.00% 30.76MiB / 7.38GiB 8.15MB / 903kB
Wed Sep  9 01:43:43 AM UTC 2026
flash-cloud-bench-publisher-1 4.34% 34.97MiB / 7.38GiB 30.4MB / 44.3MB
flash-cloud-bench-simulator-1 3.27% 34.79MiB / 7.38GiB 30MB / 37.9MB
flash-cloud-bench-api-1 100.65% 118.4MiB / 7.38GiB 4.81GB / 3.09GB
flash-cloud-bench-consumer-1 7.07% 35.86MiB / 7.38GiB 41.3MB / 61MB
flash-cloud-bench-maintenance-1 20.80% 35.75MiB / 7.38GiB 538MB / 1.86GB
flash-cloud-bench-redis-1 21.87% 52.37MiB / 7.38GiB 2.09GB / 4.65GB
flash-cloud-bench-pgbouncer-1 7.87% 1.602MiB / 7.38GiB 944MB / 941MB
flash-cloud-bench-postgres-1 70.04% 183.1MiB / 7.38GiB 330MB / 636MB
flash-cloud-bench-kafka-1 3.03% 944.3MiB / 7.38GiB 27.2MB / 23.2MB
flash-cloud-bench-prometheus-1 0.17% 30.76MiB / 7.38GiB 8.28MB / 917kB
Wed Sep  9 01:43:55 AM UTC 2026
flash-cloud-bench-publisher-1 4.30% 34.98MiB / 7.38GiB 30.9MB / 44.9MB
flash-cloud-bench-simulator-1 2.86% 34.79MiB / 7.38GiB 30.4MB / 38.4MB
flash-cloud-bench-api-1 75.88% 106.1MiB / 7.38GiB 4.88GB / 3.13GB
flash-cloud-bench-consumer-1 13.96% 35.86MiB / 7.38GiB 41.9MB / 61.9MB
flash-cloud-bench-maintenance-1 14.12% 35.75MiB / 7.38GiB 545MB / 1.88GB
flash-cloud-bench-redis-1 16.27% 52.45MiB / 7.38GiB 2.11GB / 4.72GB
flash-cloud-bench-pgbouncer-1 7.16% 1.602MiB / 7.38GiB 955MB / 953MB
flash-cloud-bench-postgres-1 87.09% 183.1MiB / 7.38GiB 334MB / 644MB
flash-cloud-bench-kafka-1 2.33% 944.4MiB / 7.38GiB 27.6MB / 23.5MB
flash-cloud-bench-prometheus-1 0.00% 30.76MiB / 7.38GiB 8.37MB / 926kB
Wed Sep  9 01:44:07 AM UTC 2026
flash-cloud-bench-publisher-1 3.57% 34.98MiB / 7.38GiB 31.3MB / 45.5MB
flash-cloud-bench-simulator-1 3.67% 34.79MiB / 7.38GiB 30.8MB / 38.9MB
flash-cloud-bench-api-1 75.45% 106.2MiB / 7.38GiB 4.95GB / 3.17GB
flash-cloud-bench-consumer-1 8.70% 35.86MiB / 7.38GiB 42.5MB / 62.8MB
flash-cloud-bench-maintenance-1 17.45% 35.75MiB / 7.38GiB 551MB / 1.9GB
flash-cloud-bench-redis-1 19.14% 52.54MiB / 7.38GiB 2.14GB / 4.79GB
flash-cloud-bench-pgbouncer-1 7.20% 1.582MiB / 7.38GiB 967MB / 965MB
flash-cloud-bench-postgres-1 73.61% 183.1MiB / 7.38GiB 339MB / 652MB
flash-cloud-bench-kafka-1 21.36% 945.4MiB / 7.38GiB 28MB / 23.9MB
flash-cloud-bench-prometheus-1 0.23% 30.76MiB / 7.38GiB 8.49MB / 937kB
Wed Sep  9 01:44:20 AM UTC 2026
flash-cloud-bench-publisher-1 4.36% 34.98MiB / 7.38GiB 31.8MB / 46.2MB
flash-cloud-bench-simulator-1 3.01% 34.79MiB / 7.38GiB 31.2MB / 39.4MB
flash-cloud-bench-api-1 72.26% 106.2MiB / 7.38GiB 5.02GB / 3.22GB
flash-cloud-bench-consumer-1 5.31% 35.86MiB / 7.38GiB 43.1MB / 63.7MB
flash-cloud-bench-maintenance-1 15.56% 35.75MiB / 7.38GiB 558MB / 1.93GB
flash-cloud-bench-redis-1 16.82% 52.38MiB / 7.38GiB 2.16GB / 4.85GB
flash-cloud-bench-pgbouncer-1 7.67% 1.613MiB / 7.38GiB 979MB / 977MB
flash-cloud-bench-postgres-1 78.47% 183.2MiB / 7.38GiB 343MB / 660MB
flash-cloud-bench-kafka-1 2.20% 944.4MiB / 7.38GiB 28.4MB / 24.2MB
flash-cloud-bench-prometheus-1 0.00% 30.76MiB / 7.38GiB 8.59MB / 950kB
Wed Sep  9 01:44:32 AM UTC 2026
flash-cloud-bench-publisher-1 5.20% 34.98MiB / 7.38GiB 32.2MB / 46.8MB
flash-cloud-bench-simulator-1 3.07% 34.79MiB / 7.38GiB 31.5MB / 39.8MB
flash-cloud-bench-api-1 104.63% 106.2MiB / 7.38GiB 5.09GB / 3.27GB
flash-cloud-bench-consumer-1 7.65% 35.87MiB / 7.38GiB 43.8MB / 64.7MB
flash-cloud-bench-maintenance-1 3.26% 35.75MiB / 7.38GiB 564MB / 1.95GB
flash-cloud-bench-redis-1 10.41% 52.3MiB / 7.38GiB 2.19GB / 4.92GB
flash-cloud-bench-pgbouncer-1 5.63% 1.602MiB / 7.38GiB 991MB / 989MB
flash-cloud-bench-postgres-1 97.40% 183.3MiB / 7.38GiB 347MB / 668MB
flash-cloud-bench-kafka-1 98.98% 989.5MiB / 7.38GiB 28.8MB / 24.6MB
flash-cloud-bench-prometheus-1 0.24% 30.8MiB / 7.38GiB 8.71MB / 961kB
Wed Sep  9 01:44:44 AM UTC 2026
flash-cloud-bench-publisher-1 4.80% 34.98MiB / 7.38GiB 32.6MB / 47.4MB
flash-cloud-bench-simulator-1 2.56% 34.79MiB / 7.38GiB 31.9MB / 40.3MB
flash-cloud-bench-api-1 78.22% 106.3MiB / 7.38GiB 5.16GB / 3.31GB
flash-cloud-bench-consumer-1 7.96% 35.86MiB / 7.38GiB 44.4MB / 65.6MB
flash-cloud-bench-maintenance-1 7.52% 35.75MiB / 7.38GiB 571MB / 1.97GB
flash-cloud-bench-redis-1 14.02% 52.44MiB / 7.38GiB 2.21GB / 4.99GB
flash-cloud-bench-pgbouncer-1 6.20% 1.582MiB / 7.38GiB 1GB / 1GB
flash-cloud-bench-postgres-1 79.28% 183.3MiB / 7.38GiB 352MB / 676MB
flash-cloud-bench-kafka-1 149.64% 1000MiB / 7.38GiB 29.2MB / 24.9MB
flash-cloud-bench-prometheus-1 0.36% 30.8MiB / 7.38GiB 8.81MB / 973kB
Wed Sep  9 01:44:56 AM UTC 2026
flash-cloud-bench-publisher-1 4.78% 34.98MiB / 7.38GiB 33.1MB / 48MB
flash-cloud-bench-simulator-1 2.99% 34.79MiB / 7.38GiB 32.3MB / 40.8MB
flash-cloud-bench-api-1 70.37% 106.3MiB / 7.38GiB 5.24GB / 3.36GB
flash-cloud-bench-consumer-1 5.67% 35.86MiB / 7.38GiB 44.9MB / 66.4MB
flash-cloud-bench-maintenance-1 7.22% 35.75MiB / 7.38GiB 577MB / 1.99GB
flash-cloud-bench-redis-1 10.83% 52.59MiB / 7.38GiB 2.24GB / 5.06GB
flash-cloud-bench-pgbouncer-1 6.76% 1.621MiB / 7.38GiB 1.01GB / 1.01GB
flash-cloud-bench-postgres-1 79.41% 183.3MiB / 7.38GiB 356MB / 683MB
flash-cloud-bench-kafka-1 166.26% 1016MiB / 7.38GiB 29.6MB / 25.2MB
flash-cloud-bench-prometheus-1 0.20% 30.8MiB / 7.38GiB 8.94MB / 985kB
Wed Sep  9 01:45:08 AM UTC 2026
flash-cloud-bench-publisher-1 5.09% 34.98MiB / 7.38GiB 33.5MB / 48.6MB
flash-cloud-bench-simulator-1 3.00% 34.79MiB / 7.38GiB 32.6MB / 41.3MB
flash-cloud-bench-api-1 85.54% 105.7MiB / 7.38GiB 5.3GB / 3.4GB
flash-cloud-bench-consumer-1 9.88% 35.87MiB / 7.38GiB 45.6MB / 67.4MB
flash-cloud-bench-maintenance-1 3.91% 35.75MiB / 7.38GiB 583MB / 2.01GB
flash-cloud-bench-redis-1 9.48% 52.61MiB / 7.38GiB 2.26GB / 5.13GB
flash-cloud-bench-pgbouncer-1 5.36% 1.59MiB / 7.38GiB 1.03GB / 1.02GB
flash-cloud-bench-postgres-1 93.64% 184.2MiB / 7.38GiB 360MB / 691MB
flash-cloud-bench-kafka-1 104.51% 1014MiB / 7.38GiB 30MB / 25.6MB
flash-cloud-bench-prometheus-1 0.00% 30.8MiB / 7.38GiB 9.03MB / 994kB
Wed Sep  9 01:45:20 AM UTC 2026
flash-cloud-bench-publisher-1 3.28% 34.98MiB / 7.38GiB 33.9MB / 49.3MB
flash-cloud-bench-simulator-1 2.98% 34.79MiB / 7.38GiB 33MB / 41.7MB
flash-cloud-bench-api-1 103.56% 105.3MiB / 7.38GiB 5.37GB / 3.44GB
flash-cloud-bench-consumer-1 6.38% 35.86MiB / 7.38GiB 46.2MB / 68.3MB
flash-cloud-bench-maintenance-1 15.33% 35.75MiB / 7.38GiB 590MB / 2.04GB
flash-cloud-bench-redis-1 17.16% 52.55MiB / 7.38GiB 2.29GB / 5.19GB
flash-cloud-bench-pgbouncer-1 6.94% 1.598MiB / 7.38GiB 1.04GB / 1.04GB
flash-cloud-bench-postgres-1 63.52% 184.2MiB / 7.38GiB 365MB / 699MB
flash-cloud-bench-kafka-1 64.71% 945.6MiB / 7.38GiB 30.4MB / 25.9MB
flash-cloud-bench-prometheus-1 0.00% 30.8MiB / 7.38GiB 9.12MB / 1.01MB
Wed Sep  9 01:45:32 AM UTC 2026
flash-cloud-bench-publisher-1 5.08% 34.98MiB / 7.38GiB 34.3MB / 49.9MB
flash-cloud-bench-simulator-1 3.09% 34.79MiB / 7.38GiB 33.4MB / 42.2MB
flash-cloud-bench-api-1 73.69% 105.6MiB / 7.38GiB 5.44GB / 3.49GB
flash-cloud-bench-consumer-1 7.77% 35.86MiB / 7.38GiB 46.8MB / 69.1MB
flash-cloud-bench-maintenance-1 22.92% 35.75MiB / 7.38GiB 597MB / 2.06GB
flash-cloud-bench-redis-1 21.86% 52.44MiB / 7.38GiB 2.32GB / 5.26GB
flash-cloud-bench-pgbouncer-1 8.86% 1.602MiB / 7.38GiB 1.05GB / 1.05GB
flash-cloud-bench-postgres-1 60.28% 184.3MiB / 7.38GiB 369MB / 708MB
flash-cloud-bench-kafka-1 39.35% 945.7MiB / 7.38GiB 30.9MB / 26.3MB
flash-cloud-bench-prometheus-1 0.24% 30.8MiB / 7.38GiB 9.25MB / 1.02MB
Wed Sep  9 01:45:44 AM UTC 2026
flash-cloud-bench-publisher-1 4.01% 34.98MiB / 7.38GiB 34.8MB / 50.5MB
flash-cloud-bench-simulator-1 3.09% 34.79MiB / 7.38GiB 33.8MB / 42.7MB
flash-cloud-bench-api-1 71.08% 105.8MiB / 7.38GiB 5.51GB / 3.53GB
flash-cloud-bench-consumer-1 10.52% 35.86MiB / 7.38GiB 47.4MB / 70.1MB
flash-cloud-bench-maintenance-1 4.40% 35.75MiB / 7.38GiB 603MB / 2.08GB
flash-cloud-bench-redis-1 8.84% 52.41MiB / 7.38GiB 2.34GB / 5.33GB
flash-cloud-bench-pgbouncer-1 5.14% 1.586MiB / 7.38GiB 1.06GB / 1.06GB
flash-cloud-bench-postgres-1 101.33% 184.3MiB / 7.38GiB 373MB / 715MB
flash-cloud-bench-kafka-1 2.73% 945.7MiB / 7.38GiB 31.3MB / 26.6MB
flash-cloud-bench-prometheus-1 0.14% 30.8MiB / 7.38GiB 9.35MB / 1.03MB
Wed Sep  9 01:45:57 AM UTC 2026
flash-cloud-bench-publisher-1 3.38% 34.98MiB / 7.38GiB 35.2MB / 51.1MB
flash-cloud-bench-simulator-1 3.25% 34.79MiB / 7.38GiB 34.1MB / 43.1MB
flash-cloud-bench-api-1 83.91% 104.9MiB / 7.38GiB 5.58GB / 3.58GB
flash-cloud-bench-consumer-1 7.37% 35.86MiB / 7.38GiB 48.1MB / 71MB
flash-cloud-bench-maintenance-1 23.22% 35.75MiB / 7.38GiB 610MB / 2.11GB
flash-cloud-bench-redis-1 23.72% 52.62MiB / 7.38GiB 2.37GB / 5.4GB
flash-cloud-bench-pgbouncer-1 8.67% 1.613MiB / 7.38GiB 1.08GB / 1.07GB
flash-cloud-bench-postgres-1 61.02% 184.4MiB / 7.38GiB 378MB / 723MB
flash-cloud-bench-kafka-1 1.78% 945.8MiB / 7.38GiB 31.7MB / 27MB
flash-cloud-bench-prometheus-1 0.21% 30.8MiB / 7.38GiB 9.47MB / 1.04MB
Wed Sep  9 01:46:09 AM UTC 2026
flash-cloud-bench-publisher-1 4.64% 34.98MiB / 7.38GiB 35.6MB / 51.7MB
flash-cloud-bench-simulator-1 3.00% 34.79MiB / 7.38GiB 34.5MB / 43.6MB
flash-cloud-bench-api-1 107.02% 104.5MiB / 7.38GiB 5.64GB / 3.62GB
flash-cloud-bench-consumer-1 8.87% 35.87MiB / 7.38GiB 48.7MB / 71.9MB
flash-cloud-bench-maintenance-1 13.62% 35.75MiB / 7.38GiB 616MB / 2.13GB
flash-cloud-bench-redis-1 18.57% 52.45MiB / 7.38GiB 2.39GB / 5.46GB
flash-cloud-bench-pgbouncer-1 7.13% 1.621MiB / 7.38GiB 1.09GB / 1.08GB
flash-cloud-bench-postgres-1 82.67% 184.9MiB / 7.38GiB 382MB / 731MB
flash-cloud-bench-kafka-1 2.05% 945.8MiB / 7.38GiB 32.1MB / 27.3MB
flash-cloud-bench-prometheus-1 0.37% 30.8MiB / 7.38GiB 9.57MB / 1.05MB
Wed Sep  9 01:46:21 AM UTC 2026
flash-cloud-bench-publisher-1 3.57% 34.98MiB / 7.38GiB 36.1MB / 52.4MB
flash-cloud-bench-simulator-1 3.46% 34.79MiB / 7.38GiB 34.9MB / 44.1MB
flash-cloud-bench-api-1 74.81% 104.4MiB / 7.38GiB 5.72GB / 3.66GB
flash-cloud-bench-consumer-1 5.73% 35.86MiB / 7.38GiB 49.3MB / 72.8MB
flash-cloud-bench-maintenance-1 20.06% 35.75MiB / 7.38GiB 624MB / 2.15GB
flash-cloud-bench-redis-1 21.00% 52.47MiB / 7.38GiB 2.42GB / 5.53GB
flash-cloud-bench-pgbouncer-1 7.74% 1.602MiB / 7.38GiB 1.1GB / 1.1GB
flash-cloud-bench-postgres-1 68.27% 184.9MiB / 7.38GiB 386MB / 740MB
flash-cloud-bench-kafka-1 1.96% 945.8MiB / 7.38GiB 32.5MB / 27.6MB
flash-cloud-bench-prometheus-1 0.00% 30.8MiB / 7.38GiB 9.66MB / 1.06MB
Wed Sep  9 01:46:33 AM UTC 2026
flash-cloud-bench-publisher-1 4.54% 34.98MiB / 7.38GiB 36.5MB / 53MB
flash-cloud-bench-simulator-1 3.60% 34.79MiB / 7.38GiB 35.3MB / 44.6MB
flash-cloud-bench-api-1 70.78% 104.5MiB / 7.38GiB 5.78GB / 3.7GB
flash-cloud-bench-consumer-1 6.04% 35.86MiB / 7.38GiB 49.9MB / 73.7MB
flash-cloud-bench-maintenance-1 8.49% 35.75MiB / 7.38GiB 630MB / 2.18GB
flash-cloud-bench-redis-1 10.85% 52.38MiB / 7.38GiB 2.45GB / 5.6GB
flash-cloud-bench-pgbouncer-1 6.13% 1.594MiB / 7.38GiB 1.11GB / 1.11GB
flash-cloud-bench-postgres-1 95.65% 184.9MiB / 7.38GiB 391MB / 747MB
flash-cloud-bench-kafka-1 2.03% 946MiB / 7.38GiB 32.9MB / 28MB
flash-cloud-bench-prometheus-1 0.38% 30.84MiB / 7.38GiB 9.79MB / 1.08MB
Wed Sep  9 01:46:45 AM UTC 2026
flash-cloud-bench-publisher-1 4.45% 34.98MiB / 7.38GiB 36.9MB / 53.6MB
flash-cloud-bench-simulator-1 3.12% 34.79MiB / 7.38GiB 35.6MB / 45MB
flash-cloud-bench-api-1 98.37% 117.5MiB / 7.38GiB 5.86GB / 3.75GB
flash-cloud-bench-consumer-1 6.24% 35.87MiB / 7.38GiB 50.5MB / 74.6MB
flash-cloud-bench-maintenance-1 15.04% 35.75MiB / 7.38GiB 637MB / 2.2GB
flash-cloud-bench-redis-1 17.57% 52.48MiB / 7.38GiB 2.48GB / 5.66GB
flash-cloud-bench-pgbouncer-1 7.11% 1.602MiB / 7.38GiB 1.12GB / 1.12GB
flash-cloud-bench-postgres-1 75.18% 184.9MiB / 7.38GiB 395MB / 755MB
flash-cloud-bench-kafka-1 2.17% 946MiB / 7.38GiB 33.3MB / 28.3MB
flash-cloud-bench-prometheus-1 0.00% 30.83MiB / 7.38GiB 9.88MB / 1.09MB
Wed Sep  9 01:46:57 AM UTC 2026
flash-cloud-bench-publisher-1 4.74% 34.98MiB / 7.38GiB 37.4MB / 54.2MB
flash-cloud-bench-simulator-1 3.41% 34.79MiB / 7.38GiB 36MB / 45.5MB
flash-cloud-bench-api-1 76.53% 104.8MiB / 7.38GiB 5.93GB / 3.8GB
flash-cloud-bench-consumer-1 6.20% 35.87MiB / 7.38GiB 51.1MB / 75.5MB
flash-cloud-bench-maintenance-1 11.51% 35.75MiB / 7.38GiB 643MB / 2.22GB
flash-cloud-bench-redis-1 14.62% 52.45MiB / 7.38GiB 2.5GB / 5.74GB
flash-cloud-bench-pgbouncer-1 6.58% 1.586MiB / 7.38GiB 1.13GB / 1.13GB
flash-cloud-bench-postgres-1 89.64% 184.9MiB / 7.38GiB 399MB / 763MB
flash-cloud-bench-kafka-1 2.23% 946.1MiB / 7.38GiB 33.7MB / 28.7MB
flash-cloud-bench-prometheus-1 0.21% 30.83MiB / 7.38GiB 10MB / 1.1MB
Wed Sep  9 01:47:09 AM UTC 2026
flash-cloud-bench-publisher-1 4.61% 34.99MiB / 7.38GiB 37.8MB / 54.9MB
flash-cloud-bench-simulator-1 3.11% 34.79MiB / 7.38GiB 36.4MB / 46MB
flash-cloud-bench-api-1 78.46% 105MiB / 7.38GiB 6GB / 3.84GB
flash-cloud-bench-consumer-1 6.21% 35.87MiB / 7.38GiB 51.7MB / 76.4MB
flash-cloud-bench-maintenance-1 13.33% 35.75MiB / 7.38GiB 650MB / 2.24GB
flash-cloud-bench-redis-1 17.33% 52.84MiB / 7.38GiB 2.53GB / 5.8GB
flash-cloud-bench-pgbouncer-1 6.97% 1.613MiB / 7.38GiB 1.15GB / 1.14GB
flash-cloud-bench-postgres-1 85.42% 185MiB / 7.38GiB 404MB / 771MB
flash-cloud-bench-kafka-1 2.93% 946.1MiB / 7.38GiB 34.1MB / 29MB
flash-cloud-bench-prometheus-1 0.19% 30.83MiB / 7.38GiB 10.1MB / 1.11MB
Wed Sep  9 01:47:21 AM UTC 2026
flash-cloud-bench-publisher-1 3.09% 35MiB / 7.38GiB 38.2MB / 55.5MB
flash-cloud-bench-simulator-1 3.24% 34.79MiB / 7.38GiB 36.8MB / 46.4MB
flash-cloud-bench-api-1 79.91% 104.4MiB / 7.38GiB 6.07GB / 3.89GB
flash-cloud-bench-consumer-1 5.01% 35.87MiB / 7.38GiB 52.3MB / 77.3MB
flash-cloud-bench-maintenance-1 22.32% 35.75MiB / 7.38GiB 657MB / 2.27GB
flash-cloud-bench-redis-1 22.13% 52.46MiB / 7.38GiB 2.55GB / 5.87GB
flash-cloud-bench-pgbouncer-1 8.40% 1.602MiB / 7.38GiB 1.16GB / 1.16GB
flash-cloud-bench-postgres-1 66.86% 185.1MiB / 7.38GiB 408MB / 779MB
flash-cloud-bench-kafka-1 1.95% 946.1MiB / 7.38GiB 34.5MB / 29.4MB
flash-cloud-bench-prometheus-1 0.00% 30.83MiB / 7.38GiB 10.2MB / 1.12MB
Wed Sep  9 01:47:34 AM UTC 2026
flash-cloud-bench-publisher-1 4.61% 35MiB / 7.38GiB 38.7MB / 56.1MB
flash-cloud-bench-simulator-1 2.95% 34.79MiB / 7.38GiB 37.1MB / 46.9MB
flash-cloud-bench-api-1 106.85% 104.5MiB / 7.38GiB 6.14GB / 3.93GB
flash-cloud-bench-consumer-1 7.46% 35.87MiB / 7.38GiB 53MB / 78.3MB
flash-cloud-bench-maintenance-1 23.30% 35.75MiB / 7.38GiB 663MB / 2.29GB
flash-cloud-bench-redis-1 12.61% 52.38MiB / 7.38GiB 2.58GB / 5.94GB
flash-cloud-bench-pgbouncer-1 5.24% 1.578MiB / 7.38GiB 1.17GB / 1.17GB
flash-cloud-bench-postgres-1 105.44% 185.1MiB / 7.38GiB 412MB / 787MB
flash-cloud-bench-kafka-1 2.43% 946.1MiB / 7.38GiB 34.9MB / 29.7MB
flash-cloud-bench-prometheus-1 0.15% 30.83MiB / 7.38GiB 10.3MB / 1.13MB
Wed Sep  9 01:47:46 AM UTC 2026
flash-cloud-bench-publisher-1 3.95% 35MiB / 7.38GiB 39.1MB / 56.7MB
flash-cloud-bench-simulator-1 3.33% 34.79MiB / 7.38GiB 37.5MB / 47.4MB
flash-cloud-bench-api-1 74.50% 104.5MiB / 7.38GiB 6.21GB / 3.98GB
flash-cloud-bench-consumer-1 5.78% 35.87MiB / 7.38GiB 53.6MB / 79.2MB
flash-cloud-bench-maintenance-1 18.72% 35.75MiB / 7.38GiB 670MB / 2.31GB
flash-cloud-bench-redis-1 22.62% 52.4MiB / 7.38GiB 2.61GB / 6.01GB
flash-cloud-bench-pgbouncer-1 7.44% 1.59MiB / 7.38GiB 1.18GB / 1.18GB
flash-cloud-bench-postgres-1 74.79% 185.1MiB / 7.38GiB 417MB / 795MB
flash-cloud-bench-kafka-1 3.38% 946.1MiB / 7.38GiB 35.3MB / 30MB
flash-cloud-bench-prometheus-1 0.22% 30.84MiB / 7.38GiB 10.4MB / 1.14MB
Wed Sep  9 01:47:58 AM UTC 2026
flash-cloud-bench-publisher-1 4.49% 35MiB / 7.38GiB 39.5MB / 57.4MB
flash-cloud-bench-simulator-1 3.35% 34.79MiB / 7.38GiB 37.9MB / 47.9MB
flash-cloud-bench-api-1 81.03% 104.6MiB / 7.38GiB 6.28GB / 4.02GB
flash-cloud-bench-consumer-1 5.00% 35.87MiB / 7.38GiB 54.2MB / 80.1MB
flash-cloud-bench-maintenance-1 23.18% 35.75MiB / 7.38GiB 676MB / 2.33GB
flash-cloud-bench-redis-1 24.99% 52.56MiB / 7.38GiB 2.63GB / 6.07GB
flash-cloud-bench-pgbouncer-1 8.78% 1.598MiB / 7.38GiB 1.19GB / 1.19GB
flash-cloud-bench-postgres-1 60.44% 185.1MiB / 7.38GiB 421MB / 803MB
flash-cloud-bench-kafka-1 1.94% 946.2MiB / 7.38GiB 35.7MB / 30.4MB
flash-cloud-bench-prometheus-1 0.00% 30.84MiB / 7.38GiB 10.5MB / 1.15MB
Wed Sep  9 01:48:10 AM UTC 2026
flash-cloud-bench-publisher-1 5.26% 35MiB / 7.38GiB 40MB / 58MB
flash-cloud-bench-simulator-1 3.39% 34.79MiB / 7.38GiB 38.2MB / 48.3MB
flash-cloud-bench-api-1 75.35% 104.6MiB / 7.38GiB 6.35GB / 4.07GB
flash-cloud-bench-consumer-1 7.81% 35.87MiB / 7.38GiB 54.8MB / 81MB
flash-cloud-bench-maintenance-1 7.93% 35.75MiB / 7.38GiB 682MB / 2.36GB
flash-cloud-bench-redis-1 14.64% 52.47MiB / 7.38GiB 2.66GB / 6.14GB
flash-cloud-bench-pgbouncer-1 6.15% 1.574MiB / 7.38GiB 1.21GB / 1.2GB
flash-cloud-bench-postgres-1 95.75% 185.2MiB / 7.38GiB 425MB / 811MB
flash-cloud-bench-kafka-1 2.55% 946.2MiB / 7.38GiB 36.1MB / 30.8MB
flash-cloud-bench-prometheus-1 0.00% 30.84MiB / 7.38GiB 10.6MB / 1.17MB
Wed Sep  9 01:48:22 AM UTC 2026
flash-cloud-bench-publisher-1 4.07% 35MiB / 7.38GiB 40.4MB / 58.7MB
flash-cloud-bench-simulator-1 2.81% 34.79MiB / 7.38GiB 38.6MB / 48.8MB
flash-cloud-bench-api-1 83.69% 104.7MiB / 7.38GiB 6.42GB / 4.11GB
flash-cloud-bench-consumer-1 5.76% 35.87MiB / 7.38GiB 55.4MB / 81.9MB
flash-cloud-bench-maintenance-1 22.42% 35.75MiB / 7.38GiB 689MB / 2.38GB
flash-cloud-bench-redis-1 24.49% 52.51MiB / 7.38GiB 2.68GB / 6.21GB
flash-cloud-bench-pgbouncer-1 8.54% 1.582MiB / 7.38GiB 1.22GB / 1.22GB
flash-cloud-bench-postgres-1 59.09% 185.2MiB / 7.38GiB 430MB / 819MB
flash-cloud-bench-kafka-1 2.20% 946.2MiB / 7.38GiB 36.5MB / 31.1MB
flash-cloud-bench-prometheus-1 0.00% 30.86MiB / 7.38GiB 10.8MB / 1.18MB
Wed Sep  9 01:48:34 AM UTC 2026
flash-cloud-bench-publisher-1 4.37% 35MiB / 7.38GiB 40.9MB / 59.3MB
flash-cloud-bench-simulator-1 3.42% 34.79MiB / 7.38GiB 39MB / 49.3MB
flash-cloud-bench-api-1 85.12% 104.9MiB / 7.38GiB 6.49GB / 4.16GB
flash-cloud-bench-consumer-1 5.40% 35.87MiB / 7.38GiB 56MB / 82.8MB
flash-cloud-bench-maintenance-1 15.53% 35.75MiB / 7.38GiB 696MB / 2.4GB
flash-cloud-bench-redis-1 21.37% 52.39MiB / 7.38GiB 2.71GB / 6.28GB
flash-cloud-bench-pgbouncer-1 7.51% 1.59MiB / 7.38GiB 1.23GB / 1.23GB
flash-cloud-bench-postgres-1 76.40% 185.2MiB / 7.38GiB 434MB / 826MB
flash-cloud-bench-kafka-1 1.99% 946.3MiB / 7.38GiB 36.9MB / 31.4MB
flash-cloud-bench-prometheus-1 0.38% 30.91MiB / 7.38GiB 10.9MB / 1.19MB
Wed Sep  9 01:48:46 AM UTC 2026
flash-cloud-bench-publisher-1 4.18% 35MiB / 7.38GiB 41.3MB / 60MB
flash-cloud-bench-simulator-1 3.10% 34.79MiB / 7.38GiB 39.4MB / 49.7MB
flash-cloud-bench-api-1 82.97% 105MiB / 7.38GiB 6.56GB / 4.2GB
flash-cloud-bench-consumer-1 5.79% 35.87MiB / 7.38GiB 56.6MB / 83.6MB
flash-cloud-bench-maintenance-1 14.56% 35.75MiB / 7.38GiB 702MB / 2.42GB
flash-cloud-bench-redis-1 20.93% 52.62MiB / 7.38GiB 2.74GB / 6.35GB
flash-cloud-bench-pgbouncer-1 7.14% 1.574MiB / 7.38GiB 1.24GB / 1.24GB
flash-cloud-bench-postgres-1 80.35% 185.2MiB / 7.38GiB 439MB / 835MB
flash-cloud-bench-kafka-1 2.17% 946.3MiB / 7.38GiB 37.3MB / 31.8MB
flash-cloud-bench-prometheus-1 0.24% 30.95MiB / 7.38GiB 11MB / 1.2MB
Wed Sep  9 01:48:58 AM UTC 2026
flash-cloud-bench-publisher-1 3.68% 35MiB / 7.38GiB 41.7MB / 60.6MB
flash-cloud-bench-simulator-1 3.06% 34.79MiB / 7.38GiB 39.7MB / 50.2MB
flash-cloud-bench-api-1 76.99% 103.8MiB / 7.38GiB 6.64GB / 4.25GB
flash-cloud-bench-consumer-1 4.71% 35.87MiB / 7.38GiB 57.3MB / 84.6MB
flash-cloud-bench-maintenance-1 23.55% 35.75MiB / 7.38GiB 709MB / 2.45GB
flash-cloud-bench-redis-1 24.94% 52.45MiB / 7.38GiB 2.76GB / 6.42GB
flash-cloud-bench-pgbouncer-1 8.42% 1.574MiB / 7.38GiB 1.25GB / 1.25GB
flash-cloud-bench-postgres-1 102.87% 185.2MiB / 7.38GiB 442MB / 842MB
flash-cloud-bench-kafka-1 1.71% 946.4MiB / 7.38GiB 37.7MB / 32.1MB
flash-cloud-bench-prometheus-1 0.19% 30.97MiB / 7.38GiB 11.1MB / 1.21MB
Wed Sep  9 01:49:10 AM UTC 2026
flash-cloud-bench-publisher-1 4.28% 35MiB / 7.38GiB 42.2MB / 61.2MB
flash-cloud-bench-simulator-1 3.35% 34.79MiB / 7.38GiB 40.1MB / 50.7MB
flash-cloud-bench-api-1 88.52% 104.2MiB / 7.38GiB 6.71GB / 4.29GB
flash-cloud-bench-consumer-1 7.20% 35.87MiB / 7.38GiB 57.8MB / 85.4MB
flash-cloud-bench-maintenance-1 8.04% 35.75MiB / 7.38GiB 715MB / 2.47GB
flash-cloud-bench-redis-1 14.66% 52.53MiB / 7.38GiB 2.79GB / 6.49GB
flash-cloud-bench-pgbouncer-1 6.37% 1.598MiB / 7.38GiB 1.27GB / 1.26GB
flash-cloud-bench-postgres-1 92.60% 185.2MiB / 7.38GiB 447MB / 850MB
flash-cloud-bench-kafka-1 2.22% 946.4MiB / 7.38GiB 38.1MB / 32.5MB
flash-cloud-bench-prometheus-1 0.10% 31.05MiB / 7.38GiB 11.2MB / 1.22MB
Wed Sep  9 01:49:23 AM UTC 2026
flash-cloud-bench-publisher-1 3.93% 35MiB / 7.38GiB 42.6MB / 61.8MB
flash-cloud-bench-simulator-1 3.30% 34.79MiB / 7.38GiB 40.5MB / 51.2MB
flash-cloud-bench-api-1 72.80% 103.9MiB / 7.38GiB 6.78GB / 4.34GB
flash-cloud-bench-consumer-1 5.77% 35.87MiB / 7.38GiB 58.5MB / 86.4MB
flash-cloud-bench-maintenance-1 23.21% 35.75MiB / 7.38GiB 722MB / 2.49GB
flash-cloud-bench-redis-1 24.30% 52.38MiB / 7.38GiB 2.81GB / 6.56GB
flash-cloud-bench-pgbouncer-1 8.32% 1.586MiB / 7.38GiB 1.28GB / 1.28GB
flash-cloud-bench-postgres-1 60.84% 185.2MiB / 7.38GiB 451MB / 858MB
flash-cloud-bench-kafka-1 2.14% 946.4MiB / 7.38GiB 38.5MB / 32.8MB
flash-cloud-bench-prometheus-1 0.00% 31.14MiB / 7.38GiB 11.3MB / 1.23MB
Wed Sep  9 01:49:35 AM UTC 2026
flash-cloud-bench-publisher-1 4.78% 35MiB / 7.38GiB 43MB / 62.5MB
flash-cloud-bench-simulator-1 3.44% 34.79MiB / 7.38GiB 40.9MB / 51.6MB
flash-cloud-bench-api-1 80.62% 103.7MiB / 7.38GiB 6.84GB / 4.38GB
flash-cloud-bench-consumer-1 5.96% 35.87MiB / 7.38GiB 59.1MB / 87.3MB
flash-cloud-bench-maintenance-1 16.02% 35.75MiB / 7.38GiB 728MB / 2.51GB
flash-cloud-bench-redis-1 17.46% 52.33MiB / 7.38GiB 2.84GB / 6.62GB
flash-cloud-bench-pgbouncer-1 6.54% 1.598MiB / 7.38GiB 1.29GB / 1.29GB
flash-cloud-bench-postgres-1 88.36% 185.2MiB / 7.38GiB 456MB / 866MB
flash-cloud-bench-kafka-1 2.18% 946.4MiB / 7.38GiB 38.9MB / 33.2MB
flash-cloud-bench-prometheus-1 0.00% 31.17MiB / 7.38GiB 11.4MB / 1.25MB
Wed Sep  9 01:49:47 AM UTC 2026
flash-cloud-bench-publisher-1 5.46% 35MiB / 7.38GiB 43.5MB / 63.1MB
flash-cloud-bench-simulator-1 2.96% 34.79MiB / 7.38GiB 41.2MB / 52.1MB
flash-cloud-bench-api-1 80.89% 113.2MiB / 7.38GiB 6.91GB / 4.42GB
flash-cloud-bench-consumer-1 7.32% 35.87MiB / 7.38GiB 59.7MB / 88.2MB
flash-cloud-bench-maintenance-1 5.96% 35.75MiB / 7.38GiB 735MB / 2.54GB
flash-cloud-bench-redis-1 12.93% 52.57MiB / 7.38GiB 2.86GB / 6.69GB
flash-cloud-bench-pgbouncer-1 5.80% 1.59MiB / 7.38GiB 1.3GB / 1.3GB
flash-cloud-bench-postgres-1 98.20% 185.2MiB / 7.38GiB 460MB / 874MB
flash-cloud-bench-kafka-1 2.67% 946.5MiB / 7.38GiB 39.4MB / 33.5MB
flash-cloud-bench-prometheus-1 0.23% 31.18MiB / 7.38GiB 11.5MB / 1.26MB
Wed Sep  9 01:49:59 AM UTC 2026
flash-cloud-bench-publisher-1 3.73% 35MiB / 7.38GiB 43.9MB / 63.7MB
flash-cloud-bench-simulator-1 3.03% 34.79MiB / 7.38GiB 41.6MB / 52.6MB
flash-cloud-bench-api-1 69.15% 103.8MiB / 7.38GiB 6.98GB / 4.47GB
flash-cloud-bench-consumer-1 8.00% 35.87MiB / 7.38GiB 60.3MB / 89.1MB
flash-cloud-bench-maintenance-1 21.57% 35.75MiB / 7.38GiB 742MB / 2.56GB
flash-cloud-bench-redis-1 22.10% 52.48MiB / 7.38GiB 2.89GB / 6.75GB
flash-cloud-bench-pgbouncer-1 8.60% 1.602MiB / 7.38GiB 1.31GB / 1.31GB
flash-cloud-bench-postgres-1 115.76% 197.7MiB / 7.38GiB 465MB / 882MB
flash-cloud-bench-kafka-1 1.89% 946.5MiB / 7.38GiB 39.8MB / 33.9MB
flash-cloud-bench-prometheus-1 0.00% 31.18MiB / 7.38GiB 11.6MB / 1.27MB
Wed Sep  9 01:50:11 AM UTC 2026
flash-cloud-bench-publisher-1 4.28% 35MiB / 7.38GiB 44.4MB / 64.4MB
flash-cloud-bench-simulator-1 3.40% 34.79MiB / 7.38GiB 42MB / 53MB
flash-cloud-bench-api-1 75.66% 104.2MiB / 7.38GiB 7.05GB / 4.51GB
flash-cloud-bench-consumer-1 5.06% 35.87MiB / 7.38GiB 60.9MB / 90MB
flash-cloud-bench-maintenance-1 5.18% 35.75MiB / 7.38GiB 748MB / 2.58GB
flash-cloud-bench-redis-1 12.17% 52.66MiB / 7.38GiB 2.91GB / 6.82GB
flash-cloud-bench-pgbouncer-1 5.52% 1.582MiB / 7.38GiB 1.33GB / 1.32GB
flash-cloud-bench-postgres-1 106.56% 185.2MiB / 7.38GiB 469MB / 890MB
flash-cloud-bench-kafka-1 2.41% 946.6MiB / 7.38GiB 40.2MB / 34.2MB
flash-cloud-bench-prometheus-1 0.23% 31.18MiB / 7.38GiB 11.7MB / 1.28MB
Wed Sep  9 01:50:23 AM UTC 2026
flash-cloud-bench-publisher-1 3.77% 35.01MiB / 7.38GiB 44.8MB / 65MB
flash-cloud-bench-simulator-1 3.30% 34.79MiB / 7.38GiB 42.3MB / 53.5MB
flash-cloud-bench-api-1 78.21% 103.9MiB / 7.38GiB 7.12GB / 4.56GB
flash-cloud-bench-consumer-1 4.58% 35.87MiB / 7.38GiB 61.6MB / 90.9MB
flash-cloud-bench-maintenance-1 23.38% 35.75MiB / 7.38GiB 755MB / 2.61GB
flash-cloud-bench-redis-1 25.20% 52.41MiB / 7.38GiB 2.94GB / 6.89GB
flash-cloud-bench-pgbouncer-1 8.24% 1.574MiB / 7.38GiB 1.34GB / 1.34GB
flash-cloud-bench-postgres-1 65.62% 185.4MiB / 7.38GiB 473MB / 898MB
flash-cloud-bench-kafka-1 2.33% 946.6MiB / 7.38GiB 40.5MB / 34.5MB
flash-cloud-bench-prometheus-1 0.41% 31.18MiB / 7.38GiB 11.8MB / 1.29MB
Wed Sep  9 01:50:35 AM UTC 2026
flash-cloud-bench-publisher-1 5.23% 35MiB / 7.38GiB 45.2MB / 65.6MB
flash-cloud-bench-simulator-1 3.11% 34.79MiB / 7.38GiB 42.7MB / 54MB
flash-cloud-bench-api-1 100.35% 116.9MiB / 7.38GiB 7.19GB / 4.6GB
flash-cloud-bench-consumer-1 6.53% 35.87MiB / 7.38GiB 62.1MB / 91.8MB
flash-cloud-bench-maintenance-1 8.59% 35.75MiB / 7.38GiB 761MB / 2.63GB
flash-cloud-bench-redis-1 14.20% 52.55MiB / 7.38GiB 2.97GB / 6.96GB
flash-cloud-bench-pgbouncer-1 6.43% 1.609MiB / 7.38GiB 1.35GB / 1.35GB
flash-cloud-bench-postgres-1 95.01% 185.2MiB / 7.38GiB 478MB / 906MB
flash-cloud-bench-kafka-1 2.33% 946.6MiB / 7.38GiB 41MB / 34.9MB
flash-cloud-bench-prometheus-1 0.00% 31.19MiB / 7.38GiB 11.9MB / 1.3MB
Wed Sep  9 01:50:47 AM UTC 2026
flash-cloud-bench-publisher-1 4.89% 35MiB / 7.38GiB 45.7MB / 66.3MB
flash-cloud-bench-simulator-1 3.70% 34.79MiB / 7.38GiB 43.1MB / 54.5MB
flash-cloud-bench-api-1 81.61% 103.9MiB / 7.38GiB 7.26GB / 4.65GB
flash-cloud-bench-consumer-1 6.30% 35.87MiB / 7.38GiB 62.8MB / 92.8MB
flash-cloud-bench-maintenance-1 13.45% 35.75MiB / 7.38GiB 768MB / 2.65GB
flash-cloud-bench-redis-1 16.94% 52.88MiB / 7.38GiB 2.99GB / 7.02GB
flash-cloud-bench-pgbouncer-1 7.03% 1.836MiB / 7.38GiB 1.36GB / 1.36GB
flash-cloud-bench-postgres-1 86.90% 185.2MiB / 7.38GiB 482MB / 914MB
flash-cloud-bench-kafka-1 2.30% 946.6MiB / 7.38GiB 41.4MB / 35.2MB
flash-cloud-bench-prometheus-1 0.22% 31.19MiB / 7.38GiB 12MB / 1.31MB
Wed Sep  9 01:50:59 AM UTC 2026
flash-cloud-bench-publisher-1 3.76% 35.01MiB / 7.38GiB 46.1MB / 66.9MB
flash-cloud-bench-simulator-1 3.03% 34.79MiB / 7.38GiB 43.5MB / 54.9MB
flash-cloud-bench-api-1 71.86% 104.1MiB / 7.38GiB 7.33GB / 4.69GB
flash-cloud-bench-consumer-1 5.35% 35.87MiB / 7.38GiB 63.4MB / 93.7MB
flash-cloud-bench-maintenance-1 18.33% 35.75MiB / 7.38GiB 774MB / 2.67GB
flash-cloud-bench-redis-1 18.65% 52.46MiB / 7.38GiB 3.02GB / 7.09GB
flash-cloud-bench-pgbouncer-1 7.58% 1.824MiB / 7.38GiB 1.37GB / 1.37GB
flash-cloud-bench-postgres-1 77.48% 185.7MiB / 7.38GiB 486MB / 921MB
flash-cloud-bench-kafka-1 1.85% 947.1MiB / 7.38GiB 41.8MB / 35.6MB
flash-cloud-bench-prometheus-1 0.18% 31.19MiB / 7.38GiB 12.1MB / 1.33MB
Wed Sep  9 01:51:12 AM UTC 2026
flash-cloud-bench-publisher-1 4.95% 35.01MiB / 7.38GiB 46.6MB / 67.5MB
flash-cloud-bench-simulator-1 3.35% 34.79MiB / 7.38GiB 43.8MB / 55.4MB
flash-cloud-bench-api-1 78.38% 104.2MiB / 7.38GiB 7.39GB / 4.73GB
flash-cloud-bench-consumer-1 6.92% 35.88MiB / 7.38GiB 64MB / 94.6MB
flash-cloud-bench-maintenance-1 3.61% 35.75MiB / 7.38GiB 780MB / 2.69GB
flash-cloud-bench-redis-1 9.73% 52.33MiB / 7.38GiB 3.04GB / 7.15GB
flash-cloud-bench-pgbouncer-1 5.12% 1.59MiB / 7.38GiB 1.39GB / 1.38GB
flash-cloud-bench-postgres-1 104.57% 185.8MiB / 7.38GiB 490MB / 929MB
flash-cloud-bench-kafka-1 2.33% 947.2MiB / 7.38GiB 42.2MB / 35.9MB
flash-cloud-bench-prometheus-1 0.00% 31.19MiB / 7.38GiB 12.3MB / 1.34MB
Wed Sep  9 01:51:24 AM UTC 2026
flash-cloud-bench-publisher-1 3.70% 35.01MiB / 7.38GiB 47MB / 68.2MB
flash-cloud-bench-simulator-1 3.34% 34.8MiB / 7.38GiB 44.2MB / 55.9MB
flash-cloud-bench-api-1 75.66% 104.2MiB / 7.38GiB 7.45GB / 4.77GB
flash-cloud-bench-consumer-1 4.99% 35.88MiB / 7.38GiB 64.6MB / 95.5MB
flash-cloud-bench-maintenance-1 20.64% 35.75MiB / 7.38GiB 788MB / 2.72GB
flash-cloud-bench-redis-1 21.67% 52.48MiB / 7.38GiB 3.07GB / 7.22GB
flash-cloud-bench-pgbouncer-1 8.02% 1.594MiB / 7.38GiB 1.4GB / 1.39GB
flash-cloud-bench-postgres-1 63.55% 185.9MiB / 7.38GiB 495MB / 938MB
flash-cloud-bench-kafka-1 1.78% 947.3MiB / 7.38GiB 42.6MB / 36.3MB
flash-cloud-bench-prometheus-1 0.03% 31.2MiB / 7.38GiB 12.4MB / 1.35MB
Wed Sep  9 01:51:36 AM UTC 2026
flash-cloud-bench-publisher-1 4.78% 35.01MiB / 7.38GiB 47.4MB / 68.8MB
flash-cloud-bench-simulator-1 3.04% 34.8MiB / 7.38GiB 44.6MB / 56.3MB
flash-cloud-bench-api-1 83.58% 104MiB / 7.38GiB 7.53GB / 4.82GB
flash-cloud-bench-consumer-1 6.52% 35.88MiB / 7.38GiB 65.2MB / 96.4MB
flash-cloud-bench-maintenance-1 14.49% 35.75MiB / 7.38GiB 794MB / 2.74GB
flash-cloud-bench-redis-1 17.30% 52.72MiB / 7.38GiB 3.1GB / 7.29GB
flash-cloud-bench-pgbouncer-1 7.46% 1.578MiB / 7.38GiB 1.41GB / 1.41GB
flash-cloud-bench-postgres-1 81.29% 185.9MiB / 7.38GiB 499MB / 945MB
flash-cloud-bench-kafka-1 2.08% 947.3MiB / 7.38GiB 43MB / 36.6MB
flash-cloud-bench-prometheus-1 0.00% 31.2MiB / 7.38GiB 12.5MB / 1.36MB
Wed Sep  9 01:51:48 AM UTC 2026
flash-cloud-bench-publisher-1 4.75% 35.01MiB / 7.38GiB 47.8MB / 69.4MB
flash-cloud-bench-simulator-1 3.19% 34.8MiB / 7.38GiB 45MB / 56.8MB
flash-cloud-bench-api-1 78.90% 104.2MiB / 7.38GiB 7.6GB / 4.86GB
flash-cloud-bench-consumer-1 7.11% 35.88MiB / 7.38GiB 65.9MB / 97.3MB
flash-cloud-bench-maintenance-1 9.67% 35.75MiB / 7.38GiB 800MB / 2.76GB
flash-cloud-bench-redis-1 14.71% 52.52MiB / 7.38GiB 3.12GB / 7.36GB
flash-cloud-bench-pgbouncer-1 6.14% 1.574MiB / 7.38GiB 1.42GB / 1.42GB
flash-cloud-bench-postgres-1 87.54% 185.9MiB / 7.38GiB 504MB / 953MB
flash-cloud-bench-kafka-1 23.00% 948.7MiB / 7.38GiB 43.4MB / 37MB
flash-cloud-bench-prometheus-1 0.00% 31.2MiB / 7.38GiB 12.6MB / 1.37MB
Wed Sep  9 01:52:00 AM UTC 2026
flash-cloud-bench-publisher-1 3.20% 35.01MiB / 7.38GiB 48.3MB / 70MB
flash-cloud-bench-simulator-1 2.81% 34.8MiB / 7.38GiB 45.3MB / 57.3MB
flash-cloud-bench-api-1 72.22% 104.1MiB / 7.38GiB 7.68GB / 4.91GB
flash-cloud-bench-consumer-1 4.41% 35.88MiB / 7.38GiB 66.5MB / 98.2MB
flash-cloud-bench-maintenance-1 17.06% 35.75MiB / 7.38GiB 807MB / 2.78GB
flash-cloud-bench-redis-1 18.03% 52.44MiB / 7.38GiB 3.15GB / 7.43GB
flash-cloud-bench-pgbouncer-1 7.41% 1.59MiB / 7.38GiB 1.43GB / 1.43GB
flash-cloud-bench-postgres-1 120.56% 185.9MiB / 7.38GiB 508MB / 961MB
flash-cloud-bench-kafka-1 69.34% 985.7MiB / 7.38GiB 43.8MB / 37.3MB
flash-cloud-bench-prometheus-1 0.00% 31.2MiB / 7.38GiB 12.7MB / 1.38MB
Wed Sep  9 01:52:12 AM UTC 2026
flash-cloud-bench-publisher-1 4.08% 35MiB / 7.38GiB 48.7MB / 70.6MB
flash-cloud-bench-simulator-1 2.63% 34.8MiB / 7.38GiB 45.7MB / 57.8MB
flash-cloud-bench-api-1 107.05% 104.2MiB / 7.38GiB 7.75GB / 4.96GB
flash-cloud-bench-consumer-1 4.97% 35.88MiB / 7.38GiB 67.1MB / 99.1MB
flash-cloud-bench-maintenance-1 18.76% 35.76MiB / 7.38GiB 813MB / 2.8GB
flash-cloud-bench-redis-1 20.20% 52.49MiB / 7.38GiB 3.17GB / 7.5GB
flash-cloud-bench-pgbouncer-1 8.09% 1.598MiB / 7.38GiB 1.44GB / 1.44GB
flash-cloud-bench-postgres-1 54.89% 185.9MiB / 7.38GiB 512MB / 969MB
flash-cloud-bench-kafka-1 99.94% 992.6MiB / 7.38GiB 44.2MB / 37.6MB
flash-cloud-bench-prometheus-1 0.24% 31.2MiB / 7.38GiB 12.8MB / 1.39MB
Wed Sep  9 01:52:24 AM UTC 2026
flash-cloud-bench-publisher-1 4.37% 35MiB / 7.38GiB 49.2MB / 71.3MB
flash-cloud-bench-simulator-1 2.69% 34.8MiB / 7.38GiB 46.1MB / 58.2MB
flash-cloud-bench-api-1 74.89% 104.9MiB / 7.38GiB 7.82GB / 5GB
flash-cloud-bench-consumer-1 6.64% 35.88MiB / 7.38GiB 67.7MB / 100MB
flash-cloud-bench-maintenance-1 3.83% 35.75MiB / 7.38GiB 819MB / 2.83GB
flash-cloud-bench-redis-1 9.74% 52.64MiB / 7.38GiB 3.2GB / 7.56GB
flash-cloud-bench-pgbouncer-1 5.31% 1.578MiB / 7.38GiB 1.46GB / 1.45GB
flash-cloud-bench-postgres-1 92.69% 185.9MiB / 7.38GiB 516MB / 976MB
flash-cloud-bench-kafka-1 152.43% 1003MiB / 7.38GiB 44.6MB / 38MB
flash-cloud-bench-prometheus-1 0.15% 31.2MiB / 7.38GiB 12.9MB / 1.41MB
Wed Sep  9 01:52:36 AM UTC 2026
flash-cloud-bench-publisher-1 4.99% 35.01MiB / 7.38GiB 49.6MB / 71.9MB
flash-cloud-bench-simulator-1 2.51% 34.8MiB / 7.38GiB 46.5MB / 58.7MB
flash-cloud-bench-api-1 77.22% 104.5MiB / 7.38GiB 7.89GB / 5.05GB
flash-cloud-bench-consumer-1 7.06% 35.88MiB / 7.38GiB 68.3MB / 101MB
flash-cloud-bench-maintenance-1 3.30% 35.75MiB / 7.38GiB 826MB / 2.85GB
flash-cloud-bench-redis-1 9.55% 52.62MiB / 7.38GiB 3.22GB / 7.63GB
flash-cloud-bench-pgbouncer-1 5.34% 1.578MiB / 7.38GiB 1.47GB / 1.47GB
flash-cloud-bench-postgres-1 90.48% 185.9MiB / 7.38GiB 521MB / 984MB
flash-cloud-bench-kafka-1 154.97% 1016MiB / 7.38GiB 45MB / 38.3MB
flash-cloud-bench-prometheus-1 0.00% 31.21MiB / 7.38GiB 13MB / 1.42MB
Wed Sep  9 01:52:48 AM UTC 2026
flash-cloud-bench-publisher-1 4.05% 35.01MiB / 7.38GiB 50MB / 72.6MB
flash-cloud-bench-simulator-1 2.86% 34.8MiB / 7.38GiB 46.8MB / 59.2MB
flash-cloud-bench-api-1 82.92% 104.4MiB / 7.38GiB 7.96GB / 5.09GB
flash-cloud-bench-consumer-1 6.56% 35.88MiB / 7.38GiB 68.9MB / 102MB
flash-cloud-bench-maintenance-1 13.77% 35.75MiB / 7.38GiB 833MB / 2.87GB
flash-cloud-bench-redis-1 17.69% 52.58MiB / 7.38GiB 3.25GB / 7.7GB
flash-cloud-bench-pgbouncer-1 5.13% 1.574MiB / 7.38GiB 1.48GB / 1.48GB
flash-cloud-bench-postgres-1 68.12% 185.9MiB / 7.38GiB 525MB / 992MB
flash-cloud-bench-kafka-1 119.10% 1017MiB / 7.38GiB 45.4MB / 38.7MB
flash-cloud-bench-prometheus-1 0.18% 31.22MiB / 7.38GiB 13.1MB / 1.43MB
Wed Sep  9 01:53:01 AM UTC 2026
flash-cloud-bench-publisher-1 3.92% 35MiB / 7.38GiB 50.4MB / 73.1MB
flash-cloud-bench-simulator-1 2.50% 34.8MiB / 7.38GiB 47.2MB / 59.6MB
flash-cloud-bench-api-1 90.60% 104.1MiB / 7.38GiB 8.03GB / 5.13GB
flash-cloud-bench-consumer-1 7.38% 35.88MiB / 7.38GiB 69.5MB / 103MB
flash-cloud-bench-maintenance-1 5.38% 35.75MiB / 7.38GiB 839MB / 2.89GB
flash-cloud-bench-redis-1 11.02% 52.57MiB / 7.38GiB 3.28GB / 7.77GB
flash-cloud-bench-pgbouncer-1 6.18% 1.578MiB / 7.38GiB 1.49GB / 1.49GB
flash-cloud-bench-postgres-1 90.61% 185.9MiB / 7.38GiB 529MB / 1e+03MB
flash-cloud-bench-kafka-1 83.57% 947.7MiB / 7.38GiB 45.8MB / 39MB
flash-cloud-bench-prometheus-1 0.22% 31.22MiB / 7.38GiB 13.2MB / 1.44MB
Wed Sep  9 01:53:13 AM UTC 2026
flash-cloud-bench-publisher-1 5.06% 35.01MiB / 7.38GiB 50.9MB / 73.8MB
flash-cloud-bench-simulator-1 2.39% 34.8MiB / 7.38GiB 47.5MB / 60.1MB
flash-cloud-bench-api-1 71.77% 104.4MiB / 7.38GiB 8.1GB / 5.18GB
flash-cloud-bench-consumer-1 7.19% 35.88MiB / 7.38GiB 70.2MB / 104MB
flash-cloud-bench-maintenance-1 3.94% 35.75MiB / 7.38GiB 845MB / 2.92GB
flash-cloud-bench-redis-1 8.51% 52.48MiB / 7.38GiB 3.3GB / 7.83GB
flash-cloud-bench-pgbouncer-1 5.29% 1.59MiB / 7.38GiB 1.5GB / 1.5GB
flash-cloud-bench-postgres-1 105.49% 186MiB / 7.38GiB 534MB / 1.01GB
flash-cloud-bench-kafka-1 33.65% 947.7MiB / 7.38GiB 46.2MB / 39.4MB
flash-cloud-bench-prometheus-1 0.40% 31.22MiB / 7.38GiB 13.3MB / 1.45MB
Wed Sep  9 01:53:25 AM UTC 2026
flash-cloud-bench-publisher-1 3.88% 35.01MiB / 7.38GiB 51.4MB / 74.5MB
flash-cloud-bench-simulator-1 3.26% 34.8MiB / 7.38GiB 47.9MB / 60.6MB
flash-cloud-bench-api-1 74.18% 104MiB / 7.38GiB 8.16GB / 5.22GB
flash-cloud-bench-consumer-1 6.32% 35.88MiB / 7.38GiB 70.8MB / 105MB
flash-cloud-bench-maintenance-1 18.21% 35.75MiB / 7.38GiB 852MB / 2.94GB
flash-cloud-bench-redis-1 19.36% 52.75MiB / 7.38GiB 3.33GB / 7.9GB
flash-cloud-bench-pgbouncer-1 7.55% 1.582MiB / 7.38GiB 1.52GB / 1.51GB
flash-cloud-bench-postgres-1 78.19% 186MiB / 7.38GiB 538MB / 1.02GB
flash-cloud-bench-kafka-1 2.60% 947.9MiB / 7.38GiB 46.6MB / 39.7MB
flash-cloud-bench-prometheus-1 0.00% 31.22MiB / 7.38GiB 13.4MB / 1.46MB
Wed Sep  9 01:53:37 AM UTC 2026
flash-cloud-bench-publisher-1 3.79% 35.01MiB / 7.38GiB 51.8MB / 75.1MB
flash-cloud-bench-simulator-1 2.94% 34.8MiB / 7.38GiB 48.3MB / 61.1MB
flash-cloud-bench-api-1 112.45% 104.2MiB / 7.38GiB 8.23GB / 5.27GB
flash-cloud-bench-consumer-1 6.53% 35.89MiB / 7.38GiB 71.4MB / 105MB
flash-cloud-bench-maintenance-1 17.03% 35.75MiB / 7.38GiB 859MB / 2.96GB
flash-cloud-bench-redis-1 19.10% 52.54MiB / 7.38GiB 3.35GB / 7.97GB
flash-cloud-bench-pgbouncer-1 7.52% 1.617MiB / 7.38GiB 1.53GB / 1.53GB
flash-cloud-bench-postgres-1 77.05% 186MiB / 7.38GiB 543MB / 1.02GB
flash-cloud-bench-kafka-1 2.70% 948MiB / 7.38GiB 47MB / 40.1MB
flash-cloud-bench-prometheus-1 0.21% 31.23MiB / 7.38GiB 13.6MB / 1.47MB
Wed Sep  9 01:53:49 AM UTC 2026
flash-cloud-bench-publisher-1 4.43% 35.01MiB / 7.38GiB 52.2MB / 75.8MB
flash-cloud-bench-simulator-1 2.94% 34.8MiB / 7.38GiB 48.7MB / 61.5MB
flash-cloud-bench-api-1 76.09% 104MiB / 7.38GiB 8.3GB / 5.31GB
flash-cloud-bench-consumer-1 6.64% 35.89MiB / 7.38GiB 72MB / 106MB
flash-cloud-bench-maintenance-1 15.12% 35.75MiB / 7.38GiB 866MB / 2.99GB
flash-cloud-bench-redis-1 17.49% 52.49MiB / 7.38GiB 3.38GB / 8.03GB
flash-cloud-bench-pgbouncer-1 7.25% 1.582MiB / 7.38GiB 1.54GB / 1.54GB
flash-cloud-bench-postgres-1 84.94% 186.1MiB / 7.38GiB 547MB / 1.03GB
flash-cloud-bench-kafka-1 2.25% 948MiB / 7.38GiB 47.5MB / 40.4MB
flash-cloud-bench-prometheus-1 0.42% 31.23MiB / 7.38GiB 13.7MB / 1.49MB
Wed Sep  9 01:54:01 AM UTC 2026
flash-cloud-bench-publisher-1 4.03% 35.01MiB / 7.38GiB 52.7MB / 76.4MB
flash-cloud-bench-simulator-1 3.25% 34.8MiB / 7.38GiB 49.1MB / 62MB
flash-cloud-bench-api-1 82.21% 104.5MiB / 7.38GiB 8.36GB / 5.35GB
flash-cloud-bench-consumer-1 9.49% 35.89MiB / 7.38GiB 72.6MB / 107MB
flash-cloud-bench-maintenance-1 6.74% 36MiB / 7.38GiB 871MB / 3GB
flash-cloud-bench-redis-1 21.45% 52.51MiB / 7.38GiB 3.41GB / 8.09GB
flash-cloud-bench-pgbouncer-1 7.88% 1.582MiB / 7.38GiB 1.55GB / 1.55GB
flash-cloud-bench-postgres-1 72.76% 186MiB / 7.38GiB 551MB / 1.04GB
flash-cloud-bench-kafka-1 1.93% 948MiB / 7.38GiB 47.9MB / 40.8MB
flash-cloud-bench-prometheus-1 0.00% 31.23MiB / 7.38GiB 13.7MB / 1.5MB
Wed Sep  9 01:54:13 AM UTC 2026
flash-cloud-bench-publisher-1 5.14% 35.01MiB / 7.38GiB 53.1MB / 77MB
flash-cloud-bench-simulator-1 2.95% 34.8MiB / 7.38GiB 49.4MB / 62.5MB
flash-cloud-bench-api-1 81.89% 104.2MiB / 7.38GiB 8.43GB / 5.39GB
flash-cloud-bench-consumer-1 8.39% 35.89MiB / 7.38GiB 73.2MB / 108MB
flash-cloud-bench-maintenance-1 4.82% 35.75MiB / 7.38GiB 878MB / 3.03GB
flash-cloud-bench-redis-1 10.71% 52.51MiB / 7.38GiB 3.43GB / 8.16GB
flash-cloud-bench-pgbouncer-1 5.59% 1.59MiB / 7.38GiB 1.56GB / 1.56GB
flash-cloud-bench-postgres-1 107.67% 186MiB / 7.38GiB 556MB / 1.05GB
flash-cloud-bench-kafka-1 2.47% 948MiB / 7.38GiB 48.3MB / 41.1MB
flash-cloud-bench-prometheus-1 0.22% 31.24MiB / 7.38GiB 13.9MB / 1.51MB
Wed Sep  9 01:54:25 AM UTC 2026
flash-cloud-bench-publisher-1 4.24% 35.01MiB / 7.38GiB 53.6MB / 77.7MB
flash-cloud-bench-simulator-1 3.34% 34.8MiB / 7.38GiB 49.8MB / 63MB
flash-cloud-bench-api-1 108.25% 104.1MiB / 7.38GiB 8.5GB / 5.44GB
flash-cloud-bench-consumer-1 6.47% 35.9MiB / 7.38GiB 73.9MB / 109MB
flash-cloud-bench-maintenance-1 21.19% 35.75MiB / 7.38GiB 886MB / 3.05GB
flash-cloud-bench-redis-1 21.16% 52.48MiB / 7.38GiB 3.46GB / 8.22GB
flash-cloud-bench-pgbouncer-1 8.45% 1.59MiB / 7.38GiB 1.58GB / 1.57GB
flash-cloud-bench-postgres-1 60.22% 186.1MiB / 7.38GiB 560MB / 1.06GB
flash-cloud-bench-kafka-1 2.09% 948.1MiB / 7.38GiB 48.7MB / 41.5MB
flash-cloud-bench-prometheus-1 0.00% 31.24MiB / 7.38GiB 14MB / 1.52MB
Wed Sep  9 01:54:38 AM UTC 2026
flash-cloud-bench-publisher-1 5.39% 35.01MiB / 7.38GiB 54MB / 78.3MB
flash-cloud-bench-simulator-1 3.51% 34.8MiB / 7.38GiB 50.2MB / 63.4MB
flash-cloud-bench-api-1 86.13% 104.1MiB / 7.38GiB 8.57GB / 5.48GB
flash-cloud-bench-consumer-1 6.52% 35.9MiB / 7.38GiB 74.5MB / 110MB
flash-cloud-bench-maintenance-1 9.92% 35.75MiB / 7.38GiB 892MB / 3.08GB
flash-cloud-bench-redis-1 20.65% 52.46MiB / 7.38GiB 3.48GB / 8.28GB
flash-cloud-bench-pgbouncer-1 6.53% 1.598MiB / 7.38GiB 1.59GB / 1.59GB
flash-cloud-bench-postgres-1 87.88% 186.1MiB / 7.38GiB 564MB / 1.06GB
flash-cloud-bench-kafka-1 2.46% 948.1MiB / 7.38GiB 49.1MB / 41.8MB
flash-cloud-bench-prometheus-1 0.36% 31.24MiB / 7.38GiB 14.1MB / 1.53MB
Wed Sep  9 01:54:50 AM UTC 2026
flash-cloud-bench-publisher-1 4.58% 35.01MiB / 7.38GiB 54.4MB / 78.9MB
flash-cloud-bench-simulator-1 3.07% 34.8MiB / 7.38GiB 50.6MB / 63.9MB
flash-cloud-bench-api-1 86.07% 104.3MiB / 7.38GiB 8.64GB / 5.52GB
flash-cloud-bench-consumer-1 6.65% 35.91MiB / 7.38GiB 75.1MB / 111MB
flash-cloud-bench-maintenance-1 15.53% 35.75MiB / 7.38GiB 899MB / 3.1GB
flash-cloud-bench-redis-1 19.43% 52.61MiB / 7.38GiB 3.51GB / 8.36GB
flash-cloud-bench-pgbouncer-1 7.25% 1.594MiB / 7.38GiB 1.6GB / 1.6GB
flash-cloud-bench-postgres-1 78.54% 186.1MiB / 7.38GiB 569MB / 1.07GB
flash-cloud-bench-kafka-1 2.21% 948.1MiB / 7.38GiB 49.5MB / 42.1MB
flash-cloud-bench-prometheus-1 0.03% 31.24MiB / 7.38GiB 14.2MB / 1.54MB
Wed Sep  9 01:55:02 AM UTC 2026
flash-cloud-bench-publisher-1 3.28% 35.01MiB / 7.38GiB 54.8MB / 79.5MB
flash-cloud-bench-simulator-1 3.17% 34.8MiB / 7.38GiB 50.9MB / 64.4MB
flash-cloud-bench-api-1 81.76% 104.6MiB / 7.38GiB 8.7GB / 5.57GB
flash-cloud-bench-consumer-1 5.25% 35.9MiB / 7.38GiB 75.7MB / 112MB
flash-cloud-bench-maintenance-1 21.30% 35.75MiB / 7.38GiB 905MB / 3.12GB
flash-cloud-bench-redis-1 22.06% 52.39MiB / 7.38GiB 3.54GB / 8.42GB
flash-cloud-bench-pgbouncer-1 7.93% 1.578MiB / 7.38GiB 1.61GB / 1.61GB
flash-cloud-bench-postgres-1 62.94% 186MiB / 7.38GiB 573MB / 1.08GB
flash-cloud-bench-kafka-1 1.83% 948.2MiB / 7.38GiB 49.9MB / 42.5MB
flash-cloud-bench-prometheus-1 0.23% 31.24MiB / 7.38GiB 14.3MB / 1.55MB
Wed Sep  9 01:55:14 AM UTC 2026
flash-cloud-bench-publisher-1 4.31% 35.01MiB / 7.38GiB 55.3MB / 80.2MB
flash-cloud-bench-simulator-1 2.98% 35.06MiB / 7.38GiB 51.3MB / 64.8MB
flash-cloud-bench-api-1 104.72% 102.8MiB / 7.38GiB 8.77GB / 5.61GB
flash-cloud-bench-consumer-1 10.42% 35.9MiB / 7.38GiB 76.3MB / 113MB
flash-cloud-bench-maintenance-1 10.52% 35.75MiB / 7.38GiB 911MB / 3.14GB
flash-cloud-bench-redis-1 13.12% 52.41MiB / 7.38GiB 3.56GB / 8.49GB
flash-cloud-bench-pgbouncer-1 6.54% 1.59MiB / 7.38GiB 1.62GB / 1.62GB
flash-cloud-bench-postgres-1 86.03% 186.1MiB / 7.38GiB 577MB / 1.09GB
flash-cloud-bench-kafka-1 2.08% 948.2MiB / 7.38GiB 50.3MB / 42.8MB
flash-cloud-bench-prometheus-1 0.40% 31.25MiB / 7.38GiB 14.4MB / 1.57MB
Wed Sep  9 01:55:26 AM UTC 2026
flash-cloud-bench-publisher-1 3.42% 35.01MiB / 7.38GiB 55.7MB / 80.8MB
flash-cloud-bench-simulator-1 3.06% 34.8MiB / 7.38GiB 51.7MB / 65.3MB
flash-cloud-bench-api-1 82.35% 102.9MiB / 7.38GiB 8.85GB / 5.66GB
flash-cloud-bench-consumer-1 5.64% 35.9MiB / 7.38GiB 76.9MB / 114MB
flash-cloud-bench-maintenance-1 13.55% 35.75MiB / 7.38GiB 918MB / 3.17GB
flash-cloud-bench-redis-1 22.94% 52.71MiB / 7.38GiB 3.59GB / 8.56GB
flash-cloud-bench-pgbouncer-1 7.71% 1.59MiB / 7.38GiB 1.64GB / 1.63GB
flash-cloud-bench-postgres-1 64.88% 186.1MiB / 7.38GiB 582MB / 1.1GB
flash-cloud-bench-kafka-1 1.84% 948.3MiB / 7.38GiB 50.7MB / 43.2MB
flash-cloud-bench-prometheus-1 0.22% 31.25MiB / 7.38GiB 14.5MB / 1.58MB
Wed Sep  9 01:55:38 AM UTC 2026
flash-cloud-bench-publisher-1 4.97% 35.01MiB / 7.38GiB 56.1MB / 81.4MB
flash-cloud-bench-simulator-1 3.24% 34.8MiB / 7.38GiB 52.1MB / 65.8MB
flash-cloud-bench-api-1 75.23% 103.3MiB / 7.38GiB 8.91GB / 5.7GB
flash-cloud-bench-consumer-1 5.27% 35.9MiB / 7.38GiB 77.5MB / 114MB
flash-cloud-bench-maintenance-1 7.54% 35.75MiB / 7.38GiB 925MB / 3.19GB
flash-cloud-bench-redis-1 10.68% 52.67MiB / 7.38GiB 3.61GB / 8.62GB
flash-cloud-bench-pgbouncer-1 6.42% 1.598MiB / 7.38GiB 1.65GB / 1.65GB
flash-cloud-bench-postgres-1 96.56% 186.1MiB / 7.38GiB 586MB / 1.1GB
flash-cloud-bench-kafka-1 2.35% 948.3MiB / 7.38GiB 51.1MB / 43.5MB
flash-cloud-bench-prometheus-1 0.18% 31.25MiB / 7.38GiB 14.6MB / 1.59MB
Wed Sep  9 01:55:50 AM UTC 2026
flash-cloud-bench-publisher-1 5.07% 35.02MiB / 7.38GiB 56.6MB / 82MB
flash-cloud-bench-simulator-1 3.28% 34.8MiB / 7.38GiB 52.4MB / 66.3MB
flash-cloud-bench-api-1 78.42% 102.9MiB / 7.38GiB 8.99GB / 5.75GB
flash-cloud-bench-consumer-1 6.99% 35.9MiB / 7.38GiB 78.2MB / 115MB
flash-cloud-bench-maintenance-1 10.16% 35.75MiB / 7.38GiB 931MB / 3.21GB
flash-cloud-bench-redis-1 14.83% 52.68MiB / 7.38GiB 3.64GB / 8.69GB
flash-cloud-bench-pgbouncer-1 6.26% 1.574MiB / 7.38GiB 1.66GB / 1.66GB
flash-cloud-bench-postgres-1 90.02% 186.1MiB / 7.38GiB 590MB / 1.11GB
flash-cloud-bench-kafka-1 2.29% 948.4MiB / 7.38GiB 51.5MB / 43.9MB
flash-cloud-bench-prometheus-1 0.00% 31.25MiB / 7.38GiB 14.7MB / 1.6MB
Wed Sep  9 01:56:02 AM UTC 2026
flash-cloud-bench-publisher-1 4.51% 35.01MiB / 7.38GiB 57MB / 82.7MB
flash-cloud-bench-simulator-1 3.13% 34.8MiB / 7.38GiB 52.8MB / 66.7MB
flash-cloud-bench-api-1 106.70% 102.8MiB / 7.38GiB 9.06GB / 5.79GB
flash-cloud-bench-consumer-1 6.43% 35.9MiB / 7.38GiB 78.8MB / 116MB
flash-cloud-bench-maintenance-1 20.16% 35.76MiB / 7.38GiB 938MB / 3.24GB
flash-cloud-bench-redis-1 21.25% 52.45MiB / 7.38GiB 3.67GB / 8.76GB
flash-cloud-bench-pgbouncer-1 7.78% 1.578MiB / 7.38GiB 1.67GB / 1.67GB
flash-cloud-bench-postgres-1 66.39% 186.2MiB / 7.38GiB 595MB / 1.12GB
flash-cloud-bench-kafka-1 2.06% 948.4MiB / 7.38GiB 51.9MB / 44.2MB
flash-cloud-bench-prometheus-1 0.24% 31.25MiB / 7.38GiB 14.8MB / 1.61MB
Wed Sep  9 01:56:15 AM UTC 2026
flash-cloud-bench-publisher-1 4.25% 35.01MiB / 7.38GiB 57.4MB / 83.3MB
flash-cloud-bench-simulator-1 3.26% 34.8MiB / 7.38GiB 53.2MB / 67.2MB
flash-cloud-bench-api-1 79.22% 103.1MiB / 7.38GiB 9.12GB / 5.83GB
flash-cloud-bench-consumer-1 6.37% 35.9MiB / 7.38GiB 79.4MB / 117MB
flash-cloud-bench-maintenance-1 9.16% 35.75MiB / 7.38GiB 945MB / 3.26GB
flash-cloud-bench-redis-1 12.40% 52.41MiB / 7.38GiB 3.69GB / 8.83GB
flash-cloud-bench-pgbouncer-1 6.47% 1.605MiB / 7.38GiB 1.68GB / 1.68GB
flash-cloud-bench-postgres-1 92.95% 186.3MiB / 7.38GiB 599MB / 1.13GB
flash-cloud-bench-kafka-1 2.18% 948.4MiB / 7.38GiB 52.3MB / 44.5MB
flash-cloud-bench-prometheus-1 0.15% 31.25MiB / 7.38GiB 14.9MB / 1.62MB
Wed Sep  9 01:56:27 AM UTC 2026
flash-cloud-bench-publisher-1 3.76% 35.01MiB / 7.38GiB 57.9MB / 83.9MB
flash-cloud-bench-simulator-1 2.98% 34.8MiB / 7.38GiB 53.5MB / 67.7MB
flash-cloud-bench-api-1 83.29% 103MiB / 7.38GiB 9.2GB / 5.88GB
flash-cloud-bench-consumer-1 7.63% 35.9MiB / 7.38GiB 80MB / 118MB
flash-cloud-bench-maintenance-1 15.56% 35.75MiB / 7.38GiB 952MB / 3.28GB
flash-cloud-bench-redis-1 19.01% 52.43MiB / 7.38GiB 3.72GB / 8.9GB
flash-cloud-bench-pgbouncer-1 7.06% 1.574MiB / 7.38GiB 1.7GB / 1.69GB
flash-cloud-bench-postgres-1 77.29% 186.3MiB / 7.38GiB 603MB / 1.14GB
flash-cloud-bench-kafka-1 2.05% 948.4MiB / 7.38GiB 52.7MB / 44.9MB
flash-cloud-bench-prometheus-1 0.22% 31.25MiB / 7.38GiB 15.1MB / 1.63MB
Wed Sep  9 01:56:39 AM UTC 2026
flash-cloud-bench-publisher-1 4.75% 35.01MiB / 7.38GiB 58.3MB / 84.5MB
flash-cloud-bench-simulator-1 3.22% 34.8MiB / 7.38GiB 53.9MB / 68.1MB
flash-cloud-bench-api-1 75.35% 102.8MiB / 7.38GiB 9.27GB / 5.93GB
flash-cloud-bench-consumer-1 5.77% 35.9MiB / 7.38GiB 80.6MB / 119MB
flash-cloud-bench-maintenance-1 10.88% 35.75MiB / 7.38GiB 958MB / 3.3GB
flash-cloud-bench-redis-1 13.34% 52.45MiB / 7.38GiB 3.75GB / 8.97GB
flash-cloud-bench-pgbouncer-1 6.48% 1.594MiB / 7.38GiB 1.71GB / 1.71GB
flash-cloud-bench-postgres-1 92.26% 186.4MiB / 7.38GiB 608MB / 1.14GB
flash-cloud-bench-kafka-1 2.05% 948.4MiB / 7.38GiB 53.1MB / 45.2MB
flash-cloud-bench-prometheus-1 0.36% 31.25MiB / 7.38GiB 15.2MB / 1.65MB
Wed Sep  9 01:56:51 AM UTC 2026
flash-cloud-bench-publisher-1 4.43% 35.01MiB / 7.38GiB 58.7MB / 85.2MB
flash-cloud-bench-simulator-1 3.06% 34.8MiB / 7.38GiB 54.3MB / 68.6MB
flash-cloud-bench-api-1 93.61% 102.8MiB / 7.38GiB 9.34GB / 5.97GB
flash-cloud-bench-consumer-1 7.59% 35.91MiB / 7.38GiB 81.2MB / 120MB
flash-cloud-bench-maintenance-1 3.65% 35.75MiB / 7.38GiB 964MB / 3.33GB
flash-cloud-bench-redis-1 10.45% 52.55MiB / 7.38GiB 3.77GB / 9.03GB
flash-cloud-bench-pgbouncer-1 5.29% 1.613MiB / 7.38GiB 1.72GB / 1.72GB
flash-cloud-bench-postgres-1 108.11% 186.6MiB / 7.38GiB 612MB / 1.15GB
flash-cloud-bench-kafka-1 2.47% 948.7MiB / 7.38GiB 53.5MB / 45.6MB
flash-cloud-bench-prometheus-1 0.00% 31.27MiB / 7.38GiB 15.3MB / 1.66MB
Wed Sep  9 01:57:03 AM UTC 2026
flash-cloud-bench-publisher-1 4.06% 35.01MiB / 7.38GiB 59.2MB / 85.8MB
flash-cloud-bench-simulator-1 3.42% 34.8MiB / 7.38GiB 54.7MB / 69.1MB
flash-cloud-bench-api-1 80.41% 102.8MiB / 7.38GiB 9.4GB / 6.01GB
flash-cloud-bench-consumer-1 5.68% 35.91MiB / 7.38GiB 81.8MB / 121MB
flash-cloud-bench-maintenance-1 21.60% 35.75MiB / 7.38GiB 972MB / 3.35GB
flash-cloud-bench-redis-1 20.36% 52.36MiB / 7.38GiB 3.79GB / 9.09GB
flash-cloud-bench-pgbouncer-1 8.18% 1.578MiB / 7.38GiB 1.73GB / 1.73GB
flash-cloud-bench-postgres-1 70.25% 186.2MiB / 7.38GiB 616MB / 1.16GB
flash-cloud-bench-kafka-1 1.95% 948.5MiB / 7.38GiB 53.9MB / 45.9MB
flash-cloud-bench-prometheus-1 0.40% 31.27MiB / 7.38GiB 15.4MB / 1.67MB
Wed Sep  9 01:57:15 AM UTC 2026
flash-cloud-bench-publisher-1 3.66% 35.02MiB / 7.38GiB 59.6MB / 86.5MB
flash-cloud-bench-simulator-1 3.37% 34.8MiB / 7.38GiB 55MB / 69.6MB
flash-cloud-bench-api-1 75.06% 102.9MiB / 7.38GiB 9.47GB / 6.06GB
flash-cloud-bench-consumer-1 5.26% 35.9MiB / 7.38GiB 82.5MB / 122MB
flash-cloud-bench-maintenance-1 22.99% 35.75MiB / 7.38GiB 978MB / 3.37GB
flash-cloud-bench-redis-1 22.43% 52.42MiB / 7.38GiB 3.82GB / 9.16GB
flash-cloud-bench-pgbouncer-1 8.47% 1.598MiB / 7.38GiB 1.74GB / 1.74GB
flash-cloud-bench-postgres-1 65.28% 186.4MiB / 7.38GiB 621MB / 1.17GB
flash-cloud-bench-kafka-1 1.98% 948.5MiB / 7.38GiB 54.3MB / 46.3MB
flash-cloud-bench-prometheus-1 0.00% 31.28MiB / 7.38GiB 15.5MB / 1.68MB
Wed Sep  9 01:57:27 AM UTC 2026
flash-cloud-bench-publisher-1 4.26% 35.01MiB / 7.38GiB 60.1MB / 87.1MB
flash-cloud-bench-simulator-1 3.69% 34.8MiB / 7.38GiB 55.4MB / 70MB
flash-cloud-bench-api-1 80.43% 112.3MiB / 7.38GiB 9.54GB / 6.1GB
flash-cloud-bench-consumer-1 5.60% 35.9MiB / 7.38GiB 83.1MB / 123MB
flash-cloud-bench-maintenance-1 11.64% 35.75MiB / 7.38GiB 984MB / 3.39GB
flash-cloud-bench-redis-1 13.82% 52.45MiB / 7.38GiB 3.85GB / 9.23GB
flash-cloud-bench-pgbouncer-1 6.61% 1.582MiB / 7.38GiB 1.76GB / 1.75GB
flash-cloud-bench-postgres-1 89.34% 186.4MiB / 7.38GiB 625MB / 1.18GB
flash-cloud-bench-kafka-1 2.45% 948.9MiB / 7.38GiB 54.7MB / 46.6MB
flash-cloud-bench-prometheus-1 0.21% 31.28MiB / 7.38GiB 15.6MB / 1.69MB
Wed Sep  9 01:57:39 AM UTC 2026
flash-cloud-bench-publisher-1 4.34% 35.01MiB / 7.38GiB 60.5MB / 87.7MB
flash-cloud-bench-simulator-1 2.97% 34.8MiB / 7.38GiB 55.8MB / 70.5MB
flash-cloud-bench-api-1 78.42% 103.1MiB / 7.38GiB 9.61GB / 6.14GB
flash-cloud-bench-consumer-1 6.93% 35.9MiB / 7.38GiB 83.7MB / 124MB
flash-cloud-bench-maintenance-1 6.67% 35.75MiB / 7.38GiB 991MB / 3.42GB
flash-cloud-bench-redis-1 14.58% 52.49MiB / 7.38GiB 3.88GB / 9.3GB
flash-cloud-bench-pgbouncer-1 5.81% 1.59MiB / 7.38GiB 1.77GB / 1.77GB
flash-cloud-bench-postgres-1 98.92% 186.4MiB / 7.38GiB 629MB / 1.18GB
flash-cloud-bench-kafka-1 2.24% 948.9MiB / 7.38GiB 55.1MB / 47MB
flash-cloud-bench-prometheus-1 0.15% 31.28MiB / 7.38GiB 15.7MB / 1.7MB
Wed Sep  9 01:57:51 AM UTC 2026
flash-cloud-bench-publisher-1 3.48% 35.01MiB / 7.38GiB 60.9MB / 88.3MB
flash-cloud-bench-simulator-1 3.03% 34.8MiB / 7.38GiB 56.2MB / 71MB
flash-cloud-bench-api-1 84.61% 103.4MiB / 7.38GiB 9.67GB / 6.18GB
flash-cloud-bench-consumer-1 4.83% 35.9MiB / 7.38GiB 84.3MB / 124MB
flash-cloud-bench-maintenance-1 23.23% 35.75MiB / 7.38GiB 998MB / 3.44GB
flash-cloud-bench-redis-1 24.74% 52.15MiB / 7.38GiB 3.9GB / 9.36GB
flash-cloud-bench-pgbouncer-1 8.63% 1.574MiB / 7.38GiB 1.78GB / 1.78GB
flash-cloud-bench-postgres-1 61.68% 186.4MiB / 7.38GiB 634MB / 1.19GB
flash-cloud-bench-kafka-1 1.68% 948.9MiB / 7.38GiB 55.5MB / 47.3MB
flash-cloud-bench-prometheus-1 0.23% 31.28MiB / 7.38GiB 15.8MB / 1.71MB
Wed Sep  9 01:58:03 AM UTC 2026
flash-cloud-bench-publisher-1 5.50% 35.02MiB / 7.38GiB 61.4MB / 89MB
flash-cloud-bench-simulator-1 3.56% 34.8MiB / 7.38GiB 56.5MB / 71.4MB
flash-cloud-bench-api-1 82.27% 103.1MiB / 7.38GiB 9.75GB / 6.23GB
flash-cloud-bench-consumer-1 7.28% 35.9MiB / 7.38GiB 84.9MB / 125MB
flash-cloud-bench-maintenance-1 3.96% 35.75MiB / 7.38GiB 1GB / 3.46GB
flash-cloud-bench-redis-1 13.16% 52.44MiB / 7.38GiB 3.93GB / 9.43GB
flash-cloud-bench-pgbouncer-1 5.19% 1.598MiB / 7.38GiB 1.79GB / 1.79GB
flash-cloud-bench-postgres-1 103.37% 186.4MiB / 7.38GiB 638MB / 1.2GB
flash-cloud-bench-kafka-1 2.35% 949.2MiB / 7.38GiB 56MB / 47.7MB
flash-cloud-bench-prometheus-1 0.22% 31.28MiB / 7.38GiB 15.9MB / 1.73MB
Wed Sep  9 01:58:16 AM UTC 2026
flash-cloud-bench-publisher-1 3.79% 35.26MiB / 7.38GiB 61.8MB / 89.6MB
flash-cloud-bench-simulator-1 2.81% 34.8MiB / 7.38GiB 56.9MB / 71.9MB
flash-cloud-bench-api-1 107.65% 115.9MiB / 7.38GiB 9.82GB / 6.28GB
flash-cloud-bench-consumer-1 5.56% 35.91MiB / 7.38GiB 85.5MB / 126MB
flash-cloud-bench-maintenance-1 22.20% 35.75MiB / 7.38GiB 1.01GB / 3.49GB
flash-cloud-bench-redis-1 25.40% 52.6MiB / 7.38GiB 3.95GB / 9.5GB
flash-cloud-bench-pgbouncer-1 8.28% 1.578MiB / 7.38GiB 1.8GB / 1.8GB
flash-cloud-bench-postgres-1 58.17% 186.4MiB / 7.38GiB 642MB / 1.21GB
flash-cloud-bench-kafka-1 1.81% 949MiB / 7.38GiB 56.4MB / 48MB
flash-cloud-bench-prometheus-1 0.00% 31.3MiB / 7.38GiB 16MB / 1.74MB
Wed Sep  9 01:58:28 AM UTC 2026
flash-cloud-bench-publisher-1 4.07% 35.01MiB / 7.38GiB 62.2MB / 90.2MB
flash-cloud-bench-simulator-1 2.80% 34.8MiB / 7.38GiB 57.2MB / 72.4MB
flash-cloud-bench-api-1 107.00% 103.3MiB / 7.38GiB 9.88GB / 6.32GB
flash-cloud-bench-consumer-1 8.77% 35.9MiB / 7.38GiB 86.1MB / 127MB
flash-cloud-bench-maintenance-1 17.73% 35.75MiB / 7.38GiB 1.02GB / 3.51GB
flash-cloud-bench-redis-1 19.62% 52.71MiB / 7.38GiB 3.98GB / 9.56GB
flash-cloud-bench-pgbouncer-1 7.33% 1.57MiB / 7.38GiB 1.82GB / 1.81GB
flash-cloud-bench-postgres-1 69.51% 186.4MiB / 7.38GiB 647MB / 1.22GB
flash-cloud-bench-kafka-1 2.03% 949MiB / 7.38GiB 56.7MB / 48.3MB
flash-cloud-bench-prometheus-1 0.00% 31.3MiB / 7.38GiB 16.1MB / 1.75MB
Wed Sep  9 01:58:39 AM UTC 2026
flash-cloud-bench-publisher-1 4.18% 35.01MiB / 7.38GiB 62.7MB / 90.8MB
flash-cloud-bench-simulator-1 2.88% 34.8MiB / 7.38GiB 57.6MB / 72.8MB
flash-cloud-bench-api-1 81.14% 103.3MiB / 7.38GiB 9.96GB / 6.37GB
flash-cloud-bench-consumer-1 12.22% 35.91MiB / 7.38GiB 86.7MB / 128MB
flash-cloud-bench-maintenance-1 15.62% 35.75MiB / 7.38GiB 1.02GB / 3.53GB
flash-cloud-bench-redis-1 17.99% 52.41MiB / 7.38GiB 4GB / 9.64GB
flash-cloud-bench-pgbouncer-1 7.44% 1.582MiB / 7.38GiB 1.83GB / 1.82GB
flash-cloud-bench-postgres-1 77.48% 186.5MiB / 7.38GiB 651MB / 1.22GB
flash-cloud-bench-kafka-1 2.33% 949MiB / 7.38GiB 57.1MB / 48.6MB
flash-cloud-bench-prometheus-1 0.00% 31.31MiB / 7.38GiB 16.2MB / 1.76MB
Wed Sep  9 01:58:51 AM UTC 2026
flash-cloud-bench-publisher-1 4.80% 35.01MiB / 7.38GiB 63.1MB / 91.5MB
flash-cloud-bench-simulator-1 3.26% 34.8MiB / 7.38GiB 58MB / 73.3MB
flash-cloud-bench-api-1 81.13% 103.3MiB / 7.38GiB 10GB / 6.41GB
flash-cloud-bench-consumer-1 6.80% 35.9MiB / 7.38GiB 87.3MB / 129MB
flash-cloud-bench-maintenance-1 15.47% 35.76MiB / 7.38GiB 1.03GB / 3.55GB
flash-cloud-bench-redis-1 19.07% 52.54MiB / 7.38GiB 4.03GB / 9.7GB
flash-cloud-bench-pgbouncer-1 7.83% 1.605MiB / 7.38GiB 1.84GB / 1.84GB
flash-cloud-bench-postgres-1 81.71% 186.5MiB / 7.38GiB 655MB / 1.23GB
flash-cloud-bench-kafka-1 2.28% 949MiB / 7.38GiB 57.5MB / 49MB
flash-cloud-bench-prometheus-1 0.25% 31.32MiB / 7.38GiB 16.4MB / 1.77MB
Wed Sep  9 01:59:03 AM UTC 2026
flash-cloud-bench-publisher-1 3.17% 35.01MiB / 7.38GiB 63.5MB / 92.1MB
flash-cloud-bench-simulator-1 3.47% 34.8MiB / 7.38GiB 58.4MB / 73.8MB
flash-cloud-bench-api-1 77.96% 103.5MiB / 7.38GiB 10.1GB / 6.45GB
flash-cloud-bench-consumer-1 5.37% 35.9MiB / 7.38GiB 87.9MB / 130MB
flash-cloud-bench-maintenance-1 6.32% 35.75MiB / 7.38GiB 1.04GB / 3.57GB
flash-cloud-bench-redis-1 20.59% 52.34MiB / 7.38GiB 4.06GB / 9.77GB
flash-cloud-bench-pgbouncer-1 7.58% 1.574MiB / 7.38GiB 1.85GB / 1.85GB
flash-cloud-bench-postgres-1 72.34% 186.4MiB / 7.38GiB 660MB / 1.24GB
flash-cloud-bench-kafka-1 1.52% 949MiB / 7.38GiB 57.9MB / 49.4MB
flash-cloud-bench-prometheus-1 0.38% 31.32MiB / 7.38GiB 16.5MB / 1.78MB
Wed Sep  9 01:59:15 AM UTC 2026
flash-cloud-bench-publisher-1 3.78% 35.01MiB / 7.38GiB 63.9MB / 92.6MB
flash-cloud-bench-simulator-1 3.64% 34.8MiB / 7.38GiB 58.7MB / 74.2MB
flash-cloud-bench-api-1 0.10% 103.4MiB / 7.38GiB 10.1GB / 6.47GB
flash-cloud-bench-consumer-1 3.75% 35.9MiB / 7.38GiB 88.4MB / 131MB
flash-cloud-bench-maintenance-1 13.44% 35.75MiB / 7.38GiB 1.04GB / 3.6GB
flash-cloud-bench-redis-1 3.04% 52.36MiB / 7.38GiB 4.08GB / 9.8GB
flash-cloud-bench-pgbouncer-1 6.31% 1.59MiB / 7.38GiB 1.86GB / 1.86GB
flash-cloud-bench-postgres-1 86.15% 186.5MiB / 7.38GiB 663MB / 1.25GB
flash-cloud-bench-kafka-1 1.68% 949.1MiB / 7.38GiB 58.3MB / 49.6MB
flash-cloud-bench-prometheus-1 0.00% 31.32MiB / 7.38GiB 16.5MB / 1.79MB
Wed Sep  9 01:59:27 AM UTC 2026
flash-cloud-bench-publisher-1 2.58% 35.01MiB / 7.38GiB 64.2MB / 93.1MB
flash-cloud-bench-simulator-1 3.67% 34.8MiB / 7.38GiB 59.1MB / 74.7MB
flash-cloud-bench-api-1 2.13% 101.7MiB / 7.38GiB 10.1GB / 6.48GB
flash-cloud-bench-consumer-1 2.40% 35.91MiB / 7.38GiB 88.7MB / 131MB
flash-cloud-bench-maintenance-1 22.17% 35.75MiB / 7.38GiB 1.05GB / 3.62GB
flash-cloud-bench-redis-1 13.12% 52.12MiB / 7.38GiB 4.1GB / 9.8GB
flash-cloud-bench-pgbouncer-1 6.80% 1.582MiB / 7.38GiB 1.87GB / 1.87GB
flash-cloud-bench-postgres-1 64.82% 186.6MiB / 7.38GiB 667MB / 1.25GB
flash-cloud-bench-kafka-1 1.37% 949.1MiB / 7.38GiB 58.5MB / 49.8MB
flash-cloud-bench-prometheus-1 0.25% 31.32MiB / 7.38GiB 16.7MB / 1.8MB
Wed Sep  9 01:59:39 AM UTC 2026
flash-cloud-bench-publisher-1 2.42% 35.26MiB / 7.38GiB 64.5MB / 93.5MB
flash-cloud-bench-simulator-1 2.22% 34.8MiB / 7.38GiB 59.5MB / 75.2MB
flash-cloud-bench-api-1 2.19% 101.7MiB / 7.38GiB 10.1GB / 6.48GB
flash-cloud-bench-consumer-1 6.11% 35.9MiB / 7.38GiB 89MB / 131MB
flash-cloud-bench-maintenance-1 3.33% 35.76MiB / 7.38GiB 1.06GB / 3.65GB
flash-cloud-bench-redis-1 0.52% 52.16MiB / 7.38GiB 4.12GB / 9.8GB
flash-cloud-bench-pgbouncer-1 3.53% 1.574MiB / 7.38GiB 1.88GB / 1.88GB
flash-cloud-bench-postgres-1 95.25% 186.5MiB / 7.38GiB 670MB / 1.26GB
flash-cloud-bench-kafka-1 1.85% 949.1MiB / 7.38GiB 58.7MB / 50MB
flash-cloud-bench-prometheus-1 0.00% 41.78MiB / 7.38GiB 16.8MB / 3.99MB
Wed Sep  9 01:59:52 AM UTC 2026
flash-cloud-bench-publisher-1 2.13% 35.01MiB / 7.38GiB 64.9MB / 94MB
flash-cloud-bench-simulator-1 3.55% 34.8MiB / 7.38GiB 59.9MB / 75.7MB
flash-cloud-bench-api-1 2.52% 102.8MiB / 7.38GiB 10.1GB / 6.48GB
flash-cloud-bench-consumer-1 6.90% 35.9MiB / 7.38GiB 89.3MB / 132MB
flash-cloud-bench-maintenance-1 18.12% 35.76MiB / 7.38GiB 1.06GB / 3.66GB
flash-cloud-bench-redis-1 24.34% 52.11MiB / 7.38GiB 4.14GB / 9.8GB
flash-cloud-bench-pgbouncer-1 5.90% 1.574MiB / 7.38GiB 1.89GB / 1.89GB
flash-cloud-bench-postgres-1 66.99% 186.5MiB / 7.38GiB 673MB / 1.27GB
flash-cloud-bench-kafka-1 1.25% 949.2MiB / 7.38GiB 58.9MB / 50.2MB
flash-cloud-bench-prometheus-1 0.00% 41.78MiB / 7.38GiB 16.9MB / 4MB
Wed Sep  9 02:00:04 AM UTC 2026
flash-cloud-bench-publisher-1 3.52% 35.01MiB / 7.38GiB 65.2MB / 94.4MB
flash-cloud-bench-simulator-1 3.56% 34.8MiB / 7.38GiB 60.2MB / 76.1MB
flash-cloud-bench-api-1 2.10% 101.7MiB / 7.38GiB 10.1GB / 6.48GB
flash-cloud-bench-consumer-1 3.79% 35.9MiB / 7.38GiB 89.7MB / 132MB
flash-cloud-bench-maintenance-1 13.80% 35.75MiB / 7.38GiB 1.07GB / 3.69GB
flash-cloud-bench-redis-1 1.18% 52.1MiB / 7.38GiB 4.16GB / 9.8GB
flash-cloud-bench-pgbouncer-1 7.00% 1.594MiB / 7.38GiB 1.9GB / 1.9GB
flash-cloud-bench-postgres-1 78.64% 186.5MiB / 7.38GiB 677MB / 1.28GB
flash-cloud-bench-kafka-1 8.76% 950.3MiB / 7.38GiB 59.1MB / 50.4MB
flash-cloud-bench-prometheus-1 0.38% 41.79MiB / 7.38GiB 17MB / 4.01MB
Wed Sep  9 02:00:16 AM UTC 2026
flash-cloud-bench-publisher-1 3.71% 35.02MiB / 7.38GiB 65.5MB / 94.9MB
flash-cloud-bench-simulator-1 3.30% 34.8MiB / 7.38GiB 60.6MB / 76.6MB
flash-cloud-bench-api-1 2.73% 101.7MiB / 7.38GiB 10.1GB / 6.48GB
flash-cloud-bench-consumer-1 5.13% 35.9MiB / 7.38GiB 90MB / 133MB
flash-cloud-bench-maintenance-1 3.44% 35.75MiB / 7.38GiB 1.08GB / 3.71GB
flash-cloud-bench-redis-1 0.53% 52.16MiB / 7.38GiB 4.19GB / 9.8GB
flash-cloud-bench-pgbouncer-1 3.79% 1.574MiB / 7.38GiB 1.91GB / 1.91GB
flash-cloud-bench-postgres-1 98.03% 186.5MiB / 7.38GiB 680MB / 1.28GB
flash-cloud-bench-kafka-1 113.51% 996.2MiB / 7.38GiB 59.4MB / 50.5MB
flash-cloud-bench-prometheus-1 0.00% 41.79MiB / 7.38GiB 17.1MB / 4.02MB
Wed Sep  9 02:00:28 AM UTC 2026
flash-cloud-bench-publisher-1 3.83% 35.01MiB / 7.38GiB 65.8MB / 95.3MB
flash-cloud-bench-simulator-1 3.14% 34.82MiB / 7.38GiB 61MB / 77.1MB
flash-cloud-bench-api-1 0.11% 101.8MiB / 7.38GiB 10.1GB / 6.48GB
flash-cloud-bench-consumer-1 3.62% 35.91MiB / 7.38GiB 90.3MB / 133MB
flash-cloud-bench-maintenance-1 20.57% 35.75MiB / 7.38GiB 1.08GB / 3.74GB
flash-cloud-bench-redis-1 10.40% 52.22MiB / 7.38GiB 4.21GB / 9.8GB
flash-cloud-bench-pgbouncer-1 7.27% 1.594MiB / 7.38GiB 1.92GB / 1.92GB
flash-cloud-bench-postgres-1 58.67% 186.6MiB / 7.38GiB 684MB / 1.29GB
flash-cloud-bench-kafka-1 177.31% 1019MiB / 7.38GiB 59.6MB / 50.7MB
flash-cloud-bench-prometheus-1 0.41% 41.79MiB / 7.38GiB 17.2MB / 4.04MB
Wed Sep  9 02:00:40 AM UTC 2026
flash-cloud-bench-publisher-1 3.40% 35.01MiB / 7.38GiB 66.2MB / 95.8MB
flash-cloud-bench-simulator-1 3.39% 34.8MiB / 7.38GiB 61.4MB / 77.6MB
flash-cloud-bench-api-1 29.32% 101.8MiB / 7.38GiB 10.1GB / 6.48GB
flash-cloud-bench-consumer-1 9.24% 35.9MiB / 7.38GiB 90.6MB / 134MB
flash-cloud-bench-maintenance-1 6.78% 35.75MiB / 7.38GiB 1.09GB / 3.76GB
flash-cloud-bench-redis-1 13.89% 52.23MiB / 7.38GiB 4.23GB / 9.8GB
flash-cloud-bench-pgbouncer-1 6.43% 1.594MiB / 7.38GiB 1.94GB / 1.93GB
flash-cloud-bench-postgres-1 61.06% 186.6MiB / 7.38GiB 687MB / 1.3GB
flash-cloud-bench-kafka-1 46.86% 949.3MiB / 7.38GiB 59.8MB / 50.9MB
flash-cloud-bench-prometheus-1 0.00% 41.79MiB / 7.38GiB 17.3MB / 4.05MB
Wed Sep  9 02:00:52 AM UTC 2026
flash-cloud-bench-migrate-1 0.00% 0B / 0B 0B / 0B
flash-cloud-bench-publisher-1 2.87% 35.01MiB / 7.38GiB 66.5MB / 96.3MB
flash-cloud-bench-simulator-1 3.25% 34.8MiB / 7.38GiB 61.8MB / 78MB
flash-cloud-bench-api-1 1.33% 101.8MiB / 7.38GiB 10.1GB / 6.48GB
flash-cloud-bench-consumer-1 5.38% 35.9MiB / 7.38GiB 90.9MB / 134MB
flash-cloud-bench-maintenance-1 3.44% 35.75MiB / 7.38GiB 1.1GB / 3.78GB
flash-cloud-bench-redis-1 10.60% 52.28MiB / 7.38GiB 4.25GB / 9.8GB
flash-cloud-bench-pgbouncer-1 5.49% 1.59MiB / 7.38GiB 1.95GB / 1.94GB
flash-cloud-bench-postgres-1 71.38% 186.6MiB / 7.38GiB 691MB / 1.31GB
flash-cloud-bench-kafka-1 3.12% 949.3MiB / 7.38GiB 60MB / 51.1MB
flash-cloud-bench-prometheus-1 0.00% 41.79MiB / 7.38GiB 17.4MB / 4.06MB
flash-cloud-bench-tests-run-3e59c932c1b6 101.32% 49.79MiB / 7.38GiB 266B / 84B
Wed Sep  9 02:01:04 AM UTC 2026
flash-cloud-bench-publisher-1 2.97% 35.01MiB / 7.38GiB 66.8MB / 96.8MB
flash-cloud-bench-simulator-1 3.66% 36.1MiB / 7.38GiB 62.1MB / 78.5MB
flash-cloud-bench-api-1 0.10% 102MiB / 7.38GiB 10.1GB / 6.48GB
flash-cloud-bench-consumer-1 4.86% 35.94MiB / 7.38GiB 91.2MB / 135MB
flash-cloud-bench-maintenance-1 15.75% 35.75MiB / 7.38GiB 1.11GB / 3.81GB
flash-cloud-bench-redis-1 8.24% 52.21MiB / 7.38GiB 4.28GB / 9.8GB
flash-cloud-bench-pgbouncer-1 5.88% 1.574MiB / 7.38GiB 1.96GB / 1.96GB
flash-cloud-bench-postgres-1 73.09% 186.8MiB / 7.38GiB 694MB / 1.31GB
flash-cloud-bench-kafka-1 1.41% 949.3MiB / 7.38GiB 60.3MB / 51.3MB
flash-cloud-bench-prometheus-1 0.00% 41.8MiB / 7.38GiB 17.6MB / 4.07MB
Wed Sep  9 02:01:16 AM UTC 2026
flash-cloud-bench-publisher-1 0.72% 35.01MiB / 7.38GiB 67MB / 97MB
flash-cloud-bench-simulator-1 4.01% 36.1MiB / 7.38GiB 62.5MB / 79MB
flash-cloud-bench-api-1 0.80% 99.99MiB / 7.38GiB 10.1GB / 6.48GB
flash-cloud-bench-consumer-1 0.60% 35.94MiB / 7.38GiB 91.4MB / 135MB
flash-cloud-bench-maintenance-1 16.18% 35.76MiB / 7.38GiB 1.11GB / 3.84GB
flash-cloud-bench-redis-1 10.95% 52.27MiB / 7.38GiB 4.3GB / 9.8GB
flash-cloud-bench-pgbouncer-1 4.70% 1.586MiB / 7.38GiB 1.97GB / 1.97GB
flash-cloud-bench-postgres-1 10.57% 186.9MiB / 7.38GiB 698MB / 1.32GB
flash-cloud-bench-kafka-1 0.57% 949.3MiB / 7.38GiB 60.4MB / 51.4MB
flash-cloud-bench-prometheus-1 0.00% 41.8MiB / 7.38GiB 17.7MB / 4.08MB
Wed Sep  9 02:01:28 AM UTC 2026
flash-cloud-bench-publisher-1 0.80% 35.01MiB / 7.38GiB 67.1MB / 97.2MB
flash-cloud-bench-simulator-1 4.11% 36.1MiB / 7.38GiB 62.9MB / 79.5MB
flash-cloud-bench-api-1 9.88% 100MiB / 7.38GiB 10.1GB / 6.48GB
flash-cloud-bench-consumer-1 1.14% 35.93MiB / 7.38GiB 91.4MB / 135MB
flash-cloud-bench-maintenance-1 19.72% 35.76MiB / 7.38GiB 1.12GB / 3.86GB
flash-cloud-bench-redis-1 13.15% 52.02MiB / 7.38GiB 4.32GB / 9.8GB
flash-cloud-bench-pgbouncer-1 5.09% 1.574MiB / 7.38GiB 1.98GB / 1.98GB
flash-cloud-bench-postgres-1 12.19% 186.9MiB / 7.38GiB 701MB / 1.33GB
flash-cloud-bench-kafka-1 14.70% 958MiB / 7.38GiB 60.4MB / 51.4MB
flash-cloud-bench-prometheus-1 0.18% 41.8MiB / 7.38GiB 17.8MB / 4.1MB
Wed Sep  9 02:01:41 AM UTC 2026
flash-cloud-bench-publisher-1 0.70% 35.01MiB / 7.38GiB 67.2MB / 97.3MB
flash-cloud-bench-simulator-1 3.77% 36.1MiB / 7.38GiB 63.3MB / 80MB
flash-cloud-bench-api-1 0.77% 100MiB / 7.38GiB 10.1GB / 6.48GB
flash-cloud-bench-consumer-1 0.66% 35.93MiB / 7.38GiB 91.4MB / 135MB
flash-cloud-bench-maintenance-1 19.51% 35.77MiB / 7.38GiB 1.13GB / 3.89GB
flash-cloud-bench-redis-1 13.33% 51.94MiB / 7.38GiB 4.35GB / 9.8GB
flash-cloud-bench-pgbouncer-1 5.24% 1.574MiB / 7.38GiB 1.99GB / 1.99GB
flash-cloud-bench-postgres-1 12.06% 186.9MiB / 7.38GiB 703MB / 1.34GB
flash-cloud-bench-kafka-1 0.53% 949.4MiB / 7.38GiB 60.4MB / 51.4MB
flash-cloud-bench-prometheus-1 0.00% 39.06MiB / 7.38GiB 17.9MB / 4.1MB
Wed Sep  9 02:01:53 AM UTC 2026
flash-cloud-bench-publisher-1 1.06% 35.01MiB / 7.38GiB 67.3MB / 97.5MB
flash-cloud-bench-simulator-1 3.98% 36.1MiB / 7.38GiB 63.7MB / 80.4MB
flash-cloud-bench-api-1 0.10% 100MiB / 7.38GiB 10.1GB / 6.48GB
flash-cloud-bench-consumer-1 0.38% 35.93MiB / 7.38GiB 91.4MB / 135MB
flash-cloud-bench-maintenance-1 20.82% 35.76MiB / 7.38GiB 1.13GB / 3.91GB
flash-cloud-bench-redis-1 29.61% 51.95MiB / 7.38GiB 4.37GB / 9.8GB
flash-cloud-bench-pgbouncer-1 5.65% 1.59MiB / 7.38GiB 2GB / 1.99GB
flash-cloud-bench-postgres-1 13.51% 186.9MiB / 7.38GiB 705MB / 1.34GB
flash-cloud-bench-kafka-1 0.60% 949.4MiB / 7.38GiB 60.4MB / 51.4MB
flash-cloud-bench-prometheus-1 0.00% 39.06MiB / 7.38GiB 18.1MB / 4.12MB
Wed Sep  9 02:02:05 AM UTC 2026
flash-cloud-bench-publisher-1 0.76% 35.01MiB / 7.38GiB 67.4MB / 97.6MB
flash-cloud-bench-simulator-1 3.95% 36.1MiB / 7.38GiB 64MB / 80.9MB
flash-cloud-bench-api-1 26.51% 112.9MiB / 7.38GiB 10.1GB / 6.49GB
flash-cloud-bench-consumer-1 0.36% 35.94MiB / 7.38GiB 91.4MB / 135MB
flash-cloud-bench-maintenance-1 8.35% 35.76MiB / 7.38GiB 1.14GB / 3.93GB
flash-cloud-bench-redis-1 4.92% 51.93MiB / 7.38GiB 4.39GB / 9.8GB
flash-cloud-bench-pgbouncer-1 3.04% 1.594MiB / 7.38GiB 2.01GB / 2GB
flash-cloud-bench-postgres-1 12.13% 186.7MiB / 7.38GiB 708MB / 1.35GB
flash-cloud-bench-kafka-1 0.58% 949.4MiB / 7.38GiB 60.4MB / 51.4MB
flash-cloud-bench-prometheus-1 0.00% 39.06MiB / 7.38GiB 18.2MB / 4.13MB
Wed Sep  9 02:02:17 AM UTC 2026
flash-cloud-bench-publisher-1 0.72% 35.01MiB / 7.38GiB 67.6MB / 97.8MB
flash-cloud-bench-simulator-1 3.94% 36.1MiB / 7.38GiB 64.4MB / 81.4MB
flash-cloud-bench-api-1 0.09% 100.1MiB / 7.38GiB 10.1GB / 6.49GB
flash-cloud-bench-consumer-1 0.28% 35.94MiB / 7.38GiB 91.4MB / 135MB
flash-cloud-bench-maintenance-1 5.44% 35.77MiB / 7.38GiB 1.15GB / 3.95GB
flash-cloud-bench-redis-1 3.08% 51.95MiB / 7.38GiB 4.41GB / 9.8GB
flash-cloud-bench-pgbouncer-1 2.69% 1.574MiB / 7.38GiB 2.02GB / 2.01GB
flash-cloud-bench-postgres-1 11.12% 186.7MiB / 7.38GiB 710MB / 1.36GB
flash-cloud-bench-kafka-1 0.68% 949.4MiB / 7.38GiB 60.4MB / 51.4MB
flash-cloud-bench-prometheus-1 0.21% 39.07MiB / 7.38GiB 18.4MB / 4.14MB
Wed Sep  9 02:02:29 AM UTC 2026
flash-cloud-bench-publisher-1 0.78% 35.01MiB / 7.38GiB 67.7MB / 97.9MB
flash-cloud-bench-simulator-1 3.96% 36.1MiB / 7.38GiB 64.8MB / 81.9MB
flash-cloud-bench-api-1 0.10% 100MiB / 7.38GiB 10.1GB / 6.49GB
flash-cloud-bench-consumer-1 0.21% 35.94MiB / 7.38GiB 91.4MB / 135MB
flash-cloud-bench-maintenance-1 19.10% 35.76MiB / 7.38GiB 1.15GB / 3.98GB
flash-cloud-bench-redis-1 13.14% 51.96MiB / 7.38GiB 4.44GB / 9.8GB
flash-cloud-bench-pgbouncer-1 5.25% 1.586MiB / 7.38GiB 2.02GB / 2.02GB
flash-cloud-bench-postgres-1 17.65% 186.7MiB / 7.38GiB 712MB / 1.36GB
flash-cloud-bench-kafka-1 0.47% 949.4MiB / 7.38GiB 60.4MB / 51.4MB
flash-cloud-bench-prometheus-1 0.36% 39.07MiB / 7.38GiB 18.5MB / 4.15MB
Wed Sep  9 02:02:41 AM UTC 2026
flash-cloud-bench-publisher-1 0.77% 35.01MiB / 7.38GiB 67.8MB / 98MB
flash-cloud-bench-simulator-1 3.92% 36.1MiB / 7.38GiB 65.2MB / 82.4MB
flash-cloud-bench-api-1 0.81% 100MiB / 7.38GiB 10.1GB / 6.49GB
flash-cloud-bench-consumer-1 0.59% 35.94MiB / 7.38GiB 91.4MB / 135MB
flash-cloud-bench-maintenance-1 20.79% 35.76MiB / 7.38GiB 1.16GB / 4.01GB
flash-cloud-bench-redis-1 13.82% 51.95MiB / 7.38GiB 4.46GB / 9.8GB
flash-cloud-bench-pgbouncer-1 5.75% 1.59MiB / 7.38GiB 2.03GB / 2.03GB
flash-cloud-bench-postgres-1 18.76% 186.7MiB / 7.38GiB 715MB / 1.37GB
flash-cloud-bench-kafka-1 0.73% 949.5MiB / 7.38GiB 60.4MB / 51.4MB
flash-cloud-bench-prometheus-1 0.00% 39.07MiB / 7.38GiB 18.6MB / 4.16MB
