2026-09-08T10:33:01Z
{"BlockIO":"18.7MB / 1.9MB","CPUPerc":"60.25%","Container":"5440352fa90e","ID":"5440352fa90e","MemPerc":"1.13%","MemUsage":"85.63MiB / 7.38GiB","Name":"flash-cloud-bench-api-1","NetIO":"20.5MB / 13.2MB","PIDs":"8"}
{"BlockIO":"41.2MB / 28.5MB","CPUPerc":"14.73%","Container":"0c0c4eec6cd3","ID":"0c0c4eec6cd3","MemPerc":"0.84%","MemUsage":"63.3MiB / 7.38GiB","Name":"flash-cloud-bench-redis-1","NetIO":"144MB / 21.2MB","PIDs":"6"}
{"BlockIO":"0B / 0B","CPUPerc":"0.46%","Container":"facf8315afea","ID":"facf8315afea","MemPerc":"0.47%","MemUsage":"35.51MiB / 7.38GiB","Name":"flash-cloud-bench-consumer-1","NetIO":"1.3MB / 2.02MB","PIDs":"7"}
{"BlockIO":"0B / 0B","CPUPerc":"0.83%","Container":"d790ff1ba173","ID":"d790ff1ba173","MemPerc":"0.47%","MemUsage":"35.58MiB / 7.38GiB","Name":"flash-cloud-bench-publisher-1","NetIO":"1.37MB / 1.93MB","PIDs":"7"}
{"BlockIO":"4.77MB / 0B","CPUPerc":"3.83%","Container":"e0a44f45bbd7","ID":"e0a44f45bbd7","MemPerc":"0.52%","MemUsage":"39.27MiB / 7.38GiB","Name":"flash-cloud-bench-simulator-1","NetIO":"3.03MB / 3.76MB","PIDs":"10"}
{"BlockIO":"7.95MB / 0B","CPUPerc":"7.86%","Container":"a66f27ba8092","ID":"a66f27ba8092","MemPerc":"0.54%","MemUsage":"40.67MiB / 7.38GiB","Name":"flash-cloud-bench-maintenance-1","NetIO":"45.2MB / 155MB","PIDs":"6"}
{"BlockIO":"1.41MB / 0B","CPUPerc":"4.34%","Container":"6fea00feedc4","ID":"6fea00feedc4","MemPerc":"0.04%","MemUsage":"2.871MiB / 7.38GiB","Name":"flash-cloud-bench-pgbouncer-1","NetIO":"67.3MB / 67.3MB","PIDs":"1"}
{"BlockIO":"82.6MB / 68.2MB","CPUPerc":"12.29%","Container":"d440893966b4","ID":"d440893966b4","MemPerc":"1.49%","MemUsage":"112.5MiB / 7.38GiB","Name":"flash-cloud-bench-postgres-1","NetIO":"18.9MB / 49MB","PIDs":"14"}
{"BlockIO":"98.2MB / 3.62MB","CPUPerc":"1.76%","Container":"562ac1217807","ID":"562ac1217807","MemPerc":"6.31%","MemUsage":"476.5MiB / 7.38GiB","Name":"flash-cloud-bench-kafka-1","NetIO":"849kB / 676kB","PIDs":"101"}
{"BlockIO":"71.4MB / 786kB","CPUPerc":"0.23%","Container":"bc21247794d5","ID":"bc21247794d5","MemPerc":"1.28%","MemUsage":"96.48MiB / 7.38GiB","Name":"flash-cloud-bench-prometheus-1","NetIO":"589kB / 93.8kB","PIDs":"9"}
2026-09-08T10:33:11Z
{"BlockIO":"18.7MB / 1.93MB","CPUPerc":"13.16%","Container":"5440352fa90e","ID":"5440352fa90e","MemPerc":"1.14%","MemUsage":"85.92MiB / 7.38GiB","Name":"flash-cloud-bench-api-1","NetIO":"28.8MB / 19.8MB","PIDs":"8"}
{"BlockIO":"41.2MB / 57.2MB","CPUPerc":"1.33%","Container":"0c0c4eec6cd3","ID":"0c0c4eec6cd3","MemPerc":"0.84%","MemUsage":"63.54MiB / 7.38GiB","Name":"flash-cloud-bench-redis-1","NetIO":"172MB / 29MB","PIDs":"6"}
{"BlockIO":"0B / 0B","CPUPerc":"1.37%","Container":"facf8315afea","ID":"facf8315afea","MemPerc":"0.47%","MemUsage":"35.55MiB / 7.38GiB","Name":"flash-cloud-bench-consumer-1","NetIO":"1.38MB / 2.14MB","PIDs":"7"}
{"BlockIO":"0B / 0B","CPUPerc":"2.08%","Container":"d790ff1ba173","ID":"d790ff1ba173","MemPerc":"0.47%","MemUsage":"35.61MiB / 7.38GiB","Name":"flash-cloud-bench-publisher-1","NetIO":"1.55MB / 2.18MB","PIDs":"7"}
{"BlockIO":"4.77MB / 0B","CPUPerc":"4.24%","Container":"e0a44f45bbd7","ID":"e0a44f45bbd7","MemPerc":"0.52%","MemUsage":"39.27MiB / 7.38GiB","Name":"flash-cloud-bench-simulator-1","NetIO":"3.34MB / 4.16MB","PIDs":"10"}
{"BlockIO":"7.95MB / 0B","CPUPerc":"3.38%","Container":"a66f27ba8092","ID":"a66f27ba8092","MemPerc":"0.54%","MemUsage":"40.67MiB / 7.38GiB","Name":"flash-cloud-bench-maintenance-1","NetIO":"53.2MB / 184MB","PIDs":"6"}
{"BlockIO":"1.41MB / 0B","CPUPerc":"3.04%","Container":"6fea00feedc4","ID":"6fea00feedc4","MemPerc":"0.04%","MemUsage":"2.859MiB / 7.38GiB","Name":"flash-cloud-bench-pgbouncer-1","NetIO":"78.8MB / 78.7MB","PIDs":"1"}
{"BlockIO":"82.8MB / 76.8MB","CPUPerc":"6.84%","Container":"d440893966b4","ID":"d440893966b4","MemPerc":"1.50%","MemUsage":"113.4MiB / 7.38GiB","Name":"flash-cloud-bench-postgres-1","NetIO":"21.7MB / 57.5MB","PIDs":"14"}
{"BlockIO":"98.2MB / 3.85MB","CPUPerc":"2.18%","Container":"562ac1217807","ID":"562ac1217807","MemPerc":"6.31%","MemUsage":"477.1MiB / 7.38GiB","Name":"flash-cloud-bench-kafka-1","NetIO":"910kB / 724kB","PIDs":"101"}
{"BlockIO":"71.4MB / 799kB","CPUPerc":"0.01%","Container":"bc21247794d5","ID":"bc21247794d5","MemPerc":"1.28%","MemUsage":"96.49MiB / 7.38GiB","Name":"flash-cloud-bench-prometheus-1","NetIO":"633kB / 102kB","PIDs":"9"}
2026-09-08T10:33:21Z
{"BlockIO":"18.7MB / 1.97MB","CPUPerc":"44.91%","Container":"5440352fa90e","ID":"5440352fa90e","MemPerc":"1.14%","MemUsage":"86.03MiB / 7.38GiB","Name":"flash-cloud-bench-api-1","NetIO":"31.7MB / 23.1MB","PIDs":"8"}
{"BlockIO":"41.2MB / 57.2MB","CPUPerc":"4.35%","Container":"0c0c4eec6cd3","ID":"0c0c4eec6cd3","MemPerc":"0.84%","MemUsage":"63.61MiB / 7.38GiB","Name":"flash-cloud-bench-redis-1","NetIO":"184MB / 31.8MB","PIDs":"6"}
{"BlockIO":"0B / 0B","CPUPerc":"2.79%","Container":"facf8315afea","ID":"facf8315afea","MemPerc":"0.47%","MemUsage":"35.57MiB / 7.38GiB","Name":"flash-cloud-bench-consumer-1","NetIO":"1.46MB / 2.27MB","PIDs":"7"}
{"BlockIO":"0B / 0B","CPUPerc":"2.54%","Container":"d790ff1ba173","ID":"d790ff1ba173","MemPerc":"0.47%","MemUsage":"35.62MiB / 7.38GiB","Name":"flash-cloud-bench-publisher-1","NetIO":"1.74MB / 2.45MB","PIDs":"7"}
{"BlockIO":"4.77MB / 0B","CPUPerc":"3.29%","Container":"e0a44f45bbd7","ID":"e0a44f45bbd7","MemPerc":"0.52%","MemUsage":"39.27MiB / 7.38GiB","Name":"flash-cloud-bench-simulator-1","NetIO":"3.66MB / 4.55MB","PIDs":"10"}
{"BlockIO":"7.95MB / 0B","CPUPerc":"4.71%","Container":"a66f27ba8092","ID":"a66f27ba8092","MemPerc":"0.54%","MemUsage":"40.67MiB / 7.38GiB","Name":"flash-cloud-bench-maintenance-1","NetIO":"56.6MB / 195MB","PIDs":"6"}
{"BlockIO":"1.41MB / 0B","CPUPerc":"3.79%","Container":"6fea00feedc4","ID":"6fea00feedc4","MemPerc":"0.04%","MemUsage":"2.875MiB / 7.38GiB","Name":"flash-cloud-bench-pgbouncer-1","NetIO":"84.7MB / 84.6MB","PIDs":"1"}
{"BlockIO":"82.8MB / 81.9MB","CPUPerc":"8.29%","Container":"d440893966b4","ID":"d440893966b4","MemPerc":"1.50%","MemUsage":"113.6MiB / 7.38GiB","Name":"flash-cloud-bench-postgres-1","NetIO":"23.9MB / 61.5MB","PIDs":"14"}
{"BlockIO":"98.2MB / 3.94MB","CPUPerc":"186.49%","Container":"562ac1217807","ID":"562ac1217807","MemPerc":"7.28%","MemUsage":"550.4MiB / 7.38GiB","Name":"flash-cloud-bench-kafka-1","NetIO":"977kB / 776kB","PIDs":"120"}
{"BlockIO":"71.4MB / 819kB","CPUPerc":"0.21%","Container":"bc21247794d5","ID":"bc21247794d5","MemPerc":"1.28%","MemUsage":"96.53MiB / 7.38GiB","Name":"flash-cloud-bench-prometheus-1","NetIO":"726kB / 113kB","PIDs":"9"}
2026-09-08T10:33:31Z
{"BlockIO":"18.7MB / 2.01MB","CPUPerc":"1.10%","Container":"5440352fa90e","ID":"5440352fa90e","MemPerc":"1.14%","MemUsage":"86.02MiB / 7.38GiB","Name":"flash-cloud-bench-api-1","NetIO":"35.9MB / 27.4MB","PIDs":"8"}
{"BlockIO":"41.2MB / 57.2MB","CPUPerc":"4.13%","Container":"0c0c4eec6cd3","ID":"0c0c4eec6cd3","MemPerc":"0.84%","MemUsage":"63.61MiB / 7.38GiB","Name":"flash-cloud-bench-redis-1","NetIO":"212MB / 35.4MB","PIDs":"6"}
{"BlockIO":"0B / 0B","CPUPerc":"1.23%","Container":"facf8315afea","ID":"facf8315afea","MemPerc":"0.47%","MemUsage":"35.59MiB / 7.38GiB","Name":"flash-cloud-bench-consumer-1","NetIO":"1.53MB / 2.38MB","PIDs":"7"}
{"BlockIO":"0B / 0B","CPUPerc":"2.05%","Container":"d790ff1ba173","ID":"d790ff1ba173","MemPerc":"0.47%","MemUsage":"35.62MiB / 7.38GiB","Name":"flash-cloud-bench-publisher-1","NetIO":"1.9MB / 2.68MB","PIDs":"7"}
{"BlockIO":"4.77MB / 0B","CPUPerc":"3.67%","Container":"e0a44f45bbd7","ID":"e0a44f45bbd7","MemPerc":"0.52%","MemUsage":"39.27MiB / 7.38GiB","Name":"flash-cloud-bench-simulator-1","NetIO":"3.94MB / 4.91MB","PIDs":"10"}
{"BlockIO":"7.95MB / 0B","CPUPerc":"1.78%","Container":"a66f27ba8092","ID":"a66f27ba8092","MemPerc":"0.54%","MemUsage":"40.67MiB / 7.38GiB","Name":"flash-cloud-bench-maintenance-1","NetIO":"64.6MB / 224MB","PIDs":"6"}
{"BlockIO":"1.41MB / 0B","CPUPerc":"3.02%","Container":"6fea00feedc4","ID":"6fea00feedc4","MemPerc":"0.04%","MemUsage":"2.852MiB / 7.38GiB","Name":"flash-cloud-bench-pgbouncer-1","NetIO":"95.5MB / 95.4MB","PIDs":"1"}
{"BlockIO":"82.8MB / 90MB","CPUPerc":"7.21%","Container":"d440893966b4","ID":"d440893966b4","MemPerc":"1.51%","MemUsage":"113.8MiB / 7.38GiB","Name":"flash-cloud-bench-postgres-1","NetIO":"26.6MB / 69.8MB","PIDs":"14"}
{"BlockIO":"98.2MB / 4.07MB","CPUPerc":"0.79%","Container":"562ac1217807","ID":"562ac1217807","MemPerc":"6.36%","MemUsage":"480.7MiB / 7.38GiB","Name":"flash-cloud-bench-kafka-1","NetIO":"1.04MB / 822kB","PIDs":"101"}
{"BlockIO":"71.4MB / 827kB","CPUPerc":"0.01%","Container":"bc21247794d5","ID":"bc21247794d5","MemPerc":"1.28%","MemUsage":"96.54MiB / 7.38GiB","Name":"flash-cloud-bench-prometheus-1","NetIO":"769kB / 121kB","PIDs":"9"}
2026-09-08T10:33:41Z
{"BlockIO":"18.7MB / 2.07MB","CPUPerc":"0.09%","Container":"5440352fa90e","ID":"5440352fa90e","MemPerc":"1.14%","MemUsage":"86.02MiB / 7.38GiB","Name":"flash-cloud-bench-api-1","NetIO":"36MB / 28MB","PIDs":"8"}
{"BlockIO":"41.2MB / 57.2MB","CPUPerc":"0.50%","Container":"0c0c4eec6cd3","ID":"0c0c4eec6cd3","MemPerc":"0.84%","MemUsage":"63.46MiB / 7.38GiB","Name":"flash-cloud-bench-redis-1","NetIO":"223MB / 35.5MB","PIDs":"6"}
{"BlockIO":"0B / 0B","CPUPerc":"0.47%","Container":"facf8315afea","ID":"facf8315afea","MemPerc":"0.47%","MemUsage":"35.61MiB / 7.38GiB","Name":"flash-cloud-bench-consumer-1","NetIO":"1.54MB / 2.39MB","PIDs":"7"}
{"BlockIO":"0B / 0B","CPUPerc":"0.76%","Container":"d790ff1ba173","ID":"d790ff1ba173","MemPerc":"0.47%","MemUsage":"35.62MiB / 7.38GiB","Name":"flash-cloud-bench-publisher-1","NetIO":"2MB / 2.81MB","PIDs":"7"}
{"BlockIO":"4.77MB / 0B","CPUPerc":"4.00%","Container":"e0a44f45bbd7","ID":"e0a44f45bbd7","MemPerc":"0.52%","MemUsage":"39.27MiB / 7.38GiB","Name":"flash-cloud-bench-simulator-1","NetIO":"4.29MB / 5.35MB","PIDs":"10"}
{"BlockIO":"7.95MB / 0B","CPUPerc":"1.52%","Container":"a66f27ba8092","ID":"a66f27ba8092","MemPerc":"0.54%","MemUsage":"40.67MiB / 7.38GiB","Name":"flash-cloud-bench-maintenance-1","NetIO":"67.9MB / 235MB","PIDs":"6"}
{"BlockIO":"1.41MB / 0B","CPUPerc":"1.77%","Container":"6fea00feedc4","ID":"6fea00feedc4","MemPerc":"0.04%","MemUsage":"2.867MiB / 7.38GiB","Name":"flash-cloud-bench-pgbouncer-1","NetIO":"100MB / 100MB","PIDs":"1"}
{"BlockIO":"82.8MB / 92.5MB","CPUPerc":"4.05%","Container":"d440893966b4","ID":"d440893966b4","MemPerc":"1.51%","MemUsage":"113.9MiB / 7.38GiB","Name":"flash-cloud-bench-postgres-1","NetIO":"28.3MB / 73.4MB","PIDs":"14"}
{"BlockIO":"98.2MB / 4.32MB","CPUPerc":"3.66%","Container":"562ac1217807","ID":"562ac1217807","MemPerc":"6.37%","MemUsage":"481.1MiB / 7.38GiB","Name":"flash-cloud-bench-kafka-1","NetIO":"1.04MB / 825kB","PIDs":"101"}
{"BlockIO":"71.4MB / 848kB","CPUPerc":"0.21%","Container":"bc21247794d5","ID":"bc21247794d5","MemPerc":"1.28%","MemUsage":"96.54MiB / 7.38GiB","Name":"flash-cloud-bench-prometheus-1","NetIO":"863kB / 132kB","PIDs":"9"}
2026-09-08T10:33:51Z
{"BlockIO":"18.7MB / 2.14MB","CPUPerc":"30.68%","Container":"5440352fa90e","ID":"5440352fa90e","MemPerc":"1.14%","MemUsage":"85.99MiB / 7.38GiB","Name":"flash-cloud-bench-api-1","NetIO":"36MB / 28.7MB","PIDs":"7"}
{"BlockIO":"41.2MB / 57.2MB","CPUPerc":"2.71%","Container":"0c0c4eec6cd3","ID":"0c0c4eec6cd3","MemPerc":"0.84%","MemUsage":"63.45MiB / 7.38GiB","Name":"flash-cloud-bench-redis-1","NetIO":"250MB / 35.7MB","PIDs":"6"}
{"BlockIO":"0B / 0B","CPUPerc":"0.62%","Container":"facf8315afea","ID":"facf8315afea","MemPerc":"0.47%","MemUsage":"35.61MiB / 7.38GiB","Name":"flash-cloud-bench-consumer-1","NetIO":"1.55MB / 2.4MB","PIDs":"7"}
{"BlockIO":"0B / 0B","CPUPerc":"0.78%","Container":"d790ff1ba173","ID":"d790ff1ba173","MemPerc":"0.47%","MemUsage":"35.62MiB / 7.38GiB","Name":"flash-cloud-bench-publisher-1","NetIO":"2.09MB / 2.93MB","PIDs":"7"}
{"BlockIO":"4.77MB / 0B","CPUPerc":"3.78%","Container":"e0a44f45bbd7","ID":"e0a44f45bbd7","MemPerc":"0.52%","MemUsage":"39.27MiB / 7.38GiB","Name":"flash-cloud-bench-simulator-1","NetIO":"4.57MB / 5.71MB","PIDs":"10"}
{"BlockIO":"7.95MB / 0B","CPUPerc":"1.63%","Container":"a66f27ba8092","ID":"a66f27ba8092","MemPerc":"0.54%","MemUsage":"40.67MiB / 7.38GiB","Name":"flash-cloud-bench-maintenance-1","NetIO":"75.7MB / 263MB","PIDs":"6"}
{"BlockIO":"1.41MB / 0B","CPUPerc":"1.76%","Container":"6fea00feedc4","ID":"6fea00feedc4","MemPerc":"0.04%","MemUsage":"2.848MiB / 7.38GiB","Name":"flash-cloud-bench-pgbouncer-1","NetIO":"110MB / 110MB","PIDs":"1"}
{"BlockIO":"82.9MB / 98.5MB","CPUPerc":"4.11%","Container":"d440893966b4","ID":"d440893966b4","MemPerc":"1.51%","MemUsage":"113.9MiB / 7.38GiB","Name":"flash-cloud-bench-postgres-1","NetIO":"30.5MB / 81.5MB","PIDs":"14"}
{"BlockIO":"98.2MB / 4.58MB","CPUPerc":"1.91%","Container":"562ac1217807","ID":"562ac1217807","MemPerc":"6.37%","MemUsage":"481.2MiB / 7.38GiB","Name":"flash-cloud-bench-kafka-1","NetIO":"1.05MB / 828kB","PIDs":"101"}
{"BlockIO":"71.4MB / 868kB","CPUPerc":"0.19%","Container":"bc21247794d5","ID":"bc21247794d5","MemPerc":"1.21%","MemUsage":"91.08MiB / 7.38GiB","Name":"flash-cloud-bench-prometheus-1","NetIO":"931kB / 141kB","PIDs":"9"}
2026-09-08T10:34:01Z
{"BlockIO":"18.7MB / 2.22MB","CPUPerc":"1.52%","Container":"5440352fa90e","ID":"5440352fa90e","MemPerc":"1.14%","MemUsage":"85.99MiB / 7.38GiB","Name":"flash-cloud-bench-api-1","NetIO":"36MB / 29.4MB","PIDs":"7"}
{"BlockIO":"41.2MB / 57.2MB","CPUPerc":"0.49%","Container":"0c0c4eec6cd3","ID":"0c0c4eec6cd3","MemPerc":"0.84%","MemUsage":"63.47MiB / 7.38GiB","Name":"flash-cloud-bench-redis-1","NetIO":"260MB / 35.8MB","PIDs":"6"}
{"BlockIO":"0B / 0B","CPUPerc":"0.55%","Container":"facf8315afea","ID":"facf8315afea","MemPerc":"0.47%","MemUsage":"35.61MiB / 7.38GiB","Name":"flash-cloud-bench-consumer-1","NetIO":"1.55MB / 2.41MB","PIDs":"7"}
{"BlockIO":"0B / 0B","CPUPerc":"0.73%","Container":"d790ff1ba173","ID":"d790ff1ba173","MemPerc":"0.47%","MemUsage":"35.62MiB / 7.38GiB","Name":"flash-cloud-bench-publisher-1","NetIO":"2.19MB / 3.05MB","PIDs":"7"}
{"BlockIO":"4.77MB / 0B","CPUPerc":"4.20%","Container":"e0a44f45bbd7","ID":"e0a44f45bbd7","MemPerc":"0.52%","MemUsage":"39.27MiB / 7.38GiB","Name":"flash-cloud-bench-simulator-1","NetIO":"4.92MB / 6.15MB","PIDs":"10"}
{"BlockIO":"7.95MB / 0B","CPUPerc":"1.66%","Container":"a66f27ba8092","ID":"a66f27ba8092","MemPerc":"0.54%","MemUsage":"40.67MiB / 7.38GiB","Name":"flash-cloud-bench-maintenance-1","NetIO":"78.9MB / 274MB","PIDs":"6"}
{"BlockIO":"1.41MB / 0B","CPUPerc":"1.79%","Container":"6fea00feedc4","ID":"6fea00feedc4","MemPerc":"0.04%","MemUsage":"2.871MiB / 7.38GiB","Name":"flash-cloud-bench-pgbouncer-1","NetIO":"115MB / 115MB","PIDs":"1"}
{"BlockIO":"82.9MB / 101MB","CPUPerc":"4.15%","Container":"d440893966b4","ID":"d440893966b4","MemPerc":"1.51%","MemUsage":"113.9MiB / 7.38GiB","Name":"flash-cloud-bench-postgres-1","NetIO":"32.1MB / 85MB","PIDs":"14"}
{"BlockIO":"98.2MB / 4.71MB","CPUPerc":"0.81%","Container":"562ac1217807","ID":"562ac1217807","MemPerc":"6.37%","MemUsage":"481.4MiB / 7.38GiB","Name":"flash-cloud-bench-kafka-1","NetIO":"1.05MB / 831kB","PIDs":"101"}
{"BlockIO":"71.4MB / 881kB","CPUPerc":"0.00%","Container":"bc21247794d5","ID":"bc21247794d5","MemPerc":"1.21%","MemUsage":"91.09MiB / 7.38GiB","Name":"flash-cloud-bench-prometheus-1","NetIO":"975kB / 149kB","PIDs":"9"}
2026-09-08T10:34:11Z
{"BlockIO":"18.7MB / 2.3MB","CPUPerc":"1.55%","Container":"5440352fa90e","ID":"5440352fa90e","MemPerc":"1.14%","MemUsage":"85.99MiB / 7.38GiB","Name":"flash-cloud-bench-api-1","NetIO":"36.1MB / 30MB","PIDs":"7"}
{"BlockIO":"41.2MB / 86MB","CPUPerc":"0.49%","Container":"0c0c4eec6cd3","ID":"0c0c4eec6cd3","MemPerc":"0.84%","MemUsage":"63.5MiB / 7.38GiB","Name":"flash-cloud-bench-redis-1","NetIO":"287MB / 36MB","PIDs":"6"}
{"BlockIO":"0B / 0B","CPUPerc":"0.59%","Container":"facf8315afea","ID":"facf8315afea","MemPerc":"0.47%","MemUsage":"35.61MiB / 7.38GiB","Name":"flash-cloud-bench-consumer-1","NetIO":"1.55MB / 2.42MB","PIDs":"7"}
{"BlockIO":"0B / 0B","CPUPerc":"0.73%","Container":"d790ff1ba173","ID":"d790ff1ba173","MemPerc":"0.47%","MemUsage":"35.62MiB / 7.38GiB","Name":"flash-cloud-bench-publisher-1","NetIO":"2.28MB / 3.17MB","PIDs":"7"}
{"BlockIO":"4.77MB / 0B","CPUPerc":"4.09%","Container":"e0a44f45bbd7","ID":"e0a44f45bbd7","MemPerc":"0.52%","MemUsage":"39.27MiB / 7.38GiB","Name":"flash-cloud-bench-simulator-1","NetIO":"5.23MB / 6.54MB","PIDs":"10"}
{"BlockIO":"7.95MB / 0B","CPUPerc":"1.65%","Container":"a66f27ba8092","ID":"a66f27ba8092","MemPerc":"0.54%","MemUsage":"40.67MiB / 7.38GiB","Name":"flash-cloud-bench-maintenance-1","NetIO":"86.8MB / 302MB","PIDs":"6"}
{"BlockIO":"1.41MB / 0B","CPUPerc":"1.82%","Container":"6fea00feedc4","ID":"6fea00feedc4","MemPerc":"0.04%","MemUsage":"2.859MiB / 7.38GiB","Name":"flash-cloud-bench-pgbouncer-1","NetIO":"125MB / 125MB","PIDs":"1"}
{"BlockIO":"82.9MB / 107MB","CPUPerc":"3.85%","Container":"d440893966b4","ID":"d440893966b4","MemPerc":"1.51%","MemUsage":"113.9MiB / 7.38GiB","Name":"flash-cloud-bench-postgres-1","NetIO":"34.3MB / 93.1MB","PIDs":"14"}
{"BlockIO":"98.2MB / 4.84MB","CPUPerc":"0.98%","Container":"562ac1217807","ID":"562ac1217807","MemPerc":"6.37%","MemUsage":"481.6MiB / 7.38GiB","Name":"flash-cloud-bench-kafka-1","NetIO":"1.05MB / 834kB","PIDs":"101"}
{"BlockIO":"71.4MB / 901kB","CPUPerc":"0.24%","Container":"bc21247794d5","ID":"bc21247794d5","MemPerc":"1.21%","MemUsage":"91.1MiB / 7.38GiB","Name":"flash-cloud-bench-prometheus-1","NetIO":"1.07MB / 161kB","PIDs":"9"}
2026-09-08T10:34:22Z
{"BlockIO":"18.7MB / 2.37MB","CPUPerc":"26.20%","Container":"5440352fa90e","ID":"5440352fa90e","MemPerc":"1.14%","MemUsage":"86.03MiB / 7.38GiB","Name":"flash-cloud-bench-api-1","NetIO":"63.8MB / 47.2MB","PIDs":"8"}
{"BlockIO":"41.2MB / 86MB","CPUPerc":"4.60%","Container":"0c0c4eec6cd3","ID":"0c0c4eec6cd3","MemPerc":"0.84%","MemUsage":"63.66MiB / 7.38GiB","Name":"flash-cloud-bench-redis-1","NetIO":"300MB / 63.6MB","PIDs":"6"}
{"BlockIO":"0B / 0B","CPUPerc":"1.93%","Container":"facf8315afea","ID":"facf8315afea","MemPerc":"0.47%","MemUsage":"35.61MiB / 7.38GiB","Name":"flash-cloud-bench-consumer-1","NetIO":"1.6MB / 2.49MB","PIDs":"7"}
{"BlockIO":"0B / 0B","CPUPerc":"2.93%","Container":"d790ff1ba173","ID":"d790ff1ba173","MemPerc":"0.47%","MemUsage":"35.62MiB / 7.38GiB","Name":"flash-cloud-bench-publisher-1","NetIO":"2.42MB / 3.36MB","PIDs":"7"}
{"BlockIO":"4.77MB / 0B","CPUPerc":"3.85%","Container":"e0a44f45bbd7","ID":"e0a44f45bbd7","MemPerc":"0.52%","MemUsage":"39.27MiB / 7.38GiB","Name":"flash-cloud-bench-simulator-1","NetIO":"5.55MB / 6.94MB","PIDs":"10"}
{"BlockIO":"7.95MB / 0B","CPUPerc":"5.01%","Container":"a66f27ba8092","ID":"a66f27ba8092","MemPerc":"0.54%","MemUsage":"40.67MiB / 7.38GiB","Name":"flash-cloud-bench-maintenance-1","NetIO":"90.1MB / 314MB","PIDs":"6"}
{"BlockIO":"1.41MB / 0B","CPUPerc":"4.18%","Container":"6fea00feedc4","ID":"6fea00feedc4","MemPerc":"0.04%","MemUsage":"2.855MiB / 7.38GiB","Name":"flash-cloud-bench-pgbouncer-1","NetIO":"131MB / 131MB","PIDs":"1"}
{"BlockIO":"82.9MB / 111MB","CPUPerc":"9.46%","Container":"d440893966b4","ID":"d440893966b4","MemPerc":"1.51%","MemUsage":"114MiB / 7.38GiB","Name":"flash-cloud-bench-postgres-1","NetIO":"36.3MB / 96.9MB","PIDs":"14"}
{"BlockIO":"98.2MB / 4.98MB","CPUPerc":"5.26%","Container":"562ac1217807","ID":"562ac1217807","MemPerc":"6.40%","MemUsage":"483.8MiB / 7.38GiB","Name":"flash-cloud-bench-kafka-1","NetIO":"1.09MB / 863kB","PIDs":"101"}
{"BlockIO":"71.4MB / 913kB","CPUPerc":"0.00%","Container":"bc21247794d5","ID":"bc21247794d5","MemPerc":"1.21%","MemUsage":"91.09MiB / 7.38GiB","Name":"flash-cloud-bench-prometheus-1","NetIO":"1.14MB / 170kB","PIDs":"9"}
2026-09-08T10:34:32Z
{"BlockIO":"18.7MB / 2.49MB","CPUPerc":"28.78%","Container":"5440352fa90e","ID":"5440352fa90e","MemPerc":"1.14%","MemUsage":"86.05MiB / 7.38GiB","Name":"flash-cloud-bench-api-1","NetIO":"70.6MB / 54.5MB","PIDs":"8"}
{"BlockIO":"41.2MB / 86MB","CPUPerc":"2.94%","Container":"0c0c4eec6cd3","ID":"0c0c4eec6cd3","MemPerc":"0.84%","MemUsage":"63.61MiB / 7.38GiB","Name":"flash-cloud-bench-redis-1","NetIO":"329MB / 69.1MB","PIDs":"6"}
{"BlockIO":"0B / 0B","CPUPerc":"2.19%","Container":"facf8315afea","ID":"facf8315afea","MemPerc":"0.47%","MemUsage":"35.61MiB / 7.38GiB","Name":"flash-cloud-bench-consumer-1","NetIO":"1.76MB / 2.74MB","PIDs":"7"}
{"BlockIO":"0B / 0B","CPUPerc":"3.26%","Container":"d790ff1ba173","ID":"d790ff1ba173","MemPerc":"0.47%","MemUsage":"35.62MiB / 7.38GiB","Name":"flash-cloud-bench-publisher-1","NetIO":"2.7MB / 3.77MB","PIDs":"7"}
{"BlockIO":"4.77MB / 0B","CPUPerc":"4.15%","Container":"e0a44f45bbd7","ID":"e0a44f45bbd7","MemPerc":"0.52%","MemUsage":"39.27MiB / 7.38GiB","Name":"flash-cloud-bench-simulator-1","NetIO":"5.83MB / 7.3MB","PIDs":"10"}
{"BlockIO":"7.95MB / 0B","CPUPerc":"5.26%","Container":"a66f27ba8092","ID":"a66f27ba8092","MemPerc":"0.54%","MemUsage":"40.67MiB / 7.38GiB","Name":"flash-cloud-bench-maintenance-1","NetIO":"98.3MB / 342MB","PIDs":"6"}
{"BlockIO":"1.41MB / 0B","CPUPerc":"4.39%","Container":"6fea00feedc4","ID":"6fea00feedc4","MemPerc":"0.04%","MemUsage":"2.871MiB / 7.38GiB","Name":"flash-cloud-bench-pgbouncer-1","NetIO":"143MB / 143MB","PIDs":"1"}
{"BlockIO":"82.9MB / 122MB","CPUPerc":"10.31%","Container":"d440893966b4","ID":"d440893966b4","MemPerc":"1.51%","MemUsage":"114.1MiB / 7.38GiB","Name":"flash-cloud-bench-postgres-1","NetIO":"39.7MB / 106MB","PIDs":"14"}
{"BlockIO":"98.2MB / 5.1MB","CPUPerc":"3.15%","Container":"562ac1217807","ID":"562ac1217807","MemPerc":"6.52%","MemUsage":"492.4MiB / 7.38GiB","Name":"flash-cloud-bench-kafka-1","NetIO":"1.22MB / 966kB","PIDs":"101"}
{"BlockIO":"71.4MB / 934kB","CPUPerc":"0.00%","Container":"bc21247794d5","ID":"bc21247794d5","MemPerc":"1.21%","MemUsage":"91.1MiB / 7.38GiB","Name":"flash-cloud-bench-prometheus-1","NetIO":"1.2MB / 180kB","PIDs":"9"}
2026-09-08T10:34:42Z
{"BlockIO":"18.7MB / 2.6MB","CPUPerc":"32.71%","Container":"5440352fa90e","ID":"5440352fa90e","MemPerc":"1.15%","MemUsage":"87.1MiB / 7.38GiB","Name":"flash-cloud-bench-api-1","NetIO":"81.9MB / 63.9MB","PIDs":"11"}
{"BlockIO":"41.2MB / 86MB","CPUPerc":"3.64%","Container":"0c0c4eec6cd3","ID":"0c0c4eec6cd3","MemPerc":"0.84%","MemUsage":"63.6MiB / 7.38GiB","Name":"flash-cloud-bench-redis-1","NetIO":"342MB / 79.4MB","PIDs":"6"}
{"BlockIO":"0B / 0B","CPUPerc":"8.14%","Container":"facf8315afea","ID":"facf8315afea","MemPerc":"0.47%","MemUsage":"35.62MiB / 7.38GiB","Name":"flash-cloud-bench-consumer-1","NetIO":"1.92MB / 2.99MB","PIDs":"7"}
{"BlockIO":"0B / 0B","CPUPerc":"3.30%","Container":"d790ff1ba173","ID":"d790ff1ba173","MemPerc":"0.47%","MemUsage":"35.64MiB / 7.38GiB","Name":"flash-cloud-bench-publisher-1","NetIO":"2.97MB / 4.16MB","PIDs":"7"}
{"BlockIO":"4.77MB / 0B","CPUPerc":"3.72%","Container":"e0a44f45bbd7","ID":"e0a44f45bbd7","MemPerc":"0.52%","MemUsage":"39.27MiB / 7.38GiB","Name":"flash-cloud-bench-simulator-1","NetIO":"6.18MB / 7.74MB","PIDs":"10"}
{"BlockIO":"7.95MB / 0B","CPUPerc":"23.76%","Container":"a66f27ba8092","ID":"a66f27ba8092","MemPerc":"0.54%","MemUsage":"40.67MiB / 7.38GiB","Name":"flash-cloud-bench-maintenance-1","NetIO":"102MB / 354MB","PIDs":"6"}
{"BlockIO":"1.41MB / 0B","CPUPerc":"4.39%","Container":"6fea00feedc4","ID":"6fea00feedc4","MemPerc":"0.04%","MemUsage":"2.871MiB / 7.38GiB","Name":"flash-cloud-bench-pgbouncer-1","NetIO":"150MB / 150MB","PIDs":"1"}
{"BlockIO":"82.9MB / 130MB","CPUPerc":"15.27%","Container":"d440893966b4","ID":"d440893966b4","MemPerc":"1.51%","MemUsage":"114.3MiB / 7.38GiB","Name":"flash-cloud-bench-postgres-1","NetIO":"42.5MB / 110MB","PIDs":"14"}
{"BlockIO":"98.2MB / 5.5MB","CPUPerc":"50.68%","Container":"562ac1217807","ID":"562ac1217807","MemPerc":"6.63%","MemUsage":"500.8MiB / 7.38GiB","Name":"flash-cloud-bench-kafka-1","NetIO":"1.35MB / 1.07MB","PIDs":"101"}
{"BlockIO":"71.4MB / 946kB","CPUPerc":"0.00%","Container":"bc21247794d5","ID":"bc21247794d5","MemPerc":"1.21%","MemUsage":"91.1MiB / 7.38GiB","Name":"flash-cloud-bench-prometheus-1","NetIO":"1.27MB / 189kB","PIDs":"9"}
2026-09-08T10:34:52Z
{"BlockIO":"18.7MB / 2.72MB","CPUPerc":"35.83%","Container":"5440352fa90e","ID":"5440352fa90e","MemPerc":"1.16%","MemUsage":"87.81MiB / 7.38GiB","Name":"flash-cloud-bench-api-1","NetIO":"99.1MB / 76.6MB","PIDs":"10"}
{"BlockIO":"41.2MB / 86MB","CPUPerc":"4.10%","Container":"0c0c4eec6cd3","ID":"0c0c4eec6cd3","MemPerc":"0.84%","MemUsage":"63.67MiB / 7.38GiB","Name":"flash-cloud-bench-redis-1","NetIO":"371MB / 93.8MB","PIDs":"6"}
{"BlockIO":"0B / 0B","CPUPerc":"2.38%","Container":"facf8315afea","ID":"facf8315afea","MemPerc":"0.47%","MemUsage":"35.63MiB / 7.38GiB","Name":"flash-cloud-bench-consumer-1","NetIO":"2.08MB / 3.23MB","PIDs":"7"}
{"BlockIO":"0B / 0B","CPUPerc":"3.21%","Container":"d790ff1ba173","ID":"d790ff1ba173","MemPerc":"0.47%","MemUsage":"35.67MiB / 7.38GiB","Name":"flash-cloud-bench-publisher-1","NetIO":"3.25MB / 4.55MB","PIDs":"7"}
{"BlockIO":"4.77MB / 0B","CPUPerc":"3.26%","Container":"e0a44f45bbd7","ID":"e0a44f45bbd7","MemPerc":"0.52%","MemUsage":"39.27MiB / 7.38GiB","Name":"flash-cloud-bench-simulator-1","NetIO":"6.49MB / 8.13MB","PIDs":"10"}
{"BlockIO":"7.95MB / 0B","CPUPerc":"6.24%","Container":"a66f27ba8092","ID":"a66f27ba8092","MemPerc":"0.54%","MemUsage":"40.67MiB / 7.38GiB","Name":"flash-cloud-bench-maintenance-1","NetIO":"110MB / 383MB","PIDs":"6"}
{"BlockIO":"1.41MB / 0B","CPUPerc":"4.72%","Container":"6fea00feedc4","ID":"6fea00feedc4","MemPerc":"0.04%","MemUsage":"2.871MiB / 7.38GiB","Name":"flash-cloud-bench-pgbouncer-1","NetIO":"162MB / 162MB","PIDs":"1"}
{"BlockIO":"83.4MB / 142MB","CPUPerc":"10.89%","Container":"d440893966b4","ID":"d440893966b4","MemPerc":"1.54%","MemUsage":"116.2MiB / 7.38GiB","Name":"flash-cloud-bench-postgres-1","NetIO":"45.9MB / 119MB","PIDs":"14"}
{"BlockIO":"98.2MB / 5.79MB","CPUPerc":"85.13%","Container":"562ac1217807","ID":"562ac1217807","MemPerc":"7.32%","MemUsage":"553.4MiB / 7.38GiB","Name":"flash-cloud-bench-kafka-1","NetIO":"1.49MB / 1.17MB","PIDs":"121"}
{"BlockIO":"71.4MB / 967kB","CPUPerc":"0.00%","Container":"bc21247794d5","ID":"bc21247794d5","MemPerc":"1.21%","MemUsage":"91.1MiB / 7.38GiB","Name":"flash-cloud-bench-prometheus-1","NetIO":"1.34MB / 199kB","PIDs":"9"}
2026-09-08T10:35:02Z
{"BlockIO":"18.7MB / 2.85MB","CPUPerc":"37.55%","Container":"5440352fa90e","ID":"5440352fa90e","MemPerc":"1.17%","MemUsage":"88.59MiB / 7.38GiB","Name":"flash-cloud-bench-api-1","NetIO":"118MB / 90.1MB","PIDs":"10"}
{"BlockIO":"41.2MB / 86MB","CPUPerc":"4.39%","Container":"0c0c4eec6cd3","ID":"0c0c4eec6cd3","MemPerc":"0.84%","MemUsage":"63.8MiB / 7.38GiB","Name":"flash-cloud-bench-redis-1","NetIO":"384MB / 113MB","PIDs":"6"}
{"BlockIO":"0B / 0B","CPUPerc":"2.61%","Container":"facf8315afea","ID":"facf8315afea","MemPerc":"0.47%","MemUsage":"35.64MiB / 7.38GiB","Name":"flash-cloud-bench-consumer-1","NetIO":"2.25MB / 3.48MB","PIDs":"7"}
{"BlockIO":"0B / 0B","CPUPerc":"3.33%","Container":"d790ff1ba173","ID":"d790ff1ba173","MemPerc":"0.47%","MemUsage":"35.69MiB / 7.38GiB","Name":"flash-cloud-bench-publisher-1","NetIO":"3.5MB / 4.91MB","PIDs":"7"}
{"BlockIO":"4.77MB / 0B","CPUPerc":"3.95%","Container":"e0a44f45bbd7","ID":"e0a44f45bbd7","MemPerc":"0.52%","MemUsage":"39.27MiB / 7.38GiB","Name":"flash-cloud-bench-simulator-1","NetIO":"6.81MB / 8.53MB","PIDs":"10"}
{"BlockIO":"7.95MB / 0B","CPUPerc":"5.12%","Container":"a66f27ba8092","ID":"a66f27ba8092","MemPerc":"0.54%","MemUsage":"40.67MiB / 7.38GiB","Name":"flash-cloud-bench-maintenance-1","NetIO":"114MB / 395MB","PIDs":"6"}
{"BlockIO":"1.41MB / 0B","CPUPerc":"4.35%","Container":"6fea00feedc4","ID":"6fea00feedc4","MemPerc":"0.04%","MemUsage":"2.887MiB / 7.38GiB","Name":"flash-cloud-bench-pgbouncer-1","NetIO":"169MB / 169MB","PIDs":"1"}
{"BlockIO":"83.4MB / 150MB","CPUPerc":"17.23%","Container":"d440893966b4","ID":"d440893966b4","MemPerc":"1.54%","MemUsage":"116.3MiB / 7.38GiB","Name":"flash-cloud-bench-postgres-1","NetIO":"48.7MB / 123MB","PIDs":"14"}
{"BlockIO":"98.2MB / 6.27MB","CPUPerc":"7.39%","Container":"562ac1217807","ID":"562ac1217807","MemPerc":"7.03%","MemUsage":"531.4MiB / 7.38GiB","Name":"flash-cloud-bench-kafka-1","NetIO":"1.62MB / 1.28MB","PIDs":"101"}
{"BlockIO":"71.4MB / 975kB","CPUPerc":"0.00%","Container":"bc21247794d5","ID":"bc21247794d5","MemPerc":"1.21%","MemUsage":"91.1MiB / 7.38GiB","Name":"flash-cloud-bench-prometheus-1","NetIO":"1.41MB / 208kB","PIDs":"9"}
2026-09-08T10:35:12Z
{"BlockIO":"18.7MB / 2.99MB","CPUPerc":"37.28%","Container":"5440352fa90e","ID":"5440352fa90e","MemPerc":"1.17%","MemUsage":"88.63MiB / 7.38GiB","Name":"flash-cloud-bench-api-1","NetIO":"137MB / 104MB","PIDs":"8"}
{"BlockIO":"41.2MB / 115MB","CPUPerc":"8.17%","Container":"0c0c4eec6cd3","ID":"0c0c4eec6cd3","MemPerc":"0.84%","MemUsage":"63.67MiB / 7.38GiB","Name":"flash-cloud-bench-redis-1","NetIO":"414MB / 132MB","PIDs":"6"}
{"BlockIO":"0B / 0B","CPUPerc":"4.39%","Container":"facf8315afea","ID":"facf8315afea","MemPerc":"0.47%","MemUsage":"35.64MiB / 7.38GiB","Name":"flash-cloud-bench-consumer-1","NetIO":"2.48MB / 3.83MB","PIDs":"7"}
{"BlockIO":"0B / 0B","CPUPerc":"3.63%","Container":"d790ff1ba173","ID":"d790ff1ba173","MemPerc":"0.47%","MemUsage":"35.72MiB / 7.38GiB","Name":"flash-cloud-bench-publisher-1","NetIO":"3.82MB / 5.37MB","PIDs":"7"}
{"BlockIO":"4.77MB / 0B","CPUPerc":"3.78%","Container":"e0a44f45bbd7","ID":"e0a44f45bbd7","MemPerc":"0.52%","MemUsage":"39.27MiB / 7.38GiB","Name":"flash-cloud-bench-simulator-1","NetIO":"7.12MB / 8.93MB","PIDs":"10"}
{"BlockIO":"7.95MB / 0B","CPUPerc":"10.03%","Container":"a66f27ba8092","ID":"a66f27ba8092","MemPerc":"0.54%","MemUsage":"40.67MiB / 7.38GiB","Name":"flash-cloud-bench-maintenance-1","NetIO":"122MB / 425MB","PIDs":"6"}
{"BlockIO":"1.41MB / 0B","CPUPerc":"5.31%","Container":"6fea00feedc4","ID":"6fea00feedc4","MemPerc":"0.04%","MemUsage":"2.887MiB / 7.38GiB","Name":"flash-cloud-bench-pgbouncer-1","NetIO":"182MB / 181MB","PIDs":"1"}
{"BlockIO":"83.4MB / 163MB","CPUPerc":"34.66%","Container":"d440893966b4","ID":"d440893966b4","MemPerc":"1.54%","MemUsage":"116.5MiB / 7.38GiB","Name":"flash-cloud-bench-postgres-1","NetIO":"52.4MB / 133MB","PIDs":"14"}
{"BlockIO":"98.2MB / 6.4MB","CPUPerc":"2.45%","Container":"562ac1217807","ID":"562ac1217807","MemPerc":"7.04%","MemUsage":"531.7MiB / 7.38GiB","Name":"flash-cloud-bench-kafka-1","NetIO":"1.79MB / 1.42MB","PIDs":"101"}
{"BlockIO":"71.4MB / 995kB","CPUPerc":"0.30%","Container":"bc21247794d5","ID":"bc21247794d5","MemPerc":"1.21%","MemUsage":"91.1MiB / 7.38GiB","Name":"flash-cloud-bench-prometheus-1","NetIO":"1.48MB / 217kB","PIDs":"9"}
2026-09-08T10:35:22Z
{"BlockIO":"18.7MB / 3.1MB","CPUPerc":"41.56%","Container":"5440352fa90e","ID":"5440352fa90e","MemPerc":"1.25%","MemUsage":"94.66MiB / 7.38GiB","Name":"flash-cloud-bench-api-1","NetIO":"159MB / 119MB","PIDs":"12"}
{"BlockIO":"41.2MB / 115MB","CPUPerc":"7.29%","Container":"0c0c4eec6cd3","ID":"0c0c4eec6cd3","MemPerc":"0.84%","MemUsage":"63.7MiB / 7.38GiB","Name":"flash-cloud-bench-redis-1","NetIO":"427MB / 155MB","PIDs":"6"}
{"BlockIO":"0B / 0B","CPUPerc":"2.57%","Container":"facf8315afea","ID":"facf8315afea","MemPerc":"0.47%","MemUsage":"35.66MiB / 7.38GiB","Name":"flash-cloud-bench-consumer-1","NetIO":"2.71MB / 4.18MB","PIDs":"7"}
{"BlockIO":"0B / 0B","CPUPerc":"3.51%","Container":"d790ff1ba173","ID":"d790ff1ba173","MemPerc":"0.47%","MemUsage":"35.75MiB / 7.38GiB","Name":"flash-cloud-bench-publisher-1","NetIO":"4.11MB / 5.8MB","PIDs":"7"}
{"BlockIO":"4.77MB / 0B","CPUPerc":"3.69%","Container":"e0a44f45bbd7","ID":"e0a44f45bbd7","MemPerc":"0.52%","MemUsage":"39.27MiB / 7.38GiB","Name":"flash-cloud-bench-simulator-1","NetIO":"7.44MB / 9.33MB","PIDs":"10"}
{"BlockIO":"7.95MB / 0B","CPUPerc":"6.14%","Container":"a66f27ba8092","ID":"a66f27ba8092","MemPerc":"0.54%","MemUsage":"40.67MiB / 7.38GiB","Name":"flash-cloud-bench-maintenance-1","NetIO":"126MB / 436MB","PIDs":"6"}
{"BlockIO":"1.41MB / 0B","CPUPerc":"4.58%","Container":"6fea00feedc4","ID":"6fea00feedc4","MemPerc":"0.04%","MemUsage":"2.875MiB / 7.38GiB","Name":"flash-cloud-bench-pgbouncer-1","NetIO":"189MB / 188MB","PIDs":"1"}
{"BlockIO":"83.4MB / 173MB","CPUPerc":"32.71%","Container":"d440893966b4","ID":"d440893966b4","MemPerc":"1.54%","MemUsage":"116.7MiB / 7.38GiB","Name":"flash-cloud-bench-postgres-1","NetIO":"55.5MB / 137MB","PIDs":"14"}
{"BlockIO":"98.2MB / 6.84MB","CPUPerc":"4.75%","Container":"562ac1217807","ID":"562ac1217807","MemPerc":"7.04%","MemUsage":"532.2MiB / 7.38GiB","Name":"flash-cloud-bench-kafka-1","NetIO":"1.96MB / 1.56MB","PIDs":"101"}
{"BlockIO":"71.4MB / 1.01MB","CPUPerc":"0.24%","Container":"bc21247794d5","ID":"bc21247794d5","MemPerc":"1.21%","MemUsage":"91.12MiB / 7.38GiB","Name":"flash-cloud-bench-prometheus-1","NetIO":"1.55MB / 229kB","PIDs":"9"}
2026-09-08T10:35:32Z
{"BlockIO":"18.7MB / 3.28MB","CPUPerc":"70.12%","Container":"5440352fa90e","ID":"5440352fa90e","MemPerc":"1.18%","MemUsage":"89.03MiB / 7.38GiB","Name":"flash-cloud-bench-api-1","NetIO":"185MB / 137MB","PIDs":"11"}
{"BlockIO":"41.2MB / 115MB","CPUPerc":"12.76%","Container":"0c0c4eec6cd3","ID":"0c0c4eec6cd3","MemPerc":"0.84%","MemUsage":"63.77MiB / 7.38GiB","Name":"flash-cloud-bench-redis-1","NetIO":"458MB / 178MB","PIDs":"6"}
{"BlockIO":"0B / 0B","CPUPerc":"2.39%","Container":"facf8315afea","ID":"facf8315afea","MemPerc":"0.47%","MemUsage":"35.67MiB / 7.38GiB","Name":"flash-cloud-bench-consumer-1","NetIO":"2.93MB / 4.51MB","PIDs":"7"}
{"BlockIO":"0B / 0B","CPUPerc":"3.64%","Container":"d790ff1ba173","ID":"d790ff1ba173","MemPerc":"0.47%","MemUsage":"35.78MiB / 7.38GiB","Name":"flash-cloud-bench-publisher-1","NetIO":"4.4MB / 6.22MB","PIDs":"7"}
{"BlockIO":"4.77MB / 0B","CPUPerc":"3.89%","Container":"e0a44f45bbd7","ID":"e0a44f45bbd7","MemPerc":"0.52%","MemUsage":"39.27MiB / 7.38GiB","Name":"flash-cloud-bench-simulator-1","NetIO":"7.75MB / 9.72MB","PIDs":"10"}
{"BlockIO":"7.95MB / 0B","CPUPerc":"15.94%","Container":"a66f27ba8092","ID":"a66f27ba8092","MemPerc":"0.54%","MemUsage":"40.67MiB / 7.38GiB","Name":"flash-cloud-bench-maintenance-1","NetIO":"135MB / 467MB","PIDs":"6"}
{"BlockIO":"1.41MB / 0B","CPUPerc":"6.23%","Container":"6fea00feedc4","ID":"6fea00feedc4","MemPerc":"0.04%","MemUsage":"2.883MiB / 7.38GiB","Name":"flash-cloud-bench-pgbouncer-1","NetIO":"202MB / 201MB","PIDs":"1"}
{"BlockIO":"83.4MB / 186MB","CPUPerc":"15.59%","Container":"d440893966b4","ID":"d440893966b4","MemPerc":"1.55%","MemUsage":"116.9MiB / 7.38GiB","Name":"flash-cloud-bench-postgres-1","NetIO":"59.2MB / 147MB","PIDs":"14"}
{"BlockIO":"98.2MB / 7.22MB","CPUPerc":"3.18%","Container":"562ac1217807","ID":"562ac1217807","MemPerc":"7.04%","MemUsage":"532.3MiB / 7.38GiB","Name":"flash-cloud-bench-kafka-1","NetIO":"2.13MB / 1.69MB","PIDs":"101"}
{"BlockIO":"71.4MB / 1.03MB","CPUPerc":"0.21%","Container":"bc21247794d5","ID":"bc21247794d5","MemPerc":"1.21%","MemUsage":"91.12MiB / 7.38GiB","Name":"flash-cloud-bench-prometheus-1","NetIO":"1.62MB / 236kB","PIDs":"9"}
2026-09-08T10:35:42Z
{"BlockIO":"18.7MB / 3.45MB","CPUPerc":"36.52%","Container":"5440352fa90e","ID":"5440352fa90e","MemPerc":"1.18%","MemUsage":"89.16MiB / 7.38GiB","Name":"flash-cloud-bench-api-1","NetIO":"210MB / 154MB","PIDs":"10"}
{"BlockIO":"41.2MB / 115MB","CPUPerc":"8.27%","Container":"0c0c4eec6cd3","ID":"0c0c4eec6cd3","MemPerc":"0.84%","MemUsage":"63.84MiB / 7.38GiB","Name":"flash-cloud-bench-redis-1","NetIO":"470MB / 202MB","PIDs":"6"}
{"BlockIO":"0B / 0B","CPUPerc":"3.18%","Container":"facf8315afea","ID":"facf8315afea","MemPerc":"0.47%","MemUsage":"35.68MiB / 7.38GiB","Name":"flash-cloud-bench-consumer-1","NetIO":"3.09MB / 4.75MB","PIDs":"7"}
{"BlockIO":"0B / 0B","CPUPerc":"3.49%","Container":"d790ff1ba173","ID":"d790ff1ba173","MemPerc":"0.47%","MemUsage":"35.8MiB / 7.38GiB","Name":"flash-cloud-bench-publisher-1","NetIO":"4.65MB / 6.58MB","PIDs":"7"}
{"BlockIO":"4.77MB / 0B","CPUPerc":"3.96%","Container":"e0a44f45bbd7","ID":"e0a44f45bbd7","MemPerc":"0.52%","MemUsage":"39.27MiB / 7.38GiB","Name":"flash-cloud-bench-simulator-1","NetIO":"8.06MB / 10.1MB","PIDs":"10"}
{"BlockIO":"7.95MB / 0B","CPUPerc":"10.21%","Container":"a66f27ba8092","ID":"a66f27ba8092","MemPerc":"0.54%","MemUsage":"40.67MiB / 7.38GiB","Name":"flash-cloud-bench-maintenance-1","NetIO":"138MB / 478MB","PIDs":"6"}
{"BlockIO":"1.41MB / 0B","CPUPerc":"5.16%","Container":"6fea00feedc4","ID":"6fea00feedc4","MemPerc":"0.04%","MemUsage":"2.855MiB / 7.38GiB","Name":"flash-cloud-bench-pgbouncer-1","NetIO":"209MB / 208MB","PIDs":"1"}
{"BlockIO":"83.4MB / 195MB","CPUPerc":"12.69%","Container":"d440893966b4","ID":"d440893966b4","MemPerc":"1.55%","MemUsage":"117.4MiB / 7.38GiB","Name":"flash-cloud-bench-postgres-1","NetIO":"62.1MB / 151MB","PIDs":"14"}
{"BlockIO":"98.2MB / 7.59MB","CPUPerc":"2.97%","Container":"562ac1217807","ID":"562ac1217807","MemPerc":"7.05%","MemUsage":"532.4MiB / 7.38GiB","Name":"flash-cloud-bench-kafka-1","NetIO":"2.26MB / 1.8MB","PIDs":"101"}
{"BlockIO":"71.4MB / 1.05MB","CPUPerc":"0.24%","Container":"bc21247794d5","ID":"bc21247794d5","MemPerc":"1.21%","MemUsage":"91.12MiB / 7.38GiB","Name":"flash-cloud-bench-prometheus-1","NetIO":"1.69MB / 247kB","PIDs":"9"}
2026-09-08T10:35:53Z
{"BlockIO":"18.7MB / 3.62MB","CPUPerc":"37.73%","Container":"5440352fa90e","ID":"5440352fa90e","MemPerc":"1.18%","MemUsage":"89.16MiB / 7.38GiB","Name":"flash-cloud-bench-api-1","NetIO":"235MB / 171MB","PIDs":"10"}
{"BlockIO":"41.2MB / 115MB","CPUPerc":"16.48%","Container":"0c0c4eec6cd3","ID":"0c0c4eec6cd3","MemPerc":"0.85%","MemUsage":"63.86MiB / 7.38GiB","Name":"flash-cloud-bench-redis-1","NetIO":"501MB / 226MB","PIDs":"6"}
{"BlockIO":"0B / 0B","CPUPerc":"2.25%","Container":"facf8315afea","ID":"facf8315afea","MemPerc":"0.47%","MemUsage":"35.68MiB / 7.38GiB","Name":"flash-cloud-bench-consumer-1","NetIO":"3.25MB / 5MB","PIDs":"7"}
{"BlockIO":"0B / 0B","CPUPerc":"3.55%","Container":"d790ff1ba173","ID":"d790ff1ba173","MemPerc":"0.47%","MemUsage":"35.82MiB / 7.38GiB","Name":"flash-cloud-bench-publisher-1","NetIO":"4.96MB / 7.01MB","PIDs":"7"}
{"BlockIO":"4.77MB / 0B","CPUPerc":"3.96%","Container":"e0a44f45bbd7","ID":"e0a44f45bbd7","MemPerc":"0.52%","MemUsage":"39.27MiB / 7.38GiB","Name":"flash-cloud-bench-simulator-1","NetIO":"8.38MB / 10.5MB","PIDs":"10"}
{"BlockIO":"7.95MB / 0B","CPUPerc":"18.05%","Container":"a66f27ba8092","ID":"a66f27ba8092","MemPerc":"0.54%","MemUsage":"40.67MiB / 7.38GiB","Name":"flash-cloud-bench-maintenance-1","NetIO":"147MB / 508MB","PIDs":"6"}
{"BlockIO":"1.41MB / 0B","CPUPerc":"6.82%","Container":"6fea00feedc4","ID":"6fea00feedc4","MemPerc":"0.04%","MemUsage":"2.863MiB / 7.38GiB","Name":"flash-cloud-bench-pgbouncer-1","NetIO":"221MB / 221MB","PIDs":"1"}
{"BlockIO":"83.4MB / 207MB","CPUPerc":"21.60%","Container":"d440893966b4","ID":"d440893966b4","MemPerc":"1.56%","MemUsage":"118.2MiB / 7.38GiB","Name":"flash-cloud-bench-postgres-1","NetIO":"65.6MB / 160MB","PIDs":"14"}
{"BlockIO":"98.2MB / 8.08MB","CPUPerc":"2.40%","Container":"562ac1217807","ID":"562ac1217807","MemPerc":"7.05%","MemUsage":"532.5MiB / 7.38GiB","Name":"flash-cloud-bench-kafka-1","NetIO":"2.39MB / 1.9MB","PIDs":"101"}
{"BlockIO":"71.4MB / 1.06MB","CPUPerc":"0.00%","Container":"bc21247794d5","ID":"bc21247794d5","MemPerc":"1.20%","MemUsage":"90.44MiB / 7.38GiB","Name":"flash-cloud-bench-prometheus-1","NetIO":"1.75MB / 255kB","PIDs":"9"}
2026-09-08T10:36:03Z
{"BlockIO":"18.7MB / 3.81MB","CPUPerc":"39.16%","Container":"5440352fa90e","ID":"5440352fa90e","MemPerc":"1.18%","MemUsage":"89.2MiB / 7.38GiB","Name":"flash-cloud-bench-api-1","NetIO":"259MB / 188MB","PIDs":"11"}
{"BlockIO":"41.2MB / 115MB","CPUPerc":"11.55%","Container":"0c0c4eec6cd3","ID":"0c0c4eec6cd3","MemPerc":"0.85%","MemUsage":"63.87MiB / 7.38GiB","Name":"flash-cloud-bench-redis-1","NetIO":"513MB / 249MB","PIDs":"6"}
{"BlockIO":"0B / 0B","CPUPerc":"1.95%","Container":"facf8315afea","ID":"facf8315afea","MemPerc":"0.47%","MemUsage":"35.69MiB / 7.38GiB","Name":"flash-cloud-bench-consumer-1","NetIO":"3.41MB / 5.24MB","PIDs":"7"}
{"BlockIO":"0B / 0B","CPUPerc":"3.96%","Container":"d790ff1ba173","ID":"d790ff1ba173","MemPerc":"0.47%","MemUsage":"35.82MiB / 7.38GiB","Name":"flash-cloud-bench-publisher-1","NetIO":"5.21MB / 7.37MB","PIDs":"7"}
{"BlockIO":"4.77MB / 0B","CPUPerc":"3.98%","Container":"e0a44f45bbd7","ID":"e0a44f45bbd7","MemPerc":"0.52%","MemUsage":"39.27MiB / 7.38GiB","Name":"flash-cloud-bench-simulator-1","NetIO":"8.69MB / 10.9MB","PIDs":"10"}
{"BlockIO":"7.95MB / 0B","CPUPerc":"13.28%","Container":"a66f27ba8092","ID":"a66f27ba8092","MemPerc":"0.54%","MemUsage":"40.67MiB / 7.38GiB","Name":"flash-cloud-bench-maintenance-1","NetIO":"150MB / 519MB","PIDs":"6"}
{"BlockIO":"1.41MB / 0B","CPUPerc":"5.65%","Container":"6fea00feedc4","ID":"6fea00feedc4","MemPerc":"0.04%","MemUsage":"2.871MiB / 7.38GiB","Name":"flash-cloud-bench-pgbouncer-1","NetIO":"228MB / 228MB","PIDs":"1"}
{"BlockIO":"83.4MB / 216MB","CPUPerc":"13.72%","Container":"d440893966b4","ID":"d440893966b4","MemPerc":"1.57%","MemUsage":"118.5MiB / 7.38GiB","Name":"flash-cloud-bench-postgres-1","NetIO":"68.4MB / 164MB","PIDs":"14"}
{"BlockIO":"98.2MB / 8.41MB","CPUPerc":"46.94%","Container":"562ac1217807","ID":"562ac1217807","MemPerc":"7.15%","MemUsage":"540.3MiB / 7.38GiB","Name":"flash-cloud-bench-kafka-1","NetIO":"2.52MB / 2MB","PIDs":"101"}
{"BlockIO":"71.4MB / 1.09MB","CPUPerc":"0.38%","Container":"bc21247794d5","ID":"bc21247794d5","MemPerc":"1.20%","MemUsage":"90.46MiB / 7.38GiB","Name":"flash-cloud-bench-prometheus-1","NetIO":"1.83MB / 267kB","PIDs":"9"}
2026-09-08T10:36:13Z
{"BlockIO":"18.7MB / 3.99MB","CPUPerc":"41.21%","Container":"5440352fa90e","ID":"5440352fa90e","MemPerc":"1.18%","MemUsage":"89.14MiB / 7.38GiB","Name":"flash-cloud-bench-api-1","NetIO":"285MB / 205MB","PIDs":"8"}
{"BlockIO":"41.2MB / 143MB","CPUPerc":"17.06%","Container":"0c0c4eec6cd3","ID":"0c0c4eec6cd3","MemPerc":"0.85%","MemUsage":"63.88MiB / 7.38GiB","Name":"flash-cloud-bench-redis-1","NetIO":"544MB / 274MB","PIDs":"6"}
{"BlockIO":"0B / 0B","CPUPerc":"2.17%","Container":"facf8315afea","ID":"facf8315afea","MemPerc":"0.47%","MemUsage":"35.7MiB / 7.38GiB","Name":"flash-cloud-bench-consumer-1","NetIO":"3.57MB / 5.49MB","PIDs":"7"}
{"BlockIO":"0B / 0B","CPUPerc":"3.70%","Container":"d790ff1ba173","ID":"d790ff1ba173","MemPerc":"0.47%","MemUsage":"35.83MiB / 7.38GiB","Name":"flash-cloud-bench-publisher-1","NetIO":"5.51MB / 7.81MB","PIDs":"7"}
{"BlockIO":"4.77MB / 0B","CPUPerc":"3.67%","Container":"e0a44f45bbd7","ID":"e0a44f45bbd7","MemPerc":"0.52%","MemUsage":"39.27MiB / 7.38GiB","Name":"flash-cloud-bench-simulator-1","NetIO":"9.01MB / 11.3MB","PIDs":"10"}
{"BlockIO":"7.95MB / 0B","CPUPerc":"21.58%","Container":"a66f27ba8092","ID":"a66f27ba8092","MemPerc":"0.54%","MemUsage":"40.67MiB / 7.38GiB","Name":"flash-cloud-bench-maintenance-1","NetIO":"159MB / 550MB","PIDs":"6"}
{"BlockIO":"1.41MB / 0B","CPUPerc":"7.41%","Container":"6fea00feedc4","ID":"6fea00feedc4","MemPerc":"0.04%","MemUsage":"2.859MiB / 7.38GiB","Name":"flash-cloud-bench-pgbouncer-1","NetIO":"241MB / 240MB","PIDs":"1"}
{"BlockIO":"83.4MB / 231MB","CPUPerc":"18.09%","Container":"d440893966b4","ID":"d440893966b4","MemPerc":"1.57%","MemUsage":"119MiB / 7.38GiB","Name":"flash-cloud-bench-postgres-1","NetIO":"71.9MB / 174MB","PIDs":"14"}
{"BlockIO":"98.2MB / 8.51MB","CPUPerc":"97.78%","Container":"562ac1217807","ID":"562ac1217807","MemPerc":"7.65%","MemUsage":"578MiB / 7.38GiB","Name":"flash-cloud-bench-kafka-1","NetIO":"2.65MB / 2.1MB","PIDs":"122"}
{"BlockIO":"71.4MB / 1.09MB","CPUPerc":"0.00%","Container":"bc21247794d5","ID":"bc21247794d5","MemPerc":"1.20%","MemUsage":"90.47MiB / 7.38GiB","Name":"flash-cloud-bench-prometheus-1","NetIO":"1.89MB / 274kB","PIDs":"9"}
2026-09-08T10:36:23Z
{"BlockIO":"18.7MB / 4.19MB","CPUPerc":"40.24%","Container":"5440352fa90e","ID":"5440352fa90e","MemPerc":"1.18%","MemUsage":"89.22MiB / 7.38GiB","Name":"flash-cloud-bench-api-1","NetIO":"310MB / 222MB","PIDs":"10"}
{"BlockIO":"41.2MB / 143MB","CPUPerc":"16.07%","Container":"0c0c4eec6cd3","ID":"0c0c4eec6cd3","MemPerc":"0.85%","MemUsage":"63.93MiB / 7.38GiB","Name":"flash-cloud-bench-redis-1","NetIO":"556MB / 298MB","PIDs":"6"}
{"BlockIO":"0B / 0B","CPUPerc":"3.55%","Container":"facf8315afea","ID":"facf8315afea","MemPerc":"0.47%","MemUsage":"35.7MiB / 7.38GiB","Name":"flash-cloud-bench-consumer-1","NetIO":"3.79MB / 5.81MB","PIDs":"7"}
{"BlockIO":"0B / 0B","CPUPerc":"3.83%","Container":"d790ff1ba173","ID":"d790ff1ba173","MemPerc":"0.47%","MemUsage":"35.82MiB / 7.38GiB","Name":"flash-cloud-bench-publisher-1","NetIO":"5.81MB / 8.23MB","PIDs":"7"}
{"BlockIO":"4.77MB / 0B","CPUPerc":"3.97%","Container":"e0a44f45bbd7","ID":"e0a44f45bbd7","MemPerc":"0.52%","MemUsage":"39.27MiB / 7.38GiB","Name":"flash-cloud-bench-simulator-1","NetIO":"9.32MB / 11.7MB","PIDs":"10"}
{"BlockIO":"7.95MB / 0B","CPUPerc":"18.22%","Container":"a66f27ba8092","ID":"a66f27ba8092","MemPerc":"0.54%","MemUsage":"40.67MiB / 7.38GiB","Name":"flash-cloud-bench-maintenance-1","NetIO":"163MB / 561MB","PIDs":"6"}
{"BlockIO":"1.41MB / 0B","CPUPerc":"6.98%","Container":"6fea00feedc4","ID":"6fea00feedc4","MemPerc":"0.04%","MemUsage":"2.875MiB / 7.38GiB","Name":"flash-cloud-bench-pgbouncer-1","NetIO":"248MB / 247MB","PIDs":"1"}
{"BlockIO":"83.4MB / 243MB","CPUPerc":"45.15%","Container":"d440893966b4","ID":"d440893966b4","MemPerc":"1.58%","MemUsage":"119.3MiB / 7.38GiB","Name":"flash-cloud-bench-postgres-1","NetIO":"74.9MB / 178MB","PIDs":"14"}
{"BlockIO":"98.2MB / 8.63MB","CPUPerc":"2.31%","Container":"562ac1217807","ID":"562ac1217807","MemPerc":"7.06%","MemUsage":"533.2MiB / 7.38GiB","Name":"flash-cloud-bench-kafka-1","NetIO":"2.82MB / 2.23MB","PIDs":"101"}
{"BlockIO":"71.4MB / 1.11MB","CPUPerc":"0.00%","Container":"bc21247794d5","ID":"bc21247794d5","MemPerc":"1.20%","MemUsage":"90.47MiB / 7.38GiB","Name":"flash-cloud-bench-prometheus-1","NetIO":"1.96MB / 283kB","PIDs":"9"}
2026-09-08T10:36:33Z
{"BlockIO":"18.7MB / 4.4MB","CPUPerc":"40.59%","Container":"5440352fa90e","ID":"5440352fa90e","MemPerc":"1.18%","MemUsage":"89.25MiB / 7.38GiB","Name":"flash-cloud-bench-api-1","NetIO":"339MB / 242MB","PIDs":"11"}
{"BlockIO":"41.2MB / 143MB","CPUPerc":"18.38%","Container":"0c0c4eec6cd3","ID":"0c0c4eec6cd3","MemPerc":"0.85%","MemUsage":"63.94MiB / 7.38GiB","Name":"flash-cloud-bench-redis-1","NetIO":"587MB / 326MB","PIDs":"6"}
{"BlockIO":"0B / 0B","CPUPerc":"3.68%","Container":"facf8315afea","ID":"facf8315afea","MemPerc":"0.47%","MemUsage":"35.71MiB / 7.38GiB","Name":"flash-cloud-bench-consumer-1","NetIO":"4.09MB / 6.27MB","PIDs":"7"}
{"BlockIO":"0B / 0B","CPUPerc":"3.88%","Container":"d790ff1ba173","ID":"d790ff1ba173","MemPerc":"0.47%","MemUsage":"35.83MiB / 7.38GiB","Name":"flash-cloud-bench-publisher-1","NetIO":"6.12MB / 8.69MB","PIDs":"7"}
{"BlockIO":"4.77MB / 0B","CPUPerc":"3.77%","Container":"e0a44f45bbd7","ID":"e0a44f45bbd7","MemPerc":"0.52%","MemUsage":"39.27MiB / 7.38GiB","Name":"flash-cloud-bench-simulator-1","NetIO":"9.64MB / 12.1MB","PIDs":"10"}
{"BlockIO":"7.95MB / 0B","CPUPerc":"23.75%","Container":"a66f27ba8092","ID":"a66f27ba8092","MemPerc":"0.54%","MemUsage":"40.67MiB / 7.38GiB","Name":"flash-cloud-bench-maintenance-1","NetIO":"171MB / 591MB","PIDs":"6"}
{"BlockIO":"1.41MB / 0B","CPUPerc":"8.16%","Container":"6fea00feedc4","ID":"6fea00feedc4","MemPerc":"0.04%","MemUsage":"2.879MiB / 7.38GiB","Name":"flash-cloud-bench-pgbouncer-1","NetIO":"261MB / 260MB","PIDs":"1"}
{"BlockIO":"83.4MB / 260MB","CPUPerc":"50.50%","Container":"d440893966b4","ID":"d440893966b4","MemPerc":"1.58%","MemUsage":"119.6MiB / 7.38GiB","Name":"flash-cloud-bench-postgres-1","NetIO":"78.9MB / 188MB","PIDs":"14"}
{"BlockIO":"98.2MB / 9.26MB","CPUPerc":"4.33%","Container":"562ac1217807","ID":"562ac1217807","MemPerc":"7.06%","MemUsage":"533.4MiB / 7.38GiB","Name":"flash-cloud-bench-kafka-1","NetIO":"3.04MB / 2.41MB","PIDs":"101"}
{"BlockIO":"71.4MB / 1.11MB","CPUPerc":"0.00%","Container":"bc21247794d5","ID":"bc21247794d5","MemPerc":"1.20%","MemUsage":"90.47MiB / 7.38GiB","Name":"flash-cloud-bench-prometheus-1","NetIO":"2.03MB / 292kB","PIDs":"9"}
2026-09-08T10:36:43Z
{"BlockIO":"18.7MB / 4.62MB","CPUPerc":"44.96%","Container":"5440352fa90e","ID":"5440352fa90e","MemPerc":"1.18%","MemUsage":"89.26MiB / 7.38GiB","Name":"flash-cloud-bench-api-1","NetIO":"369MB / 261MB","PIDs":"10"}
{"BlockIO":"41.2MB / 143MB","CPUPerc":"17.52%","Container":"0c0c4eec6cd3","ID":"0c0c4eec6cd3","MemPerc":"0.85%","MemUsage":"63.98MiB / 7.38GiB","Name":"flash-cloud-bench-redis-1","NetIO":"600MB / 355MB","PIDs":"6"}
{"BlockIO":"0B / 0B","CPUPerc":"3.51%","Container":"facf8315afea","ID":"facf8315afea","MemPerc":"0.47%","MemUsage":"35.71MiB / 7.38GiB","Name":"flash-cloud-bench-consumer-1","NetIO":"4.4MB / 6.72MB","PIDs":"7"}
{"BlockIO":"0B / 0B","CPUPerc":"3.85%","Container":"d790ff1ba173","ID":"d790ff1ba173","MemPerc":"0.47%","MemUsage":"35.83MiB / 7.38GiB","Name":"flash-cloud-bench-publisher-1","NetIO":"6.44MB / 9.15MB","PIDs":"7"}
{"BlockIO":"4.77MB / 0B","CPUPerc":"3.52%","Container":"e0a44f45bbd7","ID":"e0a44f45bbd7","MemPerc":"0.52%","MemUsage":"39.27MiB / 7.38GiB","Name":"flash-cloud-bench-simulator-1","NetIO":"9.95MB / 12.5MB","PIDs":"10"}
{"BlockIO":"7.95MB / 0B","CPUPerc":"7.47%","Container":"a66f27ba8092","ID":"a66f27ba8092","MemPerc":"0.54%","MemUsage":"40.67MiB / 7.38GiB","Name":"flash-cloud-bench-maintenance-1","NetIO":"174MB / 600MB","PIDs":"6"}
{"BlockIO":"1.41MB / 0B","CPUPerc":"7.89%","Container":"6fea00feedc4","ID":"6fea00feedc4","MemPerc":"0.04%","MemUsage":"2.863MiB / 7.38GiB","Name":"flash-cloud-bench-pgbouncer-1","NetIO":"269MB / 268MB","PIDs":"1"}
{"BlockIO":"83.4MB / 273MB","CPUPerc":"41.92%","Container":"d440893966b4","ID":"d440893966b4","MemPerc":"1.59%","MemUsage":"120MiB / 7.38GiB","Name":"flash-cloud-bench-postgres-1","NetIO":"82.3MB / 192MB","PIDs":"14"}
{"BlockIO":"98.2MB / 9.73MB","CPUPerc":"3.98%","Container":"562ac1217807","ID":"562ac1217807","MemPerc":"7.06%","MemUsage":"533.6MiB / 7.38GiB","Name":"flash-cloud-bench-kafka-1","NetIO":"3.25MB / 2.59MB","PIDs":"101"}
{"BlockIO":"71.4MB / 1.11MB","CPUPerc":"0.39%","Container":"bc21247794d5","ID":"bc21247794d5","MemPerc":"1.20%","MemUsage":"90.5MiB / 7.38GiB","Name":"flash-cloud-bench-prometheus-1","NetIO":"2.11MB / 305kB","PIDs":"9"}
2026-09-08T10:36:53Z
{"BlockIO":"18.7MB / 4.85MB","CPUPerc":"42.97%","Container":"5440352fa90e","ID":"5440352fa90e","MemPerc":"1.18%","MemUsage":"89.44MiB / 7.38GiB","Name":"flash-cloud-bench-api-1","NetIO":"400MB / 282MB","PIDs":"11"}
{"BlockIO":"41.2MB / 143MB","CPUPerc":"5.95%","Container":"0c0c4eec6cd3","ID":"0c0c4eec6cd3","MemPerc":"0.85%","MemUsage":"63.89MiB / 7.38GiB","Name":"flash-cloud-bench-redis-1","NetIO":"626MB / 382MB","PIDs":"6"}
{"BlockIO":"0B / 0B","CPUPerc":"3.92%","Container":"facf8315afea","ID":"facf8315afea","MemPerc":"0.47%","MemUsage":"35.71MiB / 7.38GiB","Name":"flash-cloud-bench-consumer-1","NetIO":"4.7MB / 7.17MB","PIDs":"7"}
{"BlockIO":"0B / 0B","CPUPerc":"4.03%","Container":"d790ff1ba173","ID":"d790ff1ba173","MemPerc":"0.47%","MemUsage":"35.83MiB / 7.38GiB","Name":"flash-cloud-bench-publisher-1","NetIO":"6.76MB / 9.61MB","PIDs":"7"}
{"BlockIO":"4.77MB / 0B","CPUPerc":"3.28%","Container":"e0a44f45bbd7","ID":"e0a44f45bbd7","MemPerc":"0.52%","MemUsage":"39.27MiB / 7.38GiB","Name":"flash-cloud-bench-simulator-1","NetIO":"10.3MB / 12.9MB","PIDs":"10"}
{"BlockIO":"7.95MB / 0B","CPUPerc":"24.95%","Container":"a66f27ba8092","ID":"a66f27ba8092","MemPerc":"0.54%","MemUsage":"40.67MiB / 7.38GiB","Name":"flash-cloud-bench-maintenance-1","NetIO":"184MB / 633MB","PIDs":"6"}
{"BlockIO":"1.41MB / 0B","CPUPerc":"8.59%","Container":"6fea00feedc4","ID":"6fea00feedc4","MemPerc":"0.04%","MemUsage":"2.867MiB / 7.38GiB","Name":"flash-cloud-bench-pgbouncer-1","NetIO":"282MB / 281MB","PIDs":"1"}
{"BlockIO":"83.4MB / 291MB","CPUPerc":"47.14%","Container":"d440893966b4","ID":"d440893966b4","MemPerc":"1.59%","MemUsage":"120.4MiB / 7.38GiB","Name":"flash-cloud-bench-postgres-1","NetIO":"86.3MB / 202MB","PIDs":"14"}
{"BlockIO":"98.2MB / 10.2MB","CPUPerc":"3.43%","Container":"562ac1217807","ID":"562ac1217807","MemPerc":"7.08%","MemUsage":"535.2MiB / 7.38GiB","Name":"flash-cloud-bench-kafka-1","NetIO":"3.47MB / 2.77MB","PIDs":"101"}
{"BlockIO":"71.4MB / 1.14MB","CPUPerc":"0.14%","Container":"bc21247794d5","ID":"bc21247794d5","MemPerc":"1.20%","MemUsage":"90.5MiB / 7.38GiB","Name":"flash-cloud-bench-prometheus-1","NetIO":"2.17MB / 314kB","PIDs":"9"}
2026-09-08T10:37:03Z
{"BlockIO":"18.7MB / 5.03MB","CPUPerc":"44.76%","Container":"5440352fa90e","ID":"5440352fa90e","MemPerc":"1.24%","MemUsage":"93.83MiB / 7.38GiB","Name":"flash-cloud-bench-api-1","NetIO":"430MB / 301MB","PIDs":"10"}
{"BlockIO":"41.2MB / 143MB","CPUPerc":"18.59%","Container":"0c0c4eec6cd3","ID":"0c0c4eec6cd3","MemPerc":"0.84%","MemUsage":"63.84MiB / 7.38GiB","Name":"flash-cloud-bench-redis-1","NetIO":"643MB / 418MB","PIDs":"6"}
{"BlockIO":"0B / 0B","CPUPerc":"3.40%","Container":"facf8315afea","ID":"facf8315afea","MemPerc":"0.47%","MemUsage":"35.72MiB / 7.38GiB","Name":"flash-cloud-bench-consumer-1","NetIO":"5MB / 7.62MB","PIDs":"7"}
{"BlockIO":"0B / 0B","CPUPerc":"3.69%","Container":"d790ff1ba173","ID":"d790ff1ba173","MemPerc":"0.47%","MemUsage":"35.83MiB / 7.38GiB","Name":"flash-cloud-bench-publisher-1","NetIO":"7.07MB / 10.1MB","PIDs":"7"}
{"BlockIO":"4.77MB / 0B","CPUPerc":"3.38%","Container":"e0a44f45bbd7","ID":"e0a44f45bbd7","MemPerc":"0.52%","MemUsage":"39.27MiB / 7.38GiB","Name":"flash-cloud-bench-simulator-1","NetIO":"10.6MB / 13.3MB","PIDs":"10"}
{"BlockIO":"7.95MB / 0B","CPUPerc":"24.14%","Container":"a66f27ba8092","ID":"a66f27ba8092","MemPerc":"0.54%","MemUsage":"40.67MiB / 7.38GiB","Name":"flash-cloud-bench-maintenance-1","NetIO":"188MB / 645MB","PIDs":"6"}
{"BlockIO":"1.41MB / 0B","CPUPerc":"8.23%","Container":"6fea00feedc4","ID":"6fea00feedc4","MemPerc":"0.04%","MemUsage":"2.883MiB / 7.38GiB","Name":"flash-cloud-bench-pgbouncer-1","NetIO":"290MB / 289MB","PIDs":"1"}
{"BlockIO":"83.4MB / 304MB","CPUPerc":"45.41%","Container":"d440893966b4","ID":"d440893966b4","MemPerc":"1.60%","MemUsage":"120.8MiB / 7.38GiB","Name":"flash-cloud-bench-postgres-1","NetIO":"89.6MB / 206MB","PIDs":"14"}
{"BlockIO":"98.2MB / 10.6MB","CPUPerc":"2.18%","Container":"562ac1217807","ID":"562ac1217807","MemPerc":"7.09%","MemUsage":"535.5MiB / 7.38GiB","Name":"flash-cloud-bench-kafka-1","NetIO":"3.68MB / 2.95MB","PIDs":"101"}
{"BlockIO":"71.4MB / 1.14MB","CPUPerc":"0.14%","Container":"bc21247794d5","ID":"bc21247794d5","MemPerc":"1.20%","MemUsage":"90.5MiB / 7.38GiB","Name":"flash-cloud-bench-prometheus-1","NetIO":"2.24MB / 324kB","PIDs":"9"}
2026-09-08T10:37:13Z
{"BlockIO":"18.7MB / 5.28MB","CPUPerc":"43.62%","Container":"5440352fa90e","ID":"5440352fa90e","MemPerc":"1.19%","MemUsage":"89.77MiB / 7.38GiB","Name":"flash-cloud-bench-api-1","NetIO":"465MB / 324MB","PIDs":"11"}
{"BlockIO":"41.2MB / 172MB","CPUPerc":"19.16%","Container":"0c0c4eec6cd3","ID":"0c0c4eec6cd3","MemPerc":"0.85%","MemUsage":"63.96MiB / 7.38GiB","Name":"flash-cloud-bench-redis-1","NetIO":"672MB / 451MB","PIDs":"6"}
{"BlockIO":"0B / 0B","CPUPerc":"3.75%","Container":"facf8315afea","ID":"facf8315afea","MemPerc":"0.47%","MemUsage":"35.71MiB / 7.38GiB","Name":"flash-cloud-bench-consumer-1","NetIO":"5.3MB / 8.07MB","PIDs":"7"}
{"BlockIO":"0B / 0B","CPUPerc":"3.76%","Container":"d790ff1ba173","ID":"d790ff1ba173","MemPerc":"0.47%","MemUsage":"35.84MiB / 7.38GiB","Name":"flash-cloud-bench-publisher-1","NetIO":"7.38MB / 10.5MB","PIDs":"7"}
{"BlockIO":"4.77MB / 0B","CPUPerc":"3.34%","Container":"e0a44f45bbd7","ID":"e0a44f45bbd7","MemPerc":"0.52%","MemUsage":"39.27MiB / 7.38GiB","Name":"flash-cloud-bench-simulator-1","NetIO":"10.9MB / 13.7MB","PIDs":"10"}
{"BlockIO":"7.95MB / 0B","CPUPerc":"25.84%","Container":"a66f27ba8092","ID":"a66f27ba8092","MemPerc":"0.54%","MemUsage":"40.67MiB / 7.38GiB","Name":"flash-cloud-bench-maintenance-1","NetIO":"196MB / 675MB","PIDs":"6"}
{"BlockIO":"1.41MB / 0B","CPUPerc":"8.69%","Container":"6fea00feedc4","ID":"6fea00feedc4","MemPerc":"0.04%","MemUsage":"2.867MiB / 7.38GiB","Name":"flash-cloud-bench-pgbouncer-1","NetIO":"303MB / 302MB","PIDs":"1"}
{"BlockIO":"83.4MB / 321MB","CPUPerc":"52.96%","Container":"d440893966b4","ID":"d440893966b4","MemPerc":"1.60%","MemUsage":"121MiB / 7.38GiB","Name":"flash-cloud-bench-postgres-1","NetIO":"93.6MB / 216MB","PIDs":"14"}
{"BlockIO":"98.2MB / 11.1MB","CPUPerc":"11.66%","Container":"562ac1217807","ID":"562ac1217807","MemPerc":"7.09%","MemUsage":"535.7MiB / 7.38GiB","Name":"flash-cloud-bench-kafka-1","NetIO":"3.9MB / 3.13MB","PIDs":"101"}
{"BlockIO":"71.4MB / 1.14MB","CPUPerc":"0.15%","Container":"bc21247794d5","ID":"bc21247794d5","MemPerc":"1.20%","MemUsage":"90.54MiB / 7.38GiB","Name":"flash-cloud-bench-prometheus-1","NetIO":"2.31MB / 333kB","PIDs":"9"}
2026-09-08T10:37:24Z
{"BlockIO":"18.7MB / 5.57MB","CPUPerc":"54.87%","Container":"5440352fa90e","ID":"5440352fa90e","MemPerc":"1.25%","MemUsage":"94.46MiB / 7.38GiB","Name":"flash-cloud-bench-api-1","NetIO":"514MB / 354MB","PIDs":"9"}
{"BlockIO":"41.2MB / 172MB","CPUPerc":"19.77%","Container":"0c0c4eec6cd3","ID":"0c0c4eec6cd3","MemPerc":"0.85%","MemUsage":"63.94MiB / 7.38GiB","Name":"flash-cloud-bench-redis-1","NetIO":"685MB / 496MB","PIDs":"6"}
{"BlockIO":"0B / 0B","CPUPerc":"3.23%","Container":"facf8315afea","ID":"facf8315afea","MemPerc":"0.47%","MemUsage":"35.71MiB / 7.38GiB","Name":"flash-cloud-bench-consumer-1","NetIO":"5.55MB / 8.44MB","PIDs":"7"}
{"BlockIO":"0B / 0B","CPUPerc":"3.47%","Container":"d790ff1ba173","ID":"d790ff1ba173","MemPerc":"0.47%","MemUsage":"35.84MiB / 7.38GiB","Name":"flash-cloud-bench-publisher-1","NetIO":"7.66MB / 10.9MB","PIDs":"7"}
{"BlockIO":"4.77MB / 0B","CPUPerc":"2.91%","Container":"e0a44f45bbd7","ID":"e0a44f45bbd7","MemPerc":"0.52%","MemUsage":"39.27MiB / 7.38GiB","Name":"flash-cloud-bench-simulator-1","NetIO":"11.2MB / 14.1MB","PIDs":"10"}
{"BlockIO":"7.95MB / 0B","CPUPerc":"21.09%","Container":"a66f27ba8092","ID":"a66f27ba8092","MemPerc":"0.54%","MemUsage":"40.67MiB / 7.38GiB","Name":"flash-cloud-bench-maintenance-1","NetIO":"200MB / 687MB","PIDs":"6"}
{"BlockIO":"1.41MB / 0B","CPUPerc":"7.68%","Container":"6fea00feedc4","ID":"6fea00feedc4","MemPerc":"0.04%","MemUsage":"2.871MiB / 7.38GiB","Name":"flash-cloud-bench-pgbouncer-1","NetIO":"310MB / 309MB","PIDs":"1"}
{"BlockIO":"83.4MB / 330MB","CPUPerc":"44.95%","Container":"d440893966b4","ID":"d440893966b4","MemPerc":"1.60%","MemUsage":"121.2MiB / 7.38GiB","Name":"flash-cloud-bench-postgres-1","NetIO":"96.2MB / 219MB","PIDs":"14"}
{"BlockIO":"98.2MB / 11.5MB","CPUPerc":"75.19%","Container":"562ac1217807","ID":"562ac1217807","MemPerc":"7.09%","MemUsage":"535.8MiB / 7.38GiB","Name":"flash-cloud-bench-kafka-1","NetIO":"4.08MB / 3.27MB","PIDs":"101"}
{"BlockIO":"71.4MB / 1.18MB","CPUPerc":"0.00%","Container":"bc21247794d5","ID":"bc21247794d5","MemPerc":"1.20%","MemUsage":"90.55MiB / 7.38GiB","Name":"flash-cloud-bench-prometheus-1","NetIO":"2.38MB / 343kB","PIDs":"9"}
2026-09-08T10:37:34Z
{"BlockIO":"18.7MB / 5.84MB","CPUPerc":"72.28%","Container":"5440352fa90e","ID":"5440352fa90e","MemPerc":"1.20%","MemUsage":"90.62MiB / 7.38GiB","Name":"flash-cloud-bench-api-1","NetIO":"535MB / 372MB","PIDs":"15"}
{"BlockIO":"41.2MB / 172MB","CPUPerc":"20.74%","Container":"0c0c4eec6cd3","ID":"0c0c4eec6cd3","MemPerc":"0.85%","MemUsage":"64.04MiB / 7.38GiB","Name":"flash-cloud-bench-redis-1","NetIO":"717MB / 516MB","PIDs":"6"}
{"BlockIO":"0B / 0B","CPUPerc":"5.37%","Container":"facf8315afea","ID":"facf8315afea","MemPerc":"0.47%","MemUsage":"35.71MiB / 7.38GiB","Name":"flash-cloud-bench-consumer-1","NetIO":"6MB / 9.1MB","PIDs":"7"}
{"BlockIO":"0B / 0B","CPUPerc":"4.00%","Container":"d790ff1ba173","ID":"d790ff1ba173","MemPerc":"0.47%","MemUsage":"35.84MiB / 7.38GiB","Name":"flash-cloud-bench-publisher-1","NetIO":"8.01MB / 11.4MB","PIDs":"7"}
{"BlockIO":"4.77MB / 0B","CPUPerc":"3.09%","Container":"e0a44f45bbd7","ID":"e0a44f45bbd7","MemPerc":"0.52%","MemUsage":"39.27MiB / 7.38GiB","Name":"flash-cloud-bench-simulator-1","NetIO":"11.5MB / 14.5MB","PIDs":"10"}
{"BlockIO":"7.95MB / 0B","CPUPerc":"25.75%","Container":"a66f27ba8092","ID":"a66f27ba8092","MemPerc":"0.54%","MemUsage":"40.68MiB / 7.38GiB","Name":"flash-cloud-bench-maintenance-1","NetIO":"209MB / 717MB","PIDs":"6"}
{"BlockIO":"1.41MB / 0B","CPUPerc":"9.86%","Container":"6fea00feedc4","ID":"6fea00feedc4","MemPerc":"0.04%","MemUsage":"2.863MiB / 7.38GiB","Name":"flash-cloud-bench-pgbouncer-1","NetIO":"325MB / 324MB","PIDs":"1"}
{"BlockIO":"83.4MB / 352MB","CPUPerc":"56.29%","Container":"d440893966b4","ID":"d440893966b4","MemPerc":"1.64%","MemUsage":"124.2MiB / 7.38GiB","Name":"flash-cloud-bench-postgres-1","NetIO":"101MB / 230MB","PIDs":"15"}
{"BlockIO":"98.2MB / 12.1MB","CPUPerc":"45.39%","Container":"562ac1217807","ID":"562ac1217807","MemPerc":"7.51%","MemUsage":"567.5MiB / 7.38GiB","Name":"flash-cloud-bench-kafka-1","NetIO":"4.38MB / 3.53MB","PIDs":"120"}
{"BlockIO":"71.4MB / 1.18MB","CPUPerc":"0.40%","Container":"bc21247794d5","ID":"bc21247794d5","MemPerc":"1.20%","MemUsage":"90.55MiB / 7.38GiB","Name":"flash-cloud-bench-prometheus-1","NetIO":"2.45MB / 352kB","PIDs":"9"}
2026-09-08T10:37:44Z
{"BlockIO":"18.7MB / 6.11MB","CPUPerc":"84.53%","Container":"5440352fa90e","ID":"5440352fa90e","MemPerc":"1.21%","MemUsage":"91.66MiB / 7.38GiB","Name":"flash-cloud-bench-api-1","NetIO":"582MB / 404MB","PIDs":"18"}
{"BlockIO":"41.2MB / 172MB","CPUPerc":"21.73%","Container":"0c0c4eec6cd3","ID":"0c0c4eec6cd3","MemPerc":"0.85%","MemUsage":"64.13MiB / 7.38GiB","Name":"flash-cloud-bench-redis-1","NetIO":"733MB / 561MB","PIDs":"6"}
{"BlockIO":"0B / 0B","CPUPerc":"5.28%","Container":"facf8315afea","ID":"facf8315afea","MemPerc":"0.47%","MemUsage":"35.72MiB / 7.38GiB","Name":"flash-cloud-bench-consumer-1","NetIO":"6.44MB / 9.75MB","PIDs":"7"}
{"BlockIO":"0B / 0B","CPUPerc":"4.06%","Container":"d790ff1ba173","ID":"d790ff1ba173","MemPerc":"0.47%","MemUsage":"35.84MiB / 7.38GiB","Name":"flash-cloud-bench-publisher-1","NetIO":"8.36MB / 11.9MB","PIDs":"7"}
{"BlockIO":"4.77MB / 0B","CPUPerc":"3.92%","Container":"e0a44f45bbd7","ID":"e0a44f45bbd7","MemPerc":"0.52%","MemUsage":"39.27MiB / 7.38GiB","Name":"flash-cloud-bench-simulator-1","NetIO":"11.8MB / 14.8MB","PIDs":"10"}
{"BlockIO":"7.95MB / 0B","CPUPerc":"24.58%","Container":"a66f27ba8092","ID":"a66f27ba8092","MemPerc":"0.54%","MemUsage":"40.68MiB / 7.38GiB","Name":"flash-cloud-bench-maintenance-1","NetIO":"213MB / 729MB","PIDs":"6"}
{"BlockIO":"1.41MB / 0B","CPUPerc":"9.69%","Container":"6fea00feedc4","ID":"6fea00feedc4","MemPerc":"0.04%","MemUsage":"2.879MiB / 7.38GiB","Name":"flash-cloud-bench-pgbouncer-1","NetIO":"334MB / 333MB","PIDs":"1"}
{"BlockIO":"83.4MB / 369MB","CPUPerc":"59.69%","Container":"d440893966b4","ID":"d440893966b4","MemPerc":"1.65%","MemUsage":"124.7MiB / 7.38GiB","Name":"flash-cloud-bench-postgres-1","NetIO":"106MB / 235MB","PIDs":"15"}
{"BlockIO":"98.2MB / 12.3MB","CPUPerc":"2.56%","Container":"562ac1217807","ID":"562ac1217807","MemPerc":"7.09%","MemUsage":"536MiB / 7.38GiB","Name":"flash-cloud-bench-kafka-1","NetIO":"4.68MB / 3.79MB","PIDs":"101"}
{"BlockIO":"71.4MB / 1.18MB","CPUPerc":"0.01%","Container":"bc21247794d5","ID":"bc21247794d5","MemPerc":"1.20%","MemUsage":"90.55MiB / 7.38GiB","Name":"flash-cloud-bench-prometheus-1","NetIO":"2.52MB / 361kB","PIDs":"9"}
2026-09-08T10:37:54Z
{"BlockIO":"18.7MB / 6.39MB","CPUPerc":"81.20%","Container":"5440352fa90e","ID":"5440352fa90e","MemPerc":"1.22%","MemUsage":"92.33MiB / 7.38GiB","Name":"flash-cloud-bench-api-1","NetIO":"633MB / 437MB","PIDs":"18"}
{"BlockIO":"41.2MB / 172MB","CPUPerc":"24.35%","Container":"0c0c4eec6cd3","ID":"0c0c4eec6cd3","MemPerc":"0.85%","MemUsage":"64.21MiB / 7.38GiB","Name":"flash-cloud-bench-redis-1","NetIO":"765MB / 609MB","PIDs":"6"}
{"BlockIO":"0B / 0B","CPUPerc":"5.27%","Container":"facf8315afea","ID":"facf8315afea","MemPerc":"0.47%","MemUsage":"35.72MiB / 7.38GiB","Name":"flash-cloud-bench-consumer-1","NetIO":"6.89MB / 10.4MB","PIDs":"7"}
{"BlockIO":"0B / 0B","CPUPerc":"4.43%","Container":"d790ff1ba173","ID":"d790ff1ba173","MemPerc":"0.47%","MemUsage":"35.84MiB / 7.38GiB","Name":"flash-cloud-bench-publisher-1","NetIO":"8.71MB / 12.5MB","PIDs":"7"}
{"BlockIO":"4.77MB / 0B","CPUPerc":"3.27%","Container":"e0a44f45bbd7","ID":"e0a44f45bbd7","MemPerc":"0.52%","MemUsage":"39.27MiB / 7.38GiB","Name":"flash-cloud-bench-simulator-1","NetIO":"12.1MB / 15.3MB","PIDs":"10"}
{"BlockIO":"7.95MB / 0B","CPUPerc":"25.32%","Container":"a66f27ba8092","ID":"a66f27ba8092","MemPerc":"0.54%","MemUsage":"40.7MiB / 7.38GiB","Name":"flash-cloud-bench-maintenance-1","NetIO":"222MB / 759MB","PIDs":"6"}
{"BlockIO":"1.41MB / 0B","CPUPerc":"9.97%","Container":"6fea00feedc4","ID":"6fea00feedc4","MemPerc":"0.04%","MemUsage":"2.879MiB / 7.38GiB","Name":"flash-cloud-bench-pgbouncer-1","NetIO":"348MB / 347MB","PIDs":"1"}
{"BlockIO":"83.4MB / 391MB","CPUPerc":"56.78%","Container":"d440893966b4","ID":"d440893966b4","MemPerc":"1.66%","MemUsage":"125.2MiB / 7.38GiB","Name":"flash-cloud-bench-postgres-1","NetIO":"110MB / 245MB","PIDs":"15"}
{"BlockIO":"98.2MB / 13.1MB","CPUPerc":"2.73%","Container":"562ac1217807","ID":"562ac1217807","MemPerc":"7.09%","MemUsage":"536.1MiB / 7.38GiB","Name":"flash-cloud-bench-kafka-1","NetIO":"4.99MB / 4.05MB","PIDs":"101"}
{"BlockIO":"71.4MB / 1.21MB","CPUPerc":"0.40%","Container":"bc21247794d5","ID":"bc21247794d5","MemPerc":"1.20%","MemUsage":"90.58MiB / 7.38GiB","Name":"flash-cloud-bench-prometheus-1","NetIO":"2.59MB / 371kB","PIDs":"9"}
2026-09-08T10:38:04Z
{"BlockIO":"18.7MB / 6.68MB","CPUPerc":"79.12%","Container":"5440352fa90e","ID":"5440352fa90e","MemPerc":"1.23%","MemUsage":"93.19MiB / 7.38GiB","Name":"flash-cloud-bench-api-1","NetIO":"685MB / 471MB","PIDs":"18"}
{"BlockIO":"41.2MB / 172MB","CPUPerc":"22.44%","Container":"0c0c4eec6cd3","ID":"0c0c4eec6cd3","MemPerc":"0.85%","MemUsage":"64.45MiB / 7.38GiB","Name":"flash-cloud-bench-redis-1","NetIO":"780MB / 659MB","PIDs":"6"}
{"BlockIO":"0B / 0B","CPUPerc":"5.20%","Container":"facf8315afea","ID":"facf8315afea","MemPerc":"0.47%","MemUsage":"35.73MiB / 7.38GiB","Name":"flash-cloud-bench-consumer-1","NetIO":"7.31MB / 11MB","PIDs":"7"}
{"BlockIO":"0B / 0B","CPUPerc":"3.62%","Container":"d790ff1ba173","ID":"d790ff1ba173","MemPerc":"0.47%","MemUsage":"35.84MiB / 7.38GiB","Name":"flash-cloud-bench-publisher-1","NetIO":"9.02MB / 12.9MB","PIDs":"7"}
{"BlockIO":"4.77MB / 0B","CPUPerc":"2.94%","Container":"e0a44f45bbd7","ID":"e0a44f45bbd7","MemPerc":"0.52%","MemUsage":"39.27MiB / 7.38GiB","Name":"flash-cloud-bench-simulator-1","NetIO":"12.5MB / 15.7MB","PIDs":"10"}
{"BlockIO":"7.95MB / 0B","CPUPerc":"25.40%","Container":"a66f27ba8092","ID":"a66f27ba8092","MemPerc":"0.54%","MemUsage":"40.7MiB / 7.38GiB","Name":"flash-cloud-bench-maintenance-1","NetIO":"226MB / 773MB","PIDs":"6"}
{"BlockIO":"1.41MB / 0B","CPUPerc":"10.83%","Container":"6fea00feedc4","ID":"6fea00feedc4","MemPerc":"0.04%","MemUsage":"2.867MiB / 7.38GiB","Name":"flash-cloud-bench-pgbouncer-1","NetIO":"357MB / 356MB","PIDs":"1"}
{"BlockIO":"83.4MB / 407MB","CPUPerc":"56.56%","Container":"d440893966b4","ID":"d440893966b4","MemPerc":"1.69%","MemUsage":"127.8MiB / 7.38GiB","Name":"flash-cloud-bench-postgres-1","NetIO":"114MB / 251MB","PIDs":"16"}
{"BlockIO":"98.2MB / 13.2MB","CPUPerc":"2.81%","Container":"562ac1217807","ID":"562ac1217807","MemPerc":"7.10%","MemUsage":"536.2MiB / 7.38GiB","Name":"flash-cloud-bench-kafka-1","NetIO":"5.27MB / 4.29MB","PIDs":"101"}
{"BlockIO":"71.4MB / 1.23MB","CPUPerc":"0.01%","Container":"bc21247794d5","ID":"bc21247794d5","MemPerc":"1.20%","MemUsage":"90.57MiB / 7.38GiB","Name":"flash-cloud-bench-prometheus-1","NetIO":"2.66MB / 380kB","PIDs":"9"}
2026-09-08T10:38:14Z
{"BlockIO":"18.7MB / 6.98MB","CPUPerc":"39.22%","Container":"5440352fa90e","ID":"5440352fa90e","MemPerc":"1.27%","MemUsage":"96.2MiB / 7.38GiB","Name":"flash-cloud-bench-api-1","NetIO":"727MB / 499MB","PIDs":"28"}
{"BlockIO":"41.2MB / 201MB","CPUPerc":"14.23%","Container":"0c0c4eec6cd3","ID":"0c0c4eec6cd3","MemPerc":"0.85%","MemUsage":"64.27MiB / 7.38GiB","Name":"flash-cloud-bench-redis-1","NetIO":"810MB / 700MB","PIDs":"6"}
{"BlockIO":"0B / 0B","CPUPerc":"3.93%","Container":"facf8315afea","ID":"facf8315afea","MemPerc":"0.47%","MemUsage":"35.73MiB / 7.38GiB","Name":"flash-cloud-bench-consumer-1","NetIO":"7.7MB / 11.6MB","PIDs":"7"}
{"BlockIO":"0B / 0B","CPUPerc":"3.80%","Container":"d790ff1ba173","ID":"d790ff1ba173","MemPerc":"0.47%","MemUsage":"35.84MiB / 7.38GiB","Name":"flash-cloud-bench-publisher-1","NetIO":"9.37MB / 13.4MB","PIDs":"7"}
{"BlockIO":"4.77MB / 0B","CPUPerc":"3.79%","Container":"e0a44f45bbd7","ID":"e0a44f45bbd7","MemPerc":"0.52%","MemUsage":"39.27MiB / 7.38GiB","Name":"flash-cloud-bench-simulator-1","NetIO":"12.8MB / 16.1MB","PIDs":"10"}
{"BlockIO":"7.95MB / 0B","CPUPerc":"21.05%","Container":"a66f27ba8092","ID":"a66f27ba8092","MemPerc":"0.54%","MemUsage":"40.7MiB / 7.38GiB","Name":"flash-cloud-bench-maintenance-1","NetIO":"235MB / 802MB","PIDs":"6"}
{"BlockIO":"1.41MB / 0B","CPUPerc":"8.16%","Container":"6fea00feedc4","ID":"6fea00feedc4","MemPerc":"0.04%","MemUsage":"2.867MiB / 7.38GiB","Name":"flash-cloud-bench-pgbouncer-1","NetIO":"371MB / 370MB","PIDs":"1"}
{"BlockIO":"83.4MB / 426MB","CPUPerc":"61.37%","Container":"d440893966b4","ID":"d440893966b4","MemPerc":"1.70%","MemUsage":"128.4MiB / 7.38GiB","Name":"flash-cloud-bench-postgres-1","NetIO":"119MB / 260MB","PIDs":"16"}
{"BlockIO":"98.2MB / 13.9MB","CPUPerc":"3.60%","Container":"562ac1217807","ID":"562ac1217807","MemPerc":"7.10%","MemUsage":"536.3MiB / 7.38GiB","Name":"flash-cloud-bench-kafka-1","NetIO":"5.54MB / 4.51MB","PIDs":"101"}
{"BlockIO":"71.4MB / 1.24MB","CPUPerc":"0.15%","Container":"bc21247794d5","ID":"bc21247794d5","MemPerc":"1.20%","MemUsage":"90.58MiB / 7.38GiB","Name":"flash-cloud-bench-prometheus-1","NetIO":"2.73MB / 389kB","PIDs":"9"}
2026-09-08T10:38:24Z
{"BlockIO":"18.7MB / 7.29MB","CPUPerc":"46.46%","Container":"5440352fa90e","ID":"5440352fa90e","MemPerc":"1.27%","MemUsage":"96.25MiB / 7.38GiB","Name":"flash-cloud-bench-api-1","NetIO":"775MB / 531MB","PIDs":"19"}
{"BlockIO":"41.2MB / 201MB","CPUPerc":"24.29%","Container":"0c0c4eec6cd3","ID":"0c0c4eec6cd3","MemPerc":"0.85%","MemUsage":"64.27MiB / 7.38GiB","Name":"flash-cloud-bench-redis-1","NetIO":"827MB / 746MB","PIDs":"6"}
{"BlockIO":"0B / 0B","CPUPerc":"2.78%","Container":"facf8315afea","ID":"facf8315afea","MemPerc":"0.47%","MemUsage":"35.73MiB / 7.38GiB","Name":"flash-cloud-bench-consumer-1","NetIO":"8.06MB / 12.1MB","PIDs":"7"}
{"BlockIO":"0B / 0B","CPUPerc":"3.78%","Container":"d790ff1ba173","ID":"d790ff1ba173","MemPerc":"0.47%","MemUsage":"35.84MiB / 7.38GiB","Name":"flash-cloud-bench-publisher-1","NetIO":"9.66MB / 13.9MB","PIDs":"7"}
{"BlockIO":"4.77MB / 0B","CPUPerc":"3.54%","Container":"e0a44f45bbd7","ID":"e0a44f45bbd7","MemPerc":"0.52%","MemUsage":"39.27MiB / 7.38GiB","Name":"flash-cloud-bench-simulator-1","NetIO":"13.1MB / 16.5MB","PIDs":"10"}
{"BlockIO":"7.95MB / 0B","CPUPerc":"28.64%","Container":"a66f27ba8092","ID":"a66f27ba8092","MemPerc":"0.54%","MemUsage":"40.7MiB / 7.38GiB","Name":"flash-cloud-bench-maintenance-1","NetIO":"239MB / 817MB","PIDs":"6"}
{"BlockIO":"1.41MB / 0B","CPUPerc":"8.80%","Container":"6fea00feedc4","ID":"6fea00feedc4","MemPerc":"0.04%","MemUsage":"2.867MiB / 7.38GiB","Name":"flash-cloud-bench-pgbouncer-1","NetIO":"380MB / 379MB","PIDs":"1"}
{"BlockIO":"83.4MB / 440MB","CPUPerc":"48.38%","Container":"d440893966b4","ID":"d440893966b4","MemPerc":"1.71%","MemUsage":"128.9MiB / 7.38GiB","Name":"flash-cloud-bench-postgres-1","NetIO":"123MB / 266MB","PIDs":"16"}
{"BlockIO":"98.2MB / 14.5MB","CPUPerc":"1.86%","Container":"562ac1217807","ID":"562ac1217807","MemPerc":"7.12%","MemUsage":"537.9MiB / 7.38GiB","Name":"flash-cloud-bench-kafka-1","NetIO":"5.79MB / 4.72MB","PIDs":"101"}
{"BlockIO":"71.4MB / 1.26MB","CPUPerc":"0.04%","Container":"bc21247794d5","ID":"bc21247794d5","MemPerc":"1.20%","MemUsage":"90.58MiB / 7.38GiB","Name":"flash-cloud-bench-prometheus-1","NetIO":"2.79MB / 398kB","PIDs":"9"}
2026-09-08T10:38:34Z
{"BlockIO":"18.7MB / 7.6MB","CPUPerc":"60.48%","Container":"5440352fa90e","ID":"5440352fa90e","MemPerc":"1.28%","MemUsage":"96.91MiB / 7.38GiB","Name":"flash-cloud-bench-api-1","NetIO":"811MB / 555MB","PIDs":"24"}
{"BlockIO":"41.2MB / 201MB","CPUPerc":"13.10%","Container":"0c0c4eec6cd3","ID":"0c0c4eec6cd3","MemPerc":"0.85%","MemUsage":"64.24MiB / 7.38GiB","Name":"flash-cloud-bench-redis-1","NetIO":"855MB / 781MB","PIDs":"6"}
{"BlockIO":"0B / 0B","CPUPerc":"12.36%","Container":"facf8315afea","ID":"facf8315afea","MemPerc":"0.47%","MemUsage":"35.73MiB / 7.38GiB","Name":"flash-cloud-bench-consumer-1","NetIO":"8.41MB / 12.7MB","PIDs":"7"}
{"BlockIO":"0B / 0B","CPUPerc":"4.06%","Container":"d790ff1ba173","ID":"d790ff1ba173","MemPerc":"0.47%","MemUsage":"35.84MiB / 7.38GiB","Name":"flash-cloud-bench-publisher-1","NetIO":"10MB / 14.3MB","PIDs":"7"}
{"BlockIO":"4.77MB / 0B","CPUPerc":"3.02%","Container":"e0a44f45bbd7","ID":"e0a44f45bbd7","MemPerc":"0.52%","MemUsage":"39.27MiB / 7.38GiB","Name":"flash-cloud-bench-simulator-1","NetIO":"13.4MB / 16.9MB","PIDs":"10"}
{"BlockIO":"7.95MB / 0B","CPUPerc":"18.65%","Container":"a66f27ba8092","ID":"a66f27ba8092","MemPerc":"0.54%","MemUsage":"40.7MiB / 7.38GiB","Name":"flash-cloud-bench-maintenance-1","NetIO":"247MB / 844MB","PIDs":"6"}
{"BlockIO":"1.41MB / 0B","CPUPerc":"8.59%","Container":"6fea00feedc4","ID":"6fea00feedc4","MemPerc":"0.04%","MemUsage":"2.863MiB / 7.38GiB","Name":"flash-cloud-bench-pgbouncer-1","NetIO":"393MB / 392MB","PIDs":"1"}
{"BlockIO":"83.4MB / 456MB","CPUPerc":"43.53%","Container":"d440893966b4","ID":"d440893966b4","MemPerc":"1.71%","MemUsage":"129.3MiB / 7.38GiB","Name":"flash-cloud-bench-postgres-1","NetIO":"126MB / 274MB","PIDs":"16"}
{"BlockIO":"98.2MB / 15MB","CPUPerc":"20.32%","Container":"562ac1217807","ID":"562ac1217807","MemPerc":"7.14%","MemUsage":"539.7MiB / 7.38GiB","Name":"flash-cloud-bench-kafka-1","NetIO":"6.03MB / 4.92MB","PIDs":"101"}
{"BlockIO":"71.4MB / 1.27MB","CPUPerc":"0.05%","Container":"bc21247794d5","ID":"bc21247794d5","MemPerc":"1.20%","MemUsage":"90.58MiB / 7.38GiB","Name":"flash-cloud-bench-prometheus-1","NetIO":"2.86MB / 408kB","PIDs":"9"}
2026-09-08T10:38:45Z
{"BlockIO":"18.7MB / 7.93MB","CPUPerc":"78.61%","Container":"5440352fa90e","ID":"5440352fa90e","MemPerc":"1.28%","MemUsage":"96.53MiB / 7.38GiB","Name":"flash-cloud-bench-api-1","NetIO":"852MB / 581MB","PIDs":"18"}
{"BlockIO":"41.2MB / 201MB","CPUPerc":"17.05%","Container":"0c0c4eec6cd3","ID":"0c0c4eec6cd3","MemPerc":"0.85%","MemUsage":"64.15MiB / 7.38GiB","Name":"flash-cloud-bench-redis-1","NetIO":"871MB / 820MB","PIDs":"6"}
{"BlockIO":"0B / 0B","CPUPerc":"4.13%","Container":"facf8315afea","ID":"facf8315afea","MemPerc":"0.47%","MemUsage":"35.74MiB / 7.38GiB","Name":"flash-cloud-bench-consumer-1","NetIO":"8.77MB / 13.2MB","PIDs":"7"}
{"BlockIO":"0B / 0B","CPUPerc":"4.26%","Container":"d790ff1ba173","ID":"d790ff1ba173","MemPerc":"0.47%","MemUsage":"35.84MiB / 7.38GiB","Name":"flash-cloud-bench-publisher-1","NetIO":"10.3MB / 14.8MB","PIDs":"7"}
{"BlockIO":"4.77MB / 0B","CPUPerc":"2.68%","Container":"e0a44f45bbd7","ID":"e0a44f45bbd7","MemPerc":"0.52%","MemUsage":"39.27MiB / 7.38GiB","Name":"flash-cloud-bench-simulator-1","NetIO":"13.7MB / 17.3MB","PIDs":"10"}
{"BlockIO":"7.95MB / 0B","CPUPerc":"20.17%","Container":"a66f27ba8092","ID":"a66f27ba8092","MemPerc":"0.54%","MemUsage":"40.7MiB / 7.38GiB","Name":"flash-cloud-bench-maintenance-1","NetIO":"252MB / 858MB","PIDs":"6"}
{"BlockIO":"1.41MB / 0B","CPUPerc":"7.67%","Container":"6fea00feedc4","ID":"6fea00feedc4","MemPerc":"0.04%","MemUsage":"2.871MiB / 7.38GiB","Name":"flash-cloud-bench-pgbouncer-1","NetIO":"402MB / 401MB","PIDs":"1"}
{"BlockIO":"83.4MB / 472MB","CPUPerc":"77.86%","Container":"d440893966b4","ID":"d440893966b4","MemPerc":"1.79%","MemUsage":"135.4MiB / 7.38GiB","Name":"flash-cloud-bench-postgres-1","NetIO":"130MB / 280MB","PIDs":"17"}
{"BlockIO":"98.2MB / 15.1MB","CPUPerc":"102.63%","Container":"562ac1217807","ID":"562ac1217807","MemPerc":"7.72%","MemUsage":"583.3MiB / 7.38GiB","Name":"flash-cloud-bench-kafka-1","NetIO":"6.28MB / 5.14MB","PIDs":"122"}
{"BlockIO":"71.4MB / 1.29MB","CPUPerc":"0.00%","Container":"bc21247794d5","ID":"bc21247794d5","MemPerc":"1.20%","MemUsage":"90.58MiB / 7.38GiB","Name":"flash-cloud-bench-prometheus-1","NetIO":"2.93MB / 417kB","PIDs":"9"}
2026-09-08T10:38:55Z
{"BlockIO":"18.7MB / 8.26MB","CPUPerc":"111.24%","Container":"5440352fa90e","ID":"5440352fa90e","MemPerc":"1.28%","MemUsage":"96.73MiB / 7.38GiB","Name":"flash-cloud-bench-api-1","NetIO":"898MB / 612MB","PIDs":"17"}
{"BlockIO":"41.2MB / 201MB","CPUPerc":"18.32%","Container":"0c0c4eec6cd3","ID":"0c0c4eec6cd3","MemPerc":"0.85%","MemUsage":"64.24MiB / 7.38GiB","Name":"flash-cloud-bench-redis-1","NetIO":"901MB / 865MB","PIDs":"6"}
{"BlockIO":"0B / 0B","CPUPerc":"5.04%","Container":"facf8315afea","ID":"facf8315afea","MemPerc":"0.47%","MemUsage":"35.74MiB / 7.38GiB","Name":"flash-cloud-bench-consumer-1","NetIO":"9.17MB / 13.8MB","PIDs":"7"}
{"BlockIO":"0B / 0B","CPUPerc":"4.02%","Container":"d790ff1ba173","ID":"d790ff1ba173","MemPerc":"0.47%","MemUsage":"35.84MiB / 7.38GiB","Name":"flash-cloud-bench-publisher-1","NetIO":"10.7MB / 15.3MB","PIDs":"7"}
{"BlockIO":"4.77MB / 0B","CPUPerc":"2.81%","Container":"e0a44f45bbd7","ID":"e0a44f45bbd7","MemPerc":"0.52%","MemUsage":"39.27MiB / 7.38GiB","Name":"flash-cloud-bench-simulator-1","NetIO":"14MB / 17.7MB","PIDs":"10"}
{"BlockIO":"7.95MB / 0B","CPUPerc":"18.34%","Container":"a66f27ba8092","ID":"a66f27ba8092","MemPerc":"0.54%","MemUsage":"40.7MiB / 7.38GiB","Name":"flash-cloud-bench-maintenance-1","NetIO":"260MB / 886MB","PIDs":"6"}
{"BlockIO":"1.41MB / 0B","CPUPerc":"8.86%","Container":"6fea00feedc4","ID":"6fea00feedc4","MemPerc":"0.04%","MemUsage":"2.887MiB / 7.38GiB","Name":"flash-cloud-bench-pgbouncer-1","NetIO":"415MB / 414MB","PIDs":"1"}
{"BlockIO":"83.4MB / 491MB","CPUPerc":"57.50%","Container":"d440893966b4","ID":"d440893966b4","MemPerc":"1.71%","MemUsage":"129.6MiB / 7.38GiB","Name":"flash-cloud-bench-postgres-1","NetIO":"135MB / 289MB","PIDs":"16"}
{"BlockIO":"98.2MB / 15.9MB","CPUPerc":"2.34%","Container":"562ac1217807","ID":"562ac1217807","MemPerc":"7.15%","MemUsage":"540.6MiB / 7.38GiB","Name":"flash-cloud-bench-kafka-1","NetIO":"6.55MB / 5.37MB","PIDs":"101"}
{"BlockIO":"71.4MB / 1.31MB","CPUPerc":"0.02%","Container":"bc21247794d5","ID":"bc21247794d5","MemPerc":"1.20%","MemUsage":"90.58MiB / 7.38GiB","Name":"flash-cloud-bench-prometheus-1","NetIO":"3MB / 426kB","PIDs":"9"}
2026-09-08T10:39:05Z
{"BlockIO":"18.7MB / 8.61MB","CPUPerc":"79.90%","Container":"5440352fa90e","ID":"5440352fa90e","MemPerc":"1.29%","MemUsage":"97.28MiB / 7.38GiB","Name":"flash-cloud-bench-api-1","NetIO":"945MB / 643MB","PIDs":"20"}
{"BlockIO":"41.2MB / 201MB","CPUPerc":"19.00%","Container":"0c0c4eec6cd3","ID":"0c0c4eec6cd3","MemPerc":"0.85%","MemUsage":"64.2MiB / 7.38GiB","Name":"flash-cloud-bench-redis-1","NetIO":"917MB / 911MB","PIDs":"6"}
{"BlockIO":"0B / 0B","CPUPerc":"4.79%","Container":"facf8315afea","ID":"facf8315afea","MemPerc":"0.47%","MemUsage":"35.74MiB / 7.38GiB","Name":"flash-cloud-bench-consumer-1","NetIO":"9.52MB / 14.3MB","PIDs":"7"}
{"BlockIO":"0B / 0B","CPUPerc":"4.13%","Container":"d790ff1ba173","ID":"d790ff1ba173","MemPerc":"0.47%","MemUsage":"35.84MiB / 7.38GiB","Name":"flash-cloud-bench-publisher-1","NetIO":"10.9MB / 15.7MB","PIDs":"7"}
{"BlockIO":"4.77MB / 0B","CPUPerc":"3.06%","Container":"e0a44f45bbd7","ID":"e0a44f45bbd7","MemPerc":"0.52%","MemUsage":"39.27MiB / 7.38GiB","Name":"flash-cloud-bench-simulator-1","NetIO":"14.3MB / 18MB","PIDs":"10"}
{"BlockIO":"7.95MB / 0B","CPUPerc":"21.51%","Container":"a66f27ba8092","ID":"a66f27ba8092","MemPerc":"0.54%","MemUsage":"40.7MiB / 7.38GiB","Name":"flash-cloud-bench-maintenance-1","NetIO":"265MB / 901MB","PIDs":"6"}
{"BlockIO":"1.41MB / 0B","CPUPerc":"8.60%","Container":"6fea00feedc4","ID":"6fea00feedc4","MemPerc":"0.04%","MemUsage":"3.129MiB / 7.38GiB","Name":"flash-cloud-bench-pgbouncer-1","NetIO":"423MB / 422MB","PIDs":"1"}
{"BlockIO":"83.4MB / 503MB","CPUPerc":"41.31%","Container":"d440893966b4","ID":"d440893966b4","MemPerc":"1.72%","MemUsage":"130.1MiB / 7.38GiB","Name":"flash-cloud-bench-postgres-1","NetIO":"138MB / 294MB","PIDs":"16"}
{"BlockIO":"98.2MB / 16MB","CPUPerc":"2.41%","Container":"562ac1217807","ID":"562ac1217807","MemPerc":"7.30%","MemUsage":"551.5MiB / 7.38GiB","Name":"flash-cloud-bench-kafka-1","NetIO":"6.79MB / 5.56MB","PIDs":"101"}
{"BlockIO":"71.4MB / 1.31MB","CPUPerc":"0.04%","Container":"bc21247794d5","ID":"bc21247794d5","MemPerc":"1.20%","MemUsage":"90.58MiB / 7.38GiB","Name":"flash-cloud-bench-prometheus-1","NetIO":"3.07MB / 436kB","PIDs":"9"}
2026-09-08T10:39:15Z
{"BlockIO":"18.7MB / 8.95MB","CPUPerc":"73.99%","Container":"5440352fa90e","ID":"5440352fa90e","MemPerc":"1.29%","MemUsage":"97.48MiB / 7.38GiB","Name":"flash-cloud-bench-api-1","NetIO":"988MB / 672MB","PIDs":"21"}
{"BlockIO":"41.2MB / 230MB","CPUPerc":"14.46%","Container":"0c0c4eec6cd3","ID":"0c0c4eec6cd3","MemPerc":"0.85%","MemUsage":"64.34MiB / 7.38GiB","Name":"flash-cloud-bench-redis-1","NetIO":"946MB / 952MB","PIDs":"6"}
{"BlockIO":"0B / 0B","CPUPerc":"4.77%","Container":"facf8315afea","ID":"facf8315afea","MemPerc":"0.47%","MemUsage":"35.74MiB / 7.38GiB","Name":"flash-cloud-bench-consumer-1","NetIO":"9.93MB / 14.9MB","PIDs":"7"}
{"BlockIO":"0B / 0B","CPUPerc":"3.64%","Container":"d790ff1ba173","ID":"d790ff1ba173","MemPerc":"0.47%","MemUsage":"35.84MiB / 7.38GiB","Name":"flash-cloud-bench-publisher-1","NetIO":"11.3MB / 16.3MB","PIDs":"7"}
{"BlockIO":"4.77MB / 0B","CPUPerc":"3.57%","Container":"e0a44f45bbd7","ID":"e0a44f45bbd7","MemPerc":"0.52%","MemUsage":"39.27MiB / 7.38GiB","Name":"flash-cloud-bench-simulator-1","NetIO":"14.7MB / 18.4MB","PIDs":"10"}
{"BlockIO":"7.95MB / 0B","CPUPerc":"16.47%","Container":"a66f27ba8092","ID":"a66f27ba8092","MemPerc":"0.54%","MemUsage":"40.7MiB / 7.38GiB","Name":"flash-cloud-bench-maintenance-1","NetIO":"273MB / 928MB","PIDs":"6"}
{"BlockIO":"1.41MB / 0B","CPUPerc":"8.30%","Container":"6fea00feedc4","ID":"6fea00feedc4","MemPerc":"0.04%","MemUsage":"2.867MiB / 7.38GiB","Name":"flash-cloud-bench-pgbouncer-1","NetIO":"438MB / 437MB","PIDs":"1"}
{"BlockIO":"83.4MB / 522MB","CPUPerc":"59.18%","Container":"d440893966b4","ID":"d440893966b4","MemPerc":"1.73%","MemUsage":"130.4MiB / 7.38GiB","Name":"flash-cloud-bench-postgres-1","NetIO":"143MB / 304MB","PIDs":"16"}
{"BlockIO":"98.2MB / 16.8MB","CPUPerc":"18.09%","Container":"562ac1217807","ID":"562ac1217807","MemPerc":"7.52%","MemUsage":"568.3MiB / 7.38GiB","Name":"flash-cloud-bench-kafka-1","NetIO":"7.08MB / 5.81MB","PIDs":"101"}
{"BlockIO":"71.4MB / 1.31MB","CPUPerc":"0.02%","Container":"bc21247794d5","ID":"bc21247794d5","MemPerc":"1.20%","MemUsage":"90.58MiB / 7.38GiB","Name":"flash-cloud-bench-prometheus-1","NetIO":"3.14MB / 445kB","PIDs":"9"}
2026-09-08T10:39:25Z
{"BlockIO":"18.7MB / 9.32MB","CPUPerc":"67.23%","Container":"5440352fa90e","ID":"5440352fa90e","MemPerc":"1.29%","MemUsage":"97.48MiB / 7.38GiB","Name":"flash-cloud-bench-api-1","NetIO":"1.03GB / 702MB","PIDs":"17"}
{"BlockIO":"41.2MB / 230MB","CPUPerc":"10.30%","Container":"0c0c4eec6cd3","ID":"0c0c4eec6cd3","MemPerc":"0.85%","MemUsage":"64.22MiB / 7.38GiB","Name":"flash-cloud-bench-redis-1","NetIO":"961MB / 1GB","PIDs":"6"}
{"BlockIO":"0B / 0B","CPUPerc":"7.69%","Container":"facf8315afea","ID":"facf8315afea","MemPerc":"0.47%","MemUsage":"35.75MiB / 7.38GiB","Name":"flash-cloud-bench-consumer-1","NetIO":"10.3MB / 15.5MB","PIDs":"7"}
{"BlockIO":"0B / 0B","CPUPerc":"4.87%","Container":"d790ff1ba173","ID":"d790ff1ba173","MemPerc":"0.47%","MemUsage":"35.84MiB / 7.38GiB","Name":"flash-cloud-bench-publisher-1","NetIO":"11.7MB / 16.8MB","PIDs":"7"}
{"BlockIO":"4.77MB / 0B","CPUPerc":"3.40%","Container":"e0a44f45bbd7","ID":"e0a44f45bbd7","MemPerc":"0.52%","MemUsage":"39.27MiB / 7.38GiB","Name":"flash-cloud-bench-simulator-1","NetIO":"15MB / 18.8MB","PIDs":"10"}
{"BlockIO":"7.95MB / 0B","CPUPerc":"3.73%","Container":"a66f27ba8092","ID":"a66f27ba8092","MemPerc":"0.54%","MemUsage":"40.7MiB / 7.38GiB","Name":"flash-cloud-bench-maintenance-1","NetIO":"277MB / 940MB","PIDs":"6"}
{"BlockIO":"1.41MB / 0B","CPUPerc":"5.45%","Container":"6fea00feedc4","ID":"6fea00feedc4","MemPerc":"0.04%","MemUsage":"2.891MiB / 7.38GiB","Name":"flash-cloud-bench-pgbouncer-1","NetIO":"446MB / 445MB","PIDs":"1"}
{"BlockIO":"83.4MB / 534MB","CPUPerc":"103.55%","Container":"d440893966b4","ID":"d440893966b4","MemPerc":"1.73%","MemUsage":"130.7MiB / 7.38GiB","Name":"flash-cloud-bench-postgres-1","NetIO":"147MB / 309MB","PIDs":"16"}
{"BlockIO":"98.2MB / 16.9MB","CPUPerc":"2.91%","Container":"562ac1217807","ID":"562ac1217807","MemPerc":"7.65%","MemUsage":"578.3MiB / 7.38GiB","Name":"flash-cloud-bench-kafka-1","NetIO":"7.34MB / 6.03MB","PIDs":"101"}
{"BlockIO":"71.4MB / 1.31MB","CPUPerc":"0.03%","Container":"bc21247794d5","ID":"bc21247794d5","MemPerc":"1.20%","MemUsage":"90.59MiB / 7.38GiB","Name":"flash-cloud-bench-prometheus-1","NetIO":"3.21MB / 454kB","PIDs":"9"}
2026-09-08T10:39:35Z
{"BlockIO":"18.7MB / 9.69MB","CPUPerc":"38.33%","Container":"5440352fa90e","ID":"5440352fa90e","MemPerc":"1.29%","MemUsage":"97.77MiB / 7.38GiB","Name":"flash-cloud-bench-api-1","NetIO":"1.08GB / 730MB","PIDs":"19"}
{"BlockIO":"41.2MB / 230MB","CPUPerc":"19.86%","Container":"0c0c4eec6cd3","ID":"0c0c4eec6cd3","MemPerc":"0.85%","MemUsage":"64.18MiB / 7.38GiB","Name":"flash-cloud-bench-redis-1","NetIO":"981MB / 1.04GB","PIDs":"6"}
{"BlockIO":"0B / 0B","CPUPerc":"8.99%","Container":"facf8315afea","ID":"facf8315afea","MemPerc":"0.47%","MemUsage":"35.75MiB / 7.38GiB","Name":"flash-cloud-bench-consumer-1","NetIO":"10.8MB / 16.2MB","PIDs":"7"}
{"BlockIO":"0B / 0B","CPUPerc":"3.11%","Container":"d790ff1ba173","ID":"d790ff1ba173","MemPerc":"0.47%","MemUsage":"35.84MiB / 7.38GiB","Name":"flash-cloud-bench-publisher-1","NetIO":"12MB / 17.3MB","PIDs":"7"}
{"BlockIO":"4.77MB / 0B","CPUPerc":"3.57%","Container":"e0a44f45bbd7","ID":"e0a44f45bbd7","MemPerc":"0.52%","MemUsage":"39.27MiB / 7.38GiB","Name":"flash-cloud-bench-simulator-1","NetIO":"15.3MB / 19.2MB","PIDs":"10"}
{"BlockIO":"7.95MB / 0B","CPUPerc":"22.11%","Container":"a66f27ba8092","ID":"a66f27ba8092","MemPerc":"0.54%","MemUsage":"40.7MiB / 7.38GiB","Name":"flash-cloud-bench-maintenance-1","NetIO":"282MB / 959MB","PIDs":"6"}
{"BlockIO":"1.41MB / 0B","CPUPerc":"7.42%","Container":"6fea00feedc4","ID":"6fea00feedc4","MemPerc":"0.04%","MemUsage":"2.895MiB / 7.38GiB","Name":"flash-cloud-bench-pgbouncer-1","NetIO":"456MB / 455MB","PIDs":"1"}
{"BlockIO":"83.4MB / 547MB","CPUPerc":"61.39%","Container":"d440893966b4","ID":"d440893966b4","MemPerc":"1.73%","MemUsage":"131.1MiB / 7.38GiB","Name":"flash-cloud-bench-postgres-1","NetIO":"150MB / 315MB","PIDs":"16"}
{"BlockIO":"98.2MB / 17.6MB","CPUPerc":"2.99%","Container":"562ac1217807","ID":"562ac1217807","MemPerc":"7.84%","MemUsage":"592.5MiB / 7.38GiB","Name":"flash-cloud-bench-kafka-1","NetIO":"7.64MB / 6.28MB","PIDs":"101"}
{"BlockIO":"71.4MB / 1.36MB","CPUPerc":"0.04%","Container":"bc21247794d5","ID":"bc21247794d5","MemPerc":"1.20%","MemUsage":"90.59MiB / 7.38GiB","Name":"flash-cloud-bench-prometheus-1","NetIO":"3.28MB / 464kB","PIDs":"9"}
2026-09-08T10:39:45Z
{"BlockIO":"18.7MB / 10.1MB","CPUPerc":"76.65%","Container":"5440352fa90e","ID":"5440352fa90e","MemPerc":"1.30%","MemUsage":"98.13MiB / 7.38GiB","Name":"flash-cloud-bench-api-1","NetIO":"1.11GB / 755MB","PIDs":"18"}
{"BlockIO":"41.2MB / 230MB","CPUPerc":"22.31%","Container":"0c0c4eec6cd3","ID":"0c0c4eec6cd3","MemPerc":"0.85%","MemUsage":"64.22MiB / 7.38GiB","Name":"flash-cloud-bench-redis-1","NetIO":"999MB / 1.08GB","PIDs":"6"}
{"BlockIO":"0B / 0B","CPUPerc":"5.32%","Container":"facf8315afea","ID":"facf8315afea","MemPerc":"0.47%","MemUsage":"35.75MiB / 7.38GiB","Name":"flash-cloud-bench-consumer-1","NetIO":"11.3MB / 17MB","PIDs":"7"}
{"BlockIO":"0B / 0B","CPUPerc":"4.45%","Container":"d790ff1ba173","ID":"d790ff1ba173","MemPerc":"0.47%","MemUsage":"35.84MiB / 7.38GiB","Name":"flash-cloud-bench-publisher-1","NetIO":"12.4MB / 17.8MB","PIDs":"7"}
{"BlockIO":"4.77MB / 0B","CPUPerc":"2.95%","Container":"e0a44f45bbd7","ID":"e0a44f45bbd7","MemPerc":"0.52%","MemUsage":"39.27MiB / 7.38GiB","Name":"flash-cloud-bench-simulator-1","NetIO":"15.6MB / 19.6MB","PIDs":"10"}
{"BlockIO":"7.95MB / 0B","CPUPerc":"22.21%","Container":"a66f27ba8092","ID":"a66f27ba8092","MemPerc":"0.54%","MemUsage":"40.7MiB / 7.38GiB","Name":"flash-cloud-bench-maintenance-1","NetIO":"286MB / 974MB","PIDs":"6"}
{"BlockIO":"1.41MB / 0B","CPUPerc":"8.95%","Container":"6fea00feedc4","ID":"6fea00feedc4","MemPerc":"0.04%","MemUsage":"2.887MiB / 7.38GiB","Name":"flash-cloud-bench-pgbouncer-1","NetIO":"465MB / 463MB","PIDs":"1"}
{"BlockIO":"83.4MB / 561MB","CPUPerc":"99.37%","Container":"d440893966b4","ID":"d440893966b4","MemPerc":"1.74%","MemUsage":"131.5MiB / 7.38GiB","Name":"flash-cloud-bench-postgres-1","NetIO":"154MB / 321MB","PIDs":"16"}
{"BlockIO":"98.2MB / 17.7MB","CPUPerc":"2.40%","Container":"562ac1217807","ID":"562ac1217807","MemPerc":"8.08%","MemUsage":"610.6MiB / 7.38GiB","Name":"flash-cloud-bench-kafka-1","NetIO":"8.02MB / 6.61MB","PIDs":"101"}
{"BlockIO":"71.4MB / 1.38MB","CPUPerc":"0.00%","Container":"bc21247794d5","ID":"bc21247794d5","MemPerc":"1.20%","MemUsage":"90.59MiB / 7.38GiB","Name":"flash-cloud-bench-prometheus-1","NetIO":"3.35MB / 473kB","PIDs":"9"}
2026-09-08T10:39:55Z
{"BlockIO":"18.7MB / 10.5MB","CPUPerc":"52.78%","Container":"5440352fa90e","ID":"5440352fa90e","MemPerc":"1.30%","MemUsage":"98.55MiB / 7.38GiB","Name":"flash-cloud-bench-api-1","NetIO":"1.17GB / 791MB","PIDs":"19"}
{"BlockIO":"41.2MB / 230MB","CPUPerc":"6.72%","Container":"0c0c4eec6cd3","ID":"0c0c4eec6cd3","MemPerc":"0.85%","MemUsage":"64.13MiB / 7.38GiB","Name":"flash-cloud-bench-redis-1","NetIO":"1.02GB / 1.12GB","PIDs":"6"}
{"BlockIO":"0B / 0B","CPUPerc":"13.88%","Container":"facf8315afea","ID":"facf8315afea","MemPerc":"0.48%","MemUsage":"36MiB / 7.38GiB","Name":"flash-cloud-bench-consumer-1","NetIO":"11.9MB / 17.8MB","PIDs":"7"}
{"BlockIO":"0B / 0B","CPUPerc":"4.96%","Container":"d790ff1ba173","ID":"d790ff1ba173","MemPerc":"0.47%","MemUsage":"35.84MiB / 7.38GiB","Name":"flash-cloud-bench-publisher-1","NetIO":"12.8MB / 18.4MB","PIDs":"7"}
{"BlockIO":"4.77MB / 0B","CPUPerc":"2.57%","Container":"e0a44f45bbd7","ID":"e0a44f45bbd7","MemPerc":"0.52%","MemUsage":"39.27MiB / 7.38GiB","Name":"flash-cloud-bench-simulator-1","NetIO":"15.9MB / 20MB","PIDs":"10"}
{"BlockIO":"7.95MB / 0B","CPUPerc":"3.46%","Container":"a66f27ba8092","ID":"a66f27ba8092","MemPerc":"0.54%","MemUsage":"40.7MiB / 7.38GiB","Name":"flash-cloud-bench-maintenance-1","NetIO":"291MB / 989MB","PIDs":"6"}
{"BlockIO":"1.41MB / 0B","CPUPerc":"5.22%","Container":"6fea00feedc4","ID":"6fea00feedc4","MemPerc":"0.04%","MemUsage":"2.883MiB / 7.38GiB","Name":"flash-cloud-bench-pgbouncer-1","NetIO":"474MB / 472MB","PIDs":"1"}
{"BlockIO":"83.4MB / 575MB","CPUPerc":"99.60%","Container":"d440893966b4","ID":"d440893966b4","MemPerc":"1.74%","MemUsage":"131.9MiB / 7.38GiB","Name":"flash-cloud-bench-postgres-1","NetIO":"157MB / 327MB","PIDs":"16"}
{"BlockIO":"98.2MB / 17.8MB","CPUPerc":"157.88%","Container":"562ac1217807","ID":"562ac1217807","MemPerc":"9.25%","MemUsage":"699.1MiB / 7.38GiB","Name":"flash-cloud-bench-kafka-1","NetIO":"8.41MB / 6.94MB","PIDs":"125"}
{"BlockIO":"71.4MB / 1.39MB","CPUPerc":"0.04%","Container":"bc21247794d5","ID":"bc21247794d5","MemPerc":"1.20%","MemUsage":"90.61MiB / 7.38GiB","Name":"flash-cloud-bench-prometheus-1","NetIO":"3.41MB / 482kB","PIDs":"9"}
2026-09-08T10:40:06Z
{"BlockIO":"18.7MB / 10.9MB","CPUPerc":"67.34%","Container":"5440352fa90e","ID":"5440352fa90e","MemPerc":"1.32%","MemUsage":"99.59MiB / 7.38GiB","Name":"flash-cloud-bench-api-1","NetIO":"1.21GB / 818MB","PIDs":"27"}
{"BlockIO":"41.2MB / 230MB","CPUPerc":"17.56%","Container":"0c0c4eec6cd3","ID":"0c0c4eec6cd3","MemPerc":"0.85%","MemUsage":"64.32MiB / 7.38GiB","Name":"flash-cloud-bench-redis-1","NetIO":"1.04GB / 1.16GB","PIDs":"6"}
{"BlockIO":"0B / 0B","CPUPerc":"6.26%","Container":"facf8315afea","ID":"facf8315afea","MemPerc":"0.47%","MemUsage":"35.75MiB / 7.38GiB","Name":"flash-cloud-bench-consumer-1","NetIO":"12.4MB / 18.5MB","PIDs":"7"}
{"BlockIO":"0B / 0B","CPUPerc":"4.34%","Container":"d790ff1ba173","ID":"d790ff1ba173","MemPerc":"0.47%","MemUsage":"35.84MiB / 7.38GiB","Name":"flash-cloud-bench-publisher-1","NetIO":"13.1MB / 18.9MB","PIDs":"7"}
{"BlockIO":"4.77MB / 0B","CPUPerc":"3.50%","Container":"e0a44f45bbd7","ID":"e0a44f45bbd7","MemPerc":"0.52%","MemUsage":"39.27MiB / 7.38GiB","Name":"flash-cloud-bench-simulator-1","NetIO":"16.2MB / 20.4MB","PIDs":"10"}
{"BlockIO":"7.95MB / 0B","CPUPerc":"14.37%","Container":"a66f27ba8092","ID":"a66f27ba8092","MemPerc":"0.54%","MemUsage":"40.94MiB / 7.38GiB","Name":"flash-cloud-bench-maintenance-1","NetIO":"298MB / 1.01GB","PIDs":"6"}
{"BlockIO":"1.41MB / 0B","CPUPerc":"6.85%","Container":"6fea00feedc4","ID":"6fea00feedc4","MemPerc":"0.04%","MemUsage":"2.898MiB / 7.38GiB","Name":"flash-cloud-bench-pgbouncer-1","NetIO":"485MB / 484MB","PIDs":"1"}
{"BlockIO":"83.4MB / 588MB","CPUPerc":"80.49%","Container":"d440893966b4","ID":"d440893966b4","MemPerc":"1.75%","MemUsage":"132.1MiB / 7.38GiB","Name":"flash-cloud-bench-postgres-1","NetIO":"161MB / 335MB","PIDs":"16"}
{"BlockIO":"98.2MB / 19MB","CPUPerc":"2.10%","Container":"562ac1217807","ID":"562ac1217807","MemPerc":"8.48%","MemUsage":"640.8MiB / 7.38GiB","Name":"flash-cloud-bench-kafka-1","NetIO":"8.67MB / 7.16MB","PIDs":"101"}
{"BlockIO":"71.4MB / 1.41MB","CPUPerc":"0.22%","Container":"bc21247794d5","ID":"bc21247794d5","MemPerc":"1.20%","MemUsage":"90.64MiB / 7.38GiB","Name":"flash-cloud-bench-prometheus-1","NetIO":"3.51MB / 493kB","PIDs":"9"}
2026-09-08T10:40:16Z
{"BlockIO":"18.7MB / 11.3MB","CPUPerc":"74.98%","Container":"5440352fa90e","ID":"5440352fa90e","MemPerc":"1.32%","MemUsage":"99.68MiB / 7.38GiB","Name":"flash-cloud-bench-api-1","NetIO":"1.27GB / 856MB","PIDs":"17"}
{"BlockIO":"41.2MB / 259MB","CPUPerc":"9.99%","Container":"0c0c4eec6cd3","ID":"0c0c4eec6cd3","MemPerc":"0.85%","MemUsage":"64.14MiB / 7.38GiB","Name":"flash-cloud-bench-redis-1","NetIO":"1.06GB / 1.22GB","PIDs":"6"}
{"BlockIO":"0B / 0B","CPUPerc":"6.38%","Container":"facf8315afea","ID":"facf8315afea","MemPerc":"0.47%","MemUsage":"35.75MiB / 7.38GiB","Name":"flash-cloud-bench-consumer-1","NetIO":"12.8MB / 19.2MB","PIDs":"7"}
{"BlockIO":"0B / 0B","CPUPerc":"4.19%","Container":"d790ff1ba173","ID":"d790ff1ba173","MemPerc":"0.47%","MemUsage":"35.84MiB / 7.38GiB","Name":"flash-cloud-bench-publisher-1","NetIO":"13.5MB / 19.5MB","PIDs":"7"}
{"BlockIO":"4.77MB / 0B","CPUPerc":"2.95%","Container":"e0a44f45bbd7","ID":"e0a44f45bbd7","MemPerc":"0.52%","MemUsage":"39.27MiB / 7.38GiB","Name":"flash-cloud-bench-simulator-1","NetIO":"16.5MB / 20.8MB","PIDs":"10"}
{"BlockIO":"7.95MB / 0B","CPUPerc":"9.26%","Container":"a66f27ba8092","ID":"a66f27ba8092","MemPerc":"0.54%","MemUsage":"40.7MiB / 7.38GiB","Name":"flash-cloud-bench-maintenance-1","NetIO":"303MB / 1.03GB","PIDs":"6"}
{"BlockIO":"1.41MB / 0B","CPUPerc":"6.76%","Container":"6fea00feedc4","ID":"6fea00feedc4","MemPerc":"0.04%","MemUsage":"2.875MiB / 7.38GiB","Name":"flash-cloud-bench-pgbouncer-1","NetIO":"495MB / 494MB","PIDs":"1"}
{"BlockIO":"83.4MB / 604MB","CPUPerc":"92.09%","Container":"d440893966b4","ID":"d440893966b4","MemPerc":"1.75%","MemUsage":"132.5MiB / 7.38GiB","Name":"flash-cloud-bench-postgres-1","NetIO":"165MB / 341MB","PIDs":"16"}
{"BlockIO":"98.2MB / 19.2MB","CPUPerc":"2.48%","Container":"562ac1217807","ID":"562ac1217807","MemPerc":"8.69%","MemUsage":"657.1MiB / 7.38GiB","Name":"flash-cloud-bench-kafka-1","NetIO":"9.02MB / 7.46MB","PIDs":"101"}
{"BlockIO":"71.4MB / 1.42MB","CPUPerc":"0.04%","Container":"bc21247794d5","ID":"bc21247794d5","MemPerc":"1.20%","MemUsage":"90.64MiB / 7.38GiB","Name":"flash-cloud-bench-prometheus-1","NetIO":"3.55MB / 501kB","PIDs":"9"}
2026-09-08T10:40:26Z
{"BlockIO":"18.7MB / 11.7MB","CPUPerc":"29.49%","Container":"5440352fa90e","ID":"5440352fa90e","MemPerc":"1.32%","MemUsage":"99.62MiB / 7.38GiB","Name":"flash-cloud-bench-api-1","NetIO":"1.31GB / 881MB","PIDs":"15"}
{"BlockIO":"41.2MB / 259MB","CPUPerc":"13.03%","Container":"0c0c4eec6cd3","ID":"0c0c4eec6cd3","MemPerc":"0.85%","MemUsage":"64.11MiB / 7.38GiB","Name":"flash-cloud-bench-redis-1","NetIO":"1.09GB / 1.26GB","PIDs":"6"}
{"BlockIO":"0B / 0B","CPUPerc":"22.44%","Container":"facf8315afea","ID":"facf8315afea","MemPerc":"0.47%","MemUsage":"35.75MiB / 7.38GiB","Name":"flash-cloud-bench-consumer-1","NetIO":"13.2MB / 19.7MB","PIDs":"7"}
{"BlockIO":"0B / 0B","CPUPerc":"2.35%","Container":"d790ff1ba173","ID":"d790ff1ba173","MemPerc":"0.47%","MemUsage":"35.84MiB / 7.38GiB","Name":"flash-cloud-bench-publisher-1","NetIO":"13.8MB / 19.9MB","PIDs":"7"}
{"BlockIO":"4.77MB / 0B","CPUPerc":"3.29%","Container":"e0a44f45bbd7","ID":"e0a44f45bbd7","MemPerc":"0.52%","MemUsage":"39.27MiB / 7.38GiB","Name":"flash-cloud-bench-simulator-1","NetIO":"16.8MB / 21.2MB","PIDs":"10"}
{"BlockIO":"7.95MB / 0B","CPUPerc":"28.60%","Container":"a66f27ba8092","ID":"a66f27ba8092","MemPerc":"0.54%","MemUsage":"40.7MiB / 7.38GiB","Name":"flash-cloud-bench-maintenance-1","NetIO":"311MB / 1.06GB","PIDs":"6"}
{"BlockIO":"1.41MB / 0B","CPUPerc":"8.82%","Container":"6fea00feedc4","ID":"6fea00feedc4","MemPerc":"0.04%","MemUsage":"2.867MiB / 7.38GiB","Name":"flash-cloud-bench-pgbouncer-1","NetIO":"508MB / 506MB","PIDs":"1"}
{"BlockIO":"83.4MB / 620MB","CPUPerc":"52.61%","Container":"d440893966b4","ID":"d440893966b4","MemPerc":"1.76%","MemUsage":"132.7MiB / 7.38GiB","Name":"flash-cloud-bench-postgres-1","NetIO":"169MB / 349MB","PIDs":"16"}
{"BlockIO":"98.2MB / 20.1MB","CPUPerc":"1.41%","Container":"562ac1217807","ID":"562ac1217807","MemPerc":"8.85%","MemUsage":"669MiB / 7.38GiB","Name":"flash-cloud-bench-kafka-1","NetIO":"9.27MB / 7.67MB","PIDs":"101"}
{"BlockIO":"71.4MB / 1.44MB","CPUPerc":"0.03%","Container":"bc21247794d5","ID":"bc21247794d5","MemPerc":"1.20%","MemUsage":"90.65MiB / 7.38GiB","Name":"flash-cloud-bench-prometheus-1","NetIO":"3.62MB / 510kB","PIDs":"9"}
2026-09-08T10:40:36Z
{"BlockIO":"18.7MB / 12.1MB","CPUPerc":"29.44%","Container":"5440352fa90e","ID":"5440352fa90e","MemPerc":"1.31%","MemUsage":"99.2MiB / 7.38GiB","Name":"flash-cloud-bench-api-1","NetIO":"1.31GB / 881MB","PIDs":"7"}
{"BlockIO":"41.2MB / 259MB","CPUPerc":"2.80%","Container":"0c0c4eec6cd3","ID":"0c0c4eec6cd3","MemPerc":"0.85%","MemUsage":"63.86MiB / 7.38GiB","Name":"flash-cloud-bench-redis-1","NetIO":"1.1GB / 1.26GB","PIDs":"6"}
{"BlockIO":"0B / 0B","CPUPerc":"3.05%","Container":"facf8315afea","ID":"facf8315afea","MemPerc":"0.47%","MemUsage":"35.75MiB / 7.38GiB","Name":"flash-cloud-bench-consumer-1","NetIO":"13.4MB / 20.1MB","PIDs":"7"}
{"BlockIO":"0B / 0B","CPUPerc":"3.03%","Container":"d790ff1ba173","ID":"d790ff1ba173","MemPerc":"0.47%","MemUsage":"35.84MiB / 7.38GiB","Name":"flash-cloud-bench-publisher-1","NetIO":"14MB / 20.3MB","PIDs":"7"}
{"BlockIO":"4.77MB / 0B","CPUPerc":"3.69%","Container":"e0a44f45bbd7","ID":"e0a44f45bbd7","MemPerc":"0.52%","MemUsage":"39.54MiB / 7.38GiB","Name":"flash-cloud-bench-simulator-1","NetIO":"17.2MB / 21.6MB","PIDs":"10"}
{"BlockIO":"7.95MB / 0B","CPUPerc":"6.02%","Container":"a66f27ba8092","ID":"a66f27ba8092","MemPerc":"0.54%","MemUsage":"40.7MiB / 7.38GiB","Name":"flash-cloud-bench-maintenance-1","NetIO":"316MB / 1.07GB","PIDs":"6"}
{"BlockIO":"1.41MB / 0B","CPUPerc":"4.13%","Container":"6fea00feedc4","ID":"6fea00feedc4","MemPerc":"0.04%","MemUsage":"2.875MiB / 7.38GiB","Name":"flash-cloud-bench-pgbouncer-1","NetIO":"517MB / 516MB","PIDs":"1"}
{"BlockIO":"83.4MB / 634MB","CPUPerc":"52.01%","Container":"d440893966b4","ID":"d440893966b4","MemPerc":"1.76%","MemUsage":"132.8MiB / 7.38GiB","Name":"flash-cloud-bench-postgres-1","NetIO":"173MB / 355MB","PIDs":"16"}
{"BlockIO":"98.2MB / 20.2MB","CPUPerc":"1.73%","Container":"562ac1217807","ID":"562ac1217807","MemPerc":"8.96%","MemUsage":"676.7MiB / 7.38GiB","Name":"flash-cloud-bench-kafka-1","NetIO":"9.42MB / 7.79MB","PIDs":"101"}
{"BlockIO":"71.4MB / 1.45MB","CPUPerc":"0.04%","Container":"bc21247794d5","ID":"bc21247794d5","MemPerc":"1.20%","MemUsage":"90.65MiB / 7.38GiB","Name":"flash-cloud-bench-prometheus-1","NetIO":"3.69MB / 520kB","PIDs":"9"}
2026-09-08T10:40:46Z
{"BlockIO":"18.7MB / 12.5MB","CPUPerc":"0.52%","Container":"5440352fa90e","ID":"5440352fa90e","MemPerc":"1.31%","MemUsage":"99.21MiB / 7.38GiB","Name":"flash-cloud-bench-api-1","NetIO":"1.31GB / 882MB","PIDs":"7"}
{"BlockIO":"41.2MB / 259MB","CPUPerc":"12.52%","Container":"0c0c4eec6cd3","ID":"0c0c4eec6cd3","MemPerc":"0.85%","MemUsage":"63.98MiB / 7.38GiB","Name":"flash-cloud-bench-redis-1","NetIO":"1.13GB / 1.26GB","PIDs":"6"}
{"BlockIO":"0B / 0B","CPUPerc":"2.02%","Container":"facf8315afea","ID":"facf8315afea","MemPerc":"0.47%","MemUsage":"35.75MiB / 7.38GiB","Name":"flash-cloud-bench-consumer-1","NetIO":"13.6MB / 20.4MB","PIDs":"7"}
{"BlockIO":"0B / 0B","CPUPerc":"2.43%","Container":"d790ff1ba173","ID":"d790ff1ba173","MemPerc":"0.47%","MemUsage":"35.84MiB / 7.38GiB","Name":"flash-cloud-bench-publisher-1","NetIO":"14.3MB / 20.6MB","PIDs":"7"}
{"BlockIO":"4.77MB / 0B","CPUPerc":"3.94%","Container":"e0a44f45bbd7","ID":"e0a44f45bbd7","MemPerc":"0.52%","MemUsage":"39.27MiB / 7.38GiB","Name":"flash-cloud-bench-simulator-1","NetIO":"17.5MB / 22MB","PIDs":"10"}
{"BlockIO":"7.95MB / 0B","CPUPerc":"21.40%","Container":"a66f27ba8092","ID":"a66f27ba8092","MemPerc":"0.54%","MemUsage":"40.7MiB / 7.38GiB","Name":"flash-cloud-bench-maintenance-1","NetIO":"324MB / 1.1GB","PIDs":"6"}
{"BlockIO":"1.41MB / 0B","CPUPerc":"6.78%","Container":"6fea00feedc4","ID":"6fea00feedc4","MemPerc":"0.04%","MemUsage":"2.891MiB / 7.38GiB","Name":"flash-cloud-bench-pgbouncer-1","NetIO":"528MB / 526MB","PIDs":"1"}
{"BlockIO":"83.4MB / 646MB","CPUPerc":"48.84%","Container":"d440893966b4","ID":"d440893966b4","MemPerc":"1.76%","MemUsage":"132.9MiB / 7.38GiB","Name":"flash-cloud-bench-postgres-1","NetIO":"176MB / 363MB","PIDs":"16"}
{"BlockIO":"98.2MB / 20.3MB","CPUPerc":"1.30%","Container":"562ac1217807","ID":"562ac1217807","MemPerc":"9.06%","MemUsage":"684.6MiB / 7.38GiB","Name":"flash-cloud-bench-kafka-1","NetIO":"9.56MB / 7.91MB","PIDs":"101"}
{"BlockIO":"71.4MB / 1.47MB","CPUPerc":"0.03%","Container":"bc21247794d5","ID":"bc21247794d5","MemPerc":"1.20%","MemUsage":"90.65MiB / 7.38GiB","Name":"flash-cloud-bench-prometheus-1","NetIO":"3.76MB / 529kB","PIDs":"9"}
2026-09-08T10:40:56Z
{"BlockIO":"18.7MB / 13MB","CPUPerc":"0.54%","Container":"5440352fa90e","ID":"5440352fa90e","MemPerc":"1.31%","MemUsage":"99.21MiB / 7.38GiB","Name":"flash-cloud-bench-api-1","NetIO":"1.31GB / 883MB","PIDs":"7"}
{"BlockIO":"41.2MB / 259MB","CPUPerc":"1.93%","Container":"0c0c4eec6cd3","ID":"0c0c4eec6cd3","MemPerc":"0.85%","MemUsage":"63.94MiB / 7.38GiB","Name":"flash-cloud-bench-redis-1","NetIO":"1.14GB / 1.26GB","PIDs":"6"}
{"BlockIO":"0B / 0B","CPUPerc":"5.51%","Container":"facf8315afea","ID":"facf8315afea","MemPerc":"0.47%","MemUsage":"35.75MiB / 7.38GiB","Name":"flash-cloud-bench-consumer-1","NetIO":"13.9MB / 20.8MB","PIDs":"7"}
{"BlockIO":"0B / 0B","CPUPerc":"3.64%","Container":"d790ff1ba173","ID":"d790ff1ba173","MemPerc":"0.47%","MemUsage":"35.84MiB / 7.38GiB","Name":"flash-cloud-bench-publisher-1","NetIO":"14.5MB / 21MB","PIDs":"7"}
{"BlockIO":"4.77MB / 0B","CPUPerc":"3.32%","Container":"e0a44f45bbd7","ID":"e0a44f45bbd7","MemPerc":"0.52%","MemUsage":"39.27MiB / 7.38GiB","Name":"flash-cloud-bench-simulator-1","NetIO":"17.8MB / 22.4MB","PIDs":"10"}
{"BlockIO":"7.95MB / 0B","CPUPerc":"10.42%","Container":"a66f27ba8092","ID":"a66f27ba8092","MemPerc":"0.54%","MemUsage":"40.7MiB / 7.38GiB","Name":"flash-cloud-bench-maintenance-1","NetIO":"328MB / 1.11GB","PIDs":"6"}
{"BlockIO":"1.41MB / 0B","CPUPerc":"5.64%","Container":"6fea00feedc4","ID":"6fea00feedc4","MemPerc":"0.04%","MemUsage":"2.867MiB / 7.38GiB","Name":"flash-cloud-bench-pgbouncer-1","NetIO":"535MB / 534MB","PIDs":"1"}
{"BlockIO":"83.4MB / 655MB","CPUPerc":"85.10%","Container":"d440893966b4","ID":"d440893966b4","MemPerc":"1.76%","MemUsage":"133MiB / 7.38GiB","Name":"flash-cloud-bench-postgres-1","NetIO":"179MB / 369MB","PIDs":"16"}
{"BlockIO":"98.2MB / 21MB","CPUPerc":"2.08%","Container":"562ac1217807","ID":"562ac1217807","MemPerc":"9.19%","MemUsage":"694.2MiB / 7.38GiB","Name":"flash-cloud-bench-kafka-1","NetIO":"9.75MB / 8.07MB","PIDs":"101"}
{"BlockIO":"71.4MB / 1.5MB","CPUPerc":"0.22%","Container":"bc21247794d5","ID":"bc21247794d5","MemPerc":"1.20%","MemUsage":"90.65MiB / 7.38GiB","Name":"flash-cloud-bench-prometheus-1","NetIO":"3.85MB / 540kB","PIDs":"9"}
2026-09-08T10:41:06Z
{"BlockIO":"18.7MB / 13.4MB","CPUPerc":"0.58%","Container":"5440352fa90e","ID":"5440352fa90e","MemPerc":"1.31%","MemUsage":"99.23MiB / 7.38GiB","Name":"flash-cloud-bench-api-1","NetIO":"1.31GB / 883MB","PIDs":"7"}
{"BlockIO":"41.2MB / 259MB","CPUPerc":"15.24%","Container":"0c0c4eec6cd3","ID":"0c0c4eec6cd3","MemPerc":"0.85%","MemUsage":"63.96MiB / 7.38GiB","Name":"flash-cloud-bench-redis-1","NetIO":"1.17GB / 1.26GB","PIDs":"6"}
{"BlockIO":"0B / 0B","CPUPerc":"3.35%","Container":"facf8315afea","ID":"facf8315afea","MemPerc":"0.47%","MemUsage":"35.75MiB / 7.38GiB","Name":"flash-cloud-bench-consumer-1","NetIO":"14.1MB / 21.1MB","PIDs":"7"}
{"BlockIO":"0B / 0B","CPUPerc":"2.47%","Container":"d790ff1ba173","ID":"d790ff1ba173","MemPerc":"0.47%","MemUsage":"35.85MiB / 7.38GiB","Name":"flash-cloud-bench-publisher-1","NetIO":"14.8MB / 21.3MB","PIDs":"7"}
{"BlockIO":"4.77MB / 0B","CPUPerc":"3.69%","Container":"e0a44f45bbd7","ID":"e0a44f45bbd7","MemPerc":"0.52%","MemUsage":"39.27MiB / 7.38GiB","Name":"flash-cloud-bench-simulator-1","NetIO":"18.1MB / 22.8MB","PIDs":"10"}
{"BlockIO":"7.95MB / 0B","CPUPerc":"21.42%","Container":"a66f27ba8092","ID":"a66f27ba8092","MemPerc":"0.54%","MemUsage":"40.7MiB / 7.38GiB","Name":"flash-cloud-bench-maintenance-1","NetIO":"336MB / 1.14GB","PIDs":"6"}
{"BlockIO":"1.41MB / 0B","CPUPerc":"6.63%","Container":"6fea00feedc4","ID":"6fea00feedc4","MemPerc":"0.04%","MemUsage":"2.883MiB / 7.38GiB","Name":"flash-cloud-bench-pgbouncer-1","NetIO":"546MB / 545MB","PIDs":"1"}
{"BlockIO":"83.4MB / 669MB","CPUPerc":"65.24%","Container":"d440893966b4","ID":"d440893966b4","MemPerc":"1.76%","MemUsage":"133.2MiB / 7.38GiB","Name":"flash-cloud-bench-postgres-1","NetIO":"182MB / 377MB","PIDs":"16"}
{"BlockIO":"98.2MB / 21.4MB","CPUPerc":"1.47%","Container":"562ac1217807","ID":"562ac1217807","MemPerc":"9.29%","MemUsage":"702.1MiB / 7.38GiB","Name":"flash-cloud-bench-kafka-1","NetIO":"9.9MB / 8.19MB","PIDs":"101"}
{"BlockIO":"71.4MB / 1.51MB","CPUPerc":"0.00%","Container":"bc21247794d5","ID":"bc21247794d5","MemPerc":"1.20%","MemUsage":"90.65MiB / 7.38GiB","Name":"flash-cloud-bench-prometheus-1","NetIO":"3.9MB / 548kB","PIDs":"9"}
2026-09-08T10:41:16Z
{"BlockIO":"18.7MB / 13.9MB","CPUPerc":"0.54%","Container":"5440352fa90e","ID":"5440352fa90e","MemPerc":"1.31%","MemUsage":"99.25MiB / 7.38GiB","Name":"flash-cloud-bench-api-1","NetIO":"1.31GB / 884MB","PIDs":"7"}
{"BlockIO":"41.2MB / 287MB","CPUPerc":"1.79%","Container":"0c0c4eec6cd3","ID":"0c0c4eec6cd3","MemPerc":"0.84%","MemUsage":"63.77MiB / 7.38GiB","Name":"flash-cloud-bench-redis-1","NetIO":"1.18GB / 1.26GB","PIDs":"6"}
{"BlockIO":"0B / 0B","CPUPerc":"4.07%","Container":"facf8315afea","ID":"facf8315afea","MemPerc":"0.47%","MemUsage":"35.76MiB / 7.38GiB","Name":"flash-cloud-bench-consumer-1","NetIO":"14.3MB / 21.5MB","PIDs":"7"}
{"BlockIO":"0B / 0B","CPUPerc":"3.54%","Container":"d790ff1ba173","ID":"d790ff1ba173","MemPerc":"0.47%","MemUsage":"35.84MiB / 7.38GiB","Name":"flash-cloud-bench-publisher-1","NetIO":"15MB / 21.7MB","PIDs":"7"}
{"BlockIO":"4.77MB / 0B","CPUPerc":"2.81%","Container":"e0a44f45bbd7","ID":"e0a44f45bbd7","MemPerc":"0.52%","MemUsage":"39.27MiB / 7.38GiB","Name":"flash-cloud-bench-simulator-1","NetIO":"18.4MB / 23.2MB","PIDs":"10"}
{"BlockIO":"7.95MB / 0B","CPUPerc":"7.91%","Container":"a66f27ba8092","ID":"a66f27ba8092","MemPerc":"0.54%","MemUsage":"40.7MiB / 7.38GiB","Name":"flash-cloud-bench-maintenance-1","NetIO":"341MB / 1.16GB","PIDs":"6"}
{"BlockIO":"1.41MB / 0B","CPUPerc":"4.84%","Container":"6fea00feedc4","ID":"6fea00feedc4","MemPerc":"0.04%","MemUsage":"2.867MiB / 7.38GiB","Name":"flash-cloud-bench-pgbouncer-1","NetIO":"555MB / 553MB","PIDs":"1"}
{"BlockIO":"83.4MB / 682MB","CPUPerc":"76.84%","Container":"d440893966b4","ID":"d440893966b4","MemPerc":"1.76%","MemUsage":"133.4MiB / 7.38GiB","Name":"flash-cloud-bench-postgres-1","NetIO":"185MB / 382MB","PIDs":"16"}
{"BlockIO":"98.2MB / 21.5MB","CPUPerc":"189.12%","Container":"562ac1217807","ID":"562ac1217807","MemPerc":"10.35%","MemUsage":"782.4MiB / 7.38GiB","Name":"flash-cloud-bench-kafka-1","NetIO":"10.1MB / 8.33MB","PIDs":"125"}
{"BlockIO":"71.4MB / 1.52MB","CPUPerc":"0.00%","Container":"bc21247794d5","ID":"bc21247794d5","MemPerc":"1.25%","MemUsage":"94.67MiB / 7.38GiB","Name":"flash-cloud-bench-prometheus-1","NetIO":"3.97MB / 557kB","PIDs":"9"}
2026-09-08T10:41:27Z
{"BlockIO":"18.7MB / 14.4MB","CPUPerc":"0.10%","Container":"5440352fa90e","ID":"5440352fa90e","MemPerc":"1.31%","MemUsage":"99.25MiB / 7.38GiB","Name":"flash-cloud-bench-api-1","NetIO":"1.31GB / 884MB","PIDs":"7"}
{"BlockIO":"41.2MB / 287MB","CPUPerc":"12.84%","Container":"0c0c4eec6cd3","ID":"0c0c4eec6cd3","MemPerc":"0.85%","MemUsage":"63.92MiB / 7.38GiB","Name":"flash-cloud-bench-redis-1","NetIO":"1.2GB / 1.26GB","PIDs":"6"}
{"BlockIO":"0B / 0B","CPUPerc":"5.10%","Container":"facf8315afea","ID":"facf8315afea","MemPerc":"0.47%","MemUsage":"35.76MiB / 7.38GiB","Name":"flash-cloud-bench-consumer-1","NetIO":"14.6MB / 21.9MB","PIDs":"7"}
{"BlockIO":"0B / 0B","CPUPerc":"3.81%","Container":"d790ff1ba173","ID":"d790ff1ba173","MemPerc":"0.47%","MemUsage":"35.84MiB / 7.38GiB","Name":"flash-cloud-bench-publisher-1","NetIO":"15.3MB / 22.1MB","PIDs":"7"}
{"BlockIO":"4.77MB / 0B","CPUPerc":"3.63%","Container":"e0a44f45bbd7","ID":"e0a44f45bbd7","MemPerc":"0.52%","MemUsage":"39.27MiB / 7.38GiB","Name":"flash-cloud-bench-simulator-1","NetIO":"18.7MB / 23.6MB","PIDs":"10"}
{"BlockIO":"7.95MB / 0B","CPUPerc":"5.47%","Container":"a66f27ba8092","ID":"a66f27ba8092","MemPerc":"0.54%","MemUsage":"40.7MiB / 7.38GiB","Name":"flash-cloud-bench-maintenance-1","NetIO":"348MB / 1.18GB","PIDs":"6"}
{"BlockIO":"1.41MB / 0B","CPUPerc":"3.96%","Container":"6fea00feedc4","ID":"6fea00feedc4","MemPerc":"0.04%","MemUsage":"2.895MiB / 7.38GiB","Name":"flash-cloud-bench-pgbouncer-1","NetIO":"565MB / 563MB","PIDs":"1"}
{"BlockIO":"83.4MB / 696MB","CPUPerc":"95.06%","Container":"d440893966b4","ID":"d440893966b4","MemPerc":"1.77%","MemUsage":"133.5MiB / 7.38GiB","Name":"flash-cloud-bench-postgres-1","NetIO":"188MB / 389MB","PIDs":"16"}
{"BlockIO":"98.2MB / 22.1MB","CPUPerc":"2.23%","Container":"562ac1217807","ID":"562ac1217807","MemPerc":"9.54%","MemUsage":"720.8MiB / 7.38GiB","Name":"flash-cloud-bench-kafka-1","NetIO":"10.3MB / 8.48MB","PIDs":"101"}
{"BlockIO":"71.4MB / 1.54MB","CPUPerc":"0.00%","Container":"bc21247794d5","ID":"bc21247794d5","MemPerc":"1.25%","MemUsage":"94.68MiB / 7.38GiB","Name":"flash-cloud-bench-prometheus-1","NetIO":"4.06MB / 568kB","PIDs":"9"}
2026-09-08T10:41:37Z
{"BlockIO":"18.7MB / 14.8MB","CPUPerc":"0.11%","Container":"5440352fa90e","ID":"5440352fa90e","MemPerc":"1.31%","MemUsage":"99.26MiB / 7.38GiB","Name":"flash-cloud-bench-api-1","NetIO":"1.31GB / 885MB","PIDs":"7"}
{"BlockIO":"41.2MB / 287MB","CPUPerc":"6.01%","Container":"0c0c4eec6cd3","ID":"0c0c4eec6cd3","MemPerc":"0.85%","MemUsage":"63.89MiB / 7.38GiB","Name":"flash-cloud-bench-redis-1","NetIO":"1.22GB / 1.26GB","PIDs":"6"}
{"BlockIO":"0B / 0B","CPUPerc":"10.50%","Container":"facf8315afea","ID":"facf8315afea","MemPerc":"0.47%","MemUsage":"35.76MiB / 7.38GiB","Name":"flash-cloud-bench-consumer-1","NetIO":"14.8MB / 22.2MB","PIDs":"7"}
{"BlockIO":"0B / 0B","CPUPerc":"2.64%","Container":"d790ff1ba173","ID":"d790ff1ba173","MemPerc":"0.47%","MemUsage":"35.84MiB / 7.38GiB","Name":"flash-cloud-bench-publisher-1","NetIO":"15.5MB / 22.4MB","PIDs":"7"}
{"BlockIO":"4.77MB / 0B","CPUPerc":"3.73%","Container":"e0a44f45bbd7","ID":"e0a44f45bbd7","MemPerc":"0.52%","MemUsage":"39.27MiB / 7.38GiB","Name":"flash-cloud-bench-simulator-1","NetIO":"19MB / 24MB","PIDs":"10"}
{"BlockIO":"7.95MB / 0B","CPUPerc":"9.84%","Container":"a66f27ba8092","ID":"a66f27ba8092","MemPerc":"0.54%","MemUsage":"40.7MiB / 7.38GiB","Name":"flash-cloud-bench-maintenance-1","NetIO":"353MB / 1.2GB","PIDs":"6"}
{"BlockIO":"1.41MB / 0B","CPUPerc":"3.53%","Container":"6fea00feedc4","ID":"6fea00feedc4","MemPerc":"0.04%","MemUsage":"2.871MiB / 7.38GiB","Name":"flash-cloud-bench-pgbouncer-1","NetIO":"573MB / 571MB","PIDs":"1"}
{"BlockIO":"83.4MB / 708MB","CPUPerc":"60.93%","Container":"d440893966b4","ID":"d440893966b4","MemPerc":"1.77%","MemUsage":"133.6MiB / 7.38GiB","Name":"flash-cloud-bench-postgres-1","NetIO":"191MB / 395MB","PIDs":"16"}
{"BlockIO":"98.2MB / 22.5MB","CPUPerc":"1.57%","Container":"562ac1217807","ID":"562ac1217807","MemPerc":"9.63%","MemUsage":"727.9MiB / 7.38GiB","Name":"flash-cloud-bench-kafka-1","NetIO":"10.4MB / 8.6MB","PIDs":"101"}
{"BlockIO":"71.4MB / 1.55MB","CPUPerc":"0.00%","Container":"bc21247794d5","ID":"bc21247794d5","MemPerc":"1.25%","MemUsage":"94.68MiB / 7.38GiB","Name":"flash-cloud-bench-prometheus-1","NetIO":"4.13MB / 578kB","PIDs":"9"}
2026-09-08T10:41:47Z
{"BlockIO":"18.7MB / 15.3MB","CPUPerc":"18.37%","Container":"5440352fa90e","ID":"5440352fa90e","MemPerc":"1.31%","MemUsage":"99.27MiB / 7.38GiB","Name":"flash-cloud-bench-api-1","NetIO":"1.31GB / 886MB","PIDs":"7"}
{"BlockIO":"41.2MB / 287MB","CPUPerc":"14.13%","Container":"0c0c4eec6cd3","ID":"0c0c4eec6cd3","MemPerc":"0.84%","MemUsage":"63.75MiB / 7.38GiB","Name":"flash-cloud-bench-redis-1","NetIO":"1.24GB / 1.26GB","PIDs":"6"}
{"BlockIO":"0B / 0B","CPUPerc":"2.06%","Container":"facf8315afea","ID":"facf8315afea","MemPerc":"0.47%","MemUsage":"35.76MiB / 7.38GiB","Name":"flash-cloud-bench-consumer-1","NetIO":"15.1MB / 22.5MB","PIDs":"7"}
{"BlockIO":"0B / 0B","CPUPerc":"2.03%","Container":"d790ff1ba173","ID":"d790ff1ba173","MemPerc":"0.47%","MemUsage":"35.84MiB / 7.38GiB","Name":"flash-cloud-bench-publisher-1","NetIO":"15.8MB / 22.7MB","PIDs":"7"}
{"BlockIO":"4.77MB / 0B","CPUPerc":"3.83%","Container":"e0a44f45bbd7","ID":"e0a44f45bbd7","MemPerc":"0.52%","MemUsage":"39.27MiB / 7.38GiB","Name":"flash-cloud-bench-simulator-1","NetIO":"19.4MB / 24.4MB","PIDs":"10"}
{"BlockIO":"7.95MB / 0B","CPUPerc":"23.34%","Container":"a66f27ba8092","ID":"a66f27ba8092","MemPerc":"0.54%","MemUsage":"40.7MiB / 7.38GiB","Name":"flash-cloud-bench-maintenance-1","NetIO":"360MB / 1.22GB","PIDs":"6"}
{"BlockIO":"1.41MB / 0B","CPUPerc":"6.85%","Container":"6fea00feedc4","ID":"6fea00feedc4","MemPerc":"0.04%","MemUsage":"2.879MiB / 7.38GiB","Name":"flash-cloud-bench-pgbouncer-1","NetIO":"583MB / 581MB","PIDs":"1"}
{"BlockIO":"83.4MB / 721MB","CPUPerc":"57.22%","Container":"d440893966b4","ID":"d440893966b4","MemPerc":"1.77%","MemUsage":"133.8MiB / 7.38GiB","Name":"flash-cloud-bench-postgres-1","NetIO":"194MB / 402MB","PIDs":"16"}
{"BlockIO":"98.2MB / 22.8MB","CPUPerc":"1.24%","Container":"562ac1217807","ID":"562ac1217807","MemPerc":"9.75%","MemUsage":"737.1MiB / 7.38GiB","Name":"flash-cloud-bench-kafka-1","NetIO":"10.6MB / 8.74MB","PIDs":"101"}
{"BlockIO":"71.4MB / 1.55MB","CPUPerc":"0.00%","Container":"bc21247794d5","ID":"bc21247794d5","MemPerc":"1.25%","MemUsage":"94.69MiB / 7.38GiB","Name":"flash-cloud-bench-prometheus-1","NetIO":"4.2MB / 587kB","PIDs":"9"}
2026-09-08T10:41:57Z
{"BlockIO":"18.7MB / 15.8MB","CPUPerc":"0.11%","Container":"5440352fa90e","ID":"5440352fa90e","MemPerc":"1.31%","MemUsage":"99.28MiB / 7.38GiB","Name":"flash-cloud-bench-api-1","NetIO":"1.31GB / 886MB","PIDs":"7"}
{"BlockIO":"41.2MB / 287MB","CPUPerc":"8.56%","Container":"0c0c4eec6cd3","ID":"0c0c4eec6cd3","MemPerc":"0.84%","MemUsage":"63.81MiB / 7.38GiB","Name":"flash-cloud-bench-redis-1","NetIO":"1.26GB / 1.26GB","PIDs":"6"}
{"BlockIO":"0B / 0B","CPUPerc":"7.24%","Container":"facf8315afea","ID":"facf8315afea","MemPerc":"0.47%","MemUsage":"35.76MiB / 7.38GiB","Name":"flash-cloud-bench-consumer-1","NetIO":"15.3MB / 23MB","PIDs":"7"}
{"BlockIO":"0B / 0B","CPUPerc":"2.92%","Container":"d790ff1ba173","ID":"d790ff1ba173","MemPerc":"0.47%","MemUsage":"35.84MiB / 7.38GiB","Name":"flash-cloud-bench-publisher-1","NetIO":"16MB / 23.1MB","PIDs":"7"}
{"BlockIO":"4.77MB / 0B","CPUPerc":"3.80%","Container":"e0a44f45bbd7","ID":"e0a44f45bbd7","MemPerc":"0.52%","MemUsage":"39.27MiB / 7.38GiB","Name":"flash-cloud-bench-simulator-1","NetIO":"19.7MB / 24.8MB","PIDs":"10"}
{"BlockIO":"7.95MB / 0B","CPUPerc":"24.02%","Container":"a66f27ba8092","ID":"a66f27ba8092","MemPerc":"0.54%","MemUsage":"40.71MiB / 7.38GiB","Name":"flash-cloud-bench-maintenance-1","NetIO":"366MB / 1.24GB","PIDs":"6"}
{"BlockIO":"1.41MB / 0B","CPUPerc":"8.77%","Container":"6fea00feedc4","ID":"6fea00feedc4","MemPerc":"0.04%","MemUsage":"2.867MiB / 7.38GiB","Name":"flash-cloud-bench-pgbouncer-1","NetIO":"592MB / 591MB","PIDs":"1"}
{"BlockIO":"83.4MB / 734MB","CPUPerc":"55.82%","Container":"d440893966b4","ID":"d440893966b4","MemPerc":"1.77%","MemUsage":"133.9MiB / 7.38GiB","Name":"flash-cloud-bench-postgres-1","NetIO":"197MB / 409MB","PIDs":"16"}
{"BlockIO":"98.2MB / 23.4MB","CPUPerc":"1.28%","Container":"562ac1217807","ID":"562ac1217807","MemPerc":"9.89%","MemUsage":"747MiB / 7.38GiB","Name":"flash-cloud-bench-kafka-1","NetIO":"10.8MB / 8.9MB","PIDs":"101"}
{"BlockIO":"71.4MB / 1.55MB","CPUPerc":"0.00%","Container":"bc21247794d5","ID":"bc21247794d5","MemPerc":"1.25%","MemUsage":"94.69MiB / 7.38GiB","Name":"flash-cloud-bench-prometheus-1","NetIO":"4.27MB / 597kB","PIDs":"9"}
2026-09-08T10:42:07Z
{"BlockIO":"18.7MB / 16.3MB","CPUPerc":"21.14%","Container":"5440352fa90e","ID":"5440352fa90e","MemPerc":"1.31%","MemUsage":"99.28MiB / 7.38GiB","Name":"flash-cloud-bench-api-1","NetIO":"1.31GB / 887MB","PIDs":"7"}
{"BlockIO":"41.2MB / 287MB","CPUPerc":"15.10%","Container":"0c0c4eec6cd3","ID":"0c0c4eec6cd3","MemPerc":"0.84%","MemUsage":"63.74MiB / 7.38GiB","Name":"flash-cloud-bench-redis-1","NetIO":"1.28GB / 1.26GB","PIDs":"6"}
{"BlockIO":"0B / 0B","CPUPerc":"2.46%","Container":"facf8315afea","ID":"facf8315afea","MemPerc":"0.47%","MemUsage":"35.77MiB / 7.38GiB","Name":"flash-cloud-bench-consumer-1","NetIO":"15.5MB / 23.3MB","PIDs":"7"}
{"BlockIO":"0B / 0B","CPUPerc":"2.37%","Container":"d790ff1ba173","ID":"d790ff1ba173","MemPerc":"0.47%","MemUsage":"35.84MiB / 7.38GiB","Name":"flash-cloud-bench-publisher-1","NetIO":"16.2MB / 23.4MB","PIDs":"7"}
{"BlockIO":"4.77MB / 0B","CPUPerc":"3.71%","Container":"e0a44f45bbd7","ID":"e0a44f45bbd7","MemPerc":"0.52%","MemUsage":"39.27MiB / 7.38GiB","Name":"flash-cloud-bench-simulator-1","NetIO":"20MB / 25.2MB","PIDs":"10"}
{"BlockIO":"7.95MB / 0B","CPUPerc":"23.63%","Container":"a66f27ba8092","ID":"a66f27ba8092","MemPerc":"0.54%","MemUsage":"40.71MiB / 7.38GiB","Name":"flash-cloud-bench-maintenance-1","NetIO":"372MB / 1.26GB","PIDs":"6"}
{"BlockIO":"1.41MB / 0B","CPUPerc":"6.91%","Container":"6fea00feedc4","ID":"6fea00feedc4","MemPerc":"0.04%","MemUsage":"2.871MiB / 7.38GiB","Name":"flash-cloud-bench-pgbouncer-1","NetIO":"602MB / 600MB","PIDs":"1"}
{"BlockIO":"83.4MB / 747MB","CPUPerc":"63.07%","Container":"d440893966b4","ID":"d440893966b4","MemPerc":"1.77%","MemUsage":"134.1MiB / 7.38GiB","Name":"flash-cloud-bench-postgres-1","NetIO":"200MB / 415MB","PIDs":"16"}
{"BlockIO":"98.2MB / 23.7MB","CPUPerc":"4.04%","Container":"562ac1217807","ID":"562ac1217807","MemPerc":"9.97%","MemUsage":"753.6MiB / 7.38GiB","Name":"flash-cloud-bench-kafka-1","NetIO":"10.9MB / 9.01MB","PIDs":"101"}
{"BlockIO":"71.4MB / 1.59MB","CPUPerc":"0.00%","Container":"bc21247794d5","ID":"bc21247794d5","MemPerc":"1.25%","MemUsage":"94.69MiB / 7.38GiB","Name":"flash-cloud-bench-prometheus-1","NetIO":"4.34MB / 606kB","PIDs":"9"}
2026-09-08T10:42:17Z
{"BlockIO":"18.7MB / 16.8MB","CPUPerc":"29.18%","Container":"5440352fa90e","ID":"5440352fa90e","MemPerc":"1.31%","MemUsage":"99.29MiB / 7.38GiB","Name":"flash-cloud-bench-api-1","NetIO":"1.31GB / 888MB","PIDs":"7"}
{"BlockIO":"41.2MB / 316MB","CPUPerc":"13.19%","Container":"0c0c4eec6cd3","ID":"0c0c4eec6cd3","MemPerc":"0.84%","MemUsage":"63.75MiB / 7.38GiB","Name":"flash-cloud-bench-redis-1","NetIO":"1.3GB / 1.26GB","PIDs":"6"}
{"BlockIO":"0B / 0B","CPUPerc":"2.52%","Container":"facf8315afea","ID":"facf8315afea","MemPerc":"0.47%","MemUsage":"35.76MiB / 7.38GiB","Name":"flash-cloud-bench-consumer-1","NetIO":"15.8MB / 23.6MB","PIDs":"7"}
{"BlockIO":"0B / 0B","CPUPerc":"3.02%","Container":"d790ff1ba173","ID":"d790ff1ba173","MemPerc":"0.47%","MemUsage":"35.84MiB / 7.38GiB","Name":"flash-cloud-bench-publisher-1","NetIO":"16.5MB / 23.8MB","PIDs":"7"}
{"BlockIO":"4.77MB / 0B","CPUPerc":"3.63%","Container":"e0a44f45bbd7","ID":"e0a44f45bbd7","MemPerc":"0.52%","MemUsage":"39.27MiB / 7.38GiB","Name":"flash-cloud-bench-simulator-1","NetIO":"20.3MB / 25.6MB","PIDs":"10"}
{"BlockIO":"7.95MB / 0B","CPUPerc":"25.65%","Container":"a66f27ba8092","ID":"a66f27ba8092","MemPerc":"0.54%","MemUsage":"40.71MiB / 7.38GiB","Name":"flash-cloud-bench-maintenance-1","NetIO":"378MB / 1.28GB","PIDs":"6"}
{"BlockIO":"1.41MB / 0B","CPUPerc":"8.33%","Container":"6fea00feedc4","ID":"6fea00feedc4","MemPerc":"0.04%","MemUsage":"2.883MiB / 7.38GiB","Name":"flash-cloud-bench-pgbouncer-1","NetIO":"612MB / 610MB","PIDs":"1"}
{"BlockIO":"83.4MB / 760MB","CPUPerc":"53.85%","Container":"d440893966b4","ID":"d440893966b4","MemPerc":"1.78%","MemUsage":"134.2MiB / 7.38GiB","Name":"flash-cloud-bench-postgres-1","NetIO":"203MB / 422MB","PIDs":"16"}
{"BlockIO":"98.2MB / 24.2MB","CPUPerc":"1.61%","Container":"562ac1217807","ID":"562ac1217807","MemPerc":"10.09%","MemUsage":"762.7MiB / 7.38GiB","Name":"flash-cloud-bench-kafka-1","NetIO":"11.1MB / 9.15MB","PIDs":"101"}
{"BlockIO":"71.4MB / 1.59MB","CPUPerc":"0.22%","Container":"bc21247794d5","ID":"bc21247794d5","MemPerc":"1.25%","MemUsage":"94.69MiB / 7.38GiB","Name":"flash-cloud-bench-prometheus-1","NetIO":"4.41MB / 616kB","PIDs":"9"}
2026-09-08T10:42:27Z
{"BlockIO":"18.7MB / 17.4MB","CPUPerc":"6.64%","Container":"5440352fa90e","ID":"5440352fa90e","MemPerc":"1.44%","MemUsage":"108.8MiB / 7.38GiB","Name":"flash-cloud-bench-api-1","NetIO":"1.31GB / 888MB","PIDs":"8"}
{"BlockIO":"41.2MB / 316MB","CPUPerc":"8.09%","Container":"0c0c4eec6cd3","ID":"0c0c4eec6cd3","MemPerc":"0.84%","MemUsage":"63.62MiB / 7.38GiB","Name":"flash-cloud-bench-redis-1","NetIO":"1.31GB / 1.26GB","PIDs":"6"}
{"BlockIO":"0B / 0B","CPUPerc":"0.35%","Container":"facf8315afea","ID":"facf8315afea","MemPerc":"0.47%","MemUsage":"35.77MiB / 7.38GiB","Name":"flash-cloud-bench-consumer-1","NetIO":"15.9MB / 23.8MB","PIDs":"7"}
{"BlockIO":"0B / 0B","CPUPerc":"1.02%","Container":"d790ff1ba173","ID":"d790ff1ba173","MemPerc":"0.47%","MemUsage":"35.84MiB / 7.38GiB","Name":"flash-cloud-bench-publisher-1","NetIO":"16.7MB / 24MB","PIDs":"7"}
{"BlockIO":"4.77MB / 0B","CPUPerc":"4.14%","Container":"e0a44f45bbd7","ID":"e0a44f45bbd7","MemPerc":"0.52%","MemUsage":"39.27MiB / 7.38GiB","Name":"flash-cloud-bench-simulator-1","NetIO":"20.6MB / 26MB","PIDs":"10"}
{"BlockIO":"7.95MB / 0B","CPUPerc":"12.48%","Container":"a66f27ba8092","ID":"a66f27ba8092","MemPerc":"0.54%","MemUsage":"40.71MiB / 7.38GiB","Name":"flash-cloud-bench-maintenance-1","NetIO":"384MB / 1.3GB","PIDs":"6"}
{"BlockIO":"1.41MB / 0B","CPUPerc":"4.01%","Container":"6fea00feedc4","ID":"6fea00feedc4","MemPerc":"0.04%","MemUsage":"2.859MiB / 7.38GiB","Name":"flash-cloud-bench-pgbouncer-1","NetIO":"620MB / 618MB","PIDs":"1"}
{"BlockIO":"83.4MB / 769MB","CPUPerc":"9.31%","Container":"d440893966b4","ID":"d440893966b4","MemPerc":"1.78%","MemUsage":"134.3MiB / 7.38GiB","Name":"flash-cloud-bench-postgres-1","NetIO":"206MB / 428MB","PIDs":"16"}
{"BlockIO":"98.2MB / 24.7MB","CPUPerc":"0.54%","Container":"562ac1217807","ID":"562ac1217807","MemPerc":"10.17%","MemUsage":"768.4MiB / 7.38GiB","Name":"flash-cloud-bench-kafka-1","NetIO":"11.2MB / 9.24MB","PIDs":"101"}
{"BlockIO":"71.4MB / 1.59MB","CPUPerc":"0.21%","Container":"bc21247794d5","ID":"bc21247794d5","MemPerc":"1.25%","MemUsage":"94.69MiB / 7.38GiB","Name":"flash-cloud-bench-prometheus-1","NetIO":"4.47MB / 625kB","PIDs":"9"}
2026-09-08T10:42:37Z
{"BlockIO":"18.7MB / 17.9MB","CPUPerc":"0.12%","Container":"5440352fa90e","ID":"5440352fa90e","MemPerc":"1.31%","MemUsage":"99.32MiB / 7.38GiB","Name":"flash-cloud-bench-api-1","NetIO":"1.31GB / 889MB","PIDs":"7"}
{"BlockIO":"41.2MB / 316MB","CPUPerc":"15.24%","Container":"0c0c4eec6cd3","ID":"0c0c4eec6cd3","MemPerc":"0.84%","MemUsage":"63.59MiB / 7.38GiB","Name":"flash-cloud-bench-redis-1","NetIO":"1.34GB / 1.26GB","PIDs":"6"}
{"BlockIO":"0B / 0B","CPUPerc":"0.39%","Container":"facf8315afea","ID":"facf8315afea","MemPerc":"0.47%","MemUsage":"35.77MiB / 7.38GiB","Name":"flash-cloud-bench-consumer-1","NetIO":"15.9MB / 23.9MB","PIDs":"7"}
{"BlockIO":"0B / 0B","CPUPerc":"1.09%","Container":"d790ff1ba173","ID":"d790ff1ba173","MemPerc":"0.47%","MemUsage":"35.84MiB / 7.38GiB","Name":"flash-cloud-bench-publisher-1","NetIO":"16.8MB / 24.2MB","PIDs":"7"}
{"BlockIO":"4.77MB / 0B","CPUPerc":"3.81%","Container":"e0a44f45bbd7","ID":"e0a44f45bbd7","MemPerc":"0.52%","MemUsage":"39.27MiB / 7.38GiB","Name":"flash-cloud-bench-simulator-1","NetIO":"20.9MB / 26.4MB","PIDs":"10"}
{"BlockIO":"7.95MB / 0B","CPUPerc":"19.98%","Container":"a66f27ba8092","ID":"a66f27ba8092","MemPerc":"0.54%","MemUsage":"40.71MiB / 7.38GiB","Name":"flash-cloud-bench-maintenance-1","NetIO":"390MB / 1.32GB","PIDs":"6"}
{"BlockIO":"1.41MB / 0B","CPUPerc":"5.38%","Container":"6fea00feedc4","ID":"6fea00feedc4","MemPerc":"0.04%","MemUsage":"2.871MiB / 7.38GiB","Name":"flash-cloud-bench-pgbouncer-1","NetIO":"628MB / 626MB","PIDs":"1"}
{"BlockIO":"83.4MB / 775MB","CPUPerc":"12.28%","Container":"d440893966b4","ID":"d440893966b4","MemPerc":"1.78%","MemUsage":"134.3MiB / 7.38GiB","Name":"flash-cloud-bench-postgres-1","NetIO":"208MB / 435MB","PIDs":"16"}
{"BlockIO":"98.2MB / 24.8MB","CPUPerc":"89.94%","Container":"562ac1217807","ID":"562ac1217807","MemPerc":"10.18%","MemUsage":"769.6MiB / 7.38GiB","Name":"flash-cloud-bench-kafka-1","NetIO":"11.2MB / 9.24MB","PIDs":"101"}
{"BlockIO":"71.4MB / 1.63MB","CPUPerc":"0.20%","Container":"bc21247794d5","ID":"bc21247794d5","MemPerc":"1.25%","MemUsage":"94.7MiB / 7.38GiB","Name":"flash-cloud-bench-prometheus-1","NetIO":"4.54MB / 635kB","PIDs":"9"}
2026-09-08T10:42:47Z
{"BlockIO":"18.7MB / 18.4MB","CPUPerc":"0.12%","Container":"5440352fa90e","ID":"5440352fa90e","MemPerc":"1.31%","MemUsage":"99.33MiB / 7.38GiB","Name":"flash-cloud-bench-api-1","NetIO":"1.31GB / 889MB","PIDs":"7"}
{"BlockIO":"41.2MB / 316MB","CPUPerc":"3.95%","Container":"0c0c4eec6cd3","ID":"0c0c4eec6cd3","MemPerc":"0.84%","MemUsage":"63.51MiB / 7.38GiB","Name":"flash-cloud-bench-redis-1","NetIO":"1.35GB / 1.26GB","PIDs":"6"}
{"BlockIO":"0B / 0B","CPUPerc":"0.59%","Container":"facf8315afea","ID":"facf8315afea","MemPerc":"0.47%","MemUsage":"35.77MiB / 7.38GiB","Name":"flash-cloud-bench-consumer-1","NetIO":"15.9MB / 23.9MB","PIDs":"7"}
{"BlockIO":"0B / 0B","CPUPerc":"1.07%","Container":"d790ff1ba173","ID":"d790ff1ba173","MemPerc":"0.47%","MemUsage":"35.84MiB / 7.38GiB","Name":"flash-cloud-bench-publisher-1","NetIO":"16.9MB / 24.3MB","PIDs":"7"}
{"BlockIO":"4.77MB / 0B","CPUPerc":"3.88%","Container":"e0a44f45bbd7","ID":"e0a44f45bbd7","MemPerc":"0.52%","MemUsage":"39.27MiB / 7.38GiB","Name":"flash-cloud-bench-simulator-1","NetIO":"21.3MB / 26.8MB","PIDs":"10"}
{"BlockIO":"7.95MB / 0B","CPUPerc":"7.14%","Container":"a66f27ba8092","ID":"a66f27ba8092","MemPerc":"0.54%","MemUsage":"40.71MiB / 7.38GiB","Name":"flash-cloud-bench-maintenance-1","NetIO":"395MB / 1.34GB","PIDs":"6"}
{"BlockIO":"1.41MB / 0B","CPUPerc":"2.91%","Container":"6fea00feedc4","ID":"6fea00feedc4","MemPerc":"0.04%","MemUsage":"2.875MiB / 7.38GiB","Name":"flash-cloud-bench-pgbouncer-1","NetIO":"635MB / 633MB","PIDs":"1"}
{"BlockIO":"83.4MB / 782MB","CPUPerc":"11.65%","Container":"d440893966b4","ID":"d440893966b4","MemPerc":"1.78%","MemUsage":"134.4MiB / 7.38GiB","Name":"flash-cloud-bench-postgres-1","NetIO":"210MB / 440MB","PIDs":"16"}
{"BlockIO":"98.2MB / 25MB","CPUPerc":"39.22%","Container":"562ac1217807","ID":"562ac1217807","MemPerc":"10.53%","MemUsage":"795.5MiB / 7.38GiB","Name":"flash-cloud-bench-kafka-1","NetIO":"11.2MB / 9.24MB","PIDs":"120"}
{"BlockIO":"71.4MB / 1.63MB","CPUPerc":"0.24%","Container":"bc21247794d5","ID":"bc21247794d5","MemPerc":"1.25%","MemUsage":"94.7MiB / 7.38GiB","Name":"flash-cloud-bench-prometheus-1","NetIO":"4.62MB / 646kB","PIDs":"9"}
2026-09-08T10:42:58Z
{"BlockIO":"18.7MB / 19MB","CPUPerc":"1.40%","Container":"5440352fa90e","ID":"5440352fa90e","MemPerc":"1.31%","MemUsage":"99.34MiB / 7.38GiB","Name":"flash-cloud-bench-api-1","NetIO":"1.31GB / 890MB","PIDs":"7"}
{"BlockIO":"41.2MB / 316MB","CPUPerc":"12.51%","Container":"0c0c4eec6cd3","ID":"0c0c4eec6cd3","MemPerc":"0.84%","MemUsage":"63.58MiB / 7.38GiB","Name":"flash-cloud-bench-redis-1","NetIO":"1.37GB / 1.26GB","PIDs":"6"}
{"BlockIO":"0B / 0B","CPUPerc":"0.28%","Container":"facf8315afea","ID":"facf8315afea","MemPerc":"0.47%","MemUsage":"35.78MiB / 7.38GiB","Name":"flash-cloud-bench-consumer-1","NetIO":"15.9MB / 23.9MB","PIDs":"7"}
{"BlockIO":"0B / 0B","CPUPerc":"0.95%","Container":"d790ff1ba173","ID":"d790ff1ba173","MemPerc":"0.47%","MemUsage":"35.84MiB / 7.38GiB","Name":"flash-cloud-bench-publisher-1","NetIO":"16.9MB / 24.4MB","PIDs":"7"}
{"BlockIO":"4.77MB / 0B","CPUPerc":"4.03%","Container":"e0a44f45bbd7","ID":"e0a44f45bbd7","MemPerc":"0.52%","MemUsage":"39.27MiB / 7.38GiB","Name":"flash-cloud-bench-simulator-1","NetIO":"21.6MB / 27.2MB","PIDs":"10"}
{"BlockIO":"7.95MB / 0B","CPUPerc":"18.54%","Container":"a66f27ba8092","ID":"a66f27ba8092","MemPerc":"0.54%","MemUsage":"40.71MiB / 7.38GiB","Name":"flash-cloud-bench-maintenance-1","NetIO":"401MB / 1.36GB","PIDs":"6"}
{"BlockIO":"1.41MB / 0B","CPUPerc":"5.15%","Container":"6fea00feedc4","ID":"6fea00feedc4","MemPerc":"0.04%","MemUsage":"2.863MiB / 7.38GiB","Name":"flash-cloud-bench-pgbouncer-1","NetIO":"643MB / 641MB","PIDs":"1"}
{"BlockIO":"83.4MB / 788MB","CPUPerc":"11.38%","Container":"d440893966b4","ID":"d440893966b4","MemPerc":"1.78%","MemUsage":"134.4MiB / 7.38GiB","Name":"flash-cloud-bench-postgres-1","NetIO":"212MB / 446MB","PIDs":"16"}
{"BlockIO":"98.2MB / 25.1MB","CPUPerc":"0.69%","Container":"562ac1217807","ID":"562ac1217807","MemPerc":"10.22%","MemUsage":"772.1MiB / 7.38GiB","Name":"flash-cloud-bench-kafka-1","NetIO":"11.2MB / 9.25MB","PIDs":"101"}
{"BlockIO":"71.4MB / 1.63MB","CPUPerc":"0.24%","Container":"bc21247794d5","ID":"bc21247794d5","MemPerc":"1.25%","MemUsage":"94.7MiB / 7.38GiB","Name":"flash-cloud-bench-prometheus-1","NetIO":"4.69MB / 656kB","PIDs":"9"}
2026-09-08T10:43:08Z
{"BlockIO":"18.7MB / 19.5MB","CPUPerc":"0.09%","Container":"5440352fa90e","ID":"5440352fa90e","MemPerc":"1.31%","MemUsage":"99.34MiB / 7.38GiB","Name":"flash-cloud-bench-api-1","NetIO":"1.31GB / 891MB","PIDs":"7"}
{"BlockIO":"41.2MB / 316MB","CPUPerc":"3.49%","Container":"0c0c4eec6cd3","ID":"0c0c4eec6cd3","MemPerc":"0.84%","MemUsage":"63.68MiB / 7.38GiB","Name":"flash-cloud-bench-redis-1","NetIO":"1.39GB / 1.26GB","PIDs":"6"}
{"BlockIO":"0B / 0B","CPUPerc":"0.21%","Container":"facf8315afea","ID":"facf8315afea","MemPerc":"0.47%","MemUsage":"35.77MiB / 7.38GiB","Name":"flash-cloud-bench-consumer-1","NetIO":"15.9MB / 23.9MB","PIDs":"7"}
{"BlockIO":"0B / 0B","CPUPerc":"0.96%","Container":"d790ff1ba173","ID":"d790ff1ba173","MemPerc":"0.47%","MemUsage":"35.84MiB / 7.38GiB","Name":"flash-cloud-bench-publisher-1","NetIO":"17MB / 24.5MB","PIDs":"7"}
{"BlockIO":"4.77MB / 0B","CPUPerc":"4.56%","Container":"e0a44f45bbd7","ID":"e0a44f45bbd7","MemPerc":"0.52%","MemUsage":"39.27MiB / 7.38GiB","Name":"flash-cloud-bench-simulator-1","NetIO":"21.9MB / 27.6MB","PIDs":"10"}
{"BlockIO":"7.95MB / 0B","CPUPerc":"3.17%","Container":"a66f27ba8092","ID":"a66f27ba8092","MemPerc":"0.54%","MemUsage":"40.71MiB / 7.38GiB","Name":"flash-cloud-bench-maintenance-1","NetIO":"406MB / 1.38GB","PIDs":"6"}
{"BlockIO":"1.41MB / 0B","CPUPerc":"2.02%","Container":"6fea00feedc4","ID":"6fea00feedc4","MemPerc":"0.04%","MemUsage":"2.871MiB / 7.38GiB","Name":"flash-cloud-bench-pgbouncer-1","NetIO":"650MB / 648MB","PIDs":"1"}
{"BlockIO":"83.4MB / 792MB","CPUPerc":"4.11%","Container":"d440893966b4","ID":"d440893966b4","MemPerc":"1.78%","MemUsage":"134.4MiB / 7.38GiB","Name":"flash-cloud-bench-postgres-1","NetIO":"213MB / 452MB","PIDs":"16"}
{"BlockIO":"98.2MB / 25.2MB","CPUPerc":"0.90%","Container":"562ac1217807","ID":"562ac1217807","MemPerc":"10.23%","MemUsage":"773.3MiB / 7.38GiB","Name":"flash-cloud-bench-kafka-1","NetIO":"11.2MB / 9.25MB","PIDs":"101"}
{"BlockIO":"71.4MB / 1.67MB","CPUPerc":"0.00%","Container":"bc21247794d5","ID":"bc21247794d5","MemPerc":"1.25%","MemUsage":"94.7MiB / 7.38GiB","Name":"flash-cloud-bench-prometheus-1","NetIO":"4.75MB / 663kB","PIDs":"9"}
2026-09-08T10:43:18Z
{"BlockIO":"18.7MB / 20.1MB","CPUPerc":"1.42%","Container":"5440352fa90e","ID":"5440352fa90e","MemPerc":"1.31%","MemUsage":"99.35MiB / 7.38GiB","Name":"flash-cloud-bench-api-1","NetIO":"1.31GB / 891MB","PIDs":"7"}
{"BlockIO":"41.2MB / 345MB","CPUPerc":"12.51%","Container":"0c0c4eec6cd3","ID":"0c0c4eec6cd3","MemPerc":"0.84%","MemUsage":"63.66MiB / 7.38GiB","Name":"flash-cloud-bench-redis-1","NetIO":"1.41GB / 1.26GB","PIDs":"6"}
{"BlockIO":"0B / 0B","CPUPerc":"0.23%","Container":"facf8315afea","ID":"facf8315afea","MemPerc":"0.47%","MemUsage":"35.77MiB / 7.38GiB","Name":"flash-cloud-bench-consumer-1","NetIO":"15.9MB / 23.9MB","PIDs":"7"}
{"BlockIO":"0B / 0B","CPUPerc":"0.98%","Container":"d790ff1ba173","ID":"d790ff1ba173","MemPerc":"0.47%","MemUsage":"35.84MiB / 7.38GiB","Name":"flash-cloud-bench-publisher-1","NetIO":"17.1MB / 24.6MB","PIDs":"7"}
{"BlockIO":"4.77MB / 0B","CPUPerc":"4.24%","Container":"e0a44f45bbd7","ID":"e0a44f45bbd7","MemPerc":"0.52%","MemUsage":"39.27MiB / 7.38GiB","Name":"flash-cloud-bench-simulator-1","NetIO":"22.2MB / 28MB","PIDs":"10"}
{"BlockIO":"7.95MB / 0B","CPUPerc":"19.02%","Container":"a66f27ba8092","ID":"a66f27ba8092","MemPerc":"0.54%","MemUsage":"40.71MiB / 7.38GiB","Name":"flash-cloud-bench-maintenance-1","NetIO":"412MB / 1.4GB","PIDs":"6"}
{"BlockIO":"1.41MB / 0B","CPUPerc":"5.12%","Container":"6fea00feedc4","ID":"6fea00feedc4","MemPerc":"0.04%","MemUsage":"2.867MiB / 7.38GiB","Name":"flash-cloud-bench-pgbouncer-1","NetIO":"658MB / 656MB","PIDs":"1"}
{"BlockIO":"83.4MB / 798MB","CPUPerc":"16.75%","Container":"d440893966b4","ID":"d440893966b4","MemPerc":"1.78%","MemUsage":"134.5MiB / 7.38GiB","Name":"flash-cloud-bench-postgres-1","NetIO":"215MB / 458MB","PIDs":"16"}
{"BlockIO":"98.2MB / 25.4MB","CPUPerc":"0.61%","Container":"562ac1217807","ID":"562ac1217807","MemPerc":"10.25%","MemUsage":"774.8MiB / 7.38GiB","Name":"flash-cloud-bench-kafka-1","NetIO":"11.2MB / 9.25MB","PIDs":"101"}
{"BlockIO":"71.4MB / 1.67MB","CPUPerc":"0.38%","Container":"bc21247794d5","ID":"bc21247794d5","MemPerc":"1.26%","MemUsage":"94.89MiB / 7.38GiB","Name":"flash-cloud-bench-prometheus-1","NetIO":"4.83MB / 676kB","PIDs":"10"}
2026-09-08T10:43:28Z
{"BlockIO":"18.7MB / 20.7MB","CPUPerc":"8.85%","Container":"5440352fa90e","ID":"5440352fa90e","MemPerc":"1.31%","MemUsage":"99.36MiB / 7.38GiB","Name":"flash-cloud-bench-api-1","NetIO":"1.31GB / 892MB","PIDs":"7"}
{"BlockIO":"41.2MB / 345MB","CPUPerc":"1.27%","Container":"0c0c4eec6cd3","ID":"0c0c4eec6cd3","MemPerc":"0.84%","MemUsage":"63.66MiB / 7.38GiB","Name":"flash-cloud-bench-redis-1","NetIO":"1.43GB / 1.26GB","PIDs":"6"}
{"BlockIO":"0B / 0B","CPUPerc":"0.37%","Container":"facf8315afea","ID":"facf8315afea","MemPerc":"0.47%","MemUsage":"35.77MiB / 7.38GiB","Name":"flash-cloud-bench-consumer-1","NetIO":"15.9MB / 23.9MB","PIDs":"7"}
{"BlockIO":"0B / 0B","CPUPerc":"1.00%","Container":"d790ff1ba173","ID":"d790ff1ba173","MemPerc":"0.47%","MemUsage":"35.84MiB / 7.38GiB","Name":"flash-cloud-bench-publisher-1","NetIO":"17.2MB / 24.7MB","PIDs":"7"}
{"BlockIO":"4.77MB / 0B","CPUPerc":"4.42%","Container":"e0a44f45bbd7","ID":"e0a44f45bbd7","MemPerc":"0.52%","MemUsage":"39.27MiB / 7.38GiB","Name":"flash-cloud-bench-simulator-1","NetIO":"22.5MB / 28.4MB","PIDs":"10"}
{"BlockIO":"7.95MB / 0B","CPUPerc":"3.44%","Container":"a66f27ba8092","ID":"a66f27ba8092","MemPerc":"0.54%","MemUsage":"40.71MiB / 7.38GiB","Name":"flash-cloud-bench-maintenance-1","NetIO":"417MB / 1.42GB","PIDs":"6"}
{"BlockIO":"1.41MB / 0B","CPUPerc":"2.16%","Container":"6fea00feedc4","ID":"6fea00feedc4","MemPerc":"0.04%","MemUsage":"2.879MiB / 7.38GiB","Name":"flash-cloud-bench-pgbouncer-1","NetIO":"664MB / 663MB","PIDs":"1"}
{"BlockIO":"83.4MB / 803MB","CPUPerc":"4.39%","Container":"d440893966b4","ID":"d440893966b4","MemPerc":"1.78%","MemUsage":"134.5MiB / 7.38GiB","Name":"flash-cloud-bench-postgres-1","NetIO":"217MB / 463MB","PIDs":"16"}
{"BlockIO":"98.2MB / 25.6MB","CPUPerc":"0.69%","Container":"562ac1217807","ID":"562ac1217807","MemPerc":"10.27%","MemUsage":"776MiB / 7.38GiB","Name":"flash-cloud-bench-kafka-1","NetIO":"11.2MB / 9.25MB","PIDs":"101"}
{"BlockIO":"71.4MB / 1.67MB","CPUPerc":"0.40%","Container":"bc21247794d5","ID":"bc21247794d5","MemPerc":"1.26%","MemUsage":"94.89MiB / 7.38GiB","Name":"flash-cloud-bench-prometheus-1","NetIO":"4.9MB / 686kB","PIDs":"10"}
2026-09-08T10:43:38Z
{"BlockIO":"18.7MB / 21.3MB","CPUPerc":"0.09%","Container":"5440352fa90e","ID":"5440352fa90e","MemPerc":"1.31%","MemUsage":"99.37MiB / 7.38GiB","Name":"flash-cloud-bench-api-1","NetIO":"1.31GB / 893MB","PIDs":"7"}
{"BlockIO":"41.2MB / 345MB","CPUPerc":"14.72%","Container":"0c0c4eec6cd3","ID":"0c0c4eec6cd3","MemPerc":"0.84%","MemUsage":"63.62MiB / 7.38GiB","Name":"flash-cloud-bench-redis-1","NetIO":"1.45GB / 1.26GB","PIDs":"6"}
{"BlockIO":"0B / 0B","CPUPerc":"0.32%","Container":"facf8315afea","ID":"facf8315afea","MemPerc":"0.47%","MemUsage":"35.77MiB / 7.38GiB","Name":"flash-cloud-bench-consumer-1","NetIO":"16MB / 23.9MB","PIDs":"7"}
{"BlockIO":"0B / 0B","CPUPerc":"1.04%","Container":"d790ff1ba173","ID":"d790ff1ba173","MemPerc":"0.47%","MemUsage":"35.84MiB / 7.38GiB","Name":"flash-cloud-bench-publisher-1","NetIO":"17.3MB / 24.9MB","PIDs":"7"}
{"BlockIO":"4.77MB / 0B","CPUPerc":"3.85%","Container":"e0a44f45bbd7","ID":"e0a44f45bbd7","MemPerc":"0.52%","MemUsage":"39.27MiB / 7.38GiB","Name":"flash-cloud-bench-simulator-1","NetIO":"22.8MB / 28.8MB","PIDs":"10"}
{"BlockIO":"7.95MB / 0B","CPUPerc":"18.91%","Container":"a66f27ba8092","ID":"a66f27ba8092","MemPerc":"0.54%","MemUsage":"40.71MiB / 7.38GiB","Name":"flash-cloud-bench-maintenance-1","NetIO":"423MB / 1.44GB","PIDs":"6"}
{"BlockIO":"1.41MB / 0B","CPUPerc":"5.06%","Container":"6fea00feedc4","ID":"6fea00feedc4","MemPerc":"0.04%","MemUsage":"2.855MiB / 7.38GiB","Name":"flash-cloud-bench-pgbouncer-1","NetIO":"672MB / 671MB","PIDs":"1"}
{"BlockIO":"83.4MB / 808MB","CPUPerc":"11.36%","Container":"d440893966b4","ID":"d440893966b4","MemPerc":"1.78%","MemUsage":"134.5MiB / 7.38GiB","Name":"flash-cloud-bench-postgres-1","NetIO":"219MB / 470MB","PIDs":"16"}
{"BlockIO":"98.2MB / 25.7MB","CPUPerc":"0.66%","Container":"562ac1217807","ID":"562ac1217807","MemPerc":"10.28%","MemUsage":"777.1MiB / 7.38GiB","Name":"flash-cloud-bench-kafka-1","NetIO":"11.2MB / 9.26MB","PIDs":"101"}
{"BlockIO":"71.4MB / 1.7MB","CPUPerc":"0.00%","Container":"bc21247794d5","ID":"bc21247794d5","MemPerc":"1.26%","MemUsage":"94.91MiB / 7.38GiB","Name":"flash-cloud-bench-prometheus-1","NetIO":"4.96MB / 692kB","PIDs":"10"}
2026-09-08T10:43:48Z
{"BlockIO":"18.7MB / 21.9MB","CPUPerc":"12.23%","Container":"5440352fa90e","ID":"5440352fa90e","MemPerc":"1.32%","MemUsage":"99.38MiB / 7.38GiB","Name":"flash-cloud-bench-api-1","NetIO":"1.31GB / 893MB","PIDs":"7"}
{"BlockIO":"41.2MB / 345MB","CPUPerc":"15.45%","Container":"0c0c4eec6cd3","ID":"0c0c4eec6cd3","MemPerc":"0.84%","MemUsage":"63.46MiB / 7.38GiB","Name":"flash-cloud-bench-redis-1","NetIO":"1.47GB / 1.26GB","PIDs":"6"}
{"BlockIO":"0B / 0B","CPUPerc":"0.36%","Container":"facf8315afea","ID":"facf8315afea","MemPerc":"0.47%","MemUsage":"35.77MiB / 7.38GiB","Name":"flash-cloud-bench-consumer-1","NetIO":"16MB / 23.9MB","PIDs":"7"}
{"BlockIO":"0B / 0B","CPUPerc":"0.99%","Container":"d790ff1ba173","ID":"d790ff1ba173","MemPerc":"0.47%","MemUsage":"35.84MiB / 7.38GiB","Name":"flash-cloud-bench-publisher-1","NetIO":"17.4MB / 25MB","PIDs":"7"}
{"BlockIO":"4.77MB / 0B","CPUPerc":"4.24%","Container":"e0a44f45bbd7","ID":"e0a44f45bbd7","MemPerc":"0.52%","MemUsage":"39.27MiB / 7.38GiB","Name":"flash-cloud-bench-simulator-1","NetIO":"23.1MB / 29.2MB","PIDs":"10"}
{"BlockIO":"7.95MB / 0B","CPUPerc":"3.41%","Container":"a66f27ba8092","ID":"a66f27ba8092","MemPerc":"0.54%","MemUsage":"40.71MiB / 7.38GiB","Name":"flash-cloud-bench-maintenance-1","NetIO":"428MB / 1.46GB","PIDs":"6"}
{"BlockIO":"1.41MB / 0B","CPUPerc":"2.08%","Container":"6fea00feedc4","ID":"6fea00feedc4","MemPerc":"0.04%","MemUsage":"2.867MiB / 7.38GiB","Name":"flash-cloud-bench-pgbouncer-1","NetIO":"679MB / 678MB","PIDs":"1"}
{"BlockIO":"83.4MB / 813MB","CPUPerc":"4.46%","Container":"d440893966b4","ID":"d440893966b4","MemPerc":"1.78%","MemUsage":"134.6MiB / 7.38GiB","Name":"flash-cloud-bench-postgres-1","NetIO":"221MB / 475MB","PIDs":"16"}
{"BlockIO":"98.2MB / 25.9MB","CPUPerc":"0.86%","Container":"562ac1217807","ID":"562ac1217807","MemPerc":"10.30%","MemUsage":"778.5MiB / 7.38GiB","Name":"flash-cloud-bench-kafka-1","NetIO":"11.2MB / 9.26MB","PIDs":"101"}
{"BlockIO":"71.4MB / 1.7MB","CPUPerc":"0.41%","Container":"bc21247794d5","ID":"bc21247794d5","MemPerc":"1.26%","MemUsage":"94.94MiB / 7.38GiB","Name":"flash-cloud-bench-prometheus-1","NetIO":"5.04MB / 705kB","PIDs":"10"}
2026-09-08T10:43:58Z
{"BlockIO":"18.7MB / 22.5MB","CPUPerc":"1.50%","Container":"5440352fa90e","ID":"5440352fa90e","MemPerc":"1.32%","MemUsage":"99.39MiB / 7.38GiB","Name":"flash-cloud-bench-api-1","NetIO":"1.31GB / 894MB","PIDs":"7"}
{"BlockIO":"41.2MB / 345MB","CPUPerc":"10.88%","Container":"0c0c4eec6cd3","ID":"0c0c4eec6cd3","MemPerc":"0.84%","MemUsage":"63.6MiB / 7.38GiB","Name":"flash-cloud-bench-redis-1","NetIO":"1.49GB / 1.26GB","PIDs":"6"}
{"BlockIO":"0B / 0B","CPUPerc":"0.36%","Container":"facf8315afea","ID":"facf8315afea","MemPerc":"0.47%","MemUsage":"35.77MiB / 7.38GiB","Name":"flash-cloud-bench-consumer-1","NetIO":"16MB / 23.9MB","PIDs":"7"}
{"BlockIO":"0B / 0B","CPUPerc":"1.04%","Container":"d790ff1ba173","ID":"d790ff1ba173","MemPerc":"0.47%","MemUsage":"35.84MiB / 7.38GiB","Name":"flash-cloud-bench-publisher-1","NetIO":"17.5MB / 25.1MB","PIDs":"7"}
{"BlockIO":"4.77MB / 0B","CPUPerc":"3.93%","Container":"e0a44f45bbd7","ID":"e0a44f45bbd7","MemPerc":"0.52%","MemUsage":"39.27MiB / 7.38GiB","Name":"flash-cloud-bench-simulator-1","NetIO":"23.5MB / 29.6MB","PIDs":"10"}
{"BlockIO":"7.95MB / 0B","CPUPerc":"16.68%","Container":"a66f27ba8092","ID":"a66f27ba8092","MemPerc":"0.54%","MemUsage":"40.71MiB / 7.38GiB","Name":"flash-cloud-bench-maintenance-1","NetIO":"434MB / 1.48GB","PIDs":"6"}
{"BlockIO":"1.41MB / 0B","CPUPerc":"4.71%","Container":"6fea00feedc4","ID":"6fea00feedc4","MemPerc":"0.04%","MemUsage":"2.871MiB / 7.38GiB","Name":"flash-cloud-bench-pgbouncer-1","NetIO":"687MB / 686MB","PIDs":"1"}
{"BlockIO":"83.4MB / 819MB","CPUPerc":"15.76%","Container":"d440893966b4","ID":"d440893966b4","MemPerc":"1.78%","MemUsage":"134.6MiB / 7.38GiB","Name":"flash-cloud-bench-postgres-1","NetIO":"223MB / 481MB","PIDs":"16"}
{"BlockIO":"98.2MB / 26MB","CPUPerc":"0.68%","Container":"562ac1217807","ID":"562ac1217807","MemPerc":"10.32%","MemUsage":"779.7MiB / 7.38GiB","Name":"flash-cloud-bench-kafka-1","NetIO":"11.2MB / 9.26MB","PIDs":"101"}
{"BlockIO":"71.4MB / 1.7MB","CPUPerc":"0.40%","Container":"bc21247794d5","ID":"bc21247794d5","MemPerc":"1.26%","MemUsage":"94.96MiB / 7.38GiB","Name":"flash-cloud-bench-prometheus-1","NetIO":"5.1MB / 714kB","PIDs":"10"}
2026-09-08T10:44:08Z
{"BlockIO":"18.7MB / 23.1MB","CPUPerc":"1.47%","Container":"5440352fa90e","ID":"5440352fa90e","MemPerc":"1.32%","MemUsage":"99.5MiB / 7.38GiB","Name":"flash-cloud-bench-api-1","NetIO":"1.33GB / 911MB","PIDs":"10"}
{"BlockIO":"41.2MB / 345MB","CPUPerc":"3.32%","Container":"0c0c4eec6cd3","ID":"0c0c4eec6cd3","MemPerc":"0.84%","MemUsage":"63.62MiB / 7.38GiB","Name":"flash-cloud-bench-redis-1","NetIO":"1.5GB / 1.29GB","PIDs":"6"}
{"BlockIO":"0B / 0B","CPUPerc":"0.17%","Container":"facf8315afea","ID":"facf8315afea","MemPerc":"0.47%","MemUsage":"35.77MiB / 7.38GiB","Name":"flash-cloud-bench-consumer-1","NetIO":"16MB / 23.9MB","PIDs":"7"}
{"BlockIO":"0B / 0B","CPUPerc":"0.83%","Container":"d790ff1ba173","ID":"d790ff1ba173","MemPerc":"0.47%","MemUsage":"35.84MiB / 7.38GiB","Name":"flash-cloud-bench-publisher-1","NetIO":"17.6MB / 25.2MB","PIDs":"7"}
{"BlockIO":"4.77MB / 0B","CPUPerc":"2.99%","Container":"e0a44f45bbd7","ID":"e0a44f45bbd7","MemPerc":"0.52%","MemUsage":"39.27MiB / 7.38GiB","Name":"flash-cloud-bench-simulator-1","NetIO":"23.8MB / 30MB","PIDs":"10"}
{"BlockIO":"7.95MB / 0B","CPUPerc":"3.37%","Container":"a66f27ba8092","ID":"a66f27ba8092","MemPerc":"0.54%","MemUsage":"40.71MiB / 7.38GiB","Name":"flash-cloud-bench-maintenance-1","NetIO":"439MB / 1.5GB","PIDs":"6"}
{"BlockIO":"1.41MB / 0B","CPUPerc":"2.06%","Container":"6fea00feedc4","ID":"6fea00feedc4","MemPerc":"0.04%","MemUsage":"2.863MiB / 7.38GiB","Name":"flash-cloud-bench-pgbouncer-1","NetIO":"694MB / 693MB","PIDs":"1"}
{"BlockIO":"83.4MB / 824MB","CPUPerc":"4.46%","Container":"d440893966b4","ID":"d440893966b4","MemPerc":"1.78%","MemUsage":"134.6MiB / 7.38GiB","Name":"flash-cloud-bench-postgres-1","NetIO":"225MB / 486MB","PIDs":"16"}
{"BlockIO":"98.2MB / 26.1MB","CPUPerc":"188.14%","Container":"562ac1217807","ID":"562ac1217807","MemPerc":"11.27%","MemUsage":"851.4MiB / 7.38GiB","Name":"flash-cloud-bench-kafka-1","NetIO":"11.2MB / 9.27MB","PIDs":"120"}
{"BlockIO":"71.4MB / 1.74MB","CPUPerc":"0.14%","Container":"bc21247794d5","ID":"bc21247794d5","MemPerc":"1.26%","MemUsage":"94.96MiB / 7.38GiB","Name":"flash-cloud-bench-prometheus-1","NetIO":"5.17MB / 724kB","PIDs":"10"}
2026-09-08T10:44:18Z
{"BlockIO":"18.7MB / 23.7MB","CPUPerc":"0.08%","Container":"5440352fa90e","ID":"5440352fa90e","MemPerc":"1.32%","MemUsage":"99.41MiB / 7.38GiB","Name":"flash-cloud-bench-api-1","NetIO":"1.33GB / 911MB","PIDs":"7"}
{"BlockIO":"41.2MB / 374MB","CPUPerc":"6.84%","Container":"0c0c4eec6cd3","ID":"0c0c4eec6cd3","MemPerc":"0.84%","MemUsage":"63.62MiB / 7.38GiB","Name":"flash-cloud-bench-redis-1","NetIO":"1.52GB / 1.29GB","PIDs":"6"}
{"BlockIO":"0B / 0B","CPUPerc":"0.24%","Container":"facf8315afea","ID":"facf8315afea","MemPerc":"0.47%","MemUsage":"35.77MiB / 7.38GiB","Name":"flash-cloud-bench-consumer-1","NetIO":"16MB / 23.9MB","PIDs":"7"}
{"BlockIO":"0B / 0B","CPUPerc":"0.71%","Container":"d790ff1ba173","ID":"d790ff1ba173","MemPerc":"0.47%","MemUsage":"35.84MiB / 7.38GiB","Name":"flash-cloud-bench-publisher-1","NetIO":"17.7MB / 25.3MB","PIDs":"7"}
{"BlockIO":"4.77MB / 0B","CPUPerc":"4.06%","Container":"e0a44f45bbd7","ID":"e0a44f45bbd7","MemPerc":"0.52%","MemUsage":"39.27MiB / 7.38GiB","Name":"flash-cloud-bench-simulator-1","NetIO":"24.1MB / 30.4MB","PIDs":"10"}
{"BlockIO":"7.95MB / 0B","CPUPerc":"10.96%","Container":"a66f27ba8092","ID":"a66f27ba8092","MemPerc":"0.54%","MemUsage":"40.71MiB / 7.38GiB","Name":"flash-cloud-bench-maintenance-1","NetIO":"445MB / 1.52GB","PIDs":"6"}
{"BlockIO":"1.41MB / 0B","CPUPerc":"3.64%","Container":"6fea00feedc4","ID":"6fea00feedc4","MemPerc":"0.04%","MemUsage":"2.883MiB / 7.38GiB","Name":"flash-cloud-bench-pgbouncer-1","NetIO":"702MB / 701MB","PIDs":"1"}
{"BlockIO":"83.4MB / 830MB","CPUPerc":"8.13%","Container":"d440893966b4","ID":"d440893966b4","MemPerc":"1.78%","MemUsage":"134.6MiB / 7.38GiB","Name":"flash-cloud-bench-postgres-1","NetIO":"227MB / 493MB","PIDs":"16"}
{"BlockIO":"98.2MB / 26.3MB","CPUPerc":"0.68%","Container":"562ac1217807","ID":"562ac1217807","MemPerc":"10.35%","MemUsage":"782MiB / 7.38GiB","Name":"flash-cloud-bench-kafka-1","NetIO":"11.2MB / 9.27MB","PIDs":"101"}
{"BlockIO":"71.4MB / 1.74MB","CPUPerc":"0.25%","Container":"bc21247794d5","ID":"bc21247794d5","MemPerc":"1.26%","MemUsage":"94.96MiB / 7.38GiB","Name":"flash-cloud-bench-prometheus-1","NetIO":"5.24MB / 732kB","PIDs":"10"}
2026-09-08T10:44:28Z
{"BlockIO":"18.7MB / 24.3MB","CPUPerc":"0.09%","Container":"5440352fa90e","ID":"5440352fa90e","MemPerc":"1.32%","MemUsage":"99.42MiB / 7.38GiB","Name":"flash-cloud-bench-api-1","NetIO":"1.33GB / 912MB","PIDs":"7"}
{"BlockIO":"41.2MB / 374MB","CPUPerc":"0.38%","Container":"0c0c4eec6cd3","ID":"0c0c4eec6cd3","MemPerc":"0.84%","MemUsage":"63.61MiB / 7.38GiB","Name":"flash-cloud-bench-redis-1","NetIO":"1.54GB / 1.29GB","PIDs":"6"}
{"BlockIO":"0B / 0B","CPUPerc":"0.38%","Container":"facf8315afea","ID":"facf8315afea","MemPerc":"0.47%","MemUsage":"35.77MiB / 7.38GiB","Name":"flash-cloud-bench-consumer-1","NetIO":"16MB / 24MB","PIDs":"7"}
{"BlockIO":"0B / 0B","CPUPerc":"1.06%","Container":"d790ff1ba173","ID":"d790ff1ba173","MemPerc":"0.47%","MemUsage":"35.84MiB / 7.38GiB","Name":"flash-cloud-bench-publisher-1","NetIO":"17.8MB / 25.4MB","PIDs":"7"}
{"BlockIO":"4.77MB / 0B","CPUPerc":"3.69%","Container":"e0a44f45bbd7","ID":"e0a44f45bbd7","MemPerc":"0.52%","MemUsage":"39.27MiB / 7.38GiB","Name":"flash-cloud-bench-simulator-1","NetIO":"24.4MB / 30.8MB","PIDs":"10"}
{"BlockIO":"7.95MB / 0B","CPUPerc":"1.86%","Container":"a66f27ba8092","ID":"a66f27ba8092","MemPerc":"0.54%","MemUsage":"40.71MiB / 7.38GiB","Name":"flash-cloud-bench-maintenance-1","NetIO":"450MB / 1.54GB","PIDs":"6"}
{"BlockIO":"1.41MB / 0B","CPUPerc":"1.82%","Container":"6fea00feedc4","ID":"6fea00feedc4","MemPerc":"0.04%","MemUsage":"2.863MiB / 7.38GiB","Name":"flash-cloud-bench-pgbouncer-1","NetIO":"709MB / 708MB","PIDs":"1"}
{"BlockIO":"83.4MB / 835MB","CPUPerc":"8.78%","Container":"d440893966b4","ID":"d440893966b4","MemPerc":"1.78%","MemUsage":"134.6MiB / 7.38GiB","Name":"flash-cloud-bench-postgres-1","NetIO":"229MB / 498MB","PIDs":"16"}
{"BlockIO":"98.2MB / 26.5MB","CPUPerc":"0.73%","Container":"562ac1217807","ID":"562ac1217807","MemPerc":"10.36%","MemUsage":"783.3MiB / 7.38GiB","Name":"flash-cloud-bench-kafka-1","NetIO":"11.2MB / 9.27MB","PIDs":"101"}
{"BlockIO":"71.4MB / 1.74MB","CPUPerc":"0.14%","Container":"bc21247794d5","ID":"bc21247794d5","MemPerc":"1.26%","MemUsage":"94.96MiB / 7.38GiB","Name":"flash-cloud-bench-prometheus-1","NetIO":"5.31MB / 743kB","PIDs":"10"}
2026-09-08T10:44:38Z
{"BlockIO":"18.7MB / 25MB","CPUPerc":"9.78%","Container":"5440352fa90e","ID":"5440352fa90e","MemPerc":"1.32%","MemUsage":"99.5MiB / 7.38GiB","Name":"flash-cloud-bench-api-1","NetIO":"1.34GB / 914MB","PIDs":"9"}
{"BlockIO":"41.2MB / 374MB","CPUPerc":"5.71%","Container":"0c0c4eec6cd3","ID":"0c0c4eec6cd3","MemPerc":"0.84%","MemUsage":"63.79MiB / 7.38GiB","Name":"flash-cloud-bench-redis-1","NetIO":"1.56GB / 1.29GB","PIDs":"6"}
{"BlockIO":"0B / 0B","CPUPerc":"0.90%","Container":"facf8315afea","ID":"facf8315afea","MemPerc":"0.47%","MemUsage":"35.77MiB / 7.38GiB","Name":"flash-cloud-bench-consumer-1","NetIO":"16MB / 24MB","PIDs":"7"}
{"BlockIO":"0B / 0B","CPUPerc":"1.28%","Container":"d790ff1ba173","ID":"d790ff1ba173","MemPerc":"0.47%","MemUsage":"35.84MiB / 7.38GiB","Name":"flash-cloud-bench-publisher-1","NetIO":"17.9MB / 25.6MB","PIDs":"7"}
{"BlockIO":"4.77MB / 0B","CPUPerc":"4.01%","Container":"e0a44f45bbd7","ID":"e0a44f45bbd7","MemPerc":"0.52%","MemUsage":"39.27MiB / 7.38GiB","Name":"flash-cloud-bench-simulator-1","NetIO":"24.7MB / 31.2MB","PIDs":"10"}
{"BlockIO":"7.95MB / 0B","CPUPerc":"6.68%","Container":"a66f27ba8092","ID":"a66f27ba8092","MemPerc":"0.54%","MemUsage":"40.71MiB / 7.38GiB","Name":"flash-cloud-bench-maintenance-1","NetIO":"456MB / 1.56GB","PIDs":"6"}
{"BlockIO":"1.41MB / 0B","CPUPerc":"3.28%","Container":"6fea00feedc4","ID":"6fea00feedc4","MemPerc":"0.04%","MemUsage":"2.875MiB / 7.38GiB","Name":"flash-cloud-bench-pgbouncer-1","NetIO":"718MB / 716MB","PIDs":"1"}
{"BlockIO":"83.4MB / 843MB","CPUPerc":"7.19%","Container":"d440893966b4","ID":"d440893966b4","MemPerc":"1.78%","MemUsage":"134.7MiB / 7.38GiB","Name":"flash-cloud-bench-postgres-1","NetIO":"231MB / 505MB","PIDs":"16"}
{"BlockIO":"98.2MB / 26.8MB","CPUPerc":"0.80%","Container":"562ac1217807","ID":"562ac1217807","MemPerc":"10.40%","MemUsage":"786.1MiB / 7.38GiB","Name":"flash-cloud-bench-kafka-1","NetIO":"11.3MB / 9.3MB","PIDs":"101"}
{"BlockIO":"71.4MB / 1.74MB","CPUPerc":"0.25%","Container":"bc21247794d5","ID":"bc21247794d5","MemPerc":"1.26%","MemUsage":"94.96MiB / 7.38GiB","Name":"flash-cloud-bench-prometheus-1","NetIO":"5.38MB / 751kB","PIDs":"10"}
2026-09-08T10:44:49Z
{"BlockIO":"18.7MB / 25.6MB","CPUPerc":"1.47%","Container":"5440352fa90e","ID":"5440352fa90e","MemPerc":"1.32%","MemUsage":"99.5MiB / 7.38GiB","Name":"flash-cloud-bench-api-1","NetIO":"1.34GB / 915MB","PIDs":"9"}
{"BlockIO":"41.2MB / 374MB","CPUPerc":"4.14%","Container":"0c0c4eec6cd3","ID":"0c0c4eec6cd3","MemPerc":"0.84%","MemUsage":"63.65MiB / 7.38GiB","Name":"flash-cloud-bench-redis-1","NetIO":"1.58GB / 1.29GB","PIDs":"6"}
{"BlockIO":"0B / 0B","CPUPerc":"0.36%","Container":"facf8315afea","ID":"facf8315afea","MemPerc":"0.47%","MemUsage":"35.77MiB / 7.38GiB","Name":"flash-cloud-bench-consumer-1","NetIO":"16MB / 24.1MB","PIDs":"7"}
{"BlockIO":"0B / 0B","CPUPerc":"0.76%","Container":"d790ff1ba173","ID":"d790ff1ba173","MemPerc":"0.47%","MemUsage":"35.84MiB / 7.38GiB","Name":"flash-cloud-bench-publisher-1","NetIO":"18MB / 25.7MB","PIDs":"7"}
{"BlockIO":"4.77MB / 0B","CPUPerc":"4.19%","Container":"e0a44f45bbd7","ID":"e0a44f45bbd7","MemPerc":"0.52%","MemUsage":"39.27MiB / 7.38GiB","Name":"flash-cloud-bench-simulator-1","NetIO":"25MB / 31.6MB","PIDs":"10"}
{"BlockIO":"7.95MB / 0B","CPUPerc":"7.01%","Container":"a66f27ba8092","ID":"a66f27ba8092","MemPerc":"0.54%","MemUsage":"40.71MiB / 7.38GiB","Name":"flash-cloud-bench-maintenance-1","NetIO":"462MB / 1.58GB","PIDs":"6"}
{"BlockIO":"1.41MB / 0B","CPUPerc":"2.82%","Container":"6fea00feedc4","ID":"6fea00feedc4","MemPerc":"0.04%","MemUsage":"2.867MiB / 7.38GiB","Name":"flash-cloud-bench-pgbouncer-1","NetIO":"725MB / 724MB","PIDs":"1"}
{"BlockIO":"83.4MB / 849MB","CPUPerc":"6.19%","Container":"d440893966b4","ID":"d440893966b4","MemPerc":"1.78%","MemUsage":"134.7MiB / 7.38GiB","Name":"flash-cloud-bench-postgres-1","NetIO":"233MB / 510MB","PIDs":"16"}
{"BlockIO":"98.2MB / 26.9MB","CPUPerc":"0.64%","Container":"562ac1217807","ID":"562ac1217807","MemPerc":"10.42%","MemUsage":"787.5MiB / 7.38GiB","Name":"flash-cloud-bench-kafka-1","NetIO":"11.3MB / 9.31MB","PIDs":"101"}
{"BlockIO":"71.4MB / 1.78MB","CPUPerc":"0.00%","Container":"bc21247794d5","ID":"bc21247794d5","MemPerc":"1.26%","MemUsage":"94.95MiB / 7.38GiB","Name":"flash-cloud-bench-prometheus-1","NetIO":"5.45MB / 762kB","PIDs":"10"}
2026-09-08T10:44:59Z
{"BlockIO":"18.7MB / 26.3MB","CPUPerc":"0.07%","Container":"5440352fa90e","ID":"5440352fa90e","MemPerc":"1.32%","MemUsage":"99.45MiB / 7.38GiB","Name":"flash-cloud-bench-api-1","NetIO":"1.34GB / 915MB","PIDs":"7"}
{"BlockIO":"41.2MB / 374MB","CPUPerc":"0.37%","Container":"0c0c4eec6cd3","ID":"0c0c4eec6cd3","MemPerc":"0.84%","MemUsage":"63.68MiB / 7.38GiB","Name":"flash-cloud-bench-redis-1","NetIO":"1.6GB / 1.29GB","PIDs":"6"}
{"BlockIO":"0B / 0B","CPUPerc":"0.26%","Container":"facf8315afea","ID":"facf8315afea","MemPerc":"0.47%","MemUsage":"35.77MiB / 7.38GiB","Name":"flash-cloud-bench-consumer-1","NetIO":"16.1MB / 24.1MB","PIDs":"7"}
{"BlockIO":"0B / 0B","CPUPerc":"1.03%","Container":"d790ff1ba173","ID":"d790ff1ba173","MemPerc":"0.47%","MemUsage":"35.84MiB / 7.38GiB","Name":"flash-cloud-bench-publisher-1","NetIO":"18.1MB / 25.9MB","PIDs":"7"}
{"BlockIO":"4.77MB / 0B","CPUPerc":"4.15%","Container":"e0a44f45bbd7","ID":"e0a44f45bbd7","MemPerc":"0.52%","MemUsage":"39.27MiB / 7.38GiB","Name":"flash-cloud-bench-simulator-1","NetIO":"25.4MB / 32MB","PIDs":"10"}
{"BlockIO":"7.95MB / 0B","CPUPerc":"1.54%","Container":"a66f27ba8092","ID":"a66f27ba8092","MemPerc":"0.54%","MemUsage":"40.71MiB / 7.38GiB","Name":"flash-cloud-bench-maintenance-1","NetIO":"468MB / 1.6GB","PIDs":"6"}
{"BlockIO":"1.41MB / 0B","CPUPerc":"1.77%","Container":"6fea00feedc4","ID":"6fea00feedc4","MemPerc":"0.04%","MemUsage":"2.871MiB / 7.38GiB","Name":"flash-cloud-bench-pgbouncer-1","NetIO":"733MB / 732MB","PIDs":"1"}
{"BlockIO":"83.4MB / 855MB","CPUPerc":"3.55%","Container":"d440893966b4","ID":"d440893966b4","MemPerc":"1.78%","MemUsage":"134.7MiB / 7.38GiB","Name":"flash-cloud-bench-postgres-1","NetIO":"235MB / 516MB","PIDs":"16"}
{"BlockIO":"98.2MB / 27.1MB","CPUPerc":"0.57%","Container":"562ac1217807","ID":"562ac1217807","MemPerc":"10.44%","MemUsage":"788.8MiB / 7.38GiB","Name":"flash-cloud-bench-kafka-1","NetIO":"11.3MB / 9.31MB","PIDs":"101"}
{"BlockIO":"71.4MB / 1.78MB","CPUPerc":"0.01%","Container":"bc21247794d5","ID":"bc21247794d5","MemPerc":"1.26%","MemUsage":"94.96MiB / 7.38GiB","Name":"flash-cloud-bench-prometheus-1","NetIO":"5.52MB / 771kB","PIDs":"10"}
2026-09-08T10:45:09Z
{"BlockIO":"18.7MB / 27MB","CPUPerc":"0.09%","Container":"5440352fa90e","ID":"5440352fa90e","MemPerc":"1.32%","MemUsage":"99.45MiB / 7.38GiB","Name":"flash-cloud-bench-api-1","NetIO":"1.34GB / 916MB","PIDs":"7"}
{"BlockIO":"41.2MB / 374MB","CPUPerc":"9.33%","Container":"0c0c4eec6cd3","ID":"0c0c4eec6cd3","MemPerc":"0.84%","MemUsage":"63.73MiB / 7.38GiB","Name":"flash-cloud-bench-redis-1","NetIO":"1.62GB / 1.29GB","PIDs":"6"}
{"BlockIO":"0B / 0B","CPUPerc":"0.20%","Container":"facf8315afea","ID":"facf8315afea","MemPerc":"0.47%","MemUsage":"35.77MiB / 7.38GiB","Name":"flash-cloud-bench-consumer-1","NetIO":"16.1MB / 24.1MB","PIDs":"7"}
{"BlockIO":"0B / 0B","CPUPerc":"0.72%","Container":"d790ff1ba173","ID":"d790ff1ba173","MemPerc":"0.47%","MemUsage":"35.84MiB / 7.38GiB","Name":"flash-cloud-bench-publisher-1","NetIO":"18.2MB / 26MB","PIDs":"7"}
{"BlockIO":"4.77MB / 0B","CPUPerc":"3.41%","Container":"e0a44f45bbd7","ID":"e0a44f45bbd7","MemPerc":"0.52%","MemUsage":"39.27MiB / 7.38GiB","Name":"flash-cloud-bench-simulator-1","NetIO":"25.7MB / 32.4MB","PIDs":"10"}
{"BlockIO":"7.95MB / 0B","CPUPerc":"10.94%","Container":"a66f27ba8092","ID":"a66f27ba8092","MemPerc":"0.54%","MemUsage":"40.71MiB / 7.38GiB","Name":"flash-cloud-bench-maintenance-1","NetIO":"473MB / 1.62GB","PIDs":"6"}
{"BlockIO":"1.41MB / 0B","CPUPerc":"3.59%","Container":"6fea00feedc4","ID":"6fea00feedc4","MemPerc":"0.04%","MemUsage":"2.867MiB / 7.38GiB","Name":"flash-cloud-bench-pgbouncer-1","NetIO":"740MB / 739MB","PIDs":"1"}
{"BlockIO":"83.4MB / 860MB","CPUPerc":"13.15%","Container":"d440893966b4","ID":"d440893966b4","MemPerc":"1.78%","MemUsage":"134.7MiB / 7.38GiB","Name":"flash-cloud-bench-postgres-1","NetIO":"237MB / 522MB","PIDs":"16"}
{"BlockIO":"98.2MB / 27.2MB","CPUPerc":"0.65%","Container":"562ac1217807","ID":"562ac1217807","MemPerc":"10.45%","MemUsage":"789.8MiB / 7.38GiB","Name":"flash-cloud-bench-kafka-1","NetIO":"11.3MB / 9.32MB","PIDs":"101"}
{"BlockIO":"71.4MB / 1.78MB","CPUPerc":"0.01%","Container":"bc21247794d5","ID":"bc21247794d5","MemPerc":"1.26%","MemUsage":"94.96MiB / 7.38GiB","Name":"flash-cloud-bench-prometheus-1","NetIO":"5.59MB / 781kB","PIDs":"10"}
2026-09-08T10:45:19Z
{"BlockIO":"18.7MB / 27.6MB","CPUPerc":"102.46%","Container":"5440352fa90e","ID":"5440352fa90e","MemPerc":"1.32%","MemUsage":"99.59MiB / 7.38GiB","Name":"flash-cloud-bench-api-1","NetIO":"1.36GB / 932MB","PIDs":"10"}
{"BlockIO":"41.2MB / 402MB","CPUPerc":"16.75%","Container":"0c0c4eec6cd3","ID":"0c0c4eec6cd3","MemPerc":"0.85%","MemUsage":"64.02MiB / 7.38GiB","Name":"flash-cloud-bench-redis-1","NetIO":"1.64GB / 1.32GB","PIDs":"6"}
{"BlockIO":"0B / 0B","CPUPerc":"0.30%","Container":"facf8315afea","ID":"facf8315afea","MemPerc":"0.47%","MemUsage":"35.77MiB / 7.38GiB","Name":"flash-cloud-bench-consumer-1","NetIO":"16.1MB / 24.1MB","PIDs":"7"}
{"BlockIO":"0B / 0B","CPUPerc":"0.90%","Container":"d790ff1ba173","ID":"d790ff1ba173","MemPerc":"0.47%","MemUsage":"35.84MiB / 7.38GiB","Name":"flash-cloud-bench-publisher-1","NetIO":"18.3MB / 26.1MB","PIDs":"7"}
{"BlockIO":"4.77MB / 0B","CPUPerc":"3.69%","Container":"e0a44f45bbd7","ID":"e0a44f45bbd7","MemPerc":"0.52%","MemUsage":"39.27MiB / 7.38GiB","Name":"flash-cloud-bench-simulator-1","NetIO":"26MB / 32.8MB","PIDs":"10"}
{"BlockIO":"7.95MB / 0B","CPUPerc":"1.90%","Container":"a66f27ba8092","ID":"a66f27ba8092","MemPerc":"0.54%","MemUsage":"40.71MiB / 7.38GiB","Name":"flash-cloud-bench-maintenance-1","NetIO":"479MB / 1.64GB","PIDs":"6"}
{"BlockIO":"1.41MB / 0B","CPUPerc":"1.90%","Container":"6fea00feedc4","ID":"6fea00feedc4","MemPerc":"0.04%","MemUsage":"2.863MiB / 7.38GiB","Name":"flash-cloud-bench-pgbouncer-1","NetIO":"748MB / 746MB","PIDs":"1"}
{"BlockIO":"83.4MB / 865MB","CPUPerc":"4.12%","Container":"d440893966b4","ID":"d440893966b4","MemPerc":"1.78%","MemUsage":"134.7MiB / 7.38GiB","Name":"flash-cloud-bench-postgres-1","NetIO":"239MB / 528MB","PIDs":"16"}
{"BlockIO":"98.2MB / 27.4MB","CPUPerc":"0.77%","Container":"562ac1217807","ID":"562ac1217807","MemPerc":"10.47%","MemUsage":"791.2MiB / 7.38GiB","Name":"flash-cloud-bench-kafka-1","NetIO":"11.3MB / 9.32MB","PIDs":"101"}
{"BlockIO":"71.5MB / 1.81MB","CPUPerc":"0.41%","Container":"bc21247794d5","ID":"bc21247794d5","MemPerc":"1.26%","MemUsage":"95.02MiB / 7.38GiB","Name":"flash-cloud-bench-prometheus-1","NetIO":"5.66MB / 790kB","PIDs":"10"}
2026-09-08T10:45:29Z
{"BlockIO":"18.7MB / 28.3MB","CPUPerc":"0.09%","Container":"5440352fa90e","ID":"5440352fa90e","MemPerc":"1.32%","MemUsage":"99.57MiB / 7.38GiB","Name":"flash-cloud-bench-api-1","NetIO":"1.36GB / 933MB","PIDs":"9"}
{"BlockIO":"41.2MB / 402MB","CPUPerc":"10.91%","Container":"0c0c4eec6cd3","ID":"0c0c4eec6cd3","MemPerc":"0.84%","MemUsage":"63.76MiB / 7.38GiB","Name":"flash-cloud-bench-redis-1","NetIO":"1.66GB / 1.32GB","PIDs":"6"}
{"BlockIO":"0B / 0B","CPUPerc":"0.32%","Container":"facf8315afea","ID":"facf8315afea","MemPerc":"0.47%","MemUsage":"35.77MiB / 7.38GiB","Name":"flash-cloud-bench-consumer-1","NetIO":"16.1MB / 24.1MB","PIDs":"7"}
{"BlockIO":"0B / 0B","CPUPerc":"0.75%","Container":"d790ff1ba173","ID":"d790ff1ba173","MemPerc":"0.47%","MemUsage":"35.84MiB / 7.38GiB","Name":"flash-cloud-bench-publisher-1","NetIO":"18.4MB / 26.2MB","PIDs":"7"}
{"BlockIO":"4.77MB / 0B","CPUPerc":"3.74%","Container":"e0a44f45bbd7","ID":"e0a44f45bbd7","MemPerc":"0.52%","MemUsage":"39.27MiB / 7.38GiB","Name":"flash-cloud-bench-simulator-1","NetIO":"26.3MB / 33.2MB","PIDs":"10"}
{"BlockIO":"7.95MB / 0B","CPUPerc":"16.18%","Container":"a66f27ba8092","ID":"a66f27ba8092","MemPerc":"0.54%","MemUsage":"40.71MiB / 7.38GiB","Name":"flash-cloud-bench-maintenance-1","NetIO":"485MB / 1.66GB","PIDs":"6"}
{"BlockIO":"1.41MB / 0B","CPUPerc":"4.57%","Container":"6fea00feedc4","ID":"6fea00feedc4","MemPerc":"0.04%","MemUsage":"2.883MiB / 7.38GiB","Name":"flash-cloud-bench-pgbouncer-1","NetIO":"756MB / 754MB","PIDs":"1"}
{"BlockIO":"83.4MB / 871MB","CPUPerc":"10.25%","Container":"d440893966b4","ID":"d440893966b4","MemPerc":"1.78%","MemUsage":"134.7MiB / 7.38GiB","Name":"flash-cloud-bench-postgres-1","NetIO":"241MB / 534MB","PIDs":"16"}
{"BlockIO":"98.2MB / 27.5MB","CPUPerc":"27.70%","Container":"562ac1217807","ID":"562ac1217807","MemPerc":"10.49%","MemUsage":"792.4MiB / 7.38GiB","Name":"flash-cloud-bench-kafka-1","NetIO":"11.3MB / 9.32MB","PIDs":"101"}
{"BlockIO":"71.5MB / 1.81MB","CPUPerc":"0.38%","Container":"bc21247794d5","ID":"bc21247794d5","MemPerc":"1.26%","MemUsage":"95.03MiB / 7.38GiB","Name":"flash-cloud-bench-prometheus-1","NetIO":"5.72MB / 800kB","PIDs":"10"}
2026-09-08T10:45:39Z
{"BlockIO":"18.7MB / 29MB","CPUPerc":"29.09%","Container":"5440352fa90e","ID":"5440352fa90e","MemPerc":"1.32%","MemUsage":"99.5MiB / 7.38GiB","Name":"flash-cloud-bench-api-1","NetIO":"1.36GB / 934MB","PIDs":"7"}
{"BlockIO":"41.2MB / 402MB","CPUPerc":"2.25%","Container":"0c0c4eec6cd3","ID":"0c0c4eec6cd3","MemPerc":"0.86%","MemUsage":"64.78MiB / 7.38GiB","Name":"flash-cloud-bench-redis-1","NetIO":"1.68GB / 1.32GB","PIDs":"12"}
{"BlockIO":"0B / 0B","CPUPerc":"0.32%","Container":"facf8315afea","ID":"facf8315afea","MemPerc":"0.47%","MemUsage":"35.77MiB / 7.38GiB","Name":"flash-cloud-bench-consumer-1","NetIO":"16.1MB / 24.1MB","PIDs":"7"}
{"BlockIO":"0B / 0B","CPUPerc":"0.85%","Container":"d790ff1ba173","ID":"d790ff1ba173","MemPerc":"0.47%","MemUsage":"35.84MiB / 7.38GiB","Name":"flash-cloud-bench-publisher-1","NetIO":"18.4MB / 26.3MB","PIDs":"7"}
{"BlockIO":"4.77MB / 0B","CPUPerc":"2.96%","Container":"e0a44f45bbd7","ID":"e0a44f45bbd7","MemPerc":"0.52%","MemUsage":"39.27MiB / 7.38GiB","Name":"flash-cloud-bench-simulator-1","NetIO":"26.6MB / 33.6MB","PIDs":"10"}
{"BlockIO":"7.95MB / 0B","CPUPerc":"3.88%","Container":"a66f27ba8092","ID":"a66f27ba8092","MemPerc":"0.54%","MemUsage":"40.71MiB / 7.38GiB","Name":"flash-cloud-bench-maintenance-1","NetIO":"490MB / 1.68GB","PIDs":"6"}
{"BlockIO":"1.41MB / 0B","CPUPerc":"2.32%","Container":"6fea00feedc4","ID":"6fea00feedc4","MemPerc":"0.04%","MemUsage":"2.863MiB / 7.38GiB","Name":"flash-cloud-bench-pgbouncer-1","NetIO":"763MB / 762MB","PIDs":"1"}
{"BlockIO":"83.4MB / 876MB","CPUPerc":"10.03%","Container":"d440893966b4","ID":"d440893966b4","MemPerc":"1.78%","MemUsage":"134.7MiB / 7.38GiB","Name":"flash-cloud-bench-postgres-1","NetIO":"243MB / 540MB","PIDs":"16"}
{"BlockIO":"98.2MB / 27.7MB","CPUPerc":"114.76%","Container":"562ac1217807","ID":"562ac1217807","MemPerc":"11.13%","MemUsage":"841.2MiB / 7.38GiB","Name":"flash-cloud-bench-kafka-1","NetIO":"11.3MB / 9.32MB","PIDs":"124"}
{"BlockIO":"71.5MB / 1.81MB","CPUPerc":"0.38%","Container":"bc21247794d5","ID":"bc21247794d5","MemPerc":"1.26%","MemUsage":"95.03MiB / 7.38GiB","Name":"flash-cloud-bench-prometheus-1","NetIO":"5.79MB / 809kB","PIDs":"10"}
2026-09-08T10:45:49Z
{"BlockIO":"18.7MB / 29.7MB","CPUPerc":"83.53%","Container":"5440352fa90e","ID":"5440352fa90e","MemPerc":"1.48%","MemUsage":"111.7MiB / 7.38GiB","Name":"flash-cloud-bench-api-1","NetIO":"1.36GB / 937MB","PIDs":"15"}
{"BlockIO":"41.2MB / 402MB","CPUPerc":"17.61%","Container":"0c0c4eec6cd3","ID":"0c0c4eec6cd3","MemPerc":"0.85%","MemUsage":"63.93MiB / 7.38GiB","Name":"flash-cloud-bench-redis-1","NetIO":"1.7GB / 1.32GB","PIDs":"6"}
{"BlockIO":"0B / 0B","CPUPerc":"3.71%","Container":"facf8315afea","ID":"facf8315afea","MemPerc":"0.47%","MemUsage":"35.77MiB / 7.38GiB","Name":"flash-cloud-bench-consumer-1","NetIO":"16.2MB / 24.2MB","PIDs":"7"}
{"BlockIO":"0B / 0B","CPUPerc":"2.96%","Container":"d790ff1ba173","ID":"d790ff1ba173","MemPerc":"0.47%","MemUsage":"35.84MiB / 7.38GiB","Name":"flash-cloud-bench-publisher-1","NetIO":"18.6MB / 26.5MB","PIDs":"7"}
{"BlockIO":"4.77MB / 0B","CPUPerc":"3.62%","Container":"e0a44f45bbd7","ID":"e0a44f45bbd7","MemPerc":"0.52%","MemUsage":"39.27MiB / 7.38GiB","Name":"flash-cloud-bench-simulator-1","NetIO":"26.9MB / 34MB","PIDs":"10"}
{"BlockIO":"7.95MB / 0B","CPUPerc":"22.10%","Container":"a66f27ba8092","ID":"a66f27ba8092","MemPerc":"0.54%","MemUsage":"40.71MiB / 7.38GiB","Name":"flash-cloud-bench-maintenance-1","NetIO":"496MB / 1.7GB","PIDs":"6"}
{"BlockIO":"1.41MB / 0B","CPUPerc":"8.37%","Container":"6fea00feedc4","ID":"6fea00feedc4","MemPerc":"0.04%","MemUsage":"2.887MiB / 7.38GiB","Name":"flash-cloud-bench-pgbouncer-1","NetIO":"772MB / 770MB","PIDs":"1"}
{"BlockIO":"83.4MB / 884MB","CPUPerc":"19.56%","Container":"d440893966b4","ID":"d440893966b4","MemPerc":"1.78%","MemUsage":"134.8MiB / 7.38GiB","Name":"flash-cloud-bench-postgres-1","NetIO":"245MB / 546MB","PIDs":"16"}
{"BlockIO":"98.2MB / 28MB","CPUPerc":"4.92%","Container":"562ac1217807","ID":"562ac1217807","MemPerc":"10.55%","MemUsage":"797.3MiB / 7.38GiB","Name":"flash-cloud-bench-kafka-1","NetIO":"11.3MB / 9.37MB","PIDs":"101"}
{"BlockIO":"71.5MB / 1.85MB","CPUPerc":"0.15%","Container":"bc21247794d5","ID":"bc21247794d5","MemPerc":"1.26%","MemUsage":"95.03MiB / 7.38GiB","Name":"flash-cloud-bench-prometheus-1","NetIO":"5.86MB / 819kB","PIDs":"10"}
2026-09-08T10:45:59Z
{"BlockIO":"18.7MB / 30.4MB","CPUPerc":"69.40%","Container":"5440352fa90e","ID":"5440352fa90e","MemPerc":"1.30%","MemUsage":"97.95MiB / 7.38GiB","Name":"flash-cloud-bench-api-1","NetIO":"1.39GB / 954MB","PIDs":"18"}
{"BlockIO":"41.2MB / 402MB","CPUPerc":"12.23%","Container":"0c0c4eec6cd3","ID":"0c0c4eec6cd3","MemPerc":"0.85%","MemUsage":"64.14MiB / 7.38GiB","Name":"flash-cloud-bench-redis-1","NetIO":"1.72GB / 1.34GB","PIDs":"6"}
{"BlockIO":"0B / 0B","CPUPerc":"3.45%","Container":"facf8315afea","ID":"facf8315afea","MemPerc":"0.47%","MemUsage":"35.77MiB / 7.38GiB","Name":"flash-cloud-bench-consumer-1","NetIO":"16.5MB / 24.7MB","PIDs":"7"}
{"BlockIO":"0B / 0B","CPUPerc":"2.50%","Container":"d790ff1ba173","ID":"d790ff1ba173","MemPerc":"0.47%","MemUsage":"35.84MiB / 7.38GiB","Name":"flash-cloud-bench-publisher-1","NetIO":"18.8MB / 26.9MB","PIDs":"7"}
{"BlockIO":"4.77MB / 0B","CPUPerc":"3.48%","Container":"e0a44f45bbd7","ID":"e0a44f45bbd7","MemPerc":"0.52%","MemUsage":"39.27MiB / 7.38GiB","Name":"flash-cloud-bench-simulator-1","NetIO":"27.2MB / 34.4MB","PIDs":"10"}
{"BlockIO":"7.95MB / 0B","CPUPerc":"14.99%","Container":"a66f27ba8092","ID":"a66f27ba8092","MemPerc":"0.54%","MemUsage":"40.71MiB / 7.38GiB","Name":"flash-cloud-bench-maintenance-1","NetIO":"502MB / 1.72GB","PIDs":"6"}
{"BlockIO":"1.41MB / 0B","CPUPerc":"7.11%","Container":"6fea00feedc4","ID":"6fea00feedc4","MemPerc":"0.04%","MemUsage":"2.871MiB / 7.38GiB","Name":"flash-cloud-bench-pgbouncer-1","NetIO":"783MB / 781MB","PIDs":"1"}
{"BlockIO":"83.4MB / 898MB","CPUPerc":"17.06%","Container":"d440893966b4","ID":"d440893966b4","MemPerc":"1.79%","MemUsage":"135.3MiB / 7.38GiB","Name":"flash-cloud-bench-postgres-1","NetIO":"249MB / 553MB","PIDs":"16"}
{"BlockIO":"98.2MB / 28.5MB","CPUPerc":"1.64%","Container":"562ac1217807","ID":"562ac1217807","MemPerc":"10.68%","MemUsage":"806.8MiB / 7.38GiB","Name":"flash-cloud-bench-kafka-1","NetIO":"11.5MB / 9.55MB","PIDs":"101"}
{"BlockIO":"71.5MB / 1.85MB","CPUPerc":"0.14%","Container":"bc21247794d5","ID":"bc21247794d5","MemPerc":"1.26%","MemUsage":"95.03MiB / 7.38GiB","Name":"flash-cloud-bench-prometheus-1","NetIO":"5.93MB / 828kB","PIDs":"10"}
2026-09-08T10:46:09Z
{"BlockIO":"18.7MB / 31.1MB","CPUPerc":"73.20%","Container":"5440352fa90e","ID":"5440352fa90e","MemPerc":"1.30%","MemUsage":"97.96MiB / 7.38GiB","Name":"flash-cloud-bench-api-1","NetIO":"1.42GB / 980MB","PIDs":"18"}
{"BlockIO":"41.2MB / 402MB","CPUPerc":"20.51%","Container":"0c0c4eec6cd3","ID":"0c0c4eec6cd3","MemPerc":"0.85%","MemUsage":"64.09MiB / 7.38GiB","Name":"flash-cloud-bench-redis-1","NetIO":"1.75GB / 1.37GB","PIDs":"6"}
{"BlockIO":"0B / 0B","CPUPerc":"3.41%","Container":"facf8315afea","ID":"facf8315afea","MemPerc":"0.47%","MemUsage":"35.77MiB / 7.38GiB","Name":"flash-cloud-bench-consumer-1","NetIO":"16.8MB / 25.1MB","PIDs":"7"}
{"BlockIO":"0B / 0B","CPUPerc":"2.59%","Container":"d790ff1ba173","ID":"d790ff1ba173","MemPerc":"0.47%","MemUsage":"35.84MiB / 7.38GiB","Name":"flash-cloud-bench-publisher-1","NetIO":"19.1MB / 27.2MB","PIDs":"7"}
{"BlockIO":"4.77MB / 0B","CPUPerc":"3.00%","Container":"e0a44f45bbd7","ID":"e0a44f45bbd7","MemPerc":"0.52%","MemUsage":"39.27MiB / 7.38GiB","Name":"flash-cloud-bench-simulator-1","NetIO":"27.6MB / 34.8MB","PIDs":"10"}
{"BlockIO":"7.95MB / 0B","CPUPerc":"25.89%","Container":"a66f27ba8092","ID":"a66f27ba8092","MemPerc":"0.54%","MemUsage":"40.71MiB / 7.38GiB","Name":"flash-cloud-bench-maintenance-1","NetIO":"508MB / 1.74GB","PIDs":"6"}
{"BlockIO":"1.41MB / 0B","CPUPerc":"8.95%","Container":"6fea00feedc4","ID":"6fea00feedc4","MemPerc":"0.04%","MemUsage":"2.867MiB / 7.38GiB","Name":"flash-cloud-bench-pgbouncer-1","NetIO":"793MB / 792MB","PIDs":"1"}
{"BlockIO":"83.4MB / 915MB","CPUPerc":"27.21%","Container":"d440893966b4","ID":"d440893966b4","MemPerc":"1.79%","MemUsage":"135.5MiB / 7.38GiB","Name":"flash-cloud-bench-postgres-1","NetIO":"253MB / 560MB","PIDs":"16"}
{"BlockIO":"98.2MB / 29MB","CPUPerc":"2.88%","Container":"562ac1217807","ID":"562ac1217807","MemPerc":"10.80%","MemUsage":"816.2MiB / 7.38GiB","Name":"flash-cloud-bench-kafka-1","NetIO":"11.7MB / 9.72MB","PIDs":"101"}
{"BlockIO":"71.5MB / 1.85MB","CPUPerc":"0.04%","Container":"bc21247794d5","ID":"bc21247794d5","MemPerc":"1.26%","MemUsage":"95.04MiB / 7.38GiB","Name":"flash-cloud-bench-prometheus-1","NetIO":"6MB / 838kB","PIDs":"10"}
2026-09-08T10:46:20Z
{"BlockIO":"18.7MB / 31.9MB","CPUPerc":"77.05%","Container":"5440352fa90e","ID":"5440352fa90e","MemPerc":"1.30%","MemUsage":"97.95MiB / 7.38GiB","Name":"flash-cloud-bench-api-1","NetIO":"1.46GB / 1.01GB","PIDs":"18"}
{"BlockIO":"41.2MB / 431MB","CPUPerc":"16.86%","Container":"0c0c4eec6cd3","ID":"0c0c4eec6cd3","MemPerc":"0.85%","MemUsage":"64.15MiB / 7.38GiB","Name":"flash-cloud-bench-redis-1","NetIO":"1.77GB / 1.41GB","PIDs":"6"}
{"BlockIO":"0B / 0B","CPUPerc":"5.76%","Container":"facf8315afea","ID":"facf8315afea","MemPerc":"0.47%","MemUsage":"35.77MiB / 7.38GiB","Name":"flash-cloud-bench-consumer-1","NetIO":"17.1MB / 25.5MB","PIDs":"7"}
{"BlockIO":"0B / 0B","CPUPerc":"2.72%","Container":"d790ff1ba173","ID":"d790ff1ba173","MemPerc":"0.47%","MemUsage":"35.84MiB / 7.38GiB","Name":"flash-cloud-bench-publisher-1","NetIO":"19.3MB / 27.6MB","PIDs":"7"}
{"BlockIO":"4.77MB / 0B","CPUPerc":"3.41%","Container":"e0a44f45bbd7","ID":"e0a44f45bbd7","MemPerc":"0.52%","MemUsage":"39.27MiB / 7.38GiB","Name":"flash-cloud-bench-simulator-1","NetIO":"27.9MB / 35.2MB","PIDs":"10"}
{"BlockIO":"7.95MB / 0B","CPUPerc":"16.12%","Container":"a66f27ba8092","ID":"a66f27ba8092","MemPerc":"0.54%","MemUsage":"40.71MiB / 7.38GiB","Name":"flash-cloud-bench-maintenance-1","NetIO":"514MB / 1.76GB","PIDs":"6"}
{"BlockIO":"1.41MB / 0B","CPUPerc":"7.99%","Container":"6fea00feedc4","ID":"6fea00feedc4","MemPerc":"0.04%","MemUsage":"2.879MiB / 7.38GiB","Name":"flash-cloud-bench-pgbouncer-1","NetIO":"803MB / 801MB","PIDs":"1"}
{"BlockIO":"83.4MB / 931MB","CPUPerc":"23.00%","Container":"d440893966b4","ID":"d440893966b4","MemPerc":"1.80%","MemUsage":"135.9MiB / 7.38GiB","Name":"flash-cloud-bench-postgres-1","NetIO":"257MB / 568MB","PIDs":"16"}
{"BlockIO":"98.2MB / 29.2MB","CPUPerc":"1.77%","Container":"562ac1217807","ID":"562ac1217807","MemPerc":"10.93%","MemUsage":"825.6MiB / 7.38GiB","Name":"flash-cloud-bench-kafka-1","NetIO":"11.9MB / 9.89MB","PIDs":"101"}
{"BlockIO":"71.5MB / 1.89MB","CPUPerc":"0.03%","Container":"bc21247794d5","ID":"bc21247794d5","MemPerc":"1.26%","MemUsage":"95.04MiB / 7.38GiB","Name":"flash-cloud-bench-prometheus-1","NetIO":"6.07MB / 847kB","PIDs":"10"}
2026-09-08T10:46:30Z
{"BlockIO":"18.7MB / 32.6MB","CPUPerc":"77.47%","Container":"5440352fa90e","ID":"5440352fa90e","MemPerc":"1.30%","MemUsage":"98.35MiB / 7.38GiB","Name":"flash-cloud-bench-api-1","NetIO":"1.5GB / 1.04GB","PIDs":"18"}
{"BlockIO":"41.2MB / 431MB","CPUPerc":"22.73%","Container":"0c0c4eec6cd3","ID":"0c0c4eec6cd3","MemPerc":"0.85%","MemUsage":"64.23MiB / 7.38GiB","Name":"flash-cloud-bench-redis-1","NetIO":"1.79GB / 1.46GB","PIDs":"6"}
{"BlockIO":"0B / 0B","CPUPerc":"3.57%","Container":"facf8315afea","ID":"facf8315afea","MemPerc":"0.47%","MemUsage":"35.77MiB / 7.38GiB","Name":"flash-cloud-bench-consumer-1","NetIO":"17.3MB / 26MB","PIDs":"7"}
{"BlockIO":"0B / 0B","CPUPerc":"3.26%","Container":"d790ff1ba173","ID":"d790ff1ba173","MemPerc":"0.47%","MemUsage":"35.84MiB / 7.38GiB","Name":"flash-cloud-bench-publisher-1","NetIO":"19.6MB / 27.9MB","PIDs":"7"}
{"BlockIO":"4.77MB / 0B","CPUPerc":"3.43%","Container":"e0a44f45bbd7","ID":"e0a44f45bbd7","MemPerc":"0.52%","MemUsage":"39.27MiB / 7.38GiB","Name":"flash-cloud-bench-simulator-1","NetIO":"28.2MB / 35.6MB","PIDs":"10"}
{"BlockIO":"7.95MB / 0B","CPUPerc":"26.00%","Container":"a66f27ba8092","ID":"a66f27ba8092","MemPerc":"0.54%","MemUsage":"40.71MiB / 7.38GiB","Name":"flash-cloud-bench-maintenance-1","NetIO":"521MB / 1.78GB","PIDs":"6"}
{"BlockIO":"1.41MB / 0B","CPUPerc":"9.24%","Container":"6fea00feedc4","ID":"6fea00feedc4","MemPerc":"0.04%","MemUsage":"2.867MiB / 7.38GiB","Name":"flash-cloud-bench-pgbouncer-1","NetIO":"815MB / 813MB","PIDs":"1"}
{"BlockIO":"83.4MB / 946MB","CPUPerc":"22.08%","Container":"d440893966b4","ID":"d440893966b4","MemPerc":"1.80%","MemUsage":"136.3MiB / 7.38GiB","Name":"flash-cloud-bench-postgres-1","NetIO":"261MB / 575MB","PIDs":"16"}
{"BlockIO":"98.2MB / 29.6MB","CPUPerc":"1.81%","Container":"562ac1217807","ID":"562ac1217807","MemPerc":"11.05%","MemUsage":"835MiB / 7.38GiB","Name":"flash-cloud-bench-kafka-1","NetIO":"12.1MB / 10.1MB","PIDs":"101"}
{"BlockIO":"71.5MB / 1.89MB","CPUPerc":"0.02%","Container":"bc21247794d5","ID":"bc21247794d5","MemPerc":"1.26%","MemUsage":"95.04MiB / 7.38GiB","Name":"flash-cloud-bench-prometheus-1","NetIO":"6.14MB / 856kB","PIDs":"10"}
2026-09-08T10:46:40Z
{"BlockIO":"18.7MB / 33.4MB","CPUPerc":"81.61%","Container":"5440352fa90e","ID":"5440352fa90e","MemPerc":"1.31%","MemUsage":"98.98MiB / 7.38GiB","Name":"flash-cloud-bench-api-1","NetIO":"1.56GB / 1.07GB","PIDs":"25"}
{"BlockIO":"41.2MB / 431MB","CPUPerc":"14.90%","Container":"0c0c4eec6cd3","ID":"0c0c4eec6cd3","MemPerc":"0.85%","MemUsage":"64.29MiB / 7.38GiB","Name":"flash-cloud-bench-redis-1","NetIO":"1.82GB / 1.5GB","PIDs":"6"}
{"BlockIO":"0B / 0B","CPUPerc":"4.12%","Container":"facf8315afea","ID":"facf8315afea","MemPerc":"0.47%","MemUsage":"35.77MiB / 7.38GiB","Name":"flash-cloud-bench-consumer-1","NetIO":"17.7MB / 26.5MB","PIDs":"7"}
{"BlockIO":"0B / 0B","CPUPerc":"3.30%","Container":"d790ff1ba173","ID":"d790ff1ba173","MemPerc":"0.47%","MemUsage":"35.84MiB / 7.38GiB","Name":"flash-cloud-bench-publisher-1","NetIO":"19.9MB / 28.3MB","PIDs":"7"}
{"BlockIO":"4.77MB / 0B","CPUPerc":"3.46%","Container":"e0a44f45bbd7","ID":"e0a44f45bbd7","MemPerc":"0.52%","MemUsage":"39.27MiB / 7.38GiB","Name":"flash-cloud-bench-simulator-1","NetIO":"28.5MB / 35.9MB","PIDs":"10"}
{"BlockIO":"7.95MB / 0B","CPUPerc":"16.24%","Container":"a66f27ba8092","ID":"a66f27ba8092","MemPerc":"0.54%","MemUsage":"40.71MiB / 7.38GiB","Name":"flash-cloud-bench-maintenance-1","NetIO":"527MB / 1.8GB","PIDs":"6"}
{"BlockIO":"1.41MB / 0B","CPUPerc":"7.73%","Container":"6fea00feedc4","ID":"6fea00feedc4","MemPerc":"0.04%","MemUsage":"2.863MiB / 7.38GiB","Name":"flash-cloud-bench-pgbouncer-1","NetIO":"826MB / 824MB","PIDs":"1"}
{"BlockIO":"83.4MB / 963MB","CPUPerc":"32.47%","Container":"d440893966b4","ID":"d440893966b4","MemPerc":"1.84%","MemUsage":"138.8MiB / 7.38GiB","Name":"flash-cloud-bench-postgres-1","NetIO":"265MB / 582MB","PIDs":"17"}
{"BlockIO":"98.2MB / 30MB","CPUPerc":"1.99%","Container":"562ac1217807","ID":"562ac1217807","MemPerc":"11.20%","MemUsage":"846.4MiB / 7.38GiB","Name":"flash-cloud-bench-kafka-1","NetIO":"12.4MB / 10.3MB","PIDs":"101"}
{"BlockIO":"71.5MB / 1.89MB","CPUPerc":"0.01%","Container":"bc21247794d5","ID":"bc21247794d5","MemPerc":"1.26%","MemUsage":"95.04MiB / 7.38GiB","Name":"flash-cloud-bench-prometheus-1","NetIO":"6.21MB / 866kB","PIDs":"10"}
2026-09-08T10:46:50Z
{"BlockIO":"18.7MB / 34.1MB","CPUPerc":"90.74%","Container":"5440352fa90e","ID":"5440352fa90e","MemPerc":"1.31%","MemUsage":"98.95MiB / 7.38GiB","Name":"flash-cloud-bench-api-1","NetIO":"1.6GB / 1.1GB","PIDs":"22"}
{"BlockIO":"41.2MB / 431MB","CPUPerc":"25.00%","Container":"0c0c4eec6cd3","ID":"0c0c4eec6cd3","MemPerc":"0.85%","MemUsage":"64.37MiB / 7.38GiB","Name":"flash-cloud-bench-redis-1","NetIO":"1.84GB / 1.55GB","PIDs":"6"}
{"BlockIO":"0B / 0B","CPUPerc":"3.53%","Container":"facf8315afea","ID":"facf8315afea","MemPerc":"0.47%","MemUsage":"35.78MiB / 7.38GiB","Name":"flash-cloud-bench-consumer-1","NetIO":"18MB / 26.9MB","PIDs":"7"}
{"BlockIO":"0B / 0B","CPUPerc":"3.11%","Container":"d790ff1ba173","ID":"d790ff1ba173","MemPerc":"0.47%","MemUsage":"35.84MiB / 7.38GiB","Name":"flash-cloud-bench-publisher-1","NetIO":"20.1MB / 28.7MB","PIDs":"7"}
{"BlockIO":"4.77MB / 0B","CPUPerc":"2.87%","Container":"e0a44f45bbd7","ID":"e0a44f45bbd7","MemPerc":"0.52%","MemUsage":"39.27MiB / 7.38GiB","Name":"flash-cloud-bench-simulator-1","NetIO":"28.8MB / 36.3MB","PIDs":"10"}
{"BlockIO":"7.95MB / 0B","CPUPerc":"26.72%","Container":"a66f27ba8092","ID":"a66f27ba8092","MemPerc":"0.54%","MemUsage":"40.71MiB / 7.38GiB","Name":"flash-cloud-bench-maintenance-1","NetIO":"533MB / 1.83GB","PIDs":"6"}
{"BlockIO":"1.41MB / 0B","CPUPerc":"9.23%","Container":"6fea00feedc4","ID":"6fea00feedc4","MemPerc":"0.04%","MemUsage":"2.871MiB / 7.38GiB","Name":"flash-cloud-bench-pgbouncer-1","NetIO":"837MB / 835MB","PIDs":"1"}
{"BlockIO":"83.4MB / 979MB","CPUPerc":"28.12%","Container":"d440893966b4","ID":"d440893966b4","MemPerc":"1.85%","MemUsage":"139.8MiB / 7.38GiB","Name":"flash-cloud-bench-postgres-1","NetIO":"269MB / 589MB","PIDs":"17"}
{"BlockIO":"98.2MB / 30.2MB","CPUPerc":"86.15%","Container":"562ac1217807","ID":"562ac1217807","MemPerc":"11.33%","MemUsage":"856MiB / 7.38GiB","Name":"flash-cloud-bench-kafka-1","NetIO":"12.6MB / 10.4MB","PIDs":"101"}
{"BlockIO":"71.5MB / 1.89MB","CPUPerc":"0.02%","Container":"bc21247794d5","ID":"bc21247794d5","MemPerc":"1.26%","MemUsage":"95.04MiB / 7.38GiB","Name":"flash-cloud-bench-prometheus-1","NetIO":"6.28MB / 875kB","PIDs":"10"}
2026-09-08T10:47:00Z
{"BlockIO":"18.7MB / 35MB","CPUPerc":"80.51%","Container":"5440352fa90e","ID":"5440352fa90e","MemPerc":"1.31%","MemUsage":"98.63MiB / 7.38GiB","Name":"flash-cloud-bench-api-1","NetIO":"1.66GB / 1.14GB","PIDs":"15"}
{"BlockIO":"41.2MB / 431MB","CPUPerc":"15.02%","Container":"0c0c4eec6cd3","ID":"0c0c4eec6cd3","MemPerc":"0.85%","MemUsage":"64.29MiB / 7.38GiB","Name":"flash-cloud-bench-redis-1","NetIO":"1.86GB / 1.6GB","PIDs":"6"}
{"BlockIO":"0B / 0B","CPUPerc":"4.15%","Container":"facf8315afea","ID":"facf8315afea","MemPerc":"0.47%","MemUsage":"35.78MiB / 7.38GiB","Name":"flash-cloud-bench-consumer-1","NetIO":"18.3MB / 27.4MB","PIDs":"7"}
{"BlockIO":"0B / 0B","CPUPerc":"3.73%","Container":"d790ff1ba173","ID":"d790ff1ba173","MemPerc":"0.47%","MemUsage":"35.84MiB / 7.38GiB","Name":"flash-cloud-bench-publisher-1","NetIO":"20.4MB / 29.1MB","PIDs":"7"}
{"BlockIO":"4.77MB / 0B","CPUPerc":"3.49%","Container":"e0a44f45bbd7","ID":"e0a44f45bbd7","MemPerc":"0.52%","MemUsage":"39.27MiB / 7.38GiB","Name":"flash-cloud-bench-simulator-1","NetIO":"29.1MB / 36.7MB","PIDs":"10"}
{"BlockIO":"7.95MB / 0B","CPUPerc":"15.57%","Container":"a66f27ba8092","ID":"a66f27ba8092","MemPerc":"0.54%","MemUsage":"40.71MiB / 7.38GiB","Name":"flash-cloud-bench-maintenance-1","NetIO":"539MB / 1.85GB","PIDs":"6"}
{"BlockIO":"1.41MB / 0B","CPUPerc":"7.81%","Container":"6fea00feedc4","ID":"6fea00feedc4","MemPerc":"0.04%","MemUsage":"2.895MiB / 7.38GiB","Name":"flash-cloud-bench-pgbouncer-1","NetIO":"847MB / 846MB","PIDs":"1"}
{"BlockIO":"83.4MB / 993MB","CPUPerc":"19.15%","Container":"d440893966b4","ID":"d440893966b4","MemPerc":"1.86%","MemUsage":"140.5MiB / 7.38GiB","Name":"flash-cloud-bench-postgres-1","NetIO":"273MB / 596MB","PIDs":"17"}
{"BlockIO":"98.2MB / 30.3MB","CPUPerc":"30.61%","Container":"562ac1217807","ID":"562ac1217807","MemPerc":"11.68%","MemUsage":"882.3MiB / 7.38GiB","Name":"flash-cloud-bench-kafka-1","NetIO":"12.8MB / 10.6MB","PIDs":"117"}
{"BlockIO":"71.5MB / 1.93MB","CPUPerc":"0.01%","Container":"bc21247794d5","ID":"bc21247794d5","MemPerc":"1.26%","MemUsage":"95.04MiB / 7.38GiB","Name":"flash-cloud-bench-prometheus-1","NetIO":"6.35MB / 885kB","PIDs":"10"}
2026-09-08T10:47:10Z
{"BlockIO":"18.7MB / 35.7MB","CPUPerc":"101.45%","Container":"5440352fa90e","ID":"5440352fa90e","MemPerc":"1.45%","MemUsage":"109.6MiB / 7.38GiB","Name":"flash-cloud-bench-api-1","NetIO":"1.7GB / 1.17GB","PIDs":"23"}
{"BlockIO":"41.2MB / 431MB","CPUPerc":"18.99%","Container":"0c0c4eec6cd3","ID":"0c0c4eec6cd3","MemPerc":"0.85%","MemUsage":"64.4MiB / 7.38GiB","Name":"flash-cloud-bench-redis-1","NetIO":"1.89GB / 1.64GB","PIDs":"6"}
{"BlockIO":"0B / 0B","CPUPerc":"3.77%","Container":"facf8315afea","ID":"facf8315afea","MemPerc":"0.47%","MemUsage":"35.78MiB / 7.38GiB","Name":"flash-cloud-bench-consumer-1","NetIO":"18.6MB / 27.8MB","PIDs":"7"}
{"BlockIO":"0B / 0B","CPUPerc":"2.74%","Container":"d790ff1ba173","ID":"d790ff1ba173","MemPerc":"0.47%","MemUsage":"35.84MiB / 7.38GiB","Name":"flash-cloud-bench-publisher-1","NetIO":"20.6MB / 29.4MB","PIDs":"7"}
{"BlockIO":"4.77MB / 0B","CPUPerc":"3.42%","Container":"e0a44f45bbd7","ID":"e0a44f45bbd7","MemPerc":"0.52%","MemUsage":"39.27MiB / 7.38GiB","Name":"flash-cloud-bench-simulator-1","NetIO":"29.4MB / 37.1MB","PIDs":"10"}
{"BlockIO":"7.95MB / 0B","CPUPerc":"22.21%","Container":"a66f27ba8092","ID":"a66f27ba8092","MemPerc":"0.54%","MemUsage":"40.71MiB / 7.38GiB","Name":"flash-cloud-bench-maintenance-1","NetIO":"545MB / 1.87GB","PIDs":"6"}
{"BlockIO":"1.41MB / 0B","CPUPerc":"8.75%","Container":"6fea00feedc4","ID":"6fea00feedc4","MemPerc":"0.04%","MemUsage":"2.875MiB / 7.38GiB","Name":"flash-cloud-bench-pgbouncer-1","NetIO":"858MB / 856MB","PIDs":"1"}
{"BlockIO":"83.4MB / 1.01GB","CPUPerc":"21.85%","Container":"d440893966b4","ID":"d440893966b4","MemPerc":"1.86%","MemUsage":"140.6MiB / 7.38GiB","Name":"flash-cloud-bench-postgres-1","NetIO":"277MB / 603MB","PIDs":"17"}
{"BlockIO":"98.2MB / 31.2MB","CPUPerc":"1.68%","Container":"562ac1217807","ID":"562ac1217807","MemPerc":"11.58%","MemUsage":"874.9MiB / 7.38GiB","Name":"flash-cloud-bench-kafka-1","NetIO":"13MB / 10.8MB","PIDs":"101"}
{"BlockIO":"71.5MB / 1.93MB","CPUPerc":"0.01%","Container":"bc21247794d5","ID":"bc21247794d5","MemPerc":"1.26%","MemUsage":"95.04MiB / 7.38GiB","Name":"flash-cloud-bench-prometheus-1","NetIO":"6.42MB / 894kB","PIDs":"10"}
2026-09-08T10:47:20Z
{"BlockIO":"18.7MB / 36.6MB","CPUPerc":"111.18%","Container":"5440352fa90e","ID":"5440352fa90e","MemPerc":"1.31%","MemUsage":"98.98MiB / 7.38GiB","Name":"flash-cloud-bench-api-1","NetIO":"1.75GB / 1.2GB","PIDs":"22"}
{"BlockIO":"41.2MB / 460MB","CPUPerc":"17.03%","Container":"0c0c4eec6cd3","ID":"0c0c4eec6cd3","MemPerc":"0.85%","MemUsage":"64.38MiB / 7.38GiB","Name":"flash-cloud-bench-redis-1","NetIO":"1.91GB / 1.68GB","PIDs":"6"}
{"BlockIO":"0B / 0B","CPUPerc":"2.92%","Container":"facf8315afea","ID":"facf8315afea","MemPerc":"0.47%","MemUsage":"35.78MiB / 7.38GiB","Name":"flash-cloud-bench-consumer-1","NetIO":"18.9MB / 28.3MB","PIDs":"7"}
{"BlockIO":"0B / 0B","CPUPerc":"2.52%","Container":"d790ff1ba173","ID":"d790ff1ba173","MemPerc":"0.47%","MemUsage":"35.84MiB / 7.38GiB","Name":"flash-cloud-bench-publisher-1","NetIO":"20.9MB / 29.8MB","PIDs":"7"}
{"BlockIO":"4.77MB / 0B","CPUPerc":"3.70%","Container":"e0a44f45bbd7","ID":"e0a44f45bbd7","MemPerc":"0.52%","MemUsage":"39.27MiB / 7.38GiB","Name":"flash-cloud-bench-simulator-1","NetIO":"29.8MB / 37.5MB","PIDs":"10"}
{"BlockIO":"7.95MB / 0B","CPUPerc":"15.18%","Container":"a66f27ba8092","ID":"a66f27ba8092","MemPerc":"0.54%","MemUsage":"40.71MiB / 7.38GiB","Name":"flash-cloud-bench-maintenance-1","NetIO":"551MB / 1.89GB","PIDs":"6"}
{"BlockIO":"1.41MB / 0B","CPUPerc":"7.25%","Container":"6fea00feedc4","ID":"6fea00feedc4","MemPerc":"0.04%","MemUsage":"2.863MiB / 7.38GiB","Name":"flash-cloud-bench-pgbouncer-1","NetIO":"869MB / 867MB","PIDs":"1"}
{"BlockIO":"83.4MB / 1.02GB","CPUPerc":"23.73%","Container":"d440893966b4","ID":"d440893966b4","MemPerc":"1.87%","MemUsage":"141MiB / 7.38GiB","Name":"flash-cloud-bench-postgres-1","NetIO":"280MB / 610MB","PIDs":"17"}
{"BlockIO":"98.2MB / 31.3MB","CPUPerc":"1.48%","Container":"562ac1217807","ID":"562ac1217807","MemPerc":"11.70%","MemUsage":"884.2MiB / 7.38GiB","Name":"flash-cloud-bench-kafka-1","NetIO":"13.2MB / 10.9MB","PIDs":"101"}
{"BlockIO":"71.5MB / 1.93MB","CPUPerc":"0.02%","Container":"bc21247794d5","ID":"bc21247794d5","MemPerc":"1.26%","MemUsage":"95.04MiB / 7.38GiB","Name":"flash-cloud-bench-prometheus-1","NetIO":"6.48MB / 903kB","PIDs":"10"}
2026-09-08T10:47:30Z
{"BlockIO":"18.7MB / 37.4MB","CPUPerc":"92.80%","Container":"5440352fa90e","ID":"5440352fa90e","MemPerc":"1.45%","MemUsage":"109.2MiB / 7.38GiB","Name":"flash-cloud-bench-api-1","NetIO":"1.8GB / 1.23GB","PIDs":"19"}
{"BlockIO":"41.2MB / 460MB","CPUPerc":"14.80%","Container":"0c0c4eec6cd3","ID":"0c0c4eec6cd3","MemPerc":"0.85%","MemUsage":"64.39MiB / 7.38GiB","Name":"flash-cloud-bench-redis-1","NetIO":"1.94GB / 1.73GB","PIDs":"6"}
{"BlockIO":"0B / 0B","CPUPerc":"3.36%","Container":"facf8315afea","ID":"facf8315afea","MemPerc":"0.47%","MemUsage":"35.79MiB / 7.38GiB","Name":"flash-cloud-bench-consumer-1","NetIO":"19.2MB / 28.7MB","PIDs":"7"}
{"BlockIO":"0B / 0B","CPUPerc":"2.67%","Container":"d790ff1ba173","ID":"d790ff1ba173","MemPerc":"0.47%","MemUsage":"35.84MiB / 7.38GiB","Name":"flash-cloud-bench-publisher-1","NetIO":"21.1MB / 30.1MB","PIDs":"7"}
{"BlockIO":"4.77MB / 0B","CPUPerc":"3.69%","Container":"e0a44f45bbd7","ID":"e0a44f45bbd7","MemPerc":"0.52%","MemUsage":"39.27MiB / 7.38GiB","Name":"flash-cloud-bench-simulator-1","NetIO":"30.1MB / 37.9MB","PIDs":"10"}
{"BlockIO":"7.95MB / 0B","CPUPerc":"16.40%","Container":"a66f27ba8092","ID":"a66f27ba8092","MemPerc":"0.54%","MemUsage":"40.71MiB / 7.38GiB","Name":"flash-cloud-bench-maintenance-1","NetIO":"558MB / 1.91GB","PIDs":"6"}
{"BlockIO":"1.41MB / 0B","CPUPerc":"7.67%","Container":"6fea00feedc4","ID":"6fea00feedc4","MemPerc":"0.04%","MemUsage":"2.879MiB / 7.38GiB","Name":"flash-cloud-bench-pgbouncer-1","NetIO":"880MB / 878MB","PIDs":"1"}
{"BlockIO":"83.4MB / 1.04GB","CPUPerc":"19.47%","Container":"d440893966b4","ID":"d440893966b4","MemPerc":"1.87%","MemUsage":"141.4MiB / 7.38GiB","Name":"flash-cloud-bench-postgres-1","NetIO":"284MB / 618MB","PIDs":"17"}
{"BlockIO":"98.2MB / 31.9MB","CPUPerc":"1.41%","Container":"562ac1217807","ID":"562ac1217807","MemPerc":"11.83%","MemUsage":"893.9MiB / 7.38GiB","Name":"flash-cloud-bench-kafka-1","NetIO":"13.4MB / 11.1MB","PIDs":"101"}
{"BlockIO":"71.5MB / 1.97MB","CPUPerc":"0.02%","Container":"bc21247794d5","ID":"bc21247794d5","MemPerc":"1.26%","MemUsage":"95.04MiB / 7.38GiB","Name":"flash-cloud-bench-prometheus-1","NetIO":"6.55MB / 913kB","PIDs":"10"}
2026-09-08T10:47:41Z
{"BlockIO":"18.7MB / 38.2MB","CPUPerc":"85.97%","Container":"5440352fa90e","ID":"5440352fa90e","MemPerc":"1.31%","MemUsage":"99.1MiB / 7.38GiB","Name":"flash-cloud-bench-api-1","NetIO":"1.84GB / 1.27GB","PIDs":"20"}
{"BlockIO":"41.2MB / 460MB","CPUPerc":"15.84%","Container":"0c0c4eec6cd3","ID":"0c0c4eec6cd3","MemPerc":"0.85%","MemUsage":"64.48MiB / 7.38GiB","Name":"flash-cloud-bench-redis-1","NetIO":"1.96GB / 1.78GB","PIDs":"6"}
{"BlockIO":"0B / 0B","CPUPerc":"11.94%","Container":"facf8315afea","ID":"facf8315afea","MemPerc":"0.47%","MemUsage":"35.8MiB / 7.38GiB","Name":"flash-cloud-bench-consumer-1","NetIO":"19.5MB / 29.1MB","PIDs":"7"}
{"BlockIO":"0B / 0B","CPUPerc":"2.92%","Container":"d790ff1ba173","ID":"d790ff1ba173","MemPerc":"0.47%","MemUsage":"35.84MiB / 7.38GiB","Name":"flash-cloud-bench-publisher-1","NetIO":"21.4MB / 30.5MB","PIDs":"7"}
{"BlockIO":"4.77MB / 0B","CPUPerc":"3.71%","Container":"e0a44f45bbd7","ID":"e0a44f45bbd7","MemPerc":"0.52%","MemUsage":"39.27MiB / 7.38GiB","Name":"flash-cloud-bench-simulator-1","NetIO":"30.4MB / 38.3MB","PIDs":"10"}
{"BlockIO":"7.95MB / 0B","CPUPerc":"15.22%","Container":"a66f27ba8092","ID":"a66f27ba8092","MemPerc":"0.54%","MemUsage":"40.71MiB / 7.38GiB","Name":"flash-cloud-bench-maintenance-1","NetIO":"564MB / 1.93GB","PIDs":"6"}
{"BlockIO":"1.41MB / 0B","CPUPerc":"7.11%","Container":"6fea00feedc4","ID":"6fea00feedc4","MemPerc":"0.04%","MemUsage":"2.879MiB / 7.38GiB","Name":"flash-cloud-bench-pgbouncer-1","NetIO":"891MB / 889MB","PIDs":"1"}
{"BlockIO":"83.4MB / 1.05GB","CPUPerc":"18.41%","Container":"d440893966b4","ID":"d440893966b4","MemPerc":"1.88%","MemUsage":"141.7MiB / 7.38GiB","Name":"flash-cloud-bench-postgres-1","NetIO":"288MB / 625MB","PIDs":"17"}
{"BlockIO":"98.2MB / 32.1MB","CPUPerc":"1.61%","Container":"562ac1217807","ID":"562ac1217807","MemPerc":"11.96%","MemUsage":"903.6MiB / 7.38GiB","Name":"flash-cloud-bench-kafka-1","NetIO":"13.6MB / 11.3MB","PIDs":"101"}
{"BlockIO":"71.5MB / 1.97MB","CPUPerc":"0.02%","Container":"bc21247794d5","ID":"bc21247794d5","MemPerc":"1.26%","MemUsage":"95.04MiB / 7.38GiB","Name":"flash-cloud-bench-prometheus-1","NetIO":"6.62MB / 922kB","PIDs":"10"}
2026-09-08T10:47:51Z
{"BlockIO":"18.7MB / 39MB","CPUPerc":"70.38%","Container":"5440352fa90e","ID":"5440352fa90e","MemPerc":"1.31%","MemUsage":"99.33MiB / 7.38GiB","Name":"flash-cloud-bench-api-1","NetIO":"1.89GB / 1.3GB","PIDs":"22"}
{"BlockIO":"41.2MB / 460MB","CPUPerc":"18.61%","Container":"0c0c4eec6cd3","ID":"0c0c4eec6cd3","MemPerc":"0.85%","MemUsage":"64.48MiB / 7.38GiB","Name":"flash-cloud-bench-redis-1","NetIO":"1.98GB / 1.82GB","PIDs":"6"}
{"BlockIO":"0B / 0B","CPUPerc":"5.35%","Container":"facf8315afea","ID":"facf8315afea","MemPerc":"0.47%","MemUsage":"35.8MiB / 7.38GiB","Name":"flash-cloud-bench-consumer-1","NetIO":"19.9MB / 29.7MB","PIDs":"7"}
{"BlockIO":"0B / 0B","CPUPerc":"3.70%","Container":"d790ff1ba173","ID":"d790ff1ba173","MemPerc":"0.47%","MemUsage":"35.84MiB / 7.38GiB","Name":"flash-cloud-bench-publisher-1","NetIO":"21.7MB / 30.9MB","PIDs":"7"}
{"BlockIO":"4.77MB / 0B","CPUPerc":"3.13%","Container":"e0a44f45bbd7","ID":"e0a44f45bbd7","MemPerc":"0.52%","MemUsage":"39.27MiB / 7.38GiB","Name":"flash-cloud-bench-simulator-1","NetIO":"30.7MB / 38.7MB","PIDs":"10"}
{"BlockIO":"7.95MB / 0B","CPUPerc":"18.68%","Container":"a66f27ba8092","ID":"a66f27ba8092","MemPerc":"0.54%","MemUsage":"40.71MiB / 7.38GiB","Name":"flash-cloud-bench-maintenance-1","NetIO":"570MB / 1.95GB","PIDs":"6"}
{"BlockIO":"1.41MB / 0B","CPUPerc":"7.84%","Container":"6fea00feedc4","ID":"6fea00feedc4","MemPerc":"0.04%","MemUsage":"2.871MiB / 7.38GiB","Name":"flash-cloud-bench-pgbouncer-1","NetIO":"901MB / 899MB","PIDs":"1"}
{"BlockIO":"83.4MB / 1.06GB","CPUPerc":"95.40%","Container":"d440893966b4","ID":"d440893966b4","MemPerc":"1.88%","MemUsage":"142.2MiB / 7.38GiB","Name":"flash-cloud-bench-postgres-1","NetIO":"291MB / 631MB","PIDs":"17"}
{"BlockIO":"98.2MB / 32.2MB","CPUPerc":"2.43%","Container":"562ac1217807","ID":"562ac1217807","MemPerc":"12.12%","MemUsage":"915.7MiB / 7.38GiB","Name":"flash-cloud-bench-kafka-1","NetIO":"13.8MB / 11.5MB","PIDs":"101"}
{"BlockIO":"71.5MB / 1.97MB","CPUPerc":"0.21%","Container":"bc21247794d5","ID":"bc21247794d5","MemPerc":"1.26%","MemUsage":"95.04MiB / 7.38GiB","Name":"flash-cloud-bench-prometheus-1","NetIO":"6.72MB / 933kB","PIDs":"10"}
2026-09-08T10:48:01Z
{"BlockIO":"18.7MB / 39.8MB","CPUPerc":"80.80%","Container":"5440352fa90e","ID":"5440352fa90e","MemPerc":"1.32%","MemUsage":"99.58MiB / 7.38GiB","Name":"flash-cloud-bench-api-1","NetIO":"1.93GB / 1.33GB","PIDs":"22"}
{"BlockIO":"41.2MB / 460MB","CPUPerc":"9.74%","Container":"0c0c4eec6cd3","ID":"0c0c4eec6cd3","MemPerc":"0.85%","MemUsage":"64.47MiB / 7.38GiB","Name":"flash-cloud-bench-redis-1","NetIO":"2GB / 1.86GB","PIDs":"6"}
{"BlockIO":"0B / 0B","CPUPerc":"7.73%","Container":"facf8315afea","ID":"facf8315afea","MemPerc":"0.47%","MemUsage":"35.8MiB / 7.38GiB","Name":"flash-cloud-bench-consumer-1","NetIO":"20.5MB / 30.6MB","PIDs":"7"}
{"BlockIO":"0B / 0B","CPUPerc":"5.49%","Container":"d790ff1ba173","ID":"d790ff1ba173","MemPerc":"0.47%","MemUsage":"35.84MiB / 7.38GiB","Name":"flash-cloud-bench-publisher-1","NetIO":"22.1MB / 31.5MB","PIDs":"7"}
{"BlockIO":"4.77MB / 0B","CPUPerc":"3.40%","Container":"e0a44f45bbd7","ID":"e0a44f45bbd7","MemPerc":"0.52%","MemUsage":"39.27MiB / 7.38GiB","Name":"flash-cloud-bench-simulator-1","NetIO":"31MB / 39.1MB","PIDs":"10"}
{"BlockIO":"7.95MB / 0B","CPUPerc":"7.06%","Container":"a66f27ba8092","ID":"a66f27ba8092","MemPerc":"0.54%","MemUsage":"40.71MiB / 7.38GiB","Name":"flash-cloud-bench-maintenance-1","NetIO":"574MB / 1.96GB","PIDs":"6"}
{"BlockIO":"1.41MB / 0B","CPUPerc":"6.46%","Container":"6fea00feedc4","ID":"6fea00feedc4","MemPerc":"0.04%","MemUsage":"2.898MiB / 7.38GiB","Name":"flash-cloud-bench-pgbouncer-1","NetIO":"909MB / 908MB","PIDs":"1"}
{"BlockIO":"83.4MB / 1.08GB","CPUPerc":"101.60%","Container":"d440893966b4","ID":"d440893966b4","MemPerc":"1.89%","MemUsage":"142.8MiB / 7.38GiB","Name":"flash-cloud-bench-postgres-1","NetIO":"296MB / 637MB","PIDs":"17"}
{"BlockIO":"98.2MB / 33.1MB","CPUPerc":"3.41%","Container":"562ac1217807","ID":"562ac1217807","MemPerc":"12.35%","MemUsage":"933.3MiB / 7.38GiB","Name":"flash-cloud-bench-kafka-1","NetIO":"14.2MB / 11.8MB","PIDs":"101"}
{"BlockIO":"71.5MB / 2MB","CPUPerc":"0.02%","Container":"bc21247794d5","ID":"bc21247794d5","MemPerc":"1.26%","MemUsage":"95.04MiB / 7.38GiB","Name":"flash-cloud-bench-prometheus-1","NetIO":"6.76MB / 941kB","PIDs":"10"}
2026-09-08T10:48:11Z
{"BlockIO":"18.7MB / 40.5MB","CPUPerc":"79.14%","Container":"5440352fa90e","ID":"5440352fa90e","MemPerc":"1.32%","MemUsage":"99.55MiB / 7.38GiB","Name":"flash-cloud-bench-api-1","NetIO":"1.97GB / 1.35GB","PIDs":"19"}
{"BlockIO":"41.2MB / 460MB","CPUPerc":"8.07%","Container":"0c0c4eec6cd3","ID":"0c0c4eec6cd3","MemPerc":"0.85%","MemUsage":"64.45MiB / 7.38GiB","Name":"flash-cloud-bench-redis-1","NetIO":"2.02GB / 1.9GB","PIDs":"6"}
{"BlockIO":"0B / 0B","CPUPerc":"7.88%","Container":"facf8315afea","ID":"facf8315afea","MemPerc":"0.47%","MemUsage":"35.8MiB / 7.38GiB","Name":"flash-cloud-bench-consumer-1","NetIO":"21.1MB / 31.5MB","PIDs":"7"}
{"BlockIO":"0B / 0B","CPUPerc":"4.35%","Container":"d790ff1ba173","ID":"d790ff1ba173","MemPerc":"0.47%","MemUsage":"35.85MiB / 7.38GiB","Name":"flash-cloud-bench-publisher-1","NetIO":"22.4MB / 32MB","PIDs":"7"}
{"BlockIO":"4.77MB / 0B","CPUPerc":"2.62%","Container":"e0a44f45bbd7","ID":"e0a44f45bbd7","MemPerc":"0.52%","MemUsage":"39.27MiB / 7.38GiB","Name":"flash-cloud-bench-simulator-1","NetIO":"31.3MB / 39.5MB","PIDs":"10"}
{"BlockIO":"7.95MB / 0B","CPUPerc":"3.65%","Container":"a66f27ba8092","ID":"a66f27ba8092","MemPerc":"0.54%","MemUsage":"40.71MiB / 7.38GiB","Name":"flash-cloud-bench-maintenance-1","NetIO":"578MB / 1.98GB","PIDs":"6"}
{"BlockIO":"1.41MB / 0B","CPUPerc":"5.57%","Container":"6fea00feedc4","ID":"6fea00feedc4","MemPerc":"0.04%","MemUsage":"2.871MiB / 7.38GiB","Name":"flash-cloud-bench-pgbouncer-1","NetIO":"918MB / 916MB","PIDs":"1"}
{"BlockIO":"83.4MB / 1.1GB","CPUPerc":"95.04%","Container":"d440893966b4","ID":"d440893966b4","MemPerc":"1.90%","MemUsage":"143.2MiB / 7.38GiB","Name":"flash-cloud-bench-postgres-1","NetIO":"299MB / 643MB","PIDs":"17"}
{"BlockIO":"98.2MB / 33.9MB","CPUPerc":"155.38%","Container":"562ac1217807","ID":"562ac1217807","MemPerc":"13.29%","MemUsage":"1004MiB / 7.38GiB","Name":"flash-cloud-bench-kafka-1","NetIO":"14.6MB / 12.2MB","PIDs":"125"}
{"BlockIO":"71.5MB / 2MB","CPUPerc":"0.28%","Container":"bc21247794d5","ID":"bc21247794d5","MemPerc":"1.26%","MemUsage":"95.04MiB / 7.38GiB","Name":"flash-cloud-bench-prometheus-1","NetIO":"6.85MB / 952kB","PIDs":"10"}
2026-09-08T10:48:21Z
{"BlockIO":"18.7MB / 41.5MB","CPUPerc":"88.01%","Container":"5440352fa90e","ID":"5440352fa90e","MemPerc":"1.32%","MemUsage":"99.55MiB / 7.38GiB","Name":"flash-cloud-bench-api-1","NetIO":"2.03GB / 1.39GB","PIDs":"18"}
{"BlockIO":"41.2MB / 489MB","CPUPerc":"41.15%","Container":"0c0c4eec6cd3","ID":"0c0c4eec6cd3","MemPerc":"0.85%","MemUsage":"64.51MiB / 7.38GiB","Name":"flash-cloud-bench-redis-1","NetIO":"2.03GB / 1.94GB","PIDs":"6"}
{"BlockIO":"0B / 0B","CPUPerc":"6.33%","Container":"facf8315afea","ID":"facf8315afea","MemPerc":"0.47%","MemUsage":"35.8MiB / 7.38GiB","Name":"flash-cloud-bench-consumer-1","NetIO":"21.6MB / 32.3MB","PIDs":"7"}
{"BlockIO":"0B / 0B","CPUPerc":"4.13%","Container":"d790ff1ba173","ID":"d790ff1ba173","MemPerc":"0.47%","MemUsage":"35.85MiB / 7.38GiB","Name":"flash-cloud-bench-publisher-1","NetIO":"22.8MB / 32.5MB","PIDs":"7"}
{"BlockIO":"4.77MB / 0B","CPUPerc":"3.45%","Container":"e0a44f45bbd7","ID":"e0a44f45bbd7","MemPerc":"0.52%","MemUsage":"39.27MiB / 7.38GiB","Name":"flash-cloud-bench-simulator-1","NetIO":"31.6MB / 39.9MB","PIDs":"10"}
{"BlockIO":"7.95MB / 0B","CPUPerc":"21.81%","Container":"a66f27ba8092","ID":"a66f27ba8092","MemPerc":"0.54%","MemUsage":"40.71MiB / 7.38GiB","Name":"flash-cloud-bench-maintenance-1","NetIO":"583MB / 1.99GB","PIDs":"6"}
{"BlockIO":"1.41MB / 0B","CPUPerc":"8.57%","Container":"6fea00feedc4","ID":"6fea00feedc4","MemPerc":"0.04%","MemUsage":"2.887MiB / 7.38GiB","Name":"flash-cloud-bench-pgbouncer-1","NetIO":"928MB / 926MB","PIDs":"1"}
{"BlockIO":"83.4MB / 1.11GB","CPUPerc":"64.74%","Container":"d440893966b4","ID":"d440893966b4","MemPerc":"1.90%","MemUsage":"143.7MiB / 7.38GiB","Name":"flash-cloud-bench-postgres-1","NetIO":"303MB / 649MB","PIDs":"17"}
{"BlockIO":"98.2MB / 34MB","CPUPerc":"2.28%","Container":"562ac1217807","ID":"562ac1217807","MemPerc":"12.80%","MemUsage":"967.4MiB / 7.38GiB","Name":"flash-cloud-bench-kafka-1","NetIO":"15MB / 12.5MB","PIDs":"101"}
{"BlockIO":"71.5MB / 2MB","CPUPerc":"0.20%","Container":"bc21247794d5","ID":"bc21247794d5","MemPerc":"1.26%","MemUsage":"95.04MiB / 7.38GiB","Name":"flash-cloud-bench-prometheus-1","NetIO":"6.92MB / 961kB","PIDs":"10"}
2026-09-08T10:48:31Z
{"BlockIO":"18.7MB / 42.3MB","CPUPerc":"86.47%","Container":"5440352fa90e","ID":"5440352fa90e","MemPerc":"1.32%","MemUsage":"99.82MiB / 7.38GiB","Name":"flash-cloud-bench-api-1","NetIO":"2.08GB / 1.43GB","PIDs":"24"}
{"BlockIO":"41.2MB / 489MB","CPUPerc":"16.88%","Container":"0c0c4eec6cd3","ID":"0c0c4eec6cd3","MemPerc":"0.85%","MemUsage":"64.59MiB / 7.38GiB","Name":"flash-cloud-bench-redis-1","NetIO":"2.05GB / 2GB","PIDs":"6"}
{"BlockIO":"0B / 0B","CPUPerc":"6.77%","Container":"facf8315afea","ID":"facf8315afea","MemPerc":"0.47%","MemUsage":"35.8MiB / 7.38GiB","Name":"flash-cloud-bench-consumer-1","NetIO":"22.2MB / 33.2MB","PIDs":"7"}
{"BlockIO":"0B / 0B","CPUPerc":"4.04%","Container":"d790ff1ba173","ID":"d790ff1ba173","MemPerc":"0.47%","MemUsage":"35.85MiB / 7.38GiB","Name":"flash-cloud-bench-publisher-1","NetIO":"23.2MB / 33.1MB","PIDs":"7"}
{"BlockIO":"4.77MB / 0B","CPUPerc":"3.06%","Container":"e0a44f45bbd7","ID":"e0a44f45bbd7","MemPerc":"0.52%","MemUsage":"39.27MiB / 7.38GiB","Name":"flash-cloud-bench-simulator-1","NetIO":"31.9MB / 40.3MB","PIDs":"10"}
{"BlockIO":"7.95MB / 0B","CPUPerc":"13.59%","Container":"a66f27ba8092","ID":"a66f27ba8092","MemPerc":"0.54%","MemUsage":"40.71MiB / 7.38GiB","Name":"flash-cloud-bench-maintenance-1","NetIO":"587MB / 2.01GB","PIDs":"6"}
{"BlockIO":"1.41MB / 0B","CPUPerc":"7.03%","Container":"6fea00feedc4","ID":"6fea00feedc4","MemPerc":"0.04%","MemUsage":"2.891MiB / 7.38GiB","Name":"flash-cloud-bench-pgbouncer-1","NetIO":"937MB / 935MB","PIDs":"1"}
{"BlockIO":"83.4MB / 1.12GB","CPUPerc":"86.43%","Container":"d440893966b4","ID":"d440893966b4","MemPerc":"1.94%","MemUsage":"146.9MiB / 7.38GiB","Name":"flash-cloud-bench-postgres-1","NetIO":"306MB / 654MB","PIDs":"18"}
{"BlockIO":"98.2MB / 34.9MB","CPUPerc":"2.35%","Container":"562ac1217807","ID":"562ac1217807","MemPerc":"13.03%","MemUsage":"984.9MiB / 7.38GiB","Name":"flash-cloud-bench-kafka-1","NetIO":"15.4MB / 12.8MB","PIDs":"101"}
{"BlockIO":"71.5MB / 2.04MB","CPUPerc":"0.02%","Container":"bc21247794d5","ID":"bc21247794d5","MemPerc":"1.26%","MemUsage":"95.04MiB / 7.38GiB","Name":"flash-cloud-bench-prometheus-1","NetIO":"6.97MB / 968kB","PIDs":"10"}
2026-09-08T10:48:41Z
{"BlockIO":"18.7MB / 43.2MB","CPUPerc":"86.42%","Container":"5440352fa90e","ID":"5440352fa90e","MemPerc":"1.32%","MemUsage":"99.84MiB / 7.38GiB","Name":"flash-cloud-bench-api-1","NetIO":"2.14GB / 1.46GB","PIDs":"20"}
{"BlockIO":"41.2MB / 489MB","CPUPerc":"15.10%","Container":"0c0c4eec6cd3","ID":"0c0c4eec6cd3","MemPerc":"0.86%","MemUsage":"64.66MiB / 7.38GiB","Name":"flash-cloud-bench-redis-1","NetIO":"2.07GB / 2.06GB","PIDs":"6"}
{"BlockIO":"0B / 0B","CPUPerc":"14.86%","Container":"facf8315afea","ID":"facf8315afea","MemPerc":"0.47%","MemUsage":"35.8MiB / 7.38GiB","Name":"flash-cloud-bench-consumer-1","NetIO":"22.8MB / 34MB","PIDs":"7"}
{"BlockIO":"0B / 0B","CPUPerc":"4.50%","Container":"d790ff1ba173","ID":"d790ff1ba173","MemPerc":"0.47%","MemUsage":"35.85MiB / 7.38GiB","Name":"flash-cloud-bench-publisher-1","NetIO":"23.6MB / 33.6MB","PIDs":"7"}
{"BlockIO":"4.77MB / 0B","CPUPerc":"3.07%","Container":"e0a44f45bbd7","ID":"e0a44f45bbd7","MemPerc":"0.52%","MemUsage":"39.27MiB / 7.38GiB","Name":"flash-cloud-bench-simulator-1","NetIO":"32.3MB / 40.7MB","PIDs":"10"}
{"BlockIO":"7.95MB / 0B","CPUPerc":"11.02%","Container":"a66f27ba8092","ID":"a66f27ba8092","MemPerc":"0.54%","MemUsage":"40.71MiB / 7.38GiB","Name":"flash-cloud-bench-maintenance-1","NetIO":"591MB / 2.02GB","PIDs":"6"}
{"BlockIO":"1.41MB / 0B","CPUPerc":"6.73%","Container":"6fea00feedc4","ID":"6fea00feedc4","MemPerc":"0.04%","MemUsage":"2.895MiB / 7.38GiB","Name":"flash-cloud-bench-pgbouncer-1","NetIO":"945MB / 943MB","PIDs":"1"}
{"BlockIO":"83.4MB / 1.14GB","CPUPerc":"87.70%","Container":"d440893966b4","ID":"d440893966b4","MemPerc":"1.95%","MemUsage":"147.1MiB / 7.38GiB","Name":"flash-cloud-bench-postgres-1","NetIO":"310MB / 659MB","PIDs":"18"}
{"BlockIO":"98.2MB / 35.7MB","CPUPerc":"2.25%","Container":"562ac1217807","ID":"562ac1217807","MemPerc":"13.10%","MemUsage":"990MiB / 7.38GiB","Name":"flash-cloud-bench-kafka-1","NetIO":"15.7MB / 13.1MB","PIDs":"101"}
{"BlockIO":"71.5MB / 2.04MB","CPUPerc":"0.00%","Container":"bc21247794d5","ID":"bc21247794d5","MemPerc":"1.26%","MemUsage":"95.04MiB / 7.38GiB","Name":"flash-cloud-bench-prometheus-1","NetIO":"7.04MB / 978kB","PIDs":"10"}
2026-09-08T10:48:51Z
{"BlockIO":"18.7MB / 44MB","CPUPerc":"31.01%","Container":"5440352fa90e","ID":"5440352fa90e","MemPerc":"1.34%","MemUsage":"101.6MiB / 7.38GiB","Name":"flash-cloud-bench-api-1","NetIO":"2.17GB / 1.48GB","PIDs":"25"}
{"BlockIO":"41.2MB / 489MB","CPUPerc":"16.61%","Container":"0c0c4eec6cd3","ID":"0c0c4eec6cd3","MemPerc":"0.85%","MemUsage":"64.48MiB / 7.38GiB","Name":"flash-cloud-bench-redis-1","NetIO":"2.09GB / 2.09GB","PIDs":"6"}
{"BlockIO":"0B / 0B","CPUPerc":"4.34%","Container":"facf8315afea","ID":"facf8315afea","MemPerc":"0.47%","MemUsage":"35.8MiB / 7.38GiB","Name":"flash-cloud-bench-consumer-1","NetIO":"23.2MB / 34.6MB","PIDs":"7"}
{"BlockIO":"0B / 0B","CPUPerc":"2.67%","Container":"d790ff1ba173","ID":"d790ff1ba173","MemPerc":"0.47%","MemUsage":"35.85MiB / 7.38GiB","Name":"flash-cloud-bench-publisher-1","NetIO":"23.9MB / 34.1MB","PIDs":"7"}
{"BlockIO":"4.77MB / 0B","CPUPerc":"3.50%","Container":"e0a44f45bbd7","ID":"e0a44f45bbd7","MemPerc":"0.52%","MemUsage":"39.27MiB / 7.38GiB","Name":"flash-cloud-bench-simulator-1","NetIO":"32.6MB / 41.1MB","PIDs":"10"}
{"BlockIO":"7.95MB / 0B","CPUPerc":"21.89%","Container":"a66f27ba8092","ID":"a66f27ba8092","MemPerc":"0.54%","MemUsage":"40.71MiB / 7.38GiB","Name":"flash-cloud-bench-maintenance-1","NetIO":"596MB / 2.04GB","PIDs":"6"}
{"BlockIO":"1.41MB / 0B","CPUPerc":"6.62%","Container":"6fea00feedc4","ID":"6fea00feedc4","MemPerc":"0.04%","MemUsage":"2.883MiB / 7.38GiB","Name":"flash-cloud-bench-pgbouncer-1","NetIO":"954MB / 952MB","PIDs":"1"}
{"BlockIO":"83.4MB / 1.15GB","CPUPerc":"59.54%","Container":"d440893966b4","ID":"d440893966b4","MemPerc":"1.95%","MemUsage":"147.4MiB / 7.38GiB","Name":"flash-cloud-bench-postgres-1","NetIO":"313MB / 665MB","PIDs":"18"}
{"BlockIO":"98.2MB / 36.3MB","CPUPerc":"1.60%","Container":"562ac1217807","ID":"562ac1217807","MemPerc":"13.10%","MemUsage":"990.2MiB / 7.38GiB","Name":"flash-cloud-bench-kafka-1","NetIO":"16MB / 13.4MB","PIDs":"101"}
{"BlockIO":"71.5MB / 2.04MB","CPUPerc":"0.14%","Container":"bc21247794d5","ID":"bc21247794d5","MemPerc":"1.26%","MemUsage":"95.04MiB / 7.38GiB","Name":"flash-cloud-bench-prometheus-1","NetIO":"7.13MB / 989kB","PIDs":"10"}
2026-09-08T10:49:02Z
{"BlockIO":"18.7MB / 44.9MB","CPUPerc":"3.78%","Container":"5440352fa90e","ID":"5440352fa90e","MemPerc":"1.35%","MemUsage":"102.3MiB / 7.38GiB","Name":"flash-cloud-bench-api-1","NetIO":"2.17GB / 1.49GB","PIDs":"8"}
{"BlockIO":"41.2MB / 489MB","CPUPerc":"6.85%","Container":"0c0c4eec6cd3","ID":"0c0c4eec6cd3","MemPerc":"0.85%","MemUsage":"64.37MiB / 7.38GiB","Name":"flash-cloud-bench-redis-1","NetIO":"2.11GB / 2.09GB","PIDs":"6"}
{"BlockIO":"0B / 0B","CPUPerc":"4.17%","Container":"facf8315afea","ID":"facf8315afea","MemPerc":"0.47%","MemUsage":"35.8MiB / 7.38GiB","Name":"flash-cloud-bench-consumer-1","NetIO":"23.5MB / 35.1MB","PIDs":"7"}
{"BlockIO":"0B / 0B","CPUPerc":"3.27%","Container":"d790ff1ba173","ID":"d790ff1ba173","MemPerc":"0.47%","MemUsage":"35.85MiB / 7.38GiB","Name":"flash-cloud-bench-publisher-1","NetIO":"24.2MB / 34.5MB","PIDs":"7"}
{"BlockIO":"4.77MB / 0B","CPUPerc":"3.52%","Container":"e0a44f45bbd7","ID":"e0a44f45bbd7","MemPerc":"0.52%","MemUsage":"39.27MiB / 7.38GiB","Name":"flash-cloud-bench-simulator-1","NetIO":"32.9MB / 41.5MB","PIDs":"10"}
{"BlockIO":"7.95MB / 0B","CPUPerc":"11.96%","Container":"a66f27ba8092","ID":"a66f27ba8092","MemPerc":"0.54%","MemUsage":"40.71MiB / 7.38GiB","Name":"flash-cloud-bench-maintenance-1","NetIO":"601MB / 2.06GB","PIDs":"6"}
{"BlockIO":"1.41MB / 0B","CPUPerc":"4.87%","Container":"6fea00feedc4","ID":"6fea00feedc4","MemPerc":"0.04%","MemUsage":"2.879MiB / 7.38GiB","Name":"flash-cloud-bench-pgbouncer-1","NetIO":"962MB / 960MB","PIDs":"1"}
{"BlockIO":"83.4MB / 1.16GB","CPUPerc":"81.67%","Container":"d440893966b4","ID":"d440893966b4","MemPerc":"1.96%","MemUsage":"148.3MiB / 7.38GiB","Name":"flash-cloud-bench-postgres-1","NetIO":"316MB / 671MB","PIDs":"24"}
{"BlockIO":"98.2MB / 36.8MB","CPUPerc":"2.14%","Container":"562ac1217807","ID":"562ac1217807","MemPerc":"13.11%","MemUsage":"990.4MiB / 7.38GiB","Name":"flash-cloud-bench-kafka-1","NetIO":"16.2MB / 13.5MB","PIDs":"101"}
{"BlockIO":"71.5MB / 2.04MB","CPUPerc":"0.22%","Container":"bc21247794d5","ID":"bc21247794d5","MemPerc":"1.26%","MemUsage":"95.04MiB / 7.38GiB","Name":"flash-cloud-bench-prometheus-1","NetIO":"7.2MB / 998kB","PIDs":"10"}
2026-09-08T10:49:12Z
{"BlockIO":"18.7MB / 45.8MB","CPUPerc":"1.60%","Container":"5440352fa90e","ID":"5440352fa90e","MemPerc":"1.33%","MemUsage":"100.8MiB / 7.38GiB","Name":"flash-cloud-bench-api-1","NetIO":"2.17GB / 1.49GB","PIDs":"7"}
{"BlockIO":"41.2MB / 489MB","CPUPerc":"5.28%","Container":"0c0c4eec6cd3","ID":"0c0c4eec6cd3","MemPerc":"0.85%","MemUsage":"64.25MiB / 7.38GiB","Name":"flash-cloud-bench-redis-1","NetIO":"2.12GB / 2.09GB","PIDs":"6"}
{"BlockIO":"0B / 0B","CPUPerc":"7.62%","Container":"facf8315afea","ID":"facf8315afea","MemPerc":"0.47%","MemUsage":"35.8MiB / 7.38GiB","Name":"flash-cloud-bench-consumer-1","NetIO":"23.8MB / 35.6MB","PIDs":"7"}
{"BlockIO":"0B / 0B","CPUPerc":"2.57%","Container":"d790ff1ba173","ID":"d790ff1ba173","MemPerc":"0.47%","MemUsage":"35.85MiB / 7.38GiB","Name":"flash-cloud-bench-publisher-1","NetIO":"24.4MB / 34.8MB","PIDs":"7"}
{"BlockIO":"4.77MB / 0B","CPUPerc":"3.47%","Container":"e0a44f45bbd7","ID":"e0a44f45bbd7","MemPerc":"0.52%","MemUsage":"39.27MiB / 7.38GiB","Name":"flash-cloud-bench-simulator-1","NetIO":"33.2MB / 41.9MB","PIDs":"10"}
{"BlockIO":"7.95MB / 0B","CPUPerc":"10.10%","Container":"a66f27ba8092","ID":"a66f27ba8092","MemPerc":"0.54%","MemUsage":"40.71MiB / 7.38GiB","Name":"flash-cloud-bench-maintenance-1","NetIO":"607MB / 2.07GB","PIDs":"6"}
{"BlockIO":"1.41MB / 0B","CPUPerc":"4.50%","Container":"6fea00feedc4","ID":"6fea00feedc4","MemPerc":"0.04%","MemUsage":"2.875MiB / 7.38GiB","Name":"flash-cloud-bench-pgbouncer-1","NetIO":"971MB / 969MB","PIDs":"1"}
{"BlockIO":"83.4MB / 1.17GB","CPUPerc":"90.71%","Container":"d440893966b4","ID":"d440893966b4","MemPerc":"1.95%","MemUsage":"147.5MiB / 7.38GiB","Name":"flash-cloud-bench-postgres-1","NetIO":"319MB / 677MB","PIDs":"18"}
{"BlockIO":"98.2MB / 37.2MB","CPUPerc":"1.66%","Container":"562ac1217807","ID":"562ac1217807","MemPerc":"13.11%","MemUsage":"990.4MiB / 7.38GiB","Name":"flash-cloud-bench-kafka-1","NetIO":"16.4MB / 13.7MB","PIDs":"101"}
{"BlockIO":"71.5MB / 2.08MB","CPUPerc":"0.00%","Container":"bc21247794d5","ID":"bc21247794d5","MemPerc":"1.26%","MemUsage":"95.07MiB / 7.38GiB","Name":"flash-cloud-bench-prometheus-1","NetIO":"7.27MB / 1.01MB","PIDs":"10"}
2026-09-08T10:49:22Z
{"BlockIO":"18.7MB / 46.7MB","CPUPerc":"1.62%","Container":"5440352fa90e","ID":"5440352fa90e","MemPerc":"1.33%","MemUsage":"100.8MiB / 7.38GiB","Name":"flash-cloud-bench-api-1","NetIO":"2.17GB / 1.49GB","PIDs":"7"}
{"BlockIO":"41.2MB / 518MB","CPUPerc":"5.42%","Container":"0c0c4eec6cd3","ID":"0c0c4eec6cd3","MemPerc":"0.85%","MemUsage":"64.19MiB / 7.38GiB","Name":"flash-cloud-bench-redis-1","NetIO":"2.14GB / 2.09GB","PIDs":"6"}
{"BlockIO":"0B / 0B","CPUPerc":"4.91%","Container":"facf8315afea","ID":"facf8315afea","MemPerc":"0.47%","MemUsage":"35.81MiB / 7.38GiB","Name":"flash-cloud-bench-consumer-1","NetIO":"24.1MB / 36MB","PIDs":"7"}
{"BlockIO":"0B / 0B","CPUPerc":"3.60%","Container":"d790ff1ba173","ID":"d790ff1ba173","MemPerc":"0.47%","MemUsage":"35.85MiB / 7.38GiB","Name":"flash-cloud-bench-publisher-1","NetIO":"24.7MB / 35.2MB","PIDs":"7"}
{"BlockIO":"4.77MB / 0B","CPUPerc":"2.80%","Container":"e0a44f45bbd7","ID":"e0a44f45bbd7","MemPerc":"0.52%","MemUsage":"39.27MiB / 7.38GiB","Name":"flash-cloud-bench-simulator-1","NetIO":"33.5MB / 42.3MB","PIDs":"10"}
{"BlockIO":"7.95MB / 0B","CPUPerc":"6.90%","Container":"a66f27ba8092","ID":"a66f27ba8092","MemPerc":"0.54%","MemUsage":"40.71MiB / 7.38GiB","Name":"flash-cloud-bench-maintenance-1","NetIO":"613MB / 2.09GB","PIDs":"6"}
{"BlockIO":"1.41MB / 0B","CPUPerc":"4.11%","Container":"6fea00feedc4","ID":"6fea00feedc4","MemPerc":"0.04%","MemUsage":"2.875MiB / 7.38GiB","Name":"flash-cloud-bench-pgbouncer-1","NetIO":"980MB / 977MB","PIDs":"1"}
{"BlockIO":"83.4MB / 1.18GB","CPUPerc":"90.86%","Container":"d440893966b4","ID":"d440893966b4","MemPerc":"1.95%","MemUsage":"147.5MiB / 7.38GiB","Name":"flash-cloud-bench-postgres-1","NetIO":"321MB / 683MB","PIDs":"18"}
{"BlockIO":"98.2MB / 37.5MB","CPUPerc":"104.00%","Container":"562ac1217807","ID":"562ac1217807","MemPerc":"13.11%","MemUsage":"990.5MiB / 7.38GiB","Name":"flash-cloud-bench-kafka-1","NetIO":"16.6MB / 13.9MB","PIDs":"101"}
{"BlockIO":"71.5MB / 2.08MB","CPUPerc":"0.18%","Container":"bc21247794d5","ID":"bc21247794d5","MemPerc":"1.26%","MemUsage":"95.12MiB / 7.38GiB","Name":"flash-cloud-bench-prometheus-1","NetIO":"7.34MB / 1.02MB","PIDs":"10"}
2026-09-08T10:49:32Z
{"BlockIO":"18.7MB / 47.6MB","CPUPerc":"1.65%","Container":"5440352fa90e","ID":"5440352fa90e","MemPerc":"1.33%","MemUsage":"100.8MiB / 7.38GiB","Name":"flash-cloud-bench-api-1","NetIO":"2.17GB / 1.49GB","PIDs":"7"}
{"BlockIO":"41.2MB / 518MB","CPUPerc":"5.40%","Container":"0c0c4eec6cd3","ID":"0c0c4eec6cd3","MemPerc":"0.85%","MemUsage":"64.07MiB / 7.38GiB","Name":"flash-cloud-bench-redis-1","NetIO":"2.16GB / 2.09GB","PIDs":"6"}
{"BlockIO":"0B / 0B","CPUPerc":"4.08%","Container":"facf8315afea","ID":"facf8315afea","MemPerc":"0.47%","MemUsage":"35.81MiB / 7.38GiB","Name":"flash-cloud-bench-consumer-1","NetIO":"24.4MB / 36.5MB","PIDs":"7"}
{"BlockIO":"0B / 0B","CPUPerc":"3.35%","Container":"d790ff1ba173","ID":"d790ff1ba173","MemPerc":"0.47%","MemUsage":"35.85MiB / 7.38GiB","Name":"flash-cloud-bench-publisher-1","NetIO":"25MB / 35.6MB","PIDs":"7"}
{"BlockIO":"4.77MB / 0B","CPUPerc":"3.73%","Container":"e0a44f45bbd7","ID":"e0a44f45bbd7","MemPerc":"0.52%","MemUsage":"39.27MiB / 7.38GiB","Name":"flash-cloud-bench-simulator-1","NetIO":"33.8MB / 42.7MB","PIDs":"10"}
{"BlockIO":"7.95MB / 0B","CPUPerc":"10.51%","Container":"a66f27ba8092","ID":"a66f27ba8092","MemPerc":"0.54%","MemUsage":"40.71MiB / 7.38GiB","Name":"flash-cloud-bench-maintenance-1","NetIO":"619MB / 2.11GB","PIDs":"6"}
{"BlockIO":"1.41MB / 0B","CPUPerc":"4.72%","Container":"6fea00feedc4","ID":"6fea00feedc4","MemPerc":"0.04%","MemUsage":"2.867MiB / 7.38GiB","Name":"flash-cloud-bench-pgbouncer-1","NetIO":"989MB / 987MB","PIDs":"1"}
{"BlockIO":"83.4MB / 1.19GB","CPUPerc":"84.23%","Container":"d440893966b4","ID":"d440893966b4","MemPerc":"1.95%","MemUsage":"147.6MiB / 7.38GiB","Name":"flash-cloud-bench-postgres-1","NetIO":"324MB / 690MB","PIDs":"18"}
{"BlockIO":"98.2MB / 37.9MB","CPUPerc":"1.28%","Container":"562ac1217807","ID":"562ac1217807","MemPerc":"13.11%","MemUsage":"990.5MiB / 7.38GiB","Name":"flash-cloud-bench-kafka-1","NetIO":"16.8MB / 14MB","PIDs":"101"}
{"BlockIO":"71.5MB / 2.08MB","CPUPerc":"0.00%","Container":"bc21247794d5","ID":"bc21247794d5","MemPerc":"1.26%","MemUsage":"95.13MiB / 7.38GiB","Name":"flash-cloud-bench-prometheus-1","NetIO":"7.41MB / 1.03MB","PIDs":"10"}
2026-09-08T10:49:42Z
{"BlockIO":"18.7MB / 48.5MB","CPUPerc":"1.63%","Container":"5440352fa90e","ID":"5440352fa90e","MemPerc":"1.33%","MemUsage":"100.8MiB / 7.38GiB","Name":"flash-cloud-bench-api-1","NetIO":"2.17GB / 1.49GB","PIDs":"7"}
{"BlockIO":"41.2MB / 518MB","CPUPerc":"3.09%","Container":"0c0c4eec6cd3","ID":"0c0c4eec6cd3","MemPerc":"0.85%","MemUsage":"64.03MiB / 7.38GiB","Name":"flash-cloud-bench-redis-1","NetIO":"2.18GB / 2.09GB","PIDs":"6"}
{"BlockIO":"0B / 0B","CPUPerc":"7.04%","Container":"facf8315afea","ID":"facf8315afea","MemPerc":"0.47%","MemUsage":"35.81MiB / 7.38GiB","Name":"flash-cloud-bench-consumer-1","NetIO":"24.7MB / 36.9MB","PIDs":"7"}
{"BlockIO":"0B / 0B","CPUPerc":"3.59%","Container":"d790ff1ba173","ID":"d790ff1ba173","MemPerc":"0.47%","MemUsage":"35.85MiB / 7.38GiB","Name":"flash-cloud-bench-publisher-1","NetIO":"25.2MB / 36MB","PIDs":"7"}
{"BlockIO":"4.77MB / 0B","CPUPerc":"3.79%","Container":"e0a44f45bbd7","ID":"e0a44f45bbd7","MemPerc":"0.52%","MemUsage":"39.27MiB / 7.38GiB","Name":"flash-cloud-bench-simulator-1","NetIO":"34.1MB / 43MB","PIDs":"10"}
{"BlockIO":"7.95MB / 0B","CPUPerc":"6.98%","Container":"a66f27ba8092","ID":"a66f27ba8092","MemPerc":"0.54%","MemUsage":"40.71MiB / 7.38GiB","Name":"flash-cloud-bench-maintenance-1","NetIO":"624MB / 2.13GB","PIDs":"6"}
{"BlockIO":"1.41MB / 0B","CPUPerc":"4.07%","Container":"6fea00feedc4","ID":"6fea00feedc4","MemPerc":"0.04%","MemUsage":"2.867MiB / 7.38GiB","Name":"flash-cloud-bench-pgbouncer-1","NetIO":"997MB / 995MB","PIDs":"1"}
{"BlockIO":"83.4MB / 1.2GB","CPUPerc":"94.73%","Container":"d440893966b4","ID":"d440893966b4","MemPerc":"1.95%","MemUsage":"147.7MiB / 7.38GiB","Name":"flash-cloud-bench-postgres-1","NetIO":"327MB / 696MB","PIDs":"18"}
{"BlockIO":"98.2MB / 38.6MB","CPUPerc":"3.91%","Container":"562ac1217807","ID":"562ac1217807","MemPerc":"13.11%","MemUsage":"990.7MiB / 7.38GiB","Name":"flash-cloud-bench-kafka-1","NetIO":"17MB / 14.2MB","PIDs":"101"}
{"BlockIO":"71.5MB / 2.12MB","CPUPerc":"0.00%","Container":"bc21247794d5","ID":"bc21247794d5","MemPerc":"1.26%","MemUsage":"95.14MiB / 7.38GiB","Name":"flash-cloud-bench-prometheus-1","NetIO":"7.48MB / 1.04MB","PIDs":"10"}
2026-09-08T10:49:52Z
{"BlockIO":"18.7MB / 49.4MB","CPUPerc":"1.63%","Container":"5440352fa90e","ID":"5440352fa90e","MemPerc":"1.33%","MemUsage":"100.8MiB / 7.38GiB","Name":"flash-cloud-bench-api-1","NetIO":"2.17GB / 1.49GB","PIDs":"7"}
{"BlockIO":"41.2MB / 518MB","CPUPerc":"2.77%","Container":"0c0c4eec6cd3","ID":"0c0c4eec6cd3","MemPerc":"0.85%","MemUsage":"64.01MiB / 7.38GiB","Name":"flash-cloud-bench-redis-1","NetIO":"2.2GB / 2.09GB","PIDs":"6"}
{"BlockIO":"0B / 0B","CPUPerc":"5.14%","Container":"facf8315afea","ID":"facf8315afea","MemPerc":"0.47%","MemUsage":"35.81MiB / 7.38GiB","Name":"flash-cloud-bench-consumer-1","NetIO":"25MB / 37.3MB","PIDs":"7"}
{"BlockIO":"0B / 0B","CPUPerc":"4.78%","Container":"d790ff1ba173","ID":"d790ff1ba173","MemPerc":"0.47%","MemUsage":"35.85MiB / 7.38GiB","Name":"flash-cloud-bench-publisher-1","NetIO":"25.5MB / 36.4MB","PIDs":"7"}
{"BlockIO":"4.77MB / 0B","CPUPerc":"3.76%","Container":"e0a44f45bbd7","ID":"e0a44f45bbd7","MemPerc":"0.52%","MemUsage":"39.27MiB / 7.38GiB","Name":"flash-cloud-bench-simulator-1","NetIO":"34.5MB / 43.5MB","PIDs":"10"}
{"BlockIO":"7.95MB / 0B","CPUPerc":"3.55%","Container":"a66f27ba8092","ID":"a66f27ba8092","MemPerc":"0.54%","MemUsage":"40.71MiB / 7.38GiB","Name":"flash-cloud-bench-maintenance-1","NetIO":"629MB / 2.15GB","PIDs":"6"}
{"BlockIO":"1.41MB / 0B","CPUPerc":"3.62%","Container":"6fea00feedc4","ID":"6fea00feedc4","MemPerc":"0.04%","MemUsage":"2.875MiB / 7.38GiB","Name":"flash-cloud-bench-pgbouncer-1","NetIO":"1.01GB / 1GB","PIDs":"1"}
{"BlockIO":"83.4MB / 1.21GB","CPUPerc":"100.23%","Container":"d440893966b4","ID":"d440893966b4","MemPerc":"1.96%","MemUsage":"147.8MiB / 7.38GiB","Name":"flash-cloud-bench-postgres-1","NetIO":"329MB / 702MB","PIDs":"18"}
{"BlockIO":"98.2MB / 38.9MB","CPUPerc":"1.93%","Container":"562ac1217807","ID":"562ac1217807","MemPerc":"13.11%","MemUsage":"990.7MiB / 7.38GiB","Name":"flash-cloud-bench-kafka-1","NetIO":"17.2MB / 14.4MB","PIDs":"101"}
{"BlockIO":"71.5MB / 2.12MB","CPUPerc":"0.20%","Container":"bc21247794d5","ID":"bc21247794d5","MemPerc":"1.26%","MemUsage":"95.14MiB / 7.38GiB","Name":"flash-cloud-bench-prometheus-1","NetIO":"7.55MB / 1.05MB","PIDs":"10"}
2026-09-08T10:50:02Z
{"BlockIO":"18.7MB / 50.4MB","CPUPerc":"1.67%","Container":"5440352fa90e","ID":"5440352fa90e","MemPerc":"1.33%","MemUsage":"100.8MiB / 7.38GiB","Name":"flash-cloud-bench-api-1","NetIO":"2.17GB / 1.49GB","PIDs":"7"}
{"BlockIO":"41.2MB / 518MB","CPUPerc":"4.50%","Container":"0c0c4eec6cd3","ID":"0c0c4eec6cd3","MemPerc":"0.85%","MemUsage":"64.08MiB / 7.38GiB","Name":"flash-cloud-bench-redis-1","NetIO":"2.21GB / 2.09GB","PIDs":"6"}
{"BlockIO":"0B / 0B","CPUPerc":"3.98%","Container":"facf8315afea","ID":"facf8315afea","MemPerc":"0.47%","MemUsage":"35.81MiB / 7.38GiB","Name":"flash-cloud-bench-consumer-1","NetIO":"25.3MB / 37.8MB","PIDs":"7"}
{"BlockIO":"0B / 0B","CPUPerc":"3.47%","Container":"d790ff1ba173","ID":"d790ff1ba173","MemPerc":"0.47%","MemUsage":"35.85MiB / 7.38GiB","Name":"flash-cloud-bench-publisher-1","NetIO":"25.8MB / 36.8MB","PIDs":"7"}
{"BlockIO":"4.77MB / 0B","CPUPerc":"3.90%","Container":"e0a44f45bbd7","ID":"e0a44f45bbd7","MemPerc":"0.52%","MemUsage":"39.27MiB / 7.38GiB","Name":"flash-cloud-bench-simulator-1","NetIO":"34.8MB / 43.9MB","PIDs":"10"}
{"BlockIO":"7.95MB / 0B","CPUPerc":"10.33%","Container":"a66f27ba8092","ID":"a66f27ba8092","MemPerc":"0.54%","MemUsage":"40.71MiB / 7.38GiB","Name":"flash-cloud-bench-maintenance-1","NetIO":"635MB / 2.17GB","PIDs":"6"}
{"BlockIO":"1.41MB / 0B","CPUPerc":"4.78%","Container":"6fea00feedc4","ID":"6fea00feedc4","MemPerc":"0.04%","MemUsage":"2.875MiB / 7.38GiB","Name":"flash-cloud-bench-pgbouncer-1","NetIO":"1.01GB / 1.01GB","PIDs":"1"}
{"BlockIO":"83.4MB / 1.22GB","CPUPerc":"85.15%","Container":"d440893966b4","ID":"d440893966b4","MemPerc":"1.96%","MemUsage":"147.9MiB / 7.38GiB","Name":"flash-cloud-bench-postgres-1","NetIO":"332MB / 708MB","PIDs":"18"}
{"BlockIO":"98.2MB / 39.5MB","CPUPerc":"1.60%","Container":"562ac1217807","ID":"562ac1217807","MemPerc":"13.11%","MemUsage":"990.7MiB / 7.38GiB","Name":"flash-cloud-bench-kafka-1","NetIO":"17.4MB / 14.6MB","PIDs":"101"}
{"BlockIO":"71.5MB / 2.12MB","CPUPerc":"0.22%","Container":"bc21247794d5","ID":"bc21247794d5","MemPerc":"1.26%","MemUsage":"95.14MiB / 7.38GiB","Name":"flash-cloud-bench-prometheus-1","NetIO":"7.62MB / 1.06MB","PIDs":"10"}
2026-09-08T10:50:12Z
{"BlockIO":"18.7MB / 51.3MB","CPUPerc":"1.65%","Container":"5440352fa90e","ID":"5440352fa90e","MemPerc":"1.33%","MemUsage":"100.8MiB / 7.38GiB","Name":"flash-cloud-bench-api-1","NetIO":"2.17GB / 1.49GB","PIDs":"7"}
{"BlockIO":"41.2MB / 518MB","CPUPerc":"7.68%","Container":"0c0c4eec6cd3","ID":"0c0c4eec6cd3","MemPerc":"0.85%","MemUsage":"64.01MiB / 7.38GiB","Name":"flash-cloud-bench-redis-1","NetIO":"2.23GB / 2.09GB","PIDs":"6"}
{"BlockIO":"0B / 0B","CPUPerc":"3.29%","Container":"facf8315afea","ID":"facf8315afea","MemPerc":"0.47%","MemUsage":"35.82MiB / 7.38GiB","Name":"flash-cloud-bench-consumer-1","NetIO":"25.6MB / 38.2MB","PIDs":"7"}
{"BlockIO":"0B / 0B","CPUPerc":"3.11%","Container":"d790ff1ba173","ID":"d790ff1ba173","MemPerc":"0.47%","MemUsage":"35.85MiB / 7.38GiB","Name":"flash-cloud-bench-publisher-1","NetIO":"26MB / 37.2MB","PIDs":"7"}
{"BlockIO":"4.77MB / 0B","CPUPerc":"3.51%","Container":"e0a44f45bbd7","ID":"e0a44f45bbd7","MemPerc":"0.52%","MemUsage":"39.27MiB / 7.38GiB","Name":"flash-cloud-bench-simulator-1","NetIO":"35.1MB / 44.3MB","PIDs":"10"}
{"BlockIO":"7.95MB / 0B","CPUPerc":"12.41%","Container":"a66f27ba8092","ID":"a66f27ba8092","MemPerc":"0.54%","MemUsage":"40.71MiB / 7.38GiB","Name":"flash-cloud-bench-maintenance-1","NetIO":"640MB / 2.19GB","PIDs":"6"}
{"BlockIO":"1.41MB / 0B","CPUPerc":"5.45%","Container":"6fea00feedc4","ID":"6fea00feedc4","MemPerc":"0.04%","MemUsage":"2.875MiB / 7.38GiB","Name":"flash-cloud-bench-pgbouncer-1","NetIO":"1.02GB / 1.02GB","PIDs":"1"}
{"BlockIO":"83.4MB / 1.23GB","CPUPerc":"81.93%","Container":"d440893966b4","ID":"d440893966b4","MemPerc":"1.96%","MemUsage":"148MiB / 7.38GiB","Name":"flash-cloud-bench-postgres-1","NetIO":"335MB / 715MB","PIDs":"18"}
{"BlockIO":"98.2MB / 40MB","CPUPerc":"1.47%","Container":"562ac1217807","ID":"562ac1217807","MemPerc":"13.11%","MemUsage":"990.8MiB / 7.38GiB","Name":"flash-cloud-bench-kafka-1","NetIO":"17.7MB / 14.7MB","PIDs":"101"}
{"BlockIO":"71.5MB / 2.15MB","CPUPerc":"0.26%","Container":"bc21247794d5","ID":"bc21247794d5","MemPerc":"1.26%","MemUsage":"95.14MiB / 7.38GiB","Name":"flash-cloud-bench-prometheus-1","NetIO":"7.7MB / 1.07MB","PIDs":"10"}
2026-09-08T10:50:22Z
{"BlockIO":"18.7MB / 52.2MB","CPUPerc":"10.06%","Container":"5440352fa90e","ID":"5440352fa90e","MemPerc":"1.33%","MemUsage":"100.8MiB / 7.38GiB","Name":"flash-cloud-bench-api-1","NetIO":"2.17GB / 1.49GB","PIDs":"7"}
{"BlockIO":"41.2MB / 547MB","CPUPerc":"34.38%","Container":"0c0c4eec6cd3","ID":"0c0c4eec6cd3","MemPerc":"0.85%","MemUsage":"64.05MiB / 7.38GiB","Name":"flash-cloud-bench-redis-1","NetIO":"2.25GB / 2.09GB","PIDs":"6"}
{"BlockIO":"0B / 0B","CPUPerc":"3.73%","Container":"facf8315afea","ID":"facf8315afea","MemPerc":"0.47%","MemUsage":"35.81MiB / 7.38GiB","Name":"flash-cloud-bench-consumer-1","NetIO":"25.9MB / 38.7MB","PIDs":"7"}
{"BlockIO":"0B / 0B","CPUPerc":"3.86%","Container":"d790ff1ba173","ID":"d790ff1ba173","MemPerc":"0.47%","MemUsage":"35.85MiB / 7.38GiB","Name":"flash-cloud-bench-publisher-1","NetIO":"26.3MB / 37.6MB","PIDs":"7"}
{"BlockIO":"4.77MB / 0B","CPUPerc":"3.93%","Container":"e0a44f45bbd7","ID":"e0a44f45bbd7","MemPerc":"0.52%","MemUsage":"39.27MiB / 7.38GiB","Name":"flash-cloud-bench-simulator-1","NetIO":"35.4MB / 44.7MB","PIDs":"10"}
{"BlockIO":"7.95MB / 0B","CPUPerc":"9.99%","Container":"a66f27ba8092","ID":"a66f27ba8092","MemPerc":"0.54%","MemUsage":"40.71MiB / 7.38GiB","Name":"flash-cloud-bench-maintenance-1","NetIO":"646MB / 2.21GB","PIDs":"6"}
{"BlockIO":"1.41MB / 0B","CPUPerc":"4.80%","Container":"6fea00feedc4","ID":"6fea00feedc4","MemPerc":"0.04%","MemUsage":"2.891MiB / 7.38GiB","Name":"flash-cloud-bench-pgbouncer-1","NetIO":"1.03GB / 1.03GB","PIDs":"1"}
{"BlockIO":"83.4MB / 1.24GB","CPUPerc":"85.24%","Container":"d440893966b4","ID":"d440893966b4","MemPerc":"1.96%","MemUsage":"148.1MiB / 7.38GiB","Name":"flash-cloud-bench-postgres-1","NetIO":"338MB / 721MB","PIDs":"18"}
{"BlockIO":"98.2MB / 40.4MB","CPUPerc":"1.57%","Container":"562ac1217807","ID":"562ac1217807","MemPerc":"13.11%","MemUsage":"990.8MiB / 7.38GiB","Name":"flash-cloud-bench-kafka-1","NetIO":"17.9MB / 14.9MB","PIDs":"101"}
{"BlockIO":"71.5MB / 2.15MB","CPUPerc":"0.12%","Container":"bc21247794d5","ID":"bc21247794d5","MemPerc":"1.26%","MemUsage":"95.14MiB / 7.38GiB","Name":"flash-cloud-bench-prometheus-1","NetIO":"7.76MB / 1.07MB","PIDs":"10"}
2026-09-08T10:50:33Z
{"BlockIO":"18.7MB / 53.2MB","CPUPerc":"30.65%","Container":"5440352fa90e","ID":"5440352fa90e","MemPerc":"1.33%","MemUsage":"100.8MiB / 7.38GiB","Name":"flash-cloud-bench-api-1","NetIO":"2.17GB / 1.49GB","PIDs":"7"}
{"BlockIO":"41.2MB / 547MB","CPUPerc":"13.53%","Container":"0c0c4eec6cd3","ID":"0c0c4eec6cd3","MemPerc":"0.85%","MemUsage":"64.11MiB / 7.38GiB","Name":"flash-cloud-bench-redis-1","NetIO":"2.27GB / 2.09GB","PIDs":"6"}
{"BlockIO":"0B / 0B","CPUPerc":"2.02%","Container":"facf8315afea","ID":"facf8315afea","MemPerc":"0.47%","MemUsage":"35.81MiB / 7.38GiB","Name":"flash-cloud-bench-consumer-1","NetIO":"26.2MB / 39.1MB","PIDs":"7"}
{"BlockIO":"0B / 0B","CPUPerc":"2.20%","Container":"d790ff1ba173","ID":"d790ff1ba173","MemPerc":"0.47%","MemUsage":"35.85MiB / 7.38GiB","Name":"flash-cloud-bench-publisher-1","NetIO":"26.6MB / 37.9MB","PIDs":"7"}
{"BlockIO":"4.77MB / 0B","CPUPerc":"3.69%","Container":"e0a44f45bbd7","ID":"e0a44f45bbd7","MemPerc":"0.52%","MemUsage":"39.27MiB / 7.38GiB","Name":"flash-cloud-bench-simulator-1","NetIO":"35.7MB / 45.1MB","PIDs":"10"}
{"BlockIO":"7.95MB / 0B","CPUPerc":"22.32%","Container":"a66f27ba8092","ID":"a66f27ba8092","MemPerc":"0.54%","MemUsage":"40.71MiB / 7.38GiB","Name":"flash-cloud-bench-maintenance-1","NetIO":"652MB / 2.23GB","PIDs":"6"}
{"BlockIO":"1.41MB / 0B","CPUPerc":"6.60%","Container":"6fea00feedc4","ID":"6fea00feedc4","MemPerc":"0.04%","MemUsage":"2.883MiB / 7.38GiB","Name":"flash-cloud-bench-pgbouncer-1","NetIO":"1.04GB / 1.04GB","PIDs":"1"}
{"BlockIO":"83.4MB / 1.25GB","CPUPerc":"59.27%","Container":"d440893966b4","ID":"d440893966b4","MemPerc":"1.96%","MemUsage":"148.2MiB / 7.38GiB","Name":"flash-cloud-bench-postgres-1","NetIO":"340MB / 727MB","PIDs":"18"}
{"BlockIO":"98.2MB / 40.5MB","CPUPerc":"1.04%","Container":"562ac1217807","ID":"562ac1217807","MemPerc":"13.11%","MemUsage":"990.8MiB / 7.38GiB","Name":"flash-cloud-bench-kafka-1","NetIO":"18.1MB / 15.1MB","PIDs":"101"}
{"BlockIO":"71.5MB / 2.15MB","CPUPerc":"0.00%","Container":"bc21247794d5","ID":"bc21247794d5","MemPerc":"1.26%","MemUsage":"95.14MiB / 7.38GiB","Name":"flash-cloud-bench-prometheus-1","NetIO":"7.83MB / 1.08MB","PIDs":"10"}
2026-09-08T10:50:43Z
{"BlockIO":"18.7MB / 54.2MB","CPUPerc":"21.57%","Container":"5440352fa90e","ID":"5440352fa90e","MemPerc":"1.49%","MemUsage":"112.5MiB / 7.38GiB","Name":"flash-cloud-bench-api-1","NetIO":"2.17GB / 1.49GB","PIDs":"8"}
{"BlockIO":"41.2MB / 547MB","CPUPerc":"14.05%","Container":"0c0c4eec6cd3","ID":"0c0c4eec6cd3","MemPerc":"0.85%","MemUsage":"64.04MiB / 7.38GiB","Name":"flash-cloud-bench-redis-1","NetIO":"2.29GB / 2.09GB","PIDs":"6"}
{"BlockIO":"0B / 0B","CPUPerc":"2.54%","Container":"facf8315afea","ID":"facf8315afea","MemPerc":"0.47%","MemUsage":"35.82MiB / 7.38GiB","Name":"flash-cloud-bench-consumer-1","NetIO":"26.5MB / 39.6MB","PIDs":"7"}
{"BlockIO":"0B / 0B","CPUPerc":"2.55%","Container":"d790ff1ba173","ID":"d790ff1ba173","MemPerc":"0.47%","MemUsage":"35.85MiB / 7.38GiB","Name":"flash-cloud-bench-publisher-1","NetIO":"26.8MB / 38.3MB","PIDs":"7"}
{"BlockIO":"4.77MB / 0B","CPUPerc":"3.97%","Container":"e0a44f45bbd7","ID":"e0a44f45bbd7","MemPerc":"0.52%","MemUsage":"39.27MiB / 7.38GiB","Name":"flash-cloud-bench-simulator-1","NetIO":"36MB / 45.5MB","PIDs":"10"}
{"BlockIO":"7.95MB / 0B","CPUPerc":"23.41%","Container":"a66f27ba8092","ID":"a66f27ba8092","MemPerc":"0.54%","MemUsage":"40.71MiB / 7.38GiB","Name":"flash-cloud-bench-maintenance-1","NetIO":"658MB / 2.25GB","PIDs":"6"}
{"BlockIO":"1.41MB / 0B","CPUPerc":"6.86%","Container":"6fea00feedc4","ID":"6fea00feedc4","MemPerc":"0.04%","MemUsage":"2.891MiB / 7.38GiB","Name":"flash-cloud-bench-pgbouncer-1","NetIO":"1.05GB / 1.05GB","PIDs":"1"}
{"BlockIO":"83.4MB / 1.26GB","CPUPerc":"56.45%","Container":"d440893966b4","ID":"d440893966b4","MemPerc":"1.96%","MemUsage":"148.3MiB / 7.38GiB","Name":"flash-cloud-bench-postgres-1","NetIO":"343MB / 733MB","PIDs":"18"}
{"BlockIO":"98.2MB / 40.7MB","CPUPerc":"15.29%","Container":"562ac1217807","ID":"562ac1217807","MemPerc":"13.11%","MemUsage":"990.9MiB / 7.38GiB","Name":"flash-cloud-bench-kafka-1","NetIO":"18.3MB / 15.2MB","PIDs":"101"}
{"BlockIO":"71.5MB / 2.19MB","CPUPerc":"0.00%","Container":"bc21247794d5","ID":"bc21247794d5","MemPerc":"1.26%","MemUsage":"95.14MiB / 7.38GiB","Name":"flash-cloud-bench-prometheus-1","NetIO":"7.9MB / 1.09MB","PIDs":"10"}
2026-09-08T10:50:53Z
{"BlockIO":"18.7MB / 55.1MB","CPUPerc":"1.68%","Container":"5440352fa90e","ID":"5440352fa90e","MemPerc":"1.33%","MemUsage":"100.9MiB / 7.38GiB","Name":"flash-cloud-bench-api-1","NetIO":"2.17GB / 1.49GB","PIDs":"7"}
{"BlockIO":"41.2MB / 547MB","CPUPerc":"12.46%","Container":"0c0c4eec6cd3","ID":"0c0c4eec6cd3","MemPerc":"0.85%","MemUsage":"64.04MiB / 7.38GiB","Name":"flash-cloud-bench-redis-1","NetIO":"2.31GB / 2.09GB","PIDs":"6"}
{"BlockIO":"0B / 0B","CPUPerc":"0.33%","Container":"facf8315afea","ID":"facf8315afea","MemPerc":"0.47%","MemUsage":"35.82MiB / 7.38GiB","Name":"flash-cloud-bench-consumer-1","NetIO":"26.6MB / 39.8MB","PIDs":"7"}
{"BlockIO":"0B / 0B","CPUPerc":"1.09%","Container":"d790ff1ba173","ID":"d790ff1ba173","MemPerc":"0.47%","MemUsage":"35.85MiB / 7.38GiB","Name":"flash-cloud-bench-publisher-1","NetIO":"27MB / 38.5MB","PIDs":"7"}
{"BlockIO":"4.77MB / 0B","CPUPerc":"3.76%","Container":"e0a44f45bbd7","ID":"e0a44f45bbd7","MemPerc":"0.52%","MemUsage":"39.27MiB / 7.38GiB","Name":"flash-cloud-bench-simulator-1","NetIO":"36.4MB / 45.9MB","PIDs":"10"}
{"BlockIO":"7.95MB / 0B","CPUPerc":"16.25%","Container":"a66f27ba8092","ID":"a66f27ba8092","MemPerc":"0.54%","MemUsage":"40.71MiB / 7.38GiB","Name":"flash-cloud-bench-maintenance-1","NetIO":"665MB / 2.27GB","PIDs":"6"}
{"BlockIO":"1.41MB / 0B","CPUPerc":"4.72%","Container":"6fea00feedc4","ID":"6fea00feedc4","MemPerc":"0.04%","MemUsage":"2.863MiB / 7.38GiB","Name":"flash-cloud-bench-pgbouncer-1","NetIO":"1.06GB / 1.06GB","PIDs":"1"}
{"BlockIO":"83.4MB / 1.28GB","CPUPerc":"16.08%","Container":"d440893966b4","ID":"d440893966b4","MemPerc":"1.96%","MemUsage":"148.3MiB / 7.38GiB","Name":"flash-cloud-bench-postgres-1","NetIO":"347MB / 741MB","PIDs":"18"}
{"BlockIO":"98.2MB / 41.4MB","CPUPerc":"140.02%","Container":"562ac1217807","ID":"562ac1217807","MemPerc":"13.83%","MemUsage":"1.021GiB / 7.38GiB","Name":"flash-cloud-bench-kafka-1","NetIO":"18.3MB / 15.3MB","PIDs":"125"}
{"BlockIO":"71.5MB / 2.2MB","CPUPerc":"0.00%","Container":"bc21247794d5","ID":"bc21247794d5","MemPerc":"1.26%","MemUsage":"95.15MiB / 7.38GiB","Name":"flash-cloud-bench-prometheus-1","NetIO":"7.97MB / 1.1MB","PIDs":"10"}
2026-09-08T10:51:03Z
{"BlockIO":"18.7MB / 56.1MB","CPUPerc":"104.10%","Container":"5440352fa90e","ID":"5440352fa90e","MemPerc":"1.34%","MemUsage":"101MiB / 7.38GiB","Name":"flash-cloud-bench-api-1","NetIO":"2.19GB / 1.51GB","PIDs":"10"}
{"BlockIO":"41.2MB / 547MB","CPUPerc":"28.65%","Container":"0c0c4eec6cd3","ID":"0c0c4eec6cd3","MemPerc":"0.85%","MemUsage":"63.97MiB / 7.38GiB","Name":"flash-cloud-bench-redis-1","NetIO":"2.33GB / 2.11GB","PIDs":"6"}
{"BlockIO":"0B / 0B","CPUPerc":"0.34%","Container":"facf8315afea","ID":"facf8315afea","MemPerc":"0.47%","MemUsage":"35.82MiB / 7.38GiB","Name":"flash-cloud-bench-consumer-1","NetIO":"26.6MB / 39.8MB","PIDs":"7"}
{"BlockIO":"0B / 0B","CPUPerc":"1.11%","Container":"d790ff1ba173","ID":"d790ff1ba173","MemPerc":"0.47%","MemUsage":"35.85MiB / 7.38GiB","Name":"flash-cloud-bench-publisher-1","NetIO":"27.1MB / 38.6MB","PIDs":"7"}
{"BlockIO":"4.77MB / 0B","CPUPerc":"3.69%","Container":"e0a44f45bbd7","ID":"e0a44f45bbd7","MemPerc":"0.52%","MemUsage":"39.27MiB / 7.38GiB","Name":"flash-cloud-bench-simulator-1","NetIO":"36.7MB / 46.3MB","PIDs":"10"}
{"BlockIO":"7.95MB / 0B","CPUPerc":"19.37%","Container":"a66f27ba8092","ID":"a66f27ba8092","MemPerc":"0.54%","MemUsage":"40.71MiB / 7.38GiB","Name":"flash-cloud-bench-maintenance-1","NetIO":"671MB / 2.29GB","PIDs":"6"}
{"BlockIO":"1.41MB / 0B","CPUPerc":"5.34%","Container":"6fea00feedc4","ID":"6fea00feedc4","MemPerc":"0.04%","MemUsage":"2.887MiB / 7.38GiB","Name":"flash-cloud-bench-pgbouncer-1","NetIO":"1.07GB / 1.07GB","PIDs":"1"}
{"BlockIO":"83.4MB / 1.28GB","CPUPerc":"12.44%","Container":"d440893966b4","ID":"d440893966b4","MemPerc":"1.96%","MemUsage":"148.3MiB / 7.38GiB","Name":"flash-cloud-bench-postgres-1","NetIO":"349MB / 747MB","PIDs":"18"}
{"BlockIO":"98.2MB / 41.5MB","CPUPerc":"0.60%","Container":"562ac1217807","ID":"562ac1217807","MemPerc":"13.11%","MemUsage":"990.9MiB / 7.38GiB","Name":"flash-cloud-bench-kafka-1","NetIO":"18.3MB / 15.3MB","PIDs":"101"}
{"BlockIO":"71.5MB / 2.2MB","CPUPerc":"0.00%","Container":"bc21247794d5","ID":"bc21247794d5","MemPerc":"1.26%","MemUsage":"95.14MiB / 7.38GiB","Name":"flash-cloud-bench-prometheus-1","NetIO":"8.04MB / 1.11MB","PIDs":"10"}
2026-09-08T10:51:13Z
{"BlockIO":"18.7MB / 57.1MB","CPUPerc":"1.65%","Container":"5440352fa90e","ID":"5440352fa90e","MemPerc":"1.34%","MemUsage":"101MiB / 7.38GiB","Name":"flash-cloud-bench-api-1","NetIO":"2.2GB / 1.51GB","PIDs":"10"}
{"BlockIO":"41.2MB / 547MB","CPUPerc":"6.01%","Container":"0c0c4eec6cd3","ID":"0c0c4eec6cd3","MemPerc":"0.84%","MemUsage":"63.82MiB / 7.38GiB","Name":"flash-cloud-bench-redis-1","NetIO":"2.35GB / 2.12GB","PIDs":"6"}
{"BlockIO":"0B / 0B","CPUPerc":"0.16%","Container":"facf8315afea","ID":"facf8315afea","MemPerc":"0.47%","MemUsage":"35.82MiB / 7.38GiB","Name":"flash-cloud-bench-consumer-1","NetIO":"26.6MB / 39.8MB","PIDs":"7"}
{"BlockIO":"0B / 0B","CPUPerc":"1.00%","Container":"d790ff1ba173","ID":"d790ff1ba173","MemPerc":"0.47%","MemUsage":"35.85MiB / 7.38GiB","Name":"flash-cloud-bench-publisher-1","NetIO":"27.2MB / 38.8MB","PIDs":"7"}
{"BlockIO":"4.77MB / 0B","CPUPerc":"4.20%","Container":"e0a44f45bbd7","ID":"e0a44f45bbd7","MemPerc":"0.52%","MemUsage":"39.27MiB / 7.38GiB","Name":"flash-cloud-bench-simulator-1","NetIO":"37MB / 46.7MB","PIDs":"10"}
{"BlockIO":"7.95MB / 0B","CPUPerc":"10.01%","Container":"a66f27ba8092","ID":"a66f27ba8092","MemPerc":"0.54%","MemUsage":"40.71MiB / 7.38GiB","Name":"flash-cloud-bench-maintenance-1","NetIO":"676MB / 2.31GB","PIDs":"6"}
{"BlockIO":"1.41MB / 0B","CPUPerc":"3.38%","Container":"6fea00feedc4","ID":"6fea00feedc4","MemPerc":"0.04%","MemUsage":"2.863MiB / 7.38GiB","Name":"flash-cloud-bench-pgbouncer-1","NetIO":"1.08GB / 1.07GB","PIDs":"1"}
{"BlockIO":"83.4MB / 1.29GB","CPUPerc":"8.14%","Container":"d440893966b4","ID":"d440893966b4","MemPerc":"1.96%","MemUsage":"148.3MiB / 7.38GiB","Name":"flash-cloud-bench-postgres-1","NetIO":"351MB / 753MB","PIDs":"18"}
{"BlockIO":"98.2MB / 41.6MB","CPUPerc":"0.53%","Container":"562ac1217807","ID":"562ac1217807","MemPerc":"13.11%","MemUsage":"990.9MiB / 7.38GiB","Name":"flash-cloud-bench-kafka-1","NetIO":"18.4MB / 15.3MB","PIDs":"101"}
{"BlockIO":"71.5MB / 2.2MB","CPUPerc":"0.00%","Container":"bc21247794d5","ID":"bc21247794d5","MemPerc":"1.26%","MemUsage":"95.16MiB / 7.38GiB","Name":"flash-cloud-bench-prometheus-1","NetIO":"8.11MB / 1.12MB","PIDs":"10"}
2026-09-08T10:51:23Z
{"BlockIO":"18.7MB / 58.1MB","CPUPerc":"1.67%","Container":"5440352fa90e","ID":"5440352fa90e","MemPerc":"1.34%","MemUsage":"100.9MiB / 7.38GiB","Name":"flash-cloud-bench-api-1","NetIO":"2.2GB / 1.51GB","PIDs":"7"}
{"BlockIO":"41.2MB / 575MB","CPUPerc":"41.50%","Container":"0c0c4eec6cd3","ID":"0c0c4eec6cd3","MemPerc":"0.84%","MemUsage":"63.73MiB / 7.38GiB","Name":"flash-cloud-bench-redis-1","NetIO":"2.37GB / 2.12GB","PIDs":"6"}
{"BlockIO":"0B / 0B","CPUPerc":"0.24%","Container":"facf8315afea","ID":"facf8315afea","MemPerc":"0.47%","MemUsage":"35.82MiB / 7.38GiB","Name":"flash-cloud-bench-consumer-1","NetIO":"26.6MB / 39.8MB","PIDs":"7"}
{"BlockIO":"0B / 0B","CPUPerc":"1.07%","Container":"d790ff1ba173","ID":"d790ff1ba173","MemPerc":"0.47%","MemUsage":"35.85MiB / 7.38GiB","Name":"flash-cloud-bench-publisher-1","NetIO":"27.3MB / 38.9MB","PIDs":"7"}
{"BlockIO":"4.77MB / 0B","CPUPerc":"4.10%","Container":"e0a44f45bbd7","ID":"e0a44f45bbd7","MemPerc":"0.52%","MemUsage":"39.27MiB / 7.38GiB","Name":"flash-cloud-bench-simulator-1","NetIO":"37.3MB / 47.1MB","PIDs":"10"}
{"BlockIO":"7.95MB / 0B","CPUPerc":"13.73%","Container":"a66f27ba8092","ID":"a66f27ba8092","MemPerc":"0.54%","MemUsage":"40.71MiB / 7.38GiB","Name":"flash-cloud-bench-maintenance-1","NetIO":"682MB / 2.33GB","PIDs":"6"}
{"BlockIO":"1.41MB / 0B","CPUPerc":"4.25%","Container":"6fea00feedc4","ID":"6fea00feedc4","MemPerc":"0.04%","MemUsage":"2.879MiB / 7.38GiB","Name":"flash-cloud-bench-pgbouncer-1","NetIO":"1.08GB / 1.08GB","PIDs":"1"}
{"BlockIO":"83.4MB / 1.29GB","CPUPerc":"15.79%","Container":"d440893966b4","ID":"d440893966b4","MemPerc":"1.96%","MemUsage":"148.3MiB / 7.38GiB","Name":"flash-cloud-bench-postgres-1","NetIO":"353MB / 759MB","PIDs":"18"}
{"BlockIO":"98.2MB / 41.8MB","CPUPerc":"0.55%","Container":"562ac1217807","ID":"562ac1217807","MemPerc":"13.11%","MemUsage":"990.9MiB / 7.38GiB","Name":"flash-cloud-bench-kafka-1","NetIO":"18.4MB / 15.3MB","PIDs":"101"}
{"BlockIO":"71.5MB / 2.24MB","CPUPerc":"0.00%","Container":"bc21247794d5","ID":"bc21247794d5","MemPerc":"1.26%","MemUsage":"95.18MiB / 7.38GiB","Name":"flash-cloud-bench-prometheus-1","NetIO":"8.18MB / 1.13MB","PIDs":"10"}
2026-09-08T10:51:33Z
{"BlockIO":"18.7MB / 58.9MB","CPUPerc":"39.08%","Container":"5440352fa90e","ID":"5440352fa90e","MemPerc":"1.34%","MemUsage":"101MiB / 7.38GiB","Name":"flash-cloud-bench-api-1","NetIO":"2.2GB / 1.51GB","PIDs":"9"}
{"BlockIO":"41.2MB / 575MB","CPUPerc":"4.60%","Container":"0c0c4eec6cd3","ID":"0c0c4eec6cd3","MemPerc":"0.84%","MemUsage":"63.84MiB / 7.38GiB","Name":"flash-cloud-bench-redis-1","NetIO":"2.39GB / 2.12GB","PIDs":"6"}
{"BlockIO":"0B / 0B","CPUPerc":"2.94%","Container":"facf8315afea","ID":"facf8315afea","MemPerc":"0.47%","MemUsage":"35.82MiB / 7.38GiB","Name":"flash-cloud-bench-consumer-1","NetIO":"26.7MB / 39.8MB","PIDs":"7"}
{"BlockIO":"0B / 0B","CPUPerc":"2.81%","Container":"d790ff1ba173","ID":"d790ff1ba173","MemPerc":"0.47%","MemUsage":"35.85MiB / 7.38GiB","Name":"flash-cloud-bench-publisher-1","NetIO":"27.4MB / 39MB","PIDs":"7"}
{"BlockIO":"4.77MB / 0B","CPUPerc":"4.07%","Container":"e0a44f45bbd7","ID":"e0a44f45bbd7","MemPerc":"0.52%","MemUsage":"39.27MiB / 7.38GiB","Name":"flash-cloud-bench-simulator-1","NetIO":"37.6MB / 47.4MB","PIDs":"10"}
{"BlockIO":"7.95MB / 0B","CPUPerc":"21.05%","Container":"a66f27ba8092","ID":"a66f27ba8092","MemPerc":"0.54%","MemUsage":"40.96MiB / 7.38GiB","Name":"flash-cloud-bench-maintenance-1","NetIO":"687MB / 2.35GB","PIDs":"6"}
{"BlockIO":"1.41MB / 0B","CPUPerc":"7.67%","Container":"6fea00feedc4","ID":"6fea00feedc4","MemPerc":"0.04%","MemUsage":"2.883MiB / 7.38GiB","Name":"flash-cloud-bench-pgbouncer-1","NetIO":"1.09GB / 1.09GB","PIDs":"1"}
{"BlockIO":"83.4MB / 1.3GB","CPUPerc":"23.57%","Container":"d440893966b4","ID":"d440893966b4","MemPerc":"1.96%","MemUsage":"148.4MiB / 7.38GiB","Name":"flash-cloud-bench-postgres-1","NetIO":"355MB / 764MB","PIDs":"18"}
{"BlockIO":"98.2MB / 42MB","CPUPerc":"1.45%","Container":"562ac1217807","ID":"562ac1217807","MemPerc":"13.11%","MemUsage":"990.9MiB / 7.38GiB","Name":"flash-cloud-bench-kafka-1","NetIO":"18.4MB / 15.3MB","PIDs":"101"}
{"BlockIO":"71.5MB / 2.24MB","CPUPerc":"0.22%","Container":"bc21247794d5","ID":"bc21247794d5","MemPerc":"1.26%","MemUsage":"95.18MiB / 7.38GiB","Name":"flash-cloud-bench-prometheus-1","NetIO":"8.26MB / 1.14MB","PIDs":"10"}
2026-09-08T10:51:43Z
{"BlockIO":"18.7MB / 60.1MB","CPUPerc":"48.09%","Container":"5440352fa90e","ID":"5440352fa90e","MemPerc":"1.34%","MemUsage":"101.3MiB / 7.38GiB","Name":"flash-cloud-bench-api-1","NetIO":"2.21GB / 1.52GB","PIDs":"14"}
{"BlockIO":"41.2MB / 575MB","CPUPerc":"10.05%","Container":"0c0c4eec6cd3","ID":"0c0c4eec6cd3","MemPerc":"0.85%","MemUsage":"63.99MiB / 7.38GiB","Name":"flash-cloud-bench-redis-1","NetIO":"2.41GB / 2.13GB","PIDs":"6"}
{"BlockIO":"0B / 0B","CPUPerc":"2.77%","Container":"facf8315afea","ID":"facf8315afea","MemPerc":"0.47%","MemUsage":"35.82MiB / 7.38GiB","Name":"flash-cloud-bench-consumer-1","NetIO":"26.9MB / 40.2MB","PIDs":"7"}
{"BlockIO":"0B / 0B","CPUPerc":"2.63%","Container":"d790ff1ba173","ID":"d790ff1ba173","MemPerc":"0.47%","MemUsage":"35.85MiB / 7.38GiB","Name":"flash-cloud-bench-publisher-1","NetIO":"27.6MB / 39.4MB","PIDs":"7"}
{"BlockIO":"4.77MB / 0B","CPUPerc":"3.85%","Container":"e0a44f45bbd7","ID":"e0a44f45bbd7","MemPerc":"0.52%","MemUsage":"39.27MiB / 7.38GiB","Name":"flash-cloud-bench-simulator-1","NetIO":"37.9MB / 47.9MB","PIDs":"10"}
{"BlockIO":"7.95MB / 0B","CPUPerc":"14.08%","Container":"a66f27ba8092","ID":"a66f27ba8092","MemPerc":"0.54%","MemUsage":"40.71MiB / 7.38GiB","Name":"flash-cloud-bench-maintenance-1","NetIO":"694MB / 2.37GB","PIDs":"6"}
{"BlockIO":"1.41MB / 0B","CPUPerc":"6.42%","Container":"6fea00feedc4","ID":"6fea00feedc4","MemPerc":"0.04%","MemUsage":"3.133MiB / 7.38GiB","Name":"flash-cloud-bench-pgbouncer-1","NetIO":"1.1GB / 1.1GB","PIDs":"1"}
{"BlockIO":"83.4MB / 1.32GB","CPUPerc":"15.64%","Container":"d440893966b4","ID":"d440893966b4","MemPerc":"1.97%","MemUsage":"148.6MiB / 7.38GiB","Name":"flash-cloud-bench-postgres-1","NetIO":"359MB / 771MB","PIDs":"18"}
{"BlockIO":"98.2MB / 42.3MB","CPUPerc":"1.30%","Container":"562ac1217807","ID":"562ac1217807","MemPerc":"13.11%","MemUsage":"990.9MiB / 7.38GiB","Name":"flash-cloud-bench-kafka-1","NetIO":"18.6MB / 15.5MB","PIDs":"101"}
{"BlockIO":"71.5MB / 2.24MB","CPUPerc":"0.21%","Container":"bc21247794d5","ID":"bc21247794d5","MemPerc":"1.26%","MemUsage":"95.18MiB / 7.38GiB","Name":"flash-cloud-bench-prometheus-1","NetIO":"8.33MB / 1.15MB","PIDs":"10"}
2026-09-08T10:51:53Z
{"BlockIO":"18.7MB / 61.2MB","CPUPerc":"52.95%","Container":"5440352fa90e","ID":"5440352fa90e","MemPerc":"1.34%","MemUsage":"101.2MiB / 7.38GiB","Name":"flash-cloud-bench-api-1","NetIO":"2.23GB / 1.54GB","PIDs":"13"}
{"BlockIO":"41.2MB / 575MB","CPUPerc":"7.80%","Container":"0c0c4eec6cd3","ID":"0c0c4eec6cd3","MemPerc":"0.85%","MemUsage":"64.05MiB / 7.38GiB","Name":"flash-cloud-bench-redis-1","NetIO":"2.43GB / 2.15GB","PIDs":"6"}
{"BlockIO":"0B / 0B","CPUPerc":"2.23%","Container":"facf8315afea","ID":"facf8315afea","MemPerc":"0.47%","MemUsage":"35.82MiB / 7.38GiB","Name":"flash-cloud-bench-consumer-1","NetIO":"27.2MB / 40.5MB","PIDs":"7"}
{"BlockIO":"0B / 0B","CPUPerc":"2.63%","Container":"d790ff1ba173","ID":"d790ff1ba173","MemPerc":"0.48%","MemUsage":"36.1MiB / 7.38GiB","Name":"flash-cloud-bench-publisher-1","NetIO":"27.8MB / 39.7MB","PIDs":"7"}
{"BlockIO":"4.77MB / 0B","CPUPerc":"3.80%","Container":"e0a44f45bbd7","ID":"e0a44f45bbd7","MemPerc":"0.52%","MemUsage":"39.27MiB / 7.38GiB","Name":"flash-cloud-bench-simulator-1","NetIO":"38.2MB / 48.3MB","PIDs":"10"}
{"BlockIO":"7.95MB / 0B","CPUPerc":"4.87%","Container":"a66f27ba8092","ID":"a66f27ba8092","MemPerc":"0.54%","MemUsage":"40.71MiB / 7.38GiB","Name":"flash-cloud-bench-maintenance-1","NetIO":"700MB / 2.39GB","PIDs":"6"}
{"BlockIO":"1.41MB / 0B","CPUPerc":"4.31%","Container":"6fea00feedc4","ID":"6fea00feedc4","MemPerc":"0.04%","MemUsage":"2.887MiB / 7.38GiB","Name":"flash-cloud-bench-pgbouncer-1","NetIO":"1.11GB / 1.11GB","PIDs":"1"}
{"BlockIO":"83.4MB / 1.33GB","CPUPerc":"10.45%","Container":"d440893966b4","ID":"d440893966b4","MemPerc":"1.97%","MemUsage":"148.8MiB / 7.38GiB","Name":"flash-cloud-bench-postgres-1","NetIO":"362MB / 778MB","PIDs":"18"}
{"BlockIO":"98.2MB / 42.8MB","CPUPerc":"1.16%","Container":"562ac1217807","ID":"562ac1217807","MemPerc":"13.11%","MemUsage":"991MiB / 7.38GiB","Name":"flash-cloud-bench-kafka-1","NetIO":"18.7MB / 15.6MB","PIDs":"101"}
{"BlockIO":"71.5MB / 2.28MB","CPUPerc":"0.21%","Container":"bc21247794d5","ID":"bc21247794d5","MemPerc":"1.26%","MemUsage":"95.18MiB / 7.38GiB","Name":"flash-cloud-bench-prometheus-1","NetIO":"8.4MB / 1.16MB","PIDs":"10"}
2026-09-08T10:52:04Z
{"BlockIO":"18.7MB / 62.2MB","CPUPerc":"53.58%","Container":"5440352fa90e","ID":"5440352fa90e","MemPerc":"1.34%","MemUsage":"101.6MiB / 7.38GiB","Name":"flash-cloud-bench-api-1","NetIO":"2.26GB / 1.56GB","PIDs":"15"}
{"BlockIO":"41.2MB / 575MB","CPUPerc":"9.58%","Container":"0c0c4eec6cd3","ID":"0c0c4eec6cd3","MemPerc":"0.85%","MemUsage":"64.07MiB / 7.38GiB","Name":"flash-cloud-bench-redis-1","NetIO":"2.45GB / 2.18GB","PIDs":"6"}
{"BlockIO":"0B / 0B","CPUPerc":"3.11%","Container":"facf8315afea","ID":"facf8315afea","MemPerc":"0.47%","MemUsage":"35.82MiB / 7.38GiB","Name":"flash-cloud-bench-consumer-1","NetIO":"27.4MB / 40.9MB","PIDs":"7"}
{"BlockIO":"0B / 0B","CPUPerc":"2.11%","Container":"d790ff1ba173","ID":"d790ff1ba173","MemPerc":"0.47%","MemUsage":"35.85MiB / 7.38GiB","Name":"flash-cloud-bench-publisher-1","NetIO":"28.1MB / 40MB","PIDs":"7"}
{"BlockIO":"4.77MB / 0B","CPUPerc":"3.51%","Container":"e0a44f45bbd7","ID":"e0a44f45bbd7","MemPerc":"0.52%","MemUsage":"39.27MiB / 7.38GiB","Name":"flash-cloud-bench-simulator-1","NetIO":"38.6MB / 48.7MB","PIDs":"10"}
{"BlockIO":"7.95MB / 0B","CPUPerc":"11.74%","Container":"a66f27ba8092","ID":"a66f27ba8092","MemPerc":"0.54%","MemUsage":"40.71MiB / 7.38GiB","Name":"flash-cloud-bench-maintenance-1","NetIO":"706MB / 2.41GB","PIDs":"6"}
{"BlockIO":"1.41MB / 0B","CPUPerc":"6.05%","Container":"6fea00feedc4","ID":"6fea00feedc4","MemPerc":"0.04%","MemUsage":"2.883MiB / 7.38GiB","Name":"flash-cloud-bench-pgbouncer-1","NetIO":"1.12GB / 1.12GB","PIDs":"1"}
{"BlockIO":"83.4MB / 1.35GB","CPUPerc":"19.64%","Container":"d440893966b4","ID":"d440893966b4","MemPerc":"1.98%","MemUsage":"149.3MiB / 7.38GiB","Name":"flash-cloud-bench-postgres-1","NetIO":"366MB / 785MB","PIDs":"18"}
{"BlockIO":"98.2MB / 43.2MB","CPUPerc":"1.36%","Container":"562ac1217807","ID":"562ac1217807","MemPerc":"13.11%","MemUsage":"991MiB / 7.38GiB","Name":"flash-cloud-bench-kafka-1","NetIO":"18.9MB / 15.8MB","PIDs":"101"}
{"BlockIO":"71.5MB / 2.28MB","CPUPerc":"0.41%","Container":"bc21247794d5","ID":"bc21247794d5","MemPerc":"1.26%","MemUsage":"95.19MiB / 7.38GiB","Name":"flash-cloud-bench-prometheus-1","NetIO":"8.47MB / 1.17MB","PIDs":"10"}
2026-09-08T10:52:14Z
{"BlockIO":"18.7MB / 63.2MB","CPUPerc":"83.20%","Container":"5440352fa90e","ID":"5440352fa90e","MemPerc":"1.34%","MemUsage":"101.3MiB / 7.38GiB","Name":"flash-cloud-bench-api-1","NetIO":"2.29GB / 1.58GB","PIDs":"14"}
{"BlockIO":"41.2MB / 575MB","CPUPerc":"6.20%","Container":"0c0c4eec6cd3","ID":"0c0c4eec6cd3","MemPerc":"0.85%","MemUsage":"64.15MiB / 7.38GiB","Name":"flash-cloud-bench-redis-1","NetIO":"2.48GB / 2.21GB","PIDs":"6"}
{"BlockIO":"0B / 0B","CPUPerc":"2.26%","Container":"facf8315afea","ID":"facf8315afea","MemPerc":"0.47%","MemUsage":"35.82MiB / 7.38GiB","Name":"flash-cloud-bench-consumer-1","NetIO":"27.6MB / 41.2MB","PIDs":"7"}
{"BlockIO":"0B / 0B","CPUPerc":"1.99%","Container":"d790ff1ba173","ID":"d790ff1ba173","MemPerc":"0.47%","MemUsage":"35.85MiB / 7.38GiB","Name":"flash-cloud-bench-publisher-1","NetIO":"28.3MB / 40.3MB","PIDs":"7"}
{"BlockIO":"4.77MB / 0B","CPUPerc":"2.91%","Container":"e0a44f45bbd7","ID":"e0a44f45bbd7","MemPerc":"0.52%","MemUsage":"39.27MiB / 7.38GiB","Name":"flash-cloud-bench-simulator-1","NetIO":"38.9MB / 49.1MB","PIDs":"10"}
{"BlockIO":"7.95MB / 0B","CPUPerc":"5.69%","Container":"a66f27ba8092","ID":"a66f27ba8092","MemPerc":"0.54%","MemUsage":"40.71MiB / 7.38GiB","Name":"flash-cloud-bench-maintenance-1","NetIO":"712MB / 2.43GB","PIDs":"6"}
{"BlockIO":"1.41MB / 0B","CPUPerc":"5.11%","Container":"6fea00feedc4","ID":"6fea00feedc4","MemPerc":"0.04%","MemUsage":"2.891MiB / 7.38GiB","Name":"flash-cloud-bench-pgbouncer-1","NetIO":"1.13GB / 1.13GB","PIDs":"1"}
{"BlockIO":"83.4MB / 1.36GB","CPUPerc":"11.34%","Container":"d440893966b4","ID":"d440893966b4","MemPerc":"1.98%","MemUsage":"149.3MiB / 7.38GiB","Name":"flash-cloud-bench-postgres-1","NetIO":"369MB / 792MB","PIDs":"18"}
{"BlockIO":"98.2MB / 43.6MB","CPUPerc":"177.81%","Container":"562ac1217807","ID":"562ac1217807","MemPerc":"14.03%","MemUsage":"1.035GiB / 7.38GiB","Name":"flash-cloud-bench-kafka-1","NetIO":"19MB / 15.9MB","PIDs":"125"}
{"BlockIO":"71.5MB / 2.28MB","CPUPerc":"0.36%","Container":"bc21247794d5","ID":"bc21247794d5","MemPerc":"1.26%","MemUsage":"95.19MiB / 7.38GiB","Name":"flash-cloud-bench-prometheus-1","NetIO":"8.54MB / 1.18MB","PIDs":"10"}
2026-09-08T10:52:24Z
{"BlockIO":"18.7MB / 64.3MB","CPUPerc":"80.83%","Container":"5440352fa90e","ID":"5440352fa90e","MemPerc":"1.51%","MemUsage":"114.2MiB / 7.38GiB","Name":"flash-cloud-bench-api-1","NetIO":"2.33GB / 1.61GB","PIDs":"13"}
{"BlockIO":"41.2MB / 601MB","CPUPerc":"39.82%","Container":"0c0c4eec6cd3","ID":"0c0c4eec6cd3","MemPerc":"0.89%","MemUsage":"67.37MiB / 7.38GiB","Name":"flash-cloud-bench-redis-1","NetIO":"2.5GB / 2.24GB","PIDs":"7"}
{"BlockIO":"0B / 0B","CPUPerc":"2.98%","Container":"facf8315afea","ID":"facf8315afea","MemPerc":"0.47%","MemUsage":"35.82MiB / 7.38GiB","Name":"flash-cloud-bench-consumer-1","NetIO":"27.8MB / 41.5MB","PIDs":"7"}
{"BlockIO":"0B / 0B","CPUPerc":"2.42%","Container":"d790ff1ba173","ID":"d790ff1ba173","MemPerc":"0.47%","MemUsage":"35.85MiB / 7.38GiB","Name":"flash-cloud-bench-publisher-1","NetIO":"28.5MB / 40.6MB","PIDs":"7"}
{"BlockIO":"4.77MB / 0B","CPUPerc":"3.64%","Container":"e0a44f45bbd7","ID":"e0a44f45bbd7","MemPerc":"0.52%","MemUsage":"39.27MiB / 7.38GiB","Name":"flash-cloud-bench-simulator-1","NetIO":"39.2MB / 49.4MB","PIDs":"10"}
{"BlockIO":"7.95MB / 0B","CPUPerc":"6.47%","Container":"a66f27ba8092","ID":"a66f27ba8092","MemPerc":"0.54%","MemUsage":"40.71MiB / 7.38GiB","Name":"flash-cloud-bench-maintenance-1","NetIO":"718MB / 2.46GB","PIDs":"6"}
{"BlockIO":"1.41MB / 0B","CPUPerc":"5.00%","Container":"6fea00feedc4","ID":"6fea00feedc4","MemPerc":"0.04%","MemUsage":"2.887MiB / 7.38GiB","Name":"flash-cloud-bench-pgbouncer-1","NetIO":"1.14GB / 1.14GB","PIDs":"1"}
{"BlockIO":"83.4MB / 1.37GB","CPUPerc":"12.07%","Container":"d440893966b4","ID":"d440893966b4","MemPerc":"1.98%","MemUsage":"149.5MiB / 7.38GiB","Name":"flash-cloud-bench-postgres-1","NetIO":"373MB / 799MB","PIDs":"18"}
{"BlockIO":"98.2MB / 43.9MB","CPUPerc":"1.83%","Container":"562ac1217807","ID":"562ac1217807","MemPerc":"13.11%","MemUsage":"991MiB / 7.38GiB","Name":"flash-cloud-bench-kafka-1","NetIO":"19.2MB / 16MB","PIDs":"101"}
{"BlockIO":"71.5MB / 2.32MB","CPUPerc":"0.03%","Container":"bc21247794d5","ID":"bc21247794d5","MemPerc":"1.26%","MemUsage":"95.2MiB / 7.38GiB","Name":"flash-cloud-bench-prometheus-1","NetIO":"8.61MB / 1.19MB","PIDs":"10"}
2026-09-08T10:52:34Z
{"BlockIO":"18.7MB / 65.2MB","CPUPerc":"58.84%","Container":"5440352fa90e","ID":"5440352fa90e","MemPerc":"1.34%","MemUsage":"101.5MiB / 7.38GiB","Name":"flash-cloud-bench-api-1","NetIO":"2.36GB / 1.63GB","PIDs":"12"}
{"BlockIO":"41.2MB / 604MB","CPUPerc":"7.05%","Container":"0c0c4eec6cd3","ID":"0c0c4eec6cd3","MemPerc":"0.85%","MemUsage":"64.16MiB / 7.38GiB","Name":"flash-cloud-bench-redis-1","NetIO":"2.52GB / 2.27GB","PIDs":"6"}
{"BlockIO":"0B / 0B","CPUPerc":"10.48%","Container":"facf8315afea","ID":"facf8315afea","MemPerc":"0.47%","MemUsage":"35.83MiB / 7.38GiB","Name":"flash-cloud-bench-consumer-1","NetIO":"28.1MB / 41.9MB","PIDs":"7"}
{"BlockIO":"0B / 0B","CPUPerc":"2.59%","Container":"d790ff1ba173","ID":"d790ff1ba173","MemPerc":"0.47%","MemUsage":"35.85MiB / 7.38GiB","Name":"flash-cloud-bench-publisher-1","NetIO":"28.7MB / 40.9MB","PIDs":"7"}
{"BlockIO":"4.77MB / 0B","CPUPerc":"3.41%","Container":"e0a44f45bbd7","ID":"e0a44f45bbd7","MemPerc":"0.52%","MemUsage":"39.27MiB / 7.38GiB","Name":"flash-cloud-bench-simulator-1","NetIO":"39.5MB / 49.8MB","PIDs":"10"}
{"BlockIO":"7.95MB / 0B","CPUPerc":"6.76%","Container":"a66f27ba8092","ID":"a66f27ba8092","MemPerc":"0.54%","MemUsage":"40.71MiB / 7.38GiB","Name":"flash-cloud-bench-maintenance-1","NetIO":"724MB / 2.48GB","PIDs":"6"}
{"BlockIO":"1.41MB / 0B","CPUPerc":"4.82%","Container":"6fea00feedc4","ID":"6fea00feedc4","MemPerc":"0.04%","MemUsage":"2.879MiB / 7.38GiB","Name":"flash-cloud-bench-pgbouncer-1","NetIO":"1.15GB / 1.15GB","PIDs":"1"}
{"BlockIO":"83.4MB / 1.39GB","CPUPerc":"17.36%","Container":"d440893966b4","ID":"d440893966b4","MemPerc":"1.98%","MemUsage":"149.8MiB / 7.38GiB","Name":"flash-cloud-bench-postgres-1","NetIO":"376MB / 806MB","PIDs":"18"}
{"BlockIO":"98.2MB / 44MB","CPUPerc":"1.40%","Container":"562ac1217807","ID":"562ac1217807","MemPerc":"13.11%","MemUsage":"991.1MiB / 7.38GiB","Name":"flash-cloud-bench-kafka-1","NetIO":"19.3MB / 16.1MB","PIDs":"101"}
{"BlockIO":"71.5MB / 2.32MB","CPUPerc":"0.38%","Container":"bc21247794d5","ID":"bc21247794d5","MemPerc":"1.26%","MemUsage":"95.2MiB / 7.38GiB","Name":"flash-cloud-bench-prometheus-1","NetIO":"8.68MB / 1.2MB","PIDs":"10"}
2026-09-08T10:52:44Z
{"BlockIO":"18.7MB / 66.4MB","CPUPerc":"58.11%","Container":"5440352fa90e","ID":"5440352fa90e","MemPerc":"1.34%","MemUsage":"101.3MiB / 7.38GiB","Name":"flash-cloud-bench-api-1","NetIO":"2.4GB / 1.66GB","PIDs":"14"}
{"BlockIO":"41.2MB / 604MB","CPUPerc":"7.19%","Container":"0c0c4eec6cd3","ID":"0c0c4eec6cd3","MemPerc":"0.85%","MemUsage":"64.17MiB / 7.38GiB","Name":"flash-cloud-bench-redis-1","NetIO":"2.54GB / 2.31GB","PIDs":"6"}
{"BlockIO":"0B / 0B","CPUPerc":"2.50%","Container":"facf8315afea","ID":"facf8315afea","MemPerc":"0.47%","MemUsage":"35.83MiB / 7.38GiB","Name":"flash-cloud-bench-consumer-1","NetIO":"28.3MB / 42.2MB","PIDs":"7"}
{"BlockIO":"0B / 0B","CPUPerc":"2.27%","Container":"d790ff1ba173","ID":"d790ff1ba173","MemPerc":"0.47%","MemUsage":"35.85MiB / 7.38GiB","Name":"flash-cloud-bench-publisher-1","NetIO":"29MB / 41.2MB","PIDs":"7"}
{"BlockIO":"4.77MB / 0B","CPUPerc":"3.61%","Container":"e0a44f45bbd7","ID":"e0a44f45bbd7","MemPerc":"0.52%","MemUsage":"39.27MiB / 7.38GiB","Name":"flash-cloud-bench-simulator-1","NetIO":"39.8MB / 50.2MB","PIDs":"10"}
{"BlockIO":"7.95MB / 0B","CPUPerc":"5.34%","Container":"a66f27ba8092","ID":"a66f27ba8092","MemPerc":"0.54%","MemUsage":"40.71MiB / 7.38GiB","Name":"flash-cloud-bench-maintenance-1","NetIO":"730MB / 2.5GB","PIDs":"6"}
{"BlockIO":"1.41MB / 0B","CPUPerc":"4.33%","Container":"6fea00feedc4","ID":"6fea00feedc4","MemPerc":"0.04%","MemUsage":"2.867MiB / 7.38GiB","Name":"flash-cloud-bench-pgbouncer-1","NetIO":"1.16GB / 1.16GB","PIDs":"1"}
{"BlockIO":"83.4MB / 1.4GB","CPUPerc":"10.40%","Container":"d440893966b4","ID":"d440893966b4","MemPerc":"1.99%","MemUsage":"150MiB / 7.38GiB","Name":"flash-cloud-bench-postgres-1","NetIO":"379MB / 812MB","PIDs":"18"}
{"BlockIO":"98.2MB / 44.6MB","CPUPerc":"1.67%","Container":"562ac1217807","ID":"562ac1217807","MemPerc":"13.12%","MemUsage":"991.1MiB / 7.38GiB","Name":"flash-cloud-bench-kafka-1","NetIO":"19.5MB / 16.3MB","PIDs":"101"}
{"BlockIO":"71.5MB / 2.32MB","CPUPerc":"0.38%","Container":"bc21247794d5","ID":"bc21247794d5","MemPerc":"1.26%","MemUsage":"95.2MiB / 7.38GiB","Name":"flash-cloud-bench-prometheus-1","NetIO":"8.75MB / 1.21MB","PIDs":"10"}
2026-09-08T10:52:54Z
{"BlockIO":"18.7MB / 67.3MB","CPUPerc":"56.15%","Container":"5440352fa90e","ID":"5440352fa90e","MemPerc":"1.34%","MemUsage":"101.3MiB / 7.38GiB","Name":"flash-cloud-bench-api-1","NetIO":"2.43GB / 1.68GB","PIDs":"13"}
{"BlockIO":"41.2MB / 604MB","CPUPerc":"13.80%","Container":"0c0c4eec6cd3","ID":"0c0c4eec6cd3","MemPerc":"0.85%","MemUsage":"64.3MiB / 7.38GiB","Name":"flash-cloud-bench-redis-1","NetIO":"2.57GB / 2.34GB","PIDs":"6"}
{"BlockIO":"0B / 0B","CPUPerc":"2.37%","Container":"facf8315afea","ID":"facf8315afea","MemPerc":"0.47%","MemUsage":"35.84MiB / 7.38GiB","Name":"flash-cloud-bench-consumer-1","NetIO":"28.5MB / 42.5MB","PIDs":"7"}
{"BlockIO":"0B / 0B","CPUPerc":"1.92%","Container":"d790ff1ba173","ID":"d790ff1ba173","MemPerc":"0.47%","MemUsage":"35.85MiB / 7.38GiB","Name":"flash-cloud-bench-publisher-1","NetIO":"29.2MB / 41.5MB","PIDs":"7"}
{"BlockIO":"4.77MB / 0B","CPUPerc":"3.56%","Container":"e0a44f45bbd7","ID":"e0a44f45bbd7","MemPerc":"0.52%","MemUsage":"39.27MiB / 7.38GiB","Name":"flash-cloud-bench-simulator-1","NetIO":"40.1MB / 50.6MB","PIDs":"10"}
{"BlockIO":"7.95MB / 0B","CPUPerc":"12.00%","Container":"a66f27ba8092","ID":"a66f27ba8092","MemPerc":"0.54%","MemUsage":"40.71MiB / 7.38GiB","Name":"flash-cloud-bench-maintenance-1","NetIO":"736MB / 2.52GB","PIDs":"6"}
{"BlockIO":"1.41MB / 0B","CPUPerc":"5.53%","Container":"6fea00feedc4","ID":"6fea00feedc4","MemPerc":"0.04%","MemUsage":"2.871MiB / 7.38GiB","Name":"flash-cloud-bench-pgbouncer-1","NetIO":"1.17GB / 1.17GB","PIDs":"1"}
{"BlockIO":"83.4MB / 1.41GB","CPUPerc":"13.24%","Container":"d440893966b4","ID":"d440893966b4","MemPerc":"1.99%","MemUsage":"150.3MiB / 7.38GiB","Name":"flash-cloud-bench-postgres-1","NetIO":"383MB / 820MB","PIDs":"18"}
{"BlockIO":"98.2MB / 44.7MB","CPUPerc":"1.24%","Container":"562ac1217807","ID":"562ac1217807","MemPerc":"13.12%","MemUsage":"991.1MiB / 7.38GiB","Name":"flash-cloud-bench-kafka-1","NetIO":"19.6MB / 16.4MB","PIDs":"101"}
{"BlockIO":"71.5MB / 2.32MB","CPUPerc":"0.01%","Container":"bc21247794d5","ID":"bc21247794d5","MemPerc":"1.26%","MemUsage":"95.2MiB / 7.38GiB","Name":"flash-cloud-bench-prometheus-1","NetIO":"8.82MB / 1.22MB","PIDs":"10"}
2026-09-08T10:53:04Z
{"BlockIO":"18.7MB / 68.6MB","CPUPerc":"51.37%","Container":"5440352fa90e","ID":"5440352fa90e","MemPerc":"1.34%","MemUsage":"101.3MiB / 7.38GiB","Name":"flash-cloud-bench-api-1","NetIO":"2.47GB / 1.7GB","PIDs":"13"}
{"BlockIO":"41.2MB / 604MB","CPUPerc":"5.47%","Container":"0c0c4eec6cd3","ID":"0c0c4eec6cd3","MemPerc":"0.85%","MemUsage":"64.22MiB / 7.38GiB","Name":"flash-cloud-bench-redis-1","NetIO":"2.59GB / 2.38GB","PIDs":"6"}
{"BlockIO":"0B / 0B","CPUPerc":"3.04%","Container":"facf8315afea","ID":"facf8315afea","MemPerc":"0.47%","MemUsage":"35.84MiB / 7.38GiB","Name":"flash-cloud-bench-consumer-1","NetIO":"28.8MB / 42.9MB","PIDs":"7"}
{"BlockIO":"0B / 0B","CPUPerc":"2.68%","Container":"d790ff1ba173","ID":"d790ff1ba173","MemPerc":"0.47%","MemUsage":"35.85MiB / 7.38GiB","Name":"flash-cloud-bench-publisher-1","NetIO":"29.4MB / 41.8MB","PIDs":"7"}
{"BlockIO":"4.77MB / 0B","CPUPerc":"3.43%","Container":"e0a44f45bbd7","ID":"e0a44f45bbd7","MemPerc":"0.52%","MemUsage":"39.27MiB / 7.38GiB","Name":"flash-cloud-bench-simulator-1","NetIO":"40.4MB / 51MB","PIDs":"10"}
{"BlockIO":"7.95MB / 0B","CPUPerc":"5.69%","Container":"a66f27ba8092","ID":"a66f27ba8092","MemPerc":"0.54%","MemUsage":"40.71MiB / 7.38GiB","Name":"flash-cloud-bench-maintenance-1","NetIO":"742MB / 2.54GB","PIDs":"6"}
{"BlockIO":"1.41MB / 0B","CPUPerc":"4.68%","Container":"6fea00feedc4","ID":"6fea00feedc4","MemPerc":"0.04%","MemUsage":"2.871MiB / 7.38GiB","Name":"flash-cloud-bench-pgbouncer-1","NetIO":"1.18GB / 1.18GB","PIDs":"1"}
{"BlockIO":"83.4MB / 1.42GB","CPUPerc":"13.45%","Container":"d440893966b4","ID":"d440893966b4","MemPerc":"2.00%","MemUsage":"151.4MiB / 7.38GiB","Name":"flash-cloud-bench-postgres-1","NetIO":"386MB / 826MB","PIDs":"20"}
{"BlockIO":"98.2MB / 45.2MB","CPUPerc":"1.39%","Container":"562ac1217807","ID":"562ac1217807","MemPerc":"13.12%","MemUsage":"991.2MiB / 7.38GiB","Name":"flash-cloud-bench-kafka-1","NetIO":"19.8MB / 16.5MB","PIDs":"101"}
{"BlockIO":"71.5MB / 2.36MB","CPUPerc":"0.02%","Container":"bc21247794d5","ID":"bc21247794d5","MemPerc":"1.26%","MemUsage":"95.2MiB / 7.38GiB","Name":"flash-cloud-bench-prometheus-1","NetIO":"8.89MB / 1.23MB","PIDs":"10"}
2026-09-08T10:53:14Z
{"BlockIO":"18.7MB / 69.7MB","CPUPerc":"53.96%","Container":"5440352fa90e","ID":"5440352fa90e","MemPerc":"1.34%","MemUsage":"101.3MiB / 7.38GiB","Name":"flash-cloud-bench-api-1","NetIO":"2.51GB / 1.73GB","PIDs":"13"}
{"BlockIO":"41.2MB / 604MB","CPUPerc":"14.10%","Container":"0c0c4eec6cd3","ID":"0c0c4eec6cd3","MemPerc":"0.85%","MemUsage":"64.24MiB / 7.38GiB","Name":"flash-cloud-bench-redis-1","NetIO":"2.61GB / 2.41GB","PIDs":"6"}
{"BlockIO":"0B / 0B","CPUPerc":"2.84%","Container":"facf8315afea","ID":"facf8315afea","MemPerc":"0.47%","MemUsage":"35.84MiB / 7.38GiB","Name":"flash-cloud-bench-consumer-1","NetIO":"29MB / 43.2MB","PIDs":"7"}
{"BlockIO":"0B / 0B","CPUPerc":"2.73%","Container":"d790ff1ba173","ID":"d790ff1ba173","MemPerc":"0.47%","MemUsage":"35.85MiB / 7.38GiB","Name":"flash-cloud-bench-publisher-1","NetIO":"29.6MB / 42.2MB","PIDs":"7"}
{"BlockIO":"4.77MB / 0B","CPUPerc":"3.71%","Container":"e0a44f45bbd7","ID":"e0a44f45bbd7","MemPerc":"0.52%","MemUsage":"39.27MiB / 7.38GiB","Name":"flash-cloud-bench-simulator-1","NetIO":"40.7MB / 51.4MB","PIDs":"10"}
{"BlockIO":"7.95MB / 0B","CPUPerc":"16.46%","Container":"a66f27ba8092","ID":"a66f27ba8092","MemPerc":"0.54%","MemUsage":"40.71MiB / 7.38GiB","Name":"flash-cloud-bench-maintenance-1","NetIO":"748MB / 2.56GB","PIDs":"6"}
{"BlockIO":"1.41MB / 0B","CPUPerc":"6.71%","Container":"6fea00feedc4","ID":"6fea00feedc4","MemPerc":"0.04%","MemUsage":"2.887MiB / 7.38GiB","Name":"flash-cloud-bench-pgbouncer-1","NetIO":"1.19GB / 1.19GB","PIDs":"1"}
{"BlockIO":"83.4MB / 1.44GB","CPUPerc":"21.83%","Container":"d440893966b4","ID":"d440893966b4","MemPerc":"2.00%","MemUsage":"150.9MiB / 7.38GiB","Name":"flash-cloud-bench-postgres-1","NetIO":"390MB / 833MB","PIDs":"18"}
{"BlockIO":"98.2MB / 45.6MB","CPUPerc":"5.48%","Container":"562ac1217807","ID":"562ac1217807","MemPerc":"13.12%","MemUsage":"991.2MiB / 7.38GiB","Name":"flash-cloud-bench-kafka-1","NetIO":"19.9MB / 16.7MB","PIDs":"101"}
{"BlockIO":"71.5MB / 2.36MB","CPUPerc":"0.16%","Container":"bc21247794d5","ID":"bc21247794d5","MemPerc":"1.26%","MemUsage":"95.2MiB / 7.38GiB","Name":"flash-cloud-bench-prometheus-1","NetIO":"8.96MB / 1.24MB","PIDs":"10"}
2026-09-08T10:53:24Z
{"BlockIO":"18.7MB / 70.8MB","CPUPerc":"53.73%","Container":"5440352fa90e","ID":"5440352fa90e","MemPerc":"1.34%","MemUsage":"101.4MiB / 7.38GiB","Name":"flash-cloud-bench-api-1","NetIO":"2.54GB / 1.75GB","PIDs":"14"}
{"BlockIO":"41.2MB / 608MB","CPUPerc":"18.34%","Container":"0c0c4eec6cd3","ID":"0c0c4eec6cd3","MemPerc":"0.89%","MemUsage":"67.19MiB / 7.38GiB","Name":"flash-cloud-bench-redis-1","NetIO":"2.63GB / 2.45GB","PIDs":"7"}
{"BlockIO":"0B / 0B","CPUPerc":"2.71%","Container":"facf8315afea","ID":"facf8315afea","MemPerc":"0.47%","MemUsage":"35.84MiB / 7.38GiB","Name":"flash-cloud-bench-consumer-1","NetIO":"29.2MB / 43.5MB","PIDs":"7"}
{"BlockIO":"0B / 0B","CPUPerc":"2.43%","Container":"d790ff1ba173","ID":"d790ff1ba173","MemPerc":"0.47%","MemUsage":"35.85MiB / 7.38GiB","Name":"flash-cloud-bench-publisher-1","NetIO":"29.8MB / 42.5MB","PIDs":"7"}
{"BlockIO":"4.77MB / 0B","CPUPerc":"3.60%","Container":"e0a44f45bbd7","ID":"e0a44f45bbd7","MemPerc":"0.52%","MemUsage":"39.27MiB / 7.38GiB","Name":"flash-cloud-bench-simulator-1","NetIO":"41.1MB / 51.8MB","PIDs":"10"}
{"BlockIO":"7.95MB / 0B","CPUPerc":"11.37%","Container":"a66f27ba8092","ID":"a66f27ba8092","MemPerc":"0.54%","MemUsage":"40.71MiB / 7.38GiB","Name":"flash-cloud-bench-maintenance-1","NetIO":"754MB / 2.58GB","PIDs":"6"}
{"BlockIO":"1.41MB / 0B","CPUPerc":"5.61%","Container":"6fea00feedc4","ID":"6fea00feedc4","MemPerc":"0.04%","MemUsage":"2.871MiB / 7.38GiB","Name":"flash-cloud-bench-pgbouncer-1","NetIO":"1.2GB / 1.2GB","PIDs":"1"}
{"BlockIO":"83.4MB / 1.45GB","CPUPerc":"13.78%","Container":"d440893966b4","ID":"d440893966b4","MemPerc":"2.00%","MemUsage":"151.2MiB / 7.38GiB","Name":"flash-cloud-bench-postgres-1","NetIO":"393MB / 840MB","PIDs":"18"}
{"BlockIO":"98.2MB / 46MB","CPUPerc":"1.92%","Container":"562ac1217807","ID":"562ac1217807","MemPerc":"13.12%","MemUsage":"991.2MiB / 7.38GiB","Name":"flash-cloud-bench-kafka-1","NetIO":"20.1MB / 16.8MB","PIDs":"101"}
{"BlockIO":"71.5MB / 2.36MB","CPUPerc":"0.15%","Container":"bc21247794d5","ID":"bc21247794d5","MemPerc":"1.26%","MemUsage":"95.27MiB / 7.38GiB","Name":"flash-cloud-bench-prometheus-1","NetIO":"9.03MB / 1.25MB","PIDs":"10"}
2026-09-08T10:53:35Z
{"BlockIO":"18.7MB / 71.9MB","CPUPerc":"56.34%","Container":"5440352fa90e","ID":"5440352fa90e","MemPerc":"1.34%","MemUsage":"101.3MiB / 7.38GiB","Name":"flash-cloud-bench-api-1","NetIO":"2.58GB / 1.78GB","PIDs":"12"}
{"BlockIO":"41.2MB / 633MB","CPUPerc":"16.12%","Container":"0c0c4eec6cd3","ID":"0c0c4eec6cd3","MemPerc":"0.85%","MemUsage":"64.35MiB / 7.38GiB","Name":"flash-cloud-bench-redis-1","NetIO":"2.66GB / 2.48GB","PIDs":"6"}
{"BlockIO":"0B / 0B","CPUPerc":"4.94%","Container":"facf8315afea","ID":"facf8315afea","MemPerc":"0.47%","MemUsage":"35.84MiB / 7.38GiB","Name":"flash-cloud-bench-consumer-1","NetIO":"29.5MB / 44MB","PIDs":"7"}
{"BlockIO":"0B / 0B","CPUPerc":"3.50%","Container":"d790ff1ba173","ID":"d790ff1ba173","MemPerc":"0.47%","MemUsage":"35.85MiB / 7.38GiB","Name":"flash-cloud-bench-publisher-1","NetIO":"30.1MB / 42.8MB","PIDs":"7"}
{"BlockIO":"4.77MB / 0B","CPUPerc":"2.86%","Container":"e0a44f45bbd7","ID":"e0a44f45bbd7","MemPerc":"0.52%","MemUsage":"39.27MiB / 7.38GiB","Name":"flash-cloud-bench-simulator-1","NetIO":"41.4MB / 52.2MB","PIDs":"10"}
{"BlockIO":"7.95MB / 0B","CPUPerc":"20.16%","Container":"a66f27ba8092","ID":"a66f27ba8092","MemPerc":"0.54%","MemUsage":"40.71MiB / 7.38GiB","Name":"flash-cloud-bench-maintenance-1","NetIO":"761MB / 2.6GB","PIDs":"6"}
{"BlockIO":"1.41MB / 0B","CPUPerc":"8.22%","Container":"6fea00feedc4","ID":"6fea00feedc4","MemPerc":"0.04%","MemUsage":"2.883MiB / 7.38GiB","Name":"flash-cloud-bench-pgbouncer-1","NetIO":"1.21GB / 1.21GB","PIDs":"1"}
{"BlockIO":"83.4MB / 1.46GB","CPUPerc":"46.85%","Container":"d440893966b4","ID":"d440893966b4","MemPerc":"2.00%","MemUsage":"151.4MiB / 7.38GiB","Name":"flash-cloud-bench-postgres-1","NetIO":"397MB / 847MB","PIDs":"18"}
{"BlockIO":"98.2MB / 46.2MB","CPUPerc":"167.25%","Container":"562ac1217807","ID":"562ac1217807","MemPerc":"13.89%","MemUsage":"1.025GiB / 7.38GiB","Name":"flash-cloud-bench-kafka-1","NetIO":"20.3MB / 17MB","PIDs":"125"}
{"BlockIO":"71.5MB / 2.4MB","CPUPerc":"0.01%","Container":"bc21247794d5","ID":"bc21247794d5","MemPerc":"1.26%","MemUsage":"95.3MiB / 7.38GiB","Name":"flash-cloud-bench-prometheus-1","NetIO":"9.1MB / 1.26MB","PIDs":"10"}
2026-09-08T10:53:45Z
{"BlockIO":"18.7MB / 72.8MB","CPUPerc":"95.34%","Container":"5440352fa90e","ID":"5440352fa90e","MemPerc":"1.34%","MemUsage":"101.4MiB / 7.38GiB","Name":"flash-cloud-bench-api-1","NetIO":"2.61GB / 1.8GB","PIDs":"14"}
{"BlockIO":"41.2MB / 633MB","CPUPerc":"18.92%","Container":"0c0c4eec6cd3","ID":"0c0c4eec6cd3","MemPerc":"0.85%","MemUsage":"64.33MiB / 7.38GiB","Name":"flash-cloud-bench-redis-1","NetIO":"2.68GB / 2.52GB","PIDs":"6"}
{"BlockIO":"0B / 0B","CPUPerc":"5.28%","Container":"facf8315afea","ID":"facf8315afea","MemPerc":"0.47%","MemUsage":"35.84MiB / 7.38GiB","Name":"flash-cloud-bench-consumer-1","NetIO":"30MB / 44.6MB","PIDs":"7"}
{"BlockIO":"0B / 0B","CPUPerc":"4.16%","Container":"d790ff1ba173","ID":"d790ff1ba173","MemPerc":"0.47%","MemUsage":"35.86MiB / 7.38GiB","Name":"flash-cloud-bench-publisher-1","NetIO":"30.4MB / 43.3MB","PIDs":"7"}
{"BlockIO":"4.77MB / 0B","CPUPerc":"3.18%","Container":"e0a44f45bbd7","ID":"e0a44f45bbd7","MemPerc":"0.52%","MemUsage":"39.27MiB / 7.38GiB","Name":"flash-cloud-bench-simulator-1","NetIO":"41.7MB / 52.6MB","PIDs":"10"}
{"BlockIO":"7.95MB / 0B","CPUPerc":"21.59%","Container":"a66f27ba8092","ID":"a66f27ba8092","MemPerc":"0.54%","MemUsage":"40.71MiB / 7.38GiB","Name":"flash-cloud-bench-maintenance-1","NetIO":"767MB / 2.62GB","PIDs":"6"}
{"BlockIO":"1.41MB / 0B","CPUPerc":"8.54%","Container":"6fea00feedc4","ID":"6fea00feedc4","MemPerc":"0.04%","MemUsage":"2.887MiB / 7.38GiB","Name":"flash-cloud-bench-pgbouncer-1","NetIO":"1.22GB / 1.22GB","PIDs":"1"}
{"BlockIO":"83.4MB / 1.48GB","CPUPerc":"85.65%","Container":"d440893966b4","ID":"d440893966b4","MemPerc":"2.10%","MemUsage":"158.5MiB / 7.38GiB","Name":"flash-cloud-bench-postgres-1","NetIO":"401MB / 855MB","PIDs":"19"}
{"BlockIO":"98.2MB / 46.9MB","CPUPerc":"1.89%","Container":"562ac1217807","ID":"562ac1217807","MemPerc":"13.12%","MemUsage":"991.3MiB / 7.38GiB","Name":"flash-cloud-bench-kafka-1","NetIO":"20.6MB / 17.2MB","PIDs":"101"}
{"BlockIO":"71.5MB / 2.4MB","CPUPerc":"0.03%","Container":"bc21247794d5","ID":"bc21247794d5","MemPerc":"1.26%","MemUsage":"95.3MiB / 7.38GiB","Name":"flash-cloud-bench-prometheus-1","NetIO":"9.17MB / 1.27MB","PIDs":"10"}
2026-09-08T10:53:55Z
{"BlockIO":"18.7MB / 74.2MB","CPUPerc":"99.96%","Container":"5440352fa90e","ID":"5440352fa90e","MemPerc":"1.34%","MemUsage":"101.4MiB / 7.38GiB","Name":"flash-cloud-bench-api-1","NetIO":"2.66GB / 1.83GB","PIDs":"14"}
{"BlockIO":"41.2MB / 633MB","CPUPerc":"20.64%","Container":"0c0c4eec6cd3","ID":"0c0c4eec6cd3","MemPerc":"0.85%","MemUsage":"64.32MiB / 7.38GiB","Name":"flash-cloud-bench-redis-1","NetIO":"2.7GB / 2.56GB","PIDs":"6"}
{"BlockIO":"0B / 0B","CPUPerc":"4.40%","Container":"facf8315afea","ID":"facf8315afea","MemPerc":"0.47%","MemUsage":"35.84MiB / 7.38GiB","Name":"flash-cloud-bench-consumer-1","NetIO":"30.4MB / 45.3MB","PIDs":"7"}
{"BlockIO":"0B / 0B","CPUPerc":"3.34%","Container":"d790ff1ba173","ID":"d790ff1ba173","MemPerc":"0.47%","MemUsage":"35.86MiB / 7.38GiB","Name":"flash-cloud-bench-publisher-1","NetIO":"30.8MB / 43.8MB","PIDs":"7"}
{"BlockIO":"4.77MB / 0B","CPUPerc":"2.99%","Container":"e0a44f45bbd7","ID":"e0a44f45bbd7","MemPerc":"0.52%","MemUsage":"39.27MiB / 7.38GiB","Name":"flash-cloud-bench-simulator-1","NetIO":"42MB / 53MB","PIDs":"10"}
{"BlockIO":"7.95MB / 0B","CPUPerc":"21.77%","Container":"a66f27ba8092","ID":"a66f27ba8092","MemPerc":"0.54%","MemUsage":"40.71MiB / 7.38GiB","Name":"flash-cloud-bench-maintenance-1","NetIO":"773MB / 2.64GB","PIDs":"6"}
{"BlockIO":"1.41MB / 0B","CPUPerc":"8.76%","Container":"6fea00feedc4","ID":"6fea00feedc4","MemPerc":"0.04%","MemUsage":"2.867MiB / 7.38GiB","Name":"flash-cloud-bench-pgbouncer-1","NetIO":"1.23GB / 1.23GB","PIDs":"1"}
{"BlockIO":"83.4MB / 1.52GB","CPUPerc":"62.47%","Container":"d440893966b4","ID":"d440893966b4","MemPerc":"2.02%","MemUsage":"152.7MiB / 7.38GiB","Name":"flash-cloud-bench-postgres-1","NetIO":"405MB / 862MB","PIDs":"18"}
{"BlockIO":"98.2MB / 47.6MB","CPUPerc":"1.66%","Container":"562ac1217807","ID":"562ac1217807","MemPerc":"13.12%","MemUsage":"991.3MiB / 7.38GiB","Name":"flash-cloud-bench-kafka-1","NetIO":"20.9MB / 17.5MB","PIDs":"101"}
{"BlockIO":"71.5MB / 2.4MB","CPUPerc":"0.02%","Container":"bc21247794d5","ID":"bc21247794d5","MemPerc":"1.26%","MemUsage":"95.31MiB / 7.38GiB","Name":"flash-cloud-bench-prometheus-1","NetIO":"9.24MB / 1.27MB","PIDs":"10"}
2026-09-08T10:54:05Z
{"BlockIO":"18.7MB / 75.3MB","CPUPerc":"97.66%","Container":"5440352fa90e","ID":"5440352fa90e","MemPerc":"1.34%","MemUsage":"101.4MiB / 7.38GiB","Name":"flash-cloud-bench-api-1","NetIO":"2.7GB / 1.86GB","PIDs":"13"}
{"BlockIO":"41.2MB / 633MB","CPUPerc":"19.98%","Container":"0c0c4eec6cd3","ID":"0c0c4eec6cd3","MemPerc":"0.85%","MemUsage":"64.39MiB / 7.38GiB","Name":"flash-cloud-bench-redis-1","NetIO":"2.72GB / 2.6GB","PIDs":"6"}
{"BlockIO":"0B / 0B","CPUPerc":"4.33%","Container":"facf8315afea","ID":"facf8315afea","MemPerc":"0.47%","MemUsage":"35.84MiB / 7.38GiB","Name":"flash-cloud-bench-consumer-1","NetIO":"30.8MB / 45.9MB","PIDs":"7"}
{"BlockIO":"0B / 0B","CPUPerc":"3.07%","Container":"d790ff1ba173","ID":"d790ff1ba173","MemPerc":"0.47%","MemUsage":"35.86MiB / 7.38GiB","Name":"flash-cloud-bench-publisher-1","NetIO":"31.1MB / 44.3MB","PIDs":"7"}
{"BlockIO":"4.77MB / 0B","CPUPerc":"2.96%","Container":"e0a44f45bbd7","ID":"e0a44f45bbd7","MemPerc":"0.52%","MemUsage":"39.27MiB / 7.38GiB","Name":"flash-cloud-bench-simulator-1","NetIO":"42.3MB / 53.4MB","PIDs":"10"}
{"BlockIO":"7.95MB / 0B","CPUPerc":"24.30%","Container":"a66f27ba8092","ID":"a66f27ba8092","MemPerc":"0.54%","MemUsage":"40.71MiB / 7.38GiB","Name":"flash-cloud-bench-maintenance-1","NetIO":"779MB / 2.66GB","PIDs":"6"}
{"BlockIO":"1.41MB / 0B","CPUPerc":"9.06%","Container":"6fea00feedc4","ID":"6fea00feedc4","MemPerc":"0.04%","MemUsage":"2.883MiB / 7.38GiB","Name":"flash-cloud-bench-pgbouncer-1","NetIO":"1.25GB / 1.24GB","PIDs":"1"}
{"BlockIO":"83.4MB / 1.53GB","CPUPerc":"56.47%","Container":"d440893966b4","ID":"d440893966b4","MemPerc":"2.02%","MemUsage":"152.6MiB / 7.38GiB","Name":"flash-cloud-bench-postgres-1","NetIO":"409MB / 869MB","PIDs":"18"}
{"BlockIO":"98.2MB / 48.1MB","CPUPerc":"1.69%","Container":"562ac1217807","ID":"562ac1217807","MemPerc":"13.12%","MemUsage":"991.3MiB / 7.38GiB","Name":"flash-cloud-bench-kafka-1","NetIO":"21.2MB / 17.7MB","PIDs":"101"}
{"BlockIO":"71.5MB / 2.43MB","CPUPerc":"0.04%","Container":"bc21247794d5","ID":"bc21247794d5","MemPerc":"1.26%","MemUsage":"95.31MiB / 7.38GiB","Name":"flash-cloud-bench-prometheus-1","NetIO":"9.31MB / 1.28MB","PIDs":"10"}
2026-09-08T10:54:15Z
{"BlockIO":"18.7MB / 76.5MB","CPUPerc":"70.13%","Container":"5440352fa90e","ID":"5440352fa90e","MemPerc":"1.34%","MemUsage":"101.6MiB / 7.38GiB","Name":"flash-cloud-bench-api-1","NetIO":"2.75GB / 1.89GB","PIDs":"15"}
{"BlockIO":"41.2MB / 633MB","CPUPerc":"18.67%","Container":"0c0c4eec6cd3","ID":"0c0c4eec6cd3","MemPerc":"0.85%","MemUsage":"64.36MiB / 7.38GiB","Name":"flash-cloud-bench-redis-1","NetIO":"2.75GB / 2.65GB","PIDs":"6"}
{"BlockIO":"0B / 0B","CPUPerc":"4.81%","Container":"facf8315afea","ID":"facf8315afea","MemPerc":"0.47%","MemUsage":"35.84MiB / 7.38GiB","Name":"flash-cloud-bench-consumer-1","NetIO":"31.3MB / 46.6MB","PIDs":"7"}
{"BlockIO":"0B / 0B","CPUPerc":"3.61%","Container":"d790ff1ba173","ID":"d790ff1ba173","MemPerc":"0.47%","MemUsage":"35.86MiB / 7.38GiB","Name":"flash-cloud-bench-publisher-1","NetIO":"31.4MB / 44.7MB","PIDs":"7"}
{"BlockIO":"4.77MB / 0B","CPUPerc":"3.20%","Container":"e0a44f45bbd7","ID":"e0a44f45bbd7","MemPerc":"0.52%","MemUsage":"39.27MiB / 7.38GiB","Name":"flash-cloud-bench-simulator-1","NetIO":"42.6MB / 53.8MB","PIDs":"10"}
{"BlockIO":"7.95MB / 0B","CPUPerc":"19.79%","Container":"a66f27ba8092","ID":"a66f27ba8092","MemPerc":"0.54%","MemUsage":"40.71MiB / 7.38GiB","Name":"flash-cloud-bench-maintenance-1","NetIO":"786MB / 2.69GB","PIDs":"6"}
{"BlockIO":"1.41MB / 0B","CPUPerc":"8.04%","Container":"6fea00feedc4","ID":"6fea00feedc4","MemPerc":"0.04%","MemUsage":"2.883MiB / 7.38GiB","Name":"flash-cloud-bench-pgbouncer-1","NetIO":"1.26GB / 1.25GB","PIDs":"1"}
{"BlockIO":"83.4MB / 1.55GB","CPUPerc":"73.41%","Container":"d440893966b4","ID":"d440893966b4","MemPerc":"2.02%","MemUsage":"152.9MiB / 7.38GiB","Name":"flash-cloud-bench-postgres-1","NetIO":"413MB / 876MB","PIDs":"18"}
{"BlockIO":"98.2MB / 48.2MB","CPUPerc":"1.74%","Container":"562ac1217807","ID":"562ac1217807","MemPerc":"13.12%","MemUsage":"991.3MiB / 7.38GiB","Name":"flash-cloud-bench-kafka-1","NetIO":"21.5MB / 18MB","PIDs":"101"}
{"BlockIO":"71.5MB / 2.43MB","CPUPerc":"0.01%","Container":"bc21247794d5","ID":"bc21247794d5","MemPerc":"1.26%","MemUsage":"95.32MiB / 7.38GiB","Name":"flash-cloud-bench-prometheus-1","NetIO":"9.38MB / 1.29MB","PIDs":"10"}
2026-09-08T10:54:25Z
{"BlockIO":"18.7MB / 77.6MB","CPUPerc":"69.05%","Container":"5440352fa90e","ID":"5440352fa90e","MemPerc":"1.35%","MemUsage":"101.8MiB / 7.38GiB","Name":"flash-cloud-bench-api-1","NetIO":"2.8GB / 1.92GB","PIDs":"16"}
{"BlockIO":"41.2MB / 633MB","CPUPerc":"17.03%","Container":"0c0c4eec6cd3","ID":"0c0c4eec6cd3","MemPerc":"0.85%","MemUsage":"64.37MiB / 7.38GiB","Name":"flash-cloud-bench-redis-1","NetIO":"2.77GB / 2.69GB","PIDs":"6"}
{"BlockIO":"0B / 0B","CPUPerc":"5.21%","Container":"facf8315afea","ID":"facf8315afea","MemPerc":"0.47%","MemUsage":"35.85MiB / 7.38GiB","Name":"flash-cloud-bench-consumer-1","NetIO":"31.7MB / 47.2MB","PIDs":"7"}
{"BlockIO":"0B / 0B","CPUPerc":"4.32%","Container":"d790ff1ba173","ID":"d790ff1ba173","MemPerc":"0.47%","MemUsage":"35.86MiB / 7.38GiB","Name":"flash-cloud-bench-publisher-1","NetIO":"31.8MB / 45.2MB","PIDs":"7"}
{"BlockIO":"4.77MB / 0B","CPUPerc":"3.19%","Container":"e0a44f45bbd7","ID":"e0a44f45bbd7","MemPerc":"0.52%","MemUsage":"39.29MiB / 7.38GiB","Name":"flash-cloud-bench-simulator-1","NetIO":"43MB / 54.2MB","PIDs":"10"}
{"BlockIO":"7.95MB / 0B","CPUPerc":"22.04%","Container":"a66f27ba8092","ID":"a66f27ba8092","MemPerc":"0.54%","MemUsage":"40.71MiB / 7.38GiB","Name":"flash-cloud-bench-maintenance-1","NetIO":"792MB / 2.71GB","PIDs":"6"}
{"BlockIO":"1.41MB / 0B","CPUPerc":"8.89%","Container":"6fea00feedc4","ID":"6fea00feedc4","MemPerc":"0.04%","MemUsage":"2.891MiB / 7.38GiB","Name":"flash-cloud-bench-pgbouncer-1","NetIO":"1.27GB / 1.27GB","PIDs":"1"}
{"BlockIO":"83.4MB / 1.57GB","CPUPerc":"66.68%","Container":"d440893966b4","ID":"d440893966b4","MemPerc":"2.03%","MemUsage":"153.2MiB / 7.38GiB","Name":"flash-cloud-bench-postgres-1","NetIO":"417MB / 884MB","PIDs":"18"}
{"BlockIO":"98.2MB / 48.3MB","CPUPerc":"1.92%","Container":"562ac1217807","ID":"562ac1217807","MemPerc":"13.12%","MemUsage":"991.4MiB / 7.38GiB","Name":"flash-cloud-bench-kafka-1","NetIO":"21.8MB / 18.2MB","PIDs":"101"}
{"BlockIO":"71.5MB / 2.43MB","CPUPerc":"0.00%","Container":"bc21247794d5","ID":"bc21247794d5","MemPerc":"1.26%","MemUsage":"95.31MiB / 7.38GiB","Name":"flash-cloud-bench-prometheus-1","NetIO":"9.45MB / 1.3MB","PIDs":"10"}
2026-09-08T10:54:35Z
{"BlockIO":"18.7MB / 78.8MB","CPUPerc":"1.76%","Container":"5440352fa90e","ID":"5440352fa90e","MemPerc":"1.35%","MemUsage":"101.7MiB / 7.38GiB","Name":"flash-cloud-bench-api-1","NetIO":"2.83GB / 1.94GB","PIDs":"13"}
{"BlockIO":"41.2MB / 662MB","CPUPerc":"8.18%","Container":"0c0c4eec6cd3","ID":"0c0c4eec6cd3","MemPerc":"0.85%","MemUsage":"64.3MiB / 7.38GiB","Name":"flash-cloud-bench-redis-1","NetIO":"2.79GB / 2.73GB","PIDs":"6"}
{"BlockIO":"0B / 0B","CPUPerc":"6.44%","Container":"facf8315afea","ID":"facf8315afea","MemPerc":"0.47%","MemUsage":"35.84MiB / 7.38GiB","Name":"flash-cloud-bench-consumer-1","NetIO":"32.1MB / 47.8MB","PIDs":"7"}
{"BlockIO":"0B / 0B","CPUPerc":"2.81%","Container":"d790ff1ba173","ID":"d790ff1ba173","MemPerc":"0.47%","MemUsage":"35.86MiB / 7.38GiB","Name":"flash-cloud-bench-publisher-1","NetIO":"32.1MB / 45.6MB","PIDs":"7"}
{"BlockIO":"4.77MB / 0B","CPUPerc":"3.79%","Container":"e0a44f45bbd7","ID":"e0a44f45bbd7","MemPerc":"0.52%","MemUsage":"39.27MiB / 7.38GiB","Name":"flash-cloud-bench-simulator-1","NetIO":"43.3MB / 54.6MB","PIDs":"10"}
{"BlockIO":"7.95MB / 0B","CPUPerc":"18.16%","Container":"a66f27ba8092","ID":"a66f27ba8092","MemPerc":"0.54%","MemUsage":"40.71MiB / 7.38GiB","Name":"flash-cloud-bench-maintenance-1","NetIO":"798MB / 2.73GB","PIDs":"6"}
{"BlockIO":"1.41MB / 0B","CPUPerc":"6.72%","Container":"6fea00feedc4","ID":"6fea00feedc4","MemPerc":"0.04%","MemUsage":"2.883MiB / 7.38GiB","Name":"flash-cloud-bench-pgbouncer-1","NetIO":"1.28GB / 1.28GB","PIDs":"1"}
{"BlockIO":"83.4MB / 1.58GB","CPUPerc":"69.50%","Container":"d440893966b4","ID":"d440893966b4","MemPerc":"2.03%","MemUsage":"153.4MiB / 7.38GiB","Name":"flash-cloud-bench-postgres-1","NetIO":"421MB / 891MB","PIDs":"18"}
{"BlockIO":"98.2MB / 49.3MB","CPUPerc":"4.63%","Container":"562ac1217807","ID":"562ac1217807","MemPerc":"13.12%","MemUsage":"991.5MiB / 7.38GiB","Name":"flash-cloud-bench-kafka-1","NetIO":"22MB / 18.4MB","PIDs":"101"}
{"BlockIO":"71.5MB / 2.47MB","CPUPerc":"0.05%","Container":"bc21247794d5","ID":"bc21247794d5","MemPerc":"1.26%","MemUsage":"95.32MiB / 7.38GiB","Name":"flash-cloud-bench-prometheus-1","NetIO":"9.52MB / 1.31MB","PIDs":"10"}
2026-09-08T10:54:46Z
{"BlockIO":"18.7MB / 80MB","CPUPerc":"2.21%","Container":"5440352fa90e","ID":"5440352fa90e","MemPerc":"1.34%","MemUsage":"101.4MiB / 7.38GiB","Name":"flash-cloud-bench-api-1","NetIO":"2.83GB / 1.94GB","PIDs":"7"}
{"BlockIO":"41.2MB / 662MB","CPUPerc":"9.11%","Container":"0c0c4eec6cd3","ID":"0c0c4eec6cd3","MemPerc":"0.85%","MemUsage":"64.1MiB / 7.38GiB","Name":"flash-cloud-bench-redis-1","NetIO":"2.81GB / 2.73GB","PIDs":"6"}
{"BlockIO":"0B / 0B","CPUPerc":"3.52%","Container":"facf8315afea","ID":"facf8315afea","MemPerc":"0.47%","MemUsage":"35.85MiB / 7.38GiB","Name":"flash-cloud-bench-consumer-1","NetIO":"32.3MB / 48.1MB","PIDs":"7"}
{"BlockIO":"0B / 0B","CPUPerc":"2.94%","Container":"d790ff1ba173","ID":"d790ff1ba173","MemPerc":"0.47%","MemUsage":"35.86MiB / 7.38GiB","Name":"flash-cloud-bench-publisher-1","NetIO":"32.3MB / 46MB","PIDs":"7"}
{"BlockIO":"4.77MB / 0B","CPUPerc":"2.90%","Container":"e0a44f45bbd7","ID":"e0a44f45bbd7","MemPerc":"0.52%","MemUsage":"39.27MiB / 7.38GiB","Name":"flash-cloud-bench-simulator-1","NetIO":"43.6MB / 55MB","PIDs":"10"}
{"BlockIO":"7.95MB / 0B","CPUPerc":"16.81%","Container":"a66f27ba8092","ID":"a66f27ba8092","MemPerc":"0.54%","MemUsage":"40.71MiB / 7.38GiB","Name":"flash-cloud-bench-maintenance-1","NetIO":"805MB / 2.75GB","PIDs":"6"}
{"BlockIO":"1.41MB / 0B","CPUPerc":"5.81%","Container":"6fea00feedc4","ID":"6fea00feedc4","MemPerc":"0.04%","MemUsage":"2.875MiB / 7.38GiB","Name":"flash-cloud-bench-pgbouncer-1","NetIO":"1.29GB / 1.29GB","PIDs":"1"}
{"BlockIO":"83.4MB / 1.6GB","CPUPerc":"123.63%","Container":"d440893966b4","ID":"d440893966b4","MemPerc":"2.03%","MemUsage":"153.5MiB / 7.38GiB","Name":"flash-cloud-bench-postgres-1","NetIO":"424MB / 898MB","PIDs":"18"}
{"BlockIO":"98.2MB / 49.9MB","CPUPerc":"48.85%","Container":"562ac1217807","ID":"562ac1217807","MemPerc":"13.12%","MemUsage":"991.5MiB / 7.38GiB","Name":"flash-cloud-bench-kafka-1","NetIO":"22.2MB / 18.5MB","PIDs":"101"}
{"BlockIO":"71.5MB / 2.47MB","CPUPerc":"0.03%","Container":"bc21247794d5","ID":"bc21247794d5","MemPerc":"1.26%","MemUsage":"95.32MiB / 7.38GiB","Name":"flash-cloud-bench-prometheus-1","NetIO":"9.59MB / 1.32MB","PIDs":"10"}
2026-09-08T10:54:56Z
{"BlockIO":"18.7MB / 81.2MB","CPUPerc":"2.21%","Container":"5440352fa90e","ID":"5440352fa90e","MemPerc":"1.34%","MemUsage":"101.5MiB / 7.38GiB","Name":"flash-cloud-bench-api-1","NetIO":"2.83GB / 1.94GB","PIDs":"7"}
{"BlockIO":"41.2MB / 662MB","CPUPerc":"3.45%","Container":"0c0c4eec6cd3","ID":"0c0c4eec6cd3","MemPerc":"0.85%","MemUsage":"63.99MiB / 7.38GiB","Name":"flash-cloud-bench-redis-1","NetIO":"2.83GB / 2.73GB","PIDs":"6"}
{"BlockIO":"0B / 0B","CPUPerc":"3.69%","Container":"facf8315afea","ID":"facf8315afea","MemPerc":"0.47%","MemUsage":"35.85MiB / 7.38GiB","Name":"flash-cloud-bench-consumer-1","NetIO":"32.5MB / 48.4MB","PIDs":"7"}
{"BlockIO":"0B / 0B","CPUPerc":"2.92%","Container":"d790ff1ba173","ID":"d790ff1ba173","MemPerc":"0.47%","MemUsage":"35.86MiB / 7.38GiB","Name":"flash-cloud-bench-publisher-1","NetIO":"32.5MB / 46.3MB","PIDs":"7"}
{"BlockIO":"4.77MB / 0B","CPUPerc":"3.35%","Container":"e0a44f45bbd7","ID":"e0a44f45bbd7","MemPerc":"0.52%","MemUsage":"39.27MiB / 7.38GiB","Name":"flash-cloud-bench-simulator-1","NetIO":"43.9MB / 55.4MB","PIDs":"10"}
{"BlockIO":"7.95MB / 0B","CPUPerc":"11.72%","Container":"a66f27ba8092","ID":"a66f27ba8092","MemPerc":"0.54%","MemUsage":"40.71MiB / 7.38GiB","Name":"flash-cloud-bench-maintenance-1","NetIO":"811MB / 2.77GB","PIDs":"6"}
{"BlockIO":"1.41MB / 0B","CPUPerc":"5.68%","Container":"6fea00feedc4","ID":"6fea00feedc4","MemPerc":"0.04%","MemUsage":"2.883MiB / 7.38GiB","Name":"flash-cloud-bench-pgbouncer-1","NetIO":"1.3GB / 1.3GB","PIDs":"1"}
{"BlockIO":"83.4MB / 1.61GB","CPUPerc":"86.08%","Container":"d440893966b4","ID":"d440893966b4","MemPerc":"2.04%","MemUsage":"153.9MiB / 7.38GiB","Name":"flash-cloud-bench-postgres-1","NetIO":"427MB / 905MB","PIDs":"18"}
{"BlockIO":"98.2MB / 50.2MB","CPUPerc":"74.01%","Container":"562ac1217807","ID":"562ac1217807","MemPerc":"13.66%","MemUsage":"1.008GiB / 7.38GiB","Name":"flash-cloud-bench-kafka-1","NetIO":"22.3MB / 18.7MB","PIDs":"121"}
{"BlockIO":"71.5MB / 2.47MB","CPUPerc":"0.03%","Container":"bc21247794d5","ID":"bc21247794d5","MemPerc":"1.26%","MemUsage":"95.32MiB / 7.38GiB","Name":"flash-cloud-bench-prometheus-1","NetIO":"9.66MB / 1.33MB","PIDs":"10"}
2026-09-08T10:55:06Z
{"BlockIO":"18.7MB / 82.4MB","CPUPerc":"2.23%","Container":"5440352fa90e","ID":"5440352fa90e","MemPerc":"1.34%","MemUsage":"101.5MiB / 7.38GiB","Name":"flash-cloud-bench-api-1","NetIO":"2.83GB / 1.94GB","PIDs":"7"}
{"BlockIO":"41.2MB / 662MB","CPUPerc":"11.29%","Container":"0c0c4eec6cd3","ID":"0c0c4eec6cd3","MemPerc":"0.85%","MemUsage":"64.07MiB / 7.38GiB","Name":"flash-cloud-bench-redis-1","NetIO":"2.85GB / 2.73GB","PIDs":"6"}
{"BlockIO":"0B / 0B","CPUPerc":"4.50%","Container":"facf8315afea","ID":"facf8315afea","MemPerc":"0.47%","MemUsage":"35.85MiB / 7.38GiB","Name":"flash-cloud-bench-consumer-1","NetIO":"32.7MB / 48.8MB","PIDs":"7"}
{"BlockIO":"0B / 0B","CPUPerc":"2.20%","Container":"d790ff1ba173","ID":"d790ff1ba173","MemPerc":"0.47%","MemUsage":"35.86MiB / 7.38GiB","Name":"flash-cloud-bench-publisher-1","NetIO":"32.8MB / 46.7MB","PIDs":"7"}
{"BlockIO":"4.77MB / 0B","CPUPerc":"3.82%","Container":"e0a44f45bbd7","ID":"e0a44f45bbd7","MemPerc":"0.52%","MemUsage":"39.27MiB / 7.38GiB","Name":"flash-cloud-bench-simulator-1","NetIO":"44.2MB / 55.8MB","PIDs":"10"}
{"BlockIO":"7.95MB / 0B","CPUPerc":"17.69%","Container":"a66f27ba8092","ID":"a66f27ba8092","MemPerc":"0.54%","MemUsage":"40.71MiB / 7.38GiB","Name":"flash-cloud-bench-maintenance-1","NetIO":"817MB / 2.79GB","PIDs":"6"}
{"BlockIO":"1.41MB / 0B","CPUPerc":"6.17%","Container":"6fea00feedc4","ID":"6fea00feedc4","MemPerc":"0.04%","MemUsage":"2.867MiB / 7.38GiB","Name":"flash-cloud-bench-pgbouncer-1","NetIO":"1.31GB / 1.3GB","PIDs":"1"}
{"BlockIO":"83.4MB / 1.62GB","CPUPerc":"68.17%","Container":"d440893966b4","ID":"d440893966b4","MemPerc":"2.03%","MemUsage":"153.7MiB / 7.38GiB","Name":"flash-cloud-bench-postgres-1","NetIO":"430MB / 911MB","PIDs":"18"}
{"BlockIO":"98.2MB / 50.6MB","CPUPerc":"1.12%","Container":"562ac1217807","ID":"562ac1217807","MemPerc":"13.12%","MemUsage":"991.6MiB / 7.38GiB","Name":"flash-cloud-bench-kafka-1","NetIO":"22.5MB / 18.8MB","PIDs":"101"}
{"BlockIO":"71.5MB / 2.47MB","CPUPerc":"0.22%","Container":"bc21247794d5","ID":"bc21247794d5","MemPerc":"1.26%","MemUsage":"95.32MiB / 7.38GiB","Name":"flash-cloud-bench-prometheus-1","NetIO":"9.75MB / 1.34MB","PIDs":"10"}
2026-09-08T10:55:16Z
{"BlockIO":"18.7MB / 83.6MB","CPUPerc":"2.25%","Container":"5440352fa90e","ID":"5440352fa90e","MemPerc":"1.34%","MemUsage":"101.5MiB / 7.38GiB","Name":"flash-cloud-bench-api-1","NetIO":"2.83GB / 1.95GB","PIDs":"7"}
{"BlockIO":"41.2MB / 662MB","CPUPerc":"0.68%","Container":"0c0c4eec6cd3","ID":"0c0c4eec6cd3","MemPerc":"0.85%","MemUsage":"63.94MiB / 7.38GiB","Name":"flash-cloud-bench-redis-1","NetIO":"2.87GB / 2.73GB","PIDs":"6"}
{"BlockIO":"0B / 0B","CPUPerc":"3.90%","Container":"facf8315afea","ID":"facf8315afea","MemPerc":"0.47%","MemUsage":"35.85MiB / 7.38GiB","Name":"flash-cloud-bench-consumer-1","NetIO":"33MB / 49.1MB","PIDs":"7"}
{"BlockIO":"0B / 0B","CPUPerc":"3.28%","Container":"d790ff1ba173","ID":"d790ff1ba173","MemPerc":"0.47%","MemUsage":"35.86MiB / 7.38GiB","Name":"flash-cloud-bench-publisher-1","NetIO":"33MB / 47MB","PIDs":"7"}
{"BlockIO":"4.77MB / 0B","CPUPerc":"3.74%","Container":"e0a44f45bbd7","ID":"e0a44f45bbd7","MemPerc":"0.52%","MemUsage":"39.27MiB / 7.38GiB","Name":"flash-cloud-bench-simulator-1","NetIO":"44.5MB / 56.2MB","PIDs":"10"}
{"BlockIO":"7.95MB / 0B","CPUPerc":"6.73%","Container":"a66f27ba8092","ID":"a66f27ba8092","MemPerc":"0.54%","MemUsage":"40.71MiB / 7.38GiB","Name":"flash-cloud-bench-maintenance-1","NetIO":"823MB / 2.81GB","PIDs":"6"}
{"BlockIO":"1.41MB / 0B","CPUPerc":"4.53%","Container":"6fea00feedc4","ID":"6fea00feedc4","MemPerc":"0.04%","MemUsage":"2.883MiB / 7.38GiB","Name":"flash-cloud-bench-pgbouncer-1","NetIO":"1.32GB / 1.31GB","PIDs":"1"}
{"BlockIO":"83.4MB / 1.64GB","CPUPerc":"83.36%","Container":"d440893966b4","ID":"d440893966b4","MemPerc":"2.04%","MemUsage":"154MiB / 7.38GiB","Name":"flash-cloud-bench-postgres-1","NetIO":"434MB / 918MB","PIDs":"18"}
{"BlockIO":"98.2MB / 51MB","CPUPerc":"1.51%","Container":"562ac1217807","ID":"562ac1217807","MemPerc":"13.12%","MemUsage":"991.6MiB / 7.38GiB","Name":"flash-cloud-bench-kafka-1","NetIO":"22.6MB / 18.9MB","PIDs":"101"}
{"BlockIO":"71.5MB / 2.51MB","CPUPerc":"0.84%","Container":"bc21247794d5","ID":"bc21247794d5","MemPerc":"1.26%","MemUsage":"95.41MiB / 7.38GiB","Name":"flash-cloud-bench-prometheus-1","NetIO":"9.8MB / 1.35MB","PIDs":"10"}
2026-09-08T10:55:26Z
{"BlockIO":"18.7MB / 84.8MB","CPUPerc":"2.20%","Container":"5440352fa90e","ID":"5440352fa90e","MemPerc":"1.34%","MemUsage":"101.5MiB / 7.38GiB","Name":"flash-cloud-bench-api-1","NetIO":"2.83GB / 1.95GB","PIDs":"7"}
{"BlockIO":"41.2MB / 662MB","CPUPerc":"4.86%","Container":"0c0c4eec6cd3","ID":"0c0c4eec6cd3","MemPerc":"0.85%","MemUsage":"63.92MiB / 7.38GiB","Name":"flash-cloud-bench-redis-1","NetIO":"2.89GB / 2.73GB","PIDs":"6"}
{"BlockIO":"0B / 0B","CPUPerc":"3.23%","Container":"facf8315afea","ID":"facf8315afea","MemPerc":"0.47%","MemUsage":"35.85MiB / 7.38GiB","Name":"flash-cloud-bench-consumer-1","NetIO":"33.2MB / 49.5MB","PIDs":"7"}
{"BlockIO":"0B / 0B","CPUPerc":"3.06%","Container":"d790ff1ba173","ID":"d790ff1ba173","MemPerc":"0.47%","MemUsage":"35.86MiB / 7.38GiB","Name":"flash-cloud-bench-publisher-1","NetIO":"33.3MB / 47.4MB","PIDs":"7"}
{"BlockIO":"4.77MB / 0B","CPUPerc":"3.58%","Container":"e0a44f45bbd7","ID":"e0a44f45bbd7","MemPerc":"0.52%","MemUsage":"39.27MiB / 7.38GiB","Name":"flash-cloud-bench-simulator-1","NetIO":"44.8MB / 56.6MB","PIDs":"10"}
{"BlockIO":"7.95MB / 0B","CPUPerc":"12.66%","Container":"a66f27ba8092","ID":"a66f27ba8092","MemPerc":"0.54%","MemUsage":"40.71MiB / 7.38GiB","Name":"flash-cloud-bench-maintenance-1","NetIO":"830MB / 2.83GB","PIDs":"6"}
{"BlockIO":"1.41MB / 0B","CPUPerc":"5.47%","Container":"6fea00feedc4","ID":"6fea00feedc4","MemPerc":"0.04%","MemUsage":"2.875MiB / 7.38GiB","Name":"flash-cloud-bench-pgbouncer-1","NetIO":"1.33GB / 1.32GB","PIDs":"1"}
{"BlockIO":"83.4MB / 1.65GB","CPUPerc":"74.85%","Container":"d440893966b4","ID":"d440893966b4","MemPerc":"2.04%","MemUsage":"154MiB / 7.38GiB","Name":"flash-cloud-bench-postgres-1","NetIO":"437MB / 924MB","PIDs":"18"}
{"BlockIO":"98.2MB / 51.5MB","CPUPerc":"1.45%","Container":"562ac1217807","ID":"562ac1217807","MemPerc":"13.12%","MemUsage":"991.7MiB / 7.38GiB","Name":"flash-cloud-bench-kafka-1","NetIO":"22.8MB / 19.1MB","PIDs":"101"}
{"BlockIO":"71.5MB / 2.51MB","CPUPerc":"0.02%","Container":"bc21247794d5","ID":"bc21247794d5","MemPerc":"1.26%","MemUsage":"95.51MiB / 7.38GiB","Name":"flash-cloud-bench-prometheus-1","NetIO":"9.87MB / 1.36MB","PIDs":"10"}
2026-09-08T10:55:36Z
{"BlockIO":"18.7MB / 86MB","CPUPerc":"31.61%","Container":"5440352fa90e","ID":"5440352fa90e","MemPerc":"1.34%","MemUsage":"101.2MiB / 7.38GiB","Name":"flash-cloud-bench-api-1","NetIO":"2.83GB / 1.95GB","PIDs":"7"}
{"BlockIO":"41.2MB / 691MB","CPUPerc":"2.94%","Container":"0c0c4eec6cd3","ID":"0c0c4eec6cd3","MemPerc":"0.85%","MemUsage":"63.97MiB / 7.38GiB","Name":"flash-cloud-bench-redis-1","NetIO":"2.91GB / 2.73GB","PIDs":"6"}
{"BlockIO":"0B / 0B","CPUPerc":"4.01%","Container":"facf8315afea","ID":"facf8315afea","MemPerc":"0.47%","MemUsage":"35.85MiB / 7.38GiB","Name":"flash-cloud-bench-consumer-1","NetIO":"33.4MB / 49.8MB","PIDs":"7"}
{"BlockIO":"0B / 0B","CPUPerc":"3.08%","Container":"d790ff1ba173","ID":"d790ff1ba173","MemPerc":"0.47%","MemUsage":"35.86MiB / 7.38GiB","Name":"flash-cloud-bench-publisher-1","NetIO":"33.5MB / 47.7MB","PIDs":"7"}
{"BlockIO":"4.77MB / 0B","CPUPerc":"3.59%","Container":"e0a44f45bbd7","ID":"e0a44f45bbd7","MemPerc":"0.52%","MemUsage":"39.27MiB / 7.38GiB","Name":"flash-cloud-bench-simulator-1","NetIO":"45.2MB / 57MB","PIDs":"10"}
{"BlockIO":"7.95MB / 0B","CPUPerc":"7.28%","Container":"a66f27ba8092","ID":"a66f27ba8092","MemPerc":"0.54%","MemUsage":"40.71MiB / 7.38GiB","Name":"flash-cloud-bench-maintenance-1","NetIO":"836MB / 2.85GB","PIDs":"6"}
{"BlockIO":"1.41MB / 0B","CPUPerc":"4.53%","Container":"6fea00feedc4","ID":"6fea00feedc4","MemPerc":"0.04%","MemUsage":"2.883MiB / 7.38GiB","Name":"flash-cloud-bench-pgbouncer-1","NetIO":"1.34GB / 1.33GB","PIDs":"1"}
{"BlockIO":"83.4MB / 1.66GB","CPUPerc":"81.63%","Container":"d440893966b4","ID":"d440893966b4","MemPerc":"2.04%","MemUsage":"154.1MiB / 7.38GiB","Name":"flash-cloud-bench-postgres-1","NetIO":"440MB / 931MB","PIDs":"18"}
{"BlockIO":"98.2MB / 51.8MB","CPUPerc":"1.61%","Container":"562ac1217807","ID":"562ac1217807","MemPerc":"13.12%","MemUsage":"991.8MiB / 7.38GiB","Name":"flash-cloud-bench-kafka-1","NetIO":"22.9MB / 19.2MB","PIDs":"101"}
{"BlockIO":"71.5MB / 2.51MB","CPUPerc":"0.03%","Container":"bc21247794d5","ID":"bc21247794d5","MemPerc":"1.26%","MemUsage":"95.53MiB / 7.38GiB","Name":"flash-cloud-bench-prometheus-1","NetIO":"9.94MB / 1.37MB","PIDs":"10"}
2026-09-08T10:55:46Z
{"BlockIO":"18.7MB / 87.3MB","CPUPerc":"65.26%","Container":"5440352fa90e","ID":"5440352fa90e","MemPerc":"1.34%","MemUsage":"101.3MiB / 7.38GiB","Name":"flash-cloud-bench-api-1","NetIO":"2.84GB / 1.95GB","PIDs":"10"}
{"BlockIO":"41.2MB / 691MB","CPUPerc":"7.46%","Container":"0c0c4eec6cd3","ID":"0c0c4eec6cd3","MemPerc":"0.86%","MemUsage":"64.62MiB / 7.38GiB","Name":"flash-cloud-bench-redis-1","NetIO":"2.93GB / 2.73GB","PIDs":"6"}
{"BlockIO":"0B / 0B","CPUPerc":"3.39%","Container":"facf8315afea","ID":"facf8315afea","MemPerc":"0.47%","MemUsage":"35.85MiB / 7.38GiB","Name":"flash-cloud-bench-consumer-1","NetIO":"33.6MB / 50.1MB","PIDs":"7"}
{"BlockIO":"0B / 0B","CPUPerc":"3.12%","Container":"d790ff1ba173","ID":"d790ff1ba173","MemPerc":"0.47%","MemUsage":"35.86MiB / 7.38GiB","Name":"flash-cloud-bench-publisher-1","NetIO":"33.8MB / 48.1MB","PIDs":"7"}
{"BlockIO":"4.77MB / 0B","CPUPerc":"3.25%","Container":"e0a44f45bbd7","ID":"e0a44f45bbd7","MemPerc":"0.52%","MemUsage":"39.27MiB / 7.38GiB","Name":"flash-cloud-bench-simulator-1","NetIO":"45.5MB / 57.4MB","PIDs":"10"}
{"BlockIO":"7.95MB / 0B","CPUPerc":"9.00%","Container":"a66f27ba8092","ID":"a66f27ba8092","MemPerc":"0.54%","MemUsage":"40.71MiB / 7.38GiB","Name":"flash-cloud-bench-maintenance-1","NetIO":"842MB / 2.87GB","PIDs":"6"}
{"BlockIO":"1.41MB / 0B","CPUPerc":"4.89%","Container":"6fea00feedc4","ID":"6fea00feedc4","MemPerc":"0.04%","MemUsage":"2.883MiB / 7.38GiB","Name":"flash-cloud-bench-pgbouncer-1","NetIO":"1.35GB / 1.34GB","PIDs":"1"}
{"BlockIO":"83.4MB / 1.67GB","CPUPerc":"77.22%","Container":"d440893966b4","ID":"d440893966b4","MemPerc":"2.04%","MemUsage":"154MiB / 7.38GiB","Name":"flash-cloud-bench-postgres-1","NetIO":"443MB / 938MB","PIDs":"18"}
{"BlockIO":"98.2MB / 52.1MB","CPUPerc":"1.40%","Container":"562ac1217807","ID":"562ac1217807","MemPerc":"13.13%","MemUsage":"991.8MiB / 7.38GiB","Name":"flash-cloud-bench-kafka-1","NetIO":"23.1MB / 19.3MB","PIDs":"101"}
{"BlockIO":"71.5MB / 2.55MB","CPUPerc":"0.02%","Container":"bc21247794d5","ID":"bc21247794d5","MemPerc":"1.27%","MemUsage":"95.64MiB / 7.38GiB","Name":"flash-cloud-bench-prometheus-1","NetIO":"10MB / 1.38MB","PIDs":"10"}
2026-09-08T10:55:56Z
{"BlockIO":"18.7MB / 88.5MB","CPUPerc":"2.25%","Container":"5440352fa90e","ID":"5440352fa90e","MemPerc":"1.34%","MemUsage":"101.3MiB / 7.38GiB","Name":"flash-cloud-bench-api-1","NetIO":"2.86GB / 1.96GB","PIDs":"10"}
{"BlockIO":"41.2MB / 691MB","CPUPerc":"1.22%","Container":"0c0c4eec6cd3","ID":"0c0c4eec6cd3","MemPerc":"0.85%","MemUsage":"64.19MiB / 7.38GiB","Name":"flash-cloud-bench-redis-1","NetIO":"2.95GB / 2.75GB","PIDs":"6"}
{"BlockIO":"0B / 0B","CPUPerc":"3.54%","Container":"facf8315afea","ID":"facf8315afea","MemPerc":"0.47%","MemUsage":"35.86MiB / 7.38GiB","Name":"flash-cloud-bench-consumer-1","NetIO":"33.9MB / 50.5MB","PIDs":"7"}
{"BlockIO":"0B / 0B","CPUPerc":"3.33%","Container":"d790ff1ba173","ID":"d790ff1ba173","MemPerc":"0.47%","MemUsage":"35.86MiB / 7.38GiB","Name":"flash-cloud-bench-publisher-1","NetIO":"34MB / 48.4MB","PIDs":"7"}
{"BlockIO":"4.77MB / 0B","CPUPerc":"3.94%","Container":"e0a44f45bbd7","ID":"e0a44f45bbd7","MemPerc":"0.52%","MemUsage":"39.27MiB / 7.38GiB","Name":"flash-cloud-bench-simulator-1","NetIO":"45.8MB / 57.8MB","PIDs":"10"}
{"BlockIO":"7.95MB / 0B","CPUPerc":"7.22%","Container":"a66f27ba8092","ID":"a66f27ba8092","MemPerc":"0.54%","MemUsage":"40.71MiB / 7.38GiB","Name":"flash-cloud-bench-maintenance-1","NetIO":"848MB / 2.89GB","PIDs":"6"}
{"BlockIO":"1.41MB / 0B","CPUPerc":"4.64%","Container":"6fea00feedc4","ID":"6fea00feedc4","MemPerc":"0.04%","MemUsage":"2.875MiB / 7.38GiB","Name":"flash-cloud-bench-pgbouncer-1","NetIO":"1.35GB / 1.35GB","PIDs":"1"}
{"BlockIO":"83.4MB / 1.68GB","CPUPerc":"71.62%","Container":"d440893966b4","ID":"d440893966b4","MemPerc":"2.04%","MemUsage":"154MiB / 7.38GiB","Name":"flash-cloud-bench-postgres-1","NetIO":"446MB / 944MB","PIDs":"18"}
{"BlockIO":"98.2MB / 52.5MB","CPUPerc":"1.46%","Container":"562ac1217807","ID":"562ac1217807","MemPerc":"13.13%","MemUsage":"991.9MiB / 7.38GiB","Name":"flash-cloud-bench-kafka-1","NetIO":"23.3MB / 19.5MB","PIDs":"101"}
{"BlockIO":"71.5MB / 2.55MB","CPUPerc":"0.01%","Container":"bc21247794d5","ID":"bc21247794d5","MemPerc":"1.27%","MemUsage":"95.7MiB / 7.38GiB","Name":"flash-cloud-bench-prometheus-1","NetIO":"10.1MB / 1.39MB","PIDs":"10"}
2026-09-08T10:56:06Z
{"BlockIO":"18.7MB / 89.7MB","CPUPerc":"2.28%","Container":"5440352fa90e","ID":"5440352fa90e","MemPerc":"1.34%","MemUsage":"101.2MiB / 7.38GiB","Name":"flash-cloud-bench-api-1","NetIO":"2.86GB / 1.96GB","PIDs":"7"}
{"BlockIO":"41.2MB / 691MB","CPUPerc":"8.09%","Container":"0c0c4eec6cd3","ID":"0c0c4eec6cd3","MemPerc":"0.85%","MemUsage":"63.95MiB / 7.38GiB","Name":"flash-cloud-bench-redis-1","NetIO":"2.97GB / 2.75GB","PIDs":"6"}
{"BlockIO":"0B / 0B","CPUPerc":"4.79%","Container":"facf8315afea","ID":"facf8315afea","MemPerc":"0.47%","MemUsage":"35.86MiB / 7.38GiB","Name":"flash-cloud-bench-consumer-1","NetIO":"34.1MB / 50.8MB","PIDs":"7"}
{"BlockIO":"0B / 0B","CPUPerc":"2.69%","Container":"d790ff1ba173","ID":"d790ff1ba173","MemPerc":"0.47%","MemUsage":"35.86MiB / 7.38GiB","Name":"flash-cloud-bench-publisher-1","NetIO":"34.2MB / 48.7MB","PIDs":"7"}
{"BlockIO":"4.77MB / 0B","CPUPerc":"3.78%","Container":"e0a44f45bbd7","ID":"e0a44f45bbd7","MemPerc":"0.52%","MemUsage":"39.27MiB / 7.38GiB","Name":"flash-cloud-bench-simulator-1","NetIO":"46.1MB / 58.2MB","PIDs":"10"}
{"BlockIO":"7.95MB / 0B","CPUPerc":"15.27%","Container":"a66f27ba8092","ID":"a66f27ba8092","MemPerc":"0.54%","MemUsage":"40.71MiB / 7.38GiB","Name":"flash-cloud-bench-maintenance-1","NetIO":"854MB / 2.92GB","PIDs":"6"}
{"BlockIO":"1.41MB / 0B","CPUPerc":"6.35%","Container":"6fea00feedc4","ID":"6fea00feedc4","MemPerc":"0.04%","MemUsage":"2.883MiB / 7.38GiB","Name":"flash-cloud-bench-pgbouncer-1","NetIO":"1.36GB / 1.36GB","PIDs":"1"}
{"BlockIO":"83.4MB / 1.69GB","CPUPerc":"81.39%","Container":"d440893966b4","ID":"d440893966b4","MemPerc":"2.04%","MemUsage":"154.1MiB / 7.38GiB","Name":"flash-cloud-bench-postgres-1","NetIO":"449MB / 951MB","PIDs":"18"}
{"BlockIO":"98.2MB / 52.9MB","CPUPerc":"2.08%","Container":"562ac1217807","ID":"562ac1217807","MemPerc":"13.13%","MemUsage":"991.9MiB / 7.38GiB","Name":"flash-cloud-bench-kafka-1","NetIO":"23.4MB / 19.6MB","PIDs":"101"}
{"BlockIO":"71.5MB / 2.55MB","CPUPerc":"0.17%","Container":"bc21247794d5","ID":"bc21247794d5","MemPerc":"1.27%","MemUsage":"95.74MiB / 7.38GiB","Name":"flash-cloud-bench-prometheus-1","NetIO":"10.2MB / 1.4MB","PIDs":"10"}
2026-09-08T10:56:16Z
{"BlockIO":"18.7MB / 91MB","CPUPerc":"63.75%","Container":"5440352fa90e","ID":"5440352fa90e","MemPerc":"1.34%","MemUsage":"101.4MiB / 7.38GiB","Name":"flash-cloud-bench-api-1","NetIO":"2.86GB / 1.97GB","PIDs":"12"}
{"BlockIO":"41.2MB / 691MB","CPUPerc":"12.86%","Container":"0c0c4eec6cd3","ID":"0c0c4eec6cd3","MemPerc":"0.85%","MemUsage":"64.01MiB / 7.38GiB","Name":"flash-cloud-bench-redis-1","NetIO":"2.99GB / 2.76GB","PIDs":"6"}
{"BlockIO":"0B / 0B","CPUPerc":"5.66%","Container":"facf8315afea","ID":"facf8315afea","MemPerc":"0.47%","MemUsage":"35.86MiB / 7.38GiB","Name":"flash-cloud-bench-consumer-1","NetIO":"34.3MB / 51.2MB","PIDs":"7"}
{"BlockIO":"0B / 0B","CPUPerc":"3.75%","Container":"d790ff1ba173","ID":"d790ff1ba173","MemPerc":"0.47%","MemUsage":"35.86MiB / 7.38GiB","Name":"flash-cloud-bench-publisher-1","NetIO":"34.5MB / 49.1MB","PIDs":"7"}
{"BlockIO":"4.77MB / 0B","CPUPerc":"3.09%","Container":"e0a44f45bbd7","ID":"e0a44f45bbd7","MemPerc":"0.52%","MemUsage":"39.27MiB / 7.38GiB","Name":"flash-cloud-bench-simulator-1","NetIO":"46.4MB / 58.6MB","PIDs":"10"}
{"BlockIO":"7.95MB / 0B","CPUPerc":"13.17%","Container":"a66f27ba8092","ID":"a66f27ba8092","MemPerc":"0.54%","MemUsage":"40.71MiB / 7.38GiB","Name":"flash-cloud-bench-maintenance-1","NetIO":"861MB / 2.94GB","PIDs":"6"}
{"BlockIO":"1.41MB / 0B","CPUPerc":"7.85%","Container":"6fea00feedc4","ID":"6fea00feedc4","MemPerc":"0.04%","MemUsage":"2.871MiB / 7.38GiB","Name":"flash-cloud-bench-pgbouncer-1","NetIO":"1.37GB / 1.37GB","PIDs":"1"}
{"BlockIO":"83.4MB / 1.71GB","CPUPerc":"64.52%","Container":"d440893966b4","ID":"d440893966b4","MemPerc":"2.04%","MemUsage":"154.1MiB / 7.38GiB","Name":"flash-cloud-bench-postgres-1","NetIO":"452MB / 958MB","PIDs":"18"}
{"BlockIO":"98.2MB / 53MB","CPUPerc":"154.15%","Container":"562ac1217807","ID":"562ac1217807","MemPerc":"13.84%","MemUsage":"1.022GiB / 7.38GiB","Name":"flash-cloud-bench-kafka-1","NetIO":"23.6MB / 19.7MB","PIDs":"125"}
{"BlockIO":"71.5MB / 2.58MB","CPUPerc":"0.07%","Container":"bc21247794d5","ID":"bc21247794d5","MemPerc":"1.27%","MemUsage":"95.79MiB / 7.38GiB","Name":"flash-cloud-bench-prometheus-1","NetIO":"10.2MB / 1.41MB","PIDs":"10"}
2026-09-08T10:56:27Z
{"BlockIO":"18.7MB / 92.3MB","CPUPerc":"77.85%","Container":"5440352fa90e","ID":"5440352fa90e","MemPerc":"1.35%","MemUsage":"101.7MiB / 7.38GiB","Name":"flash-cloud-bench-api-1","NetIO":"2.91GB / 2GB","PIDs":"17"}
{"BlockIO":"41.2MB / 691MB","CPUPerc":"15.20%","Container":"0c0c4eec6cd3","ID":"0c0c4eec6cd3","MemPerc":"0.85%","MemUsage":"64.24MiB / 7.38GiB","Name":"flash-cloud-bench-redis-1","NetIO":"3.01GB / 2.8GB","PIDs":"6"}
{"BlockIO":"0B / 0B","CPUPerc":"6.19%","Container":"facf8315afea","ID":"facf8315afea","MemPerc":"0.47%","MemUsage":"35.88MiB / 7.38GiB","Name":"flash-cloud-bench-consumer-1","NetIO":"34.8MB / 51.9MB","PIDs":"7"}
{"BlockIO":"0B / 0B","CPUPerc":"3.66%","Container":"d790ff1ba173","ID":"d790ff1ba173","MemPerc":"0.47%","MemUsage":"35.86MiB / 7.38GiB","Name":"flash-cloud-bench-publisher-1","NetIO":"34.8MB / 49.6MB","PIDs":"7"}
{"BlockIO":"4.77MB / 0B","CPUPerc":"3.15%","Container":"e0a44f45bbd7","ID":"e0a44f45bbd7","MemPerc":"0.52%","MemUsage":"39.27MiB / 7.38GiB","Name":"flash-cloud-bench-simulator-1","NetIO":"46.7MB / 59MB","PIDs":"10"}
{"BlockIO":"7.95MB / 0B","CPUPerc":"16.15%","Container":"a66f27ba8092","ID":"a66f27ba8092","MemPerc":"0.54%","MemUsage":"40.71MiB / 7.38GiB","Name":"flash-cloud-bench-maintenance-1","NetIO":"867MB / 2.96GB","PIDs":"6"}
{"BlockIO":"1.41MB / 0B","CPUPerc":"8.38%","Container":"6fea00feedc4","ID":"6fea00feedc4","MemPerc":"0.04%","MemUsage":"2.891MiB / 7.38GiB","Name":"flash-cloud-bench-pgbouncer-1","NetIO":"1.39GB / 1.38GB","PIDs":"1"}
{"BlockIO":"83.4MB / 1.73GB","CPUPerc":"77.35%","Container":"d440893966b4","ID":"d440893966b4","MemPerc":"2.05%","MemUsage":"154.5MiB / 7.38GiB","Name":"flash-cloud-bench-postgres-1","NetIO":"456MB / 965MB","PIDs":"18"}
{"BlockIO":"98.2MB / 53.1MB","CPUPerc":"2.16%","Container":"562ac1217807","ID":"562ac1217807","MemPerc":"13.13%","MemUsage":"992.1MiB / 7.38GiB","Name":"flash-cloud-bench-kafka-1","NetIO":"23.9MB / 20MB","PIDs":"101"}
{"BlockIO":"71.5MB / 2.58MB","CPUPerc":"0.00%","Container":"bc21247794d5","ID":"bc21247794d5","MemPerc":"1.27%","MemUsage":"95.8MiB / 7.38GiB","Name":"flash-cloud-bench-prometheus-1","NetIO":"10.3MB / 1.42MB","PIDs":"10"}
2026-09-08T10:56:37Z
{"BlockIO":"18.7MB / 93.6MB","CPUPerc":"72.69%","Container":"5440352fa90e","ID":"5440352fa90e","MemPerc":"1.35%","MemUsage":"101.7MiB / 7.38GiB","Name":"flash-cloud-bench-api-1","NetIO":"2.97GB / 2.03GB","PIDs":"15"}
{"BlockIO":"41.2MB / 720MB","CPUPerc":"15.98%","Container":"0c0c4eec6cd3","ID":"0c0c4eec6cd3","MemPerc":"0.85%","MemUsage":"64.06MiB / 7.38GiB","Name":"flash-cloud-bench-redis-1","NetIO":"3.03GB / 2.86GB","PIDs":"6"}
{"BlockIO":"0B / 0B","CPUPerc":"3.03%","Container":"facf8315afea","ID":"facf8315afea","MemPerc":"0.47%","MemUsage":"35.88MiB / 7.38GiB","Name":"flash-cloud-bench-consumer-1","NetIO":"35.2MB / 52.4MB","PIDs":"7"}
{"BlockIO":"0B / 0B","CPUPerc":"3.74%","Container":"d790ff1ba173","ID":"d790ff1ba173","MemPerc":"0.47%","MemUsage":"35.86MiB / 7.38GiB","Name":"flash-cloud-bench-publisher-1","NetIO":"35.1MB / 50MB","PIDs":"7"}
{"BlockIO":"4.77MB / 0B","CPUPerc":"3.15%","Container":"e0a44f45bbd7","ID":"e0a44f45bbd7","MemPerc":"0.52%","MemUsage":"39.27MiB / 7.38GiB","Name":"flash-cloud-bench-simulator-1","NetIO":"47MB / 59.4MB","PIDs":"10"}
{"BlockIO":"7.95MB / 0B","CPUPerc":"14.32%","Container":"a66f27ba8092","ID":"a66f27ba8092","MemPerc":"0.54%","MemUsage":"40.71MiB / 7.38GiB","Name":"flash-cloud-bench-maintenance-1","NetIO":"873MB / 2.98GB","PIDs":"6"}
{"BlockIO":"1.41MB / 0B","CPUPerc":"6.72%","Container":"6fea00feedc4","ID":"6fea00feedc4","MemPerc":"0.04%","MemUsage":"2.867MiB / 7.38GiB","Name":"flash-cloud-bench-pgbouncer-1","NetIO":"1.4GB / 1.39GB","PIDs":"1"}
{"BlockIO":"83.4MB / 1.75GB","CPUPerc":"22.19%","Container":"d440893966b4","ID":"d440893966b4","MemPerc":"2.05%","MemUsage":"154.9MiB / 7.38GiB","Name":"flash-cloud-bench-postgres-1","NetIO":"461MB / 973MB","PIDs":"18"}
{"BlockIO":"98.2MB / 54MB","CPUPerc":"1.15%","Container":"562ac1217807","ID":"562ac1217807","MemPerc":"13.13%","MemUsage":"992.2MiB / 7.38GiB","Name":"flash-cloud-bench-kafka-1","NetIO":"24.1MB / 20.2MB","PIDs":"101"}
{"BlockIO":"71.5MB / 2.58MB","CPUPerc":"0.00%","Container":"bc21247794d5","ID":"bc21247794d5","MemPerc":"1.27%","MemUsage":"95.8MiB / 7.38GiB","Name":"flash-cloud-bench-prometheus-1","NetIO":"10.4MB / 1.43MB","PIDs":"10"}
2026-09-08T10:56:47Z
{"BlockIO":"18.7MB / 94.8MB","CPUPerc":"68.85%","Container":"5440352fa90e","ID":"5440352fa90e","MemPerc":"1.35%","MemUsage":"101.7MiB / 7.38GiB","Name":"flash-cloud-bench-api-1","NetIO":"3.01GB / 2.07GB","PIDs":"15"}
{"BlockIO":"41.2MB / 720MB","CPUPerc":"13.01%","Container":"0c0c4eec6cd3","ID":"0c0c4eec6cd3","MemPerc":"0.85%","MemUsage":"64.16MiB / 7.38GiB","Name":"flash-cloud-bench-redis-1","NetIO":"3.05GB / 2.9GB","PIDs":"6"}
{"BlockIO":"0B / 0B","CPUPerc":"3.39%","Container":"facf8315afea","ID":"facf8315afea","MemPerc":"0.47%","MemUsage":"35.88MiB / 7.38GiB","Name":"flash-cloud-bench-consumer-1","NetIO":"35.4MB / 52.8MB","PIDs":"7"}
{"BlockIO":"0B / 0B","CPUPerc":"2.90%","Container":"d790ff1ba173","ID":"d790ff1ba173","MemPerc":"0.47%","MemUsage":"35.86MiB / 7.38GiB","Name":"flash-cloud-bench-publisher-1","NetIO":"35.4MB / 50.4MB","PIDs":"7"}
{"BlockIO":"4.77MB / 0B","CPUPerc":"3.76%","Container":"e0a44f45bbd7","ID":"e0a44f45bbd7","MemPerc":"0.52%","MemUsage":"39.27MiB / 7.38GiB","Name":"flash-cloud-bench-simulator-1","NetIO":"47.4MB / 59.8MB","PIDs":"10"}
{"BlockIO":"7.95MB / 0B","CPUPerc":"13.49%","Container":"a66f27ba8092","ID":"a66f27ba8092","MemPerc":"0.54%","MemUsage":"40.71MiB / 7.38GiB","Name":"flash-cloud-bench-maintenance-1","NetIO":"879MB / 3GB","PIDs":"6"}
{"BlockIO":"1.41MB / 0B","CPUPerc":"6.80%","Container":"6fea00feedc4","ID":"6fea00feedc4","MemPerc":"0.04%","MemUsage":"2.871MiB / 7.38GiB","Name":"flash-cloud-bench-pgbouncer-1","NetIO":"1.41GB / 1.4GB","PIDs":"1"}
{"BlockIO":"83.5MB / 1.76GB","CPUPerc":"16.37%","Container":"d440893966b4","ID":"d440893966b4","MemPerc":"2.06%","MemUsage":"155.4MiB / 7.38GiB","Name":"flash-cloud-bench-postgres-1","NetIO":"464MB / 980MB","PIDs":"18"}
{"BlockIO":"98.2MB / 54.2MB","CPUPerc":"1.40%","Container":"562ac1217807","ID":"562ac1217807","MemPerc":"13.13%","MemUsage":"992.3MiB / 7.38GiB","Name":"flash-cloud-bench-kafka-1","NetIO":"24.3MB / 20.4MB","PIDs":"101"}
{"BlockIO":"71.5MB / 2.62MB","CPUPerc":"0.19%","Container":"bc21247794d5","ID":"bc21247794d5","MemPerc":"1.27%","MemUsage":"95.8MiB / 7.38GiB","Name":"flash-cloud-bench-prometheus-1","NetIO":"10.5MB / 1.44MB","PIDs":"10"}
2026-09-08T10:56:57Z
{"BlockIO":"18.7MB / 96.1MB","CPUPerc":"70.00%","Container":"5440352fa90e","ID":"5440352fa90e","MemPerc":"1.35%","MemUsage":"102.1MiB / 7.38GiB","Name":"flash-cloud-bench-api-1","NetIO":"3.06GB / 2.1GB","PIDs":"18"}
{"BlockIO":"41.2MB / 720MB","CPUPerc":"13.12%","Container":"0c0c4eec6cd3","ID":"0c0c4eec6cd3","MemPerc":"0.85%","MemUsage":"64.18MiB / 7.38GiB","Name":"flash-cloud-bench-redis-1","NetIO":"3.08GB / 2.95GB","PIDs":"6"}
{"BlockIO":"0B / 0B","CPUPerc":"2.86%","Container":"facf8315afea","ID":"facf8315afea","MemPerc":"0.47%","MemUsage":"35.88MiB / 7.38GiB","Name":"flash-cloud-bench-consumer-1","NetIO":"35.7MB / 53.2MB","PIDs":"7"}
{"BlockIO":"0B / 0B","CPUPerc":"2.64%","Container":"d790ff1ba173","ID":"d790ff1ba173","MemPerc":"0.47%","MemUsage":"35.86MiB / 7.38GiB","Name":"flash-cloud-bench-publisher-1","NetIO":"35.7MB / 50.7MB","PIDs":"7"}
{"BlockIO":"4.77MB / 0B","CPUPerc":"3.45%","Container":"e0a44f45bbd7","ID":"e0a44f45bbd7","MemPerc":"0.52%","MemUsage":"39.27MiB / 7.38GiB","Name":"flash-cloud-bench-simulator-1","NetIO":"47.7MB / 60.2MB","PIDs":"10"}
{"BlockIO":"7.95MB / 0B","CPUPerc":"12.69%","Container":"a66f27ba8092","ID":"a66f27ba8092","MemPerc":"0.54%","MemUsage":"40.71MiB / 7.38GiB","Name":"flash-cloud-bench-maintenance-1","NetIO":"885MB / 3.02GB","PIDs":"6"}
{"BlockIO":"1.41MB / 0B","CPUPerc":"6.08%","Container":"6fea00feedc4","ID":"6fea00feedc4","MemPerc":"0.04%","MemUsage":"2.871MiB / 7.38GiB","Name":"flash-cloud-bench-pgbouncer-1","NetIO":"1.42GB / 1.41GB","PIDs":"1"}
{"BlockIO":"83.5MB / 1.78GB","CPUPerc":"14.79%","Container":"d440893966b4","ID":"d440893966b4","MemPerc":"2.06%","MemUsage":"155.6MiB / 7.38GiB","Name":"flash-cloud-bench-postgres-1","NetIO":"468MB / 987MB","PIDs":"18"}
{"BlockIO":"98.2MB / 54.9MB","CPUPerc":"1.23%","Container":"562ac1217807","ID":"562ac1217807","MemPerc":"13.13%","MemUsage":"992.3MiB / 7.38GiB","Name":"flash-cloud-bench-kafka-1","NetIO":"24.5MB / 20.5MB","PIDs":"101"}
{"BlockIO":"71.5MB / 2.62MB","CPUPerc":"0.22%","Container":"bc21247794d5","ID":"bc21247794d5","MemPerc":"1.27%","MemUsage":"95.8MiB / 7.38GiB","Name":"flash-cloud-bench-prometheus-1","NetIO":"10.5MB / 1.45MB","PIDs":"10"}
2026-09-08T10:57:07Z
{"BlockIO":"18.7MB / 97.4MB","CPUPerc":"75.51%","Container":"5440352fa90e","ID":"5440352fa90e","MemPerc":"1.35%","MemUsage":"102MiB / 7.38GiB","Name":"flash-cloud-bench-api-1","NetIO":"3.11GB / 2.13GB","PIDs":"19"}
{"BlockIO":"41.2MB / 720MB","CPUPerc":"16.96%","Container":"0c0c4eec6cd3","ID":"0c0c4eec6cd3","MemPerc":"0.85%","MemUsage":"64.25MiB / 7.38GiB","Name":"flash-cloud-bench-redis-1","NetIO":"3.1GB / 2.99GB","PIDs":"6"}
{"BlockIO":"0B / 0B","CPUPerc":"3.11%","Container":"facf8315afea","ID":"facf8315afea","MemPerc":"0.47%","MemUsage":"35.88MiB / 7.38GiB","Name":"flash-cloud-bench-consumer-1","NetIO":"36MB / 53.6MB","PIDs":"7"}
{"BlockIO":"0B / 0B","CPUPerc":"2.64%","Container":"d790ff1ba173","ID":"d790ff1ba173","MemPerc":"0.47%","MemUsage":"35.86MiB / 7.38GiB","Name":"flash-cloud-bench-publisher-1","NetIO":"35.9MB / 51.1MB","PIDs":"7"}
{"BlockIO":"4.77MB / 0B","CPUPerc":"3.35%","Container":"e0a44f45bbd7","ID":"e0a44f45bbd7","MemPerc":"0.52%","MemUsage":"39.27MiB / 7.38GiB","Name":"flash-cloud-bench-simulator-1","NetIO":"48MB / 60.6MB","PIDs":"10"}
{"BlockIO":"7.95MB / 0B","CPUPerc":"13.71%","Container":"a66f27ba8092","ID":"a66f27ba8092","MemPerc":"0.54%","MemUsage":"40.71MiB / 7.38GiB","Name":"flash-cloud-bench-maintenance-1","NetIO":"892MB / 3.04GB","PIDs":"6"}
{"BlockIO":"1.41MB / 0B","CPUPerc":"6.66%","Container":"6fea00feedc4","ID":"6fea00feedc4","MemPerc":"0.04%","MemUsage":"2.879MiB / 7.38GiB","Name":"flash-cloud-bench-pgbouncer-1","NetIO":"1.43GB / 1.43GB","PIDs":"1"}
{"BlockIO":"83.5MB / 1.79GB","CPUPerc":"21.67%","Container":"d440893966b4","ID":"d440893966b4","MemPerc":"2.06%","MemUsage":"155.9MiB / 7.38GiB","Name":"flash-cloud-bench-postgres-1","NetIO":"472MB / 994MB","PIDs":"18"}
{"BlockIO":"98.2MB / 55.3MB","CPUPerc":"1.28%","Container":"562ac1217807","ID":"562ac1217807","MemPerc":"13.13%","MemUsage":"992.4MiB / 7.38GiB","Name":"flash-cloud-bench-kafka-1","NetIO":"24.7MB / 20.7MB","PIDs":"101"}
{"BlockIO":"71.5MB / 2.62MB","CPUPerc":"0.20%","Container":"bc21247794d5","ID":"bc21247794d5","MemPerc":"1.27%","MemUsage":"95.8MiB / 7.38GiB","Name":"flash-cloud-bench-prometheus-1","NetIO":"10.6MB / 1.46MB","PIDs":"10"}
2026-09-08T10:57:17Z
{"BlockIO":"18.7MB / 98.8MB","CPUPerc":"100.95%","Container":"5440352fa90e","ID":"5440352fa90e","MemPerc":"1.35%","MemUsage":"102.2MiB / 7.38GiB","Name":"flash-cloud-bench-api-1","NetIO":"3.15GB / 2.16GB","PIDs":"15"}
{"BlockIO":"41.2MB / 720MB","CPUPerc":"12.91%","Container":"0c0c4eec6cd3","ID":"0c0c4eec6cd3","MemPerc":"0.85%","MemUsage":"64.26MiB / 7.38GiB","Name":"flash-cloud-bench-redis-1","NetIO":"3.12GB / 3.04GB","PIDs":"6"}
{"BlockIO":"0B / 0B","CPUPerc":"2.71%","Container":"facf8315afea","ID":"facf8315afea","MemPerc":"0.47%","MemUsage":"35.88MiB / 7.38GiB","Name":"flash-cloud-bench-consumer-1","NetIO":"36.2MB / 54MB","PIDs":"7"}
{"BlockIO":"0B / 0B","CPUPerc":"2.41%","Container":"d790ff1ba173","ID":"d790ff1ba173","MemPerc":"0.47%","MemUsage":"35.86MiB / 7.38GiB","Name":"flash-cloud-bench-publisher-1","NetIO":"36.2MB / 51.4MB","PIDs":"7"}
{"BlockIO":"4.77MB / 0B","CPUPerc":"3.91%","Container":"e0a44f45bbd7","ID":"e0a44f45bbd7","MemPerc":"0.52%","MemUsage":"39.27MiB / 7.38GiB","Name":"flash-cloud-bench-simulator-1","NetIO":"48.3MB / 61MB","PIDs":"10"}
{"BlockIO":"7.95MB / 0B","CPUPerc":"12.31%","Container":"a66f27ba8092","ID":"a66f27ba8092","MemPerc":"0.54%","MemUsage":"40.71MiB / 7.38GiB","Name":"flash-cloud-bench-maintenance-1","NetIO":"898MB / 3.06GB","PIDs":"6"}
{"BlockIO":"1.41MB / 0B","CPUPerc":"6.16%","Container":"6fea00feedc4","ID":"6fea00feedc4","MemPerc":"0.04%","MemUsage":"2.883MiB / 7.38GiB","Name":"flash-cloud-bench-pgbouncer-1","NetIO":"1.44GB / 1.44GB","PIDs":"1"}
{"BlockIO":"83.5MB / 1.8GB","CPUPerc":"17.99%","Container":"d440893966b4","ID":"d440893966b4","MemPerc":"2.07%","MemUsage":"156.2MiB / 7.38GiB","Name":"flash-cloud-bench-postgres-1","NetIO":"475MB / 1GB","PIDs":"18"}
{"BlockIO":"98.2MB / 55.7MB","CPUPerc":"19.08%","Container":"562ac1217807","ID":"562ac1217807","MemPerc":"13.13%","MemUsage":"992.4MiB / 7.38GiB","Name":"flash-cloud-bench-kafka-1","NetIO":"24.9MB / 20.8MB","PIDs":"101"}
{"BlockIO":"71.5MB / 2.66MB","CPUPerc":"0.27%","Container":"bc21247794d5","ID":"bc21247794d5","MemPerc":"1.27%","MemUsage":"95.81MiB / 7.38GiB","Name":"flash-cloud-bench-prometheus-1","NetIO":"10.7MB / 1.47MB","PIDs":"10"}
2026-09-08T10:57:27Z
{"BlockIO":"18.7MB / 99.8MB","CPUPerc":"69.96%","Container":"5440352fa90e","ID":"5440352fa90e","MemPerc":"1.35%","MemUsage":"102.4MiB / 7.38GiB","Name":"flash-cloud-bench-api-1","NetIO":"3.19GB / 2.19GB","PIDs":"18"}
{"BlockIO":"41.2MB / 720MB","CPUPerc":"13.03%","Container":"0c0c4eec6cd3","ID":"0c0c4eec6cd3","MemPerc":"0.85%","MemUsage":"64.14MiB / 7.38GiB","Name":"flash-cloud-bench-redis-1","NetIO":"3.15GB / 3.08GB","PIDs":"6"}
{"BlockIO":"0B / 0B","CPUPerc":"3.70%","Container":"facf8315afea","ID":"facf8315afea","MemPerc":"0.47%","MemUsage":"35.89MiB / 7.38GiB","Name":"flash-cloud-bench-consumer-1","NetIO":"36.5MB / 54.4MB","PIDs":"7"}
{"BlockIO":"0B / 0B","CPUPerc":"3.39%","Container":"d790ff1ba173","ID":"d790ff1ba173","MemPerc":"0.47%","MemUsage":"35.86MiB / 7.38GiB","Name":"flash-cloud-bench-publisher-1","NetIO":"36.4MB / 51.8MB","PIDs":"7"}
{"BlockIO":"4.77MB / 0B","CPUPerc":"3.38%","Container":"e0a44f45bbd7","ID":"e0a44f45bbd7","MemPerc":"0.52%","MemUsage":"39.27MiB / 7.38GiB","Name":"flash-cloud-bench-simulator-1","NetIO":"48.6MB / 61.4MB","PIDs":"10"}
{"BlockIO":"7.95MB / 0B","CPUPerc":"13.40%","Container":"a66f27ba8092","ID":"a66f27ba8092","MemPerc":"0.54%","MemUsage":"40.71MiB / 7.38GiB","Name":"flash-cloud-bench-maintenance-1","NetIO":"904MB / 3.08GB","PIDs":"6"}
{"BlockIO":"1.41MB / 0B","CPUPerc":"6.63%","Container":"6fea00feedc4","ID":"6fea00feedc4","MemPerc":"0.04%","MemUsage":"2.875MiB / 7.38GiB","Name":"flash-cloud-bench-pgbouncer-1","NetIO":"1.45GB / 1.45GB","PIDs":"1"}
{"BlockIO":"83.5MB / 1.82GB","CPUPerc":"16.27%","Container":"d440893966b4","ID":"d440893966b4","MemPerc":"2.07%","MemUsage":"156.6MiB / 7.38GiB","Name":"flash-cloud-bench-postgres-1","NetIO":"479MB / 1.01GB","PIDs":"18"}
{"BlockIO":"98.2MB / 56.1MB","CPUPerc":"86.40%","Container":"562ac1217807","ID":"562ac1217807","MemPerc":"13.13%","MemUsage":"992.4MiB / 7.38GiB","Name":"flash-cloud-bench-kafka-1","NetIO":"25.1MB / 21MB","PIDs":"101"}
{"BlockIO":"71.5MB / 2.66MB","CPUPerc":"0.24%","Container":"bc21247794d5","ID":"bc21247794d5","MemPerc":"1.27%","MemUsage":"95.81MiB / 7.38GiB","Name":"flash-cloud-bench-prometheus-1","NetIO":"10.7MB / 1.48MB","PIDs":"10"}
2026-09-08T10:57:37Z
{"BlockIO":"18.7MB / 101MB","CPUPerc":"67.98%","Container":"5440352fa90e","ID":"5440352fa90e","MemPerc":"1.36%","MemUsage":"102.7MiB / 7.38GiB","Name":"flash-cloud-bench-api-1","NetIO":"3.24GB / 2.21GB","PIDs":"17"}
{"BlockIO":"41.2MB / 748MB","CPUPerc":"14.93%","Container":"0c0c4eec6cd3","ID":"0c0c4eec6cd3","MemPerc":"0.85%","MemUsage":"64.18MiB / 7.38GiB","Name":"flash-cloud-bench-redis-1","NetIO":"3.17GB / 3.12GB","PIDs":"6"}
{"BlockIO":"0B / 0B","CPUPerc":"4.14%","Container":"facf8315afea","ID":"facf8315afea","MemPerc":"0.47%","MemUsage":"35.88MiB / 7.38GiB","Name":"flash-cloud-bench-consumer-1","NetIO":"36.8MB / 54.7MB","PIDs":"7"}
{"BlockIO":"0B / 0B","CPUPerc":"3.57%","Container":"d790ff1ba173","ID":"d790ff1ba173","MemPerc":"0.47%","MemUsage":"35.86MiB / 7.38GiB","Name":"flash-cloud-bench-publisher-1","NetIO":"36.7MB / 52.2MB","PIDs":"7"}
{"BlockIO":"4.77MB / 0B","CPUPerc":"4.11%","Container":"e0a44f45bbd7","ID":"e0a44f45bbd7","MemPerc":"0.52%","MemUsage":"39.27MiB / 7.38GiB","Name":"flash-cloud-bench-simulator-1","NetIO":"48.9MB / 61.8MB","PIDs":"10"}
{"BlockIO":"7.95MB / 0B","CPUPerc":"12.50%","Container":"a66f27ba8092","ID":"a66f27ba8092","MemPerc":"0.54%","MemUsage":"40.71MiB / 7.38GiB","Name":"flash-cloud-bench-maintenance-1","NetIO":"910MB / 3.1GB","PIDs":"6"}
{"BlockIO":"1.41MB / 0B","CPUPerc":"6.51%","Container":"6fea00feedc4","ID":"6fea00feedc4","MemPerc":"0.04%","MemUsage":"2.902MiB / 7.38GiB","Name":"flash-cloud-bench-pgbouncer-1","NetIO":"1.46GB / 1.46GB","PIDs":"1"}
{"BlockIO":"83.5MB / 1.83GB","CPUPerc":"15.83%","Container":"d440893966b4","ID":"d440893966b4","MemPerc":"2.08%","MemUsage":"156.9MiB / 7.38GiB","Name":"flash-cloud-bench-postgres-1","NetIO":"483MB / 1.01GB","PIDs":"18"}
{"BlockIO":"98.2MB / 56.5MB","CPUPerc":"36.46%","Container":"562ac1217807","ID":"562ac1217807","MemPerc":"13.39%","MemUsage":"1012MiB / 7.38GiB","Name":"flash-cloud-bench-kafka-1","NetIO":"25.2MB / 21.1MB","PIDs":"119"}
{"BlockIO":"71.5MB / 2.66MB","CPUPerc":"0.26%","Container":"bc21247794d5","ID":"bc21247794d5","MemPerc":"1.27%","MemUsage":"95.81MiB / 7.38GiB","Name":"flash-cloud-bench-prometheus-1","NetIO":"10.8MB / 1.49MB","PIDs":"10"}
2026-09-08T10:57:48Z
{"BlockIO":"18.7MB / 103MB","CPUPerc":"66.38%","Container":"5440352fa90e","ID":"5440352fa90e","MemPerc":"1.37%","MemUsage":"103.2MiB / 7.38GiB","Name":"flash-cloud-bench-api-1","NetIO":"3.28GB / 2.25GB","PIDs":"25"}
{"BlockIO":"41.2MB / 748MB","CPUPerc":"13.08%","Container":"0c0c4eec6cd3","ID":"0c0c4eec6cd3","MemPerc":"0.85%","MemUsage":"64.18MiB / 7.38GiB","Name":"flash-cloud-bench-redis-1","NetIO":"3.19GB / 3.16GB","PIDs":"6"}
{"BlockIO":"0B / 0B","CPUPerc":"3.31%","Container":"facf8315afea","ID":"facf8315afea","MemPerc":"0.47%","MemUsage":"35.88MiB / 7.38GiB","Name":"flash-cloud-bench-consumer-1","NetIO":"37MB / 55.1MB","PIDs":"7"}
{"BlockIO":"0B / 0B","CPUPerc":"2.96%","Container":"d790ff1ba173","ID":"d790ff1ba173","MemPerc":"0.47%","MemUsage":"35.86MiB / 7.38GiB","Name":"flash-cloud-bench-publisher-1","NetIO":"36.9MB / 52.5MB","PIDs":"7"}
{"BlockIO":"4.77MB / 0B","CPUPerc":"3.86%","Container":"e0a44f45bbd7","ID":"e0a44f45bbd7","MemPerc":"0.52%","MemUsage":"39.27MiB / 7.38GiB","Name":"flash-cloud-bench-simulator-1","NetIO":"49.2MB / 62.2MB","PIDs":"10"}
{"BlockIO":"7.95MB / 0B","CPUPerc":"15.38%","Container":"a66f27ba8092","ID":"a66f27ba8092","MemPerc":"0.54%","MemUsage":"40.71MiB / 7.38GiB","Name":"flash-cloud-bench-maintenance-1","NetIO":"916MB / 3.12GB","PIDs":"6"}
{"BlockIO":"1.41MB / 0B","CPUPerc":"7.01%","Container":"6fea00feedc4","ID":"6fea00feedc4","MemPerc":"0.04%","MemUsage":"2.879MiB / 7.38GiB","Name":"flash-cloud-bench-pgbouncer-1","NetIO":"1.47GB / 1.47GB","PIDs":"1"}
{"BlockIO":"83.5MB / 1.85GB","CPUPerc":"23.59%","Container":"d440893966b4","ID":"d440893966b4","MemPerc":"2.08%","MemUsage":"157.2MiB / 7.38GiB","Name":"flash-cloud-bench-postgres-1","NetIO":"486MB / 1.02GB","PIDs":"18"}
{"BlockIO":"98.2MB / 56.9MB","CPUPerc":"1.36%","Container":"562ac1217807","ID":"562ac1217807","MemPerc":"13.14%","MemUsage":"992.7MiB / 7.38GiB","Name":"flash-cloud-bench-kafka-1","NetIO":"25.4MB / 21.3MB","PIDs":"101"}
{"BlockIO":"71.5MB / 2.66MB","CPUPerc":"0.00%","Container":"bc21247794d5","ID":"bc21247794d5","MemPerc":"1.27%","MemUsage":"95.81MiB / 7.38GiB","Name":"flash-cloud-bench-prometheus-1","NetIO":"10.9MB / 1.49MB","PIDs":"10"}
2026-09-08T10:57:58Z
{"BlockIO":"18.7MB / 104MB","CPUPerc":"67.59%","Container":"5440352fa90e","ID":"5440352fa90e","MemPerc":"1.36%","MemUsage":"103MiB / 7.38GiB","Name":"flash-cloud-bench-api-1","NetIO":"3.32GB / 2.27GB","PIDs":"18"}
{"BlockIO":"41.2MB / 748MB","CPUPerc":"13.41%","Container":"0c0c4eec6cd3","ID":"0c0c4eec6cd3","MemPerc":"0.85%","MemUsage":"64.23MiB / 7.38GiB","Name":"flash-cloud-bench-redis-1","NetIO":"3.22GB / 3.2GB","PIDs":"6"}
{"BlockIO":"0B / 0B","CPUPerc":"2.67%","Container":"facf8315afea","ID":"facf8315afea","MemPerc":"0.47%","MemUsage":"35.88MiB / 7.38GiB","Name":"flash-cloud-bench-consumer-1","NetIO":"37.3MB / 55.5MB","PIDs":"7"}
{"BlockIO":"0B / 0B","CPUPerc":"2.74%","Container":"d790ff1ba173","ID":"d790ff1ba173","MemPerc":"0.47%","MemUsage":"35.86MiB / 7.38GiB","Name":"flash-cloud-bench-publisher-1","NetIO":"37.2MB / 52.9MB","PIDs":"7"}
{"BlockIO":"4.77MB / 0B","CPUPerc":"3.89%","Container":"e0a44f45bbd7","ID":"e0a44f45bbd7","MemPerc":"0.52%","MemUsage":"39.27MiB / 7.38GiB","Name":"flash-cloud-bench-simulator-1","NetIO":"49.6MB / 62.6MB","PIDs":"10"}
{"BlockIO":"7.95MB / 0B","CPUPerc":"15.82%","Container":"a66f27ba8092","ID":"a66f27ba8092","MemPerc":"0.54%","MemUsage":"40.71MiB / 7.38GiB","Name":"flash-cloud-bench-maintenance-1","NetIO":"922MB / 3.15GB","PIDs":"6"}
{"BlockIO":"1.41MB / 0B","CPUPerc":"7.08%","Container":"6fea00feedc4","ID":"6fea00feedc4","MemPerc":"0.04%","MemUsage":"2.895MiB / 7.38GiB","Name":"flash-cloud-bench-pgbouncer-1","NetIO":"1.48GB / 1.48GB","PIDs":"1"}
{"BlockIO":"83.5MB / 1.86GB","CPUPerc":"18.01%","Container":"d440893966b4","ID":"d440893966b4","MemPerc":"2.08%","MemUsage":"157.4MiB / 7.38GiB","Name":"flash-cloud-bench-postgres-1","NetIO":"490MB / 1.03GB","PIDs":"18"}
{"BlockIO":"98.2MB / 57.3MB","CPUPerc":"1.23%","Container":"562ac1217807","ID":"562ac1217807","MemPerc":"13.15%","MemUsage":"993.6MiB / 7.38GiB","Name":"flash-cloud-bench-kafka-1","NetIO":"25.6MB / 21.4MB","PIDs":"101"}
{"BlockIO":"71.5MB / 2.7MB","CPUPerc":"0.00%","Container":"bc21247794d5","ID":"bc21247794d5","MemPerc":"1.27%","MemUsage":"95.82MiB / 7.38GiB","Name":"flash-cloud-bench-prometheus-1","NetIO":"10.9MB / 1.5MB","PIDs":"10"}
2026-09-08T10:58:08Z
{"BlockIO":"18.7MB / 105MB","CPUPerc":"67.09%","Container":"5440352fa90e","ID":"5440352fa90e","MemPerc":"1.36%","MemUsage":"102.8MiB / 7.38GiB","Name":"flash-cloud-bench-api-1","NetIO":"3.36GB / 2.3GB","PIDs":"14"}
{"BlockIO":"41.2MB / 748MB","CPUPerc":"13.14%","Container":"0c0c4eec6cd3","ID":"0c0c4eec6cd3","MemPerc":"0.85%","MemUsage":"64.21MiB / 7.38GiB","Name":"flash-cloud-bench-redis-1","NetIO":"3.24GB / 3.24GB","PIDs":"6"}
{"BlockIO":"0B / 0B","CPUPerc":"3.40%","Container":"facf8315afea","ID":"facf8315afea","MemPerc":"0.47%","MemUsage":"35.88MiB / 7.38GiB","Name":"flash-cloud-bench-consumer-1","NetIO":"37.6MB / 55.9MB","PIDs":"7"}
{"BlockIO":"0B / 0B","CPUPerc":"2.59%","Container":"d790ff1ba173","ID":"d790ff1ba173","MemPerc":"0.47%","MemUsage":"35.86MiB / 7.38GiB","Name":"flash-cloud-bench-publisher-1","NetIO":"37.4MB / 53.2MB","PIDs":"7"}
{"BlockIO":"4.77MB / 0B","CPUPerc":"3.78%","Container":"e0a44f45bbd7","ID":"e0a44f45bbd7","MemPerc":"0.52%","MemUsage":"39.27MiB / 7.38GiB","Name":"flash-cloud-bench-simulator-1","NetIO":"49.9MB / 63MB","PIDs":"10"}
{"BlockIO":"7.95MB / 0B","CPUPerc":"11.28%","Container":"a66f27ba8092","ID":"a66f27ba8092","MemPerc":"0.54%","MemUsage":"40.71MiB / 7.38GiB","Name":"flash-cloud-bench-maintenance-1","NetIO":"928MB / 3.17GB","PIDs":"6"}
{"BlockIO":"1.41MB / 0B","CPUPerc":"6.14%","Container":"6fea00feedc4","ID":"6fea00feedc4","MemPerc":"0.04%","MemUsage":"2.867MiB / 7.38GiB","Name":"flash-cloud-bench-pgbouncer-1","NetIO":"1.49GB / 1.49GB","PIDs":"1"}
{"BlockIO":"83.5MB / 1.87GB","CPUPerc":"15.34%","Container":"d440893966b4","ID":"d440893966b4","MemPerc":"2.09%","MemUsage":"157.6MiB / 7.38GiB","Name":"flash-cloud-bench-postgres-1","NetIO":"494MB / 1.04GB","PIDs":"18"}
{"BlockIO":"98.2MB / 57.7MB","CPUPerc":"1.43%","Container":"562ac1217807","ID":"562ac1217807","MemPerc":"13.15%","MemUsage":"993.6MiB / 7.38GiB","Name":"flash-cloud-bench-kafka-1","NetIO":"25.8MB / 21.6MB","PIDs":"101"}
{"BlockIO":"71.5MB / 2.7MB","CPUPerc":"0.40%","Container":"bc21247794d5","ID":"bc21247794d5","MemPerc":"1.27%","MemUsage":"95.82MiB / 7.38GiB","Name":"flash-cloud-bench-prometheus-1","NetIO":"11MB / 1.52MB","PIDs":"10"}
2026-09-08T10:58:18Z
{"BlockIO":"18.7MB / 107MB","CPUPerc":"70.61%","Container":"5440352fa90e","ID":"5440352fa90e","MemPerc":"1.37%","MemUsage":"103.3MiB / 7.38GiB","Name":"flash-cloud-bench-api-1","NetIO":"3.4GB / 2.33GB","PIDs":"15"}
{"BlockIO":"41.2MB / 748MB","CPUPerc":"15.92%","Container":"0c0c4eec6cd3","ID":"0c0c4eec6cd3","MemPerc":"0.85%","MemUsage":"64.34MiB / 7.38GiB","Name":"flash-cloud-bench-redis-1","NetIO":"3.26GB / 3.28GB","PIDs":"6"}
{"BlockIO":"0B / 0B","CPUPerc":"5.50%","Container":"facf8315afea","ID":"facf8315afea","MemPerc":"0.47%","MemUsage":"35.88MiB / 7.38GiB","Name":"flash-cloud-bench-consumer-1","NetIO":"37.9MB / 56.4MB","PIDs":"7"}
{"BlockIO":"0B / 0B","CPUPerc":"4.25%","Container":"d790ff1ba173","ID":"d790ff1ba173","MemPerc":"0.47%","MemUsage":"35.86MiB / 7.38GiB","Name":"flash-cloud-bench-publisher-1","NetIO":"37.7MB / 53.6MB","PIDs":"7"}
{"BlockIO":"4.77MB / 0B","CPUPerc":"3.45%","Container":"e0a44f45bbd7","ID":"e0a44f45bbd7","MemPerc":"0.52%","MemUsage":"39.27MiB / 7.38GiB","Name":"flash-cloud-bench-simulator-1","NetIO":"50.2MB / 63.3MB","PIDs":"10"}
{"BlockIO":"7.95MB / 0B","CPUPerc":"18.00%","Container":"a66f27ba8092","ID":"a66f27ba8092","MemPerc":"0.54%","MemUsage":"40.71MiB / 7.38GiB","Name":"flash-cloud-bench-maintenance-1","NetIO":"935MB / 3.19GB","PIDs":"6"}
{"BlockIO":"1.41MB / 0B","CPUPerc":"8.08%","Container":"6fea00feedc4","ID":"6fea00feedc4","MemPerc":"0.04%","MemUsage":"2.891MiB / 7.38GiB","Name":"flash-cloud-bench-pgbouncer-1","NetIO":"1.5GB / 1.5GB","PIDs":"1"}
{"BlockIO":"83.5MB / 1.89GB","CPUPerc":"79.59%","Container":"d440893966b4","ID":"d440893966b4","MemPerc":"2.09%","MemUsage":"157.9MiB / 7.38GiB","Name":"flash-cloud-bench-postgres-1","NetIO":"497MB / 1.04GB","PIDs":"18"}
{"BlockIO":"98.2MB / 57.9MB","CPUPerc":"2.05%","Container":"562ac1217807","ID":"562ac1217807","MemPerc":"13.15%","MemUsage":"993.8MiB / 7.38GiB","Name":"flash-cloud-bench-kafka-1","NetIO":"26MB / 21.8MB","PIDs":"101"}
{"BlockIO":"71.5MB / 2.7MB","CPUPerc":"0.36%","Container":"bc21247794d5","ID":"bc21247794d5","MemPerc":"1.27%","MemUsage":"95.82MiB / 7.38GiB","Name":"flash-cloud-bench-prometheus-1","NetIO":"11.1MB / 1.52MB","PIDs":"10"}
2026-09-08T10:58:28Z
{"BlockIO":"18.7MB / 108MB","CPUPerc":"66.68%","Container":"5440352fa90e","ID":"5440352fa90e","MemPerc":"1.36%","MemUsage":"102.9MiB / 7.38GiB","Name":"flash-cloud-bench-api-1","NetIO":"3.45GB / 2.36GB","PIDs":"17"}
{"BlockIO":"41.2MB / 748MB","CPUPerc":"17.77%","Container":"0c0c4eec6cd3","ID":"0c0c4eec6cd3","MemPerc":"0.85%","MemUsage":"64.3MiB / 7.38GiB","Name":"flash-cloud-bench-redis-1","NetIO":"3.28GB / 3.32GB","PIDs":"6"}
{"BlockIO":"0B / 0B","CPUPerc":"14.74%","Container":"facf8315afea","ID":"facf8315afea","MemPerc":"0.47%","MemUsage":"35.89MiB / 7.38GiB","Name":"flash-cloud-bench-consumer-1","NetIO":"38.4MB / 57.1MB","PIDs":"7"}
{"BlockIO":"0B / 0B","CPUPerc":"4.53%","Container":"d790ff1ba173","ID":"d790ff1ba173","MemPerc":"0.47%","MemUsage":"35.86MiB / 7.38GiB","Name":"flash-cloud-bench-publisher-1","NetIO":"38MB / 54.1MB","PIDs":"7"}
{"BlockIO":"4.77MB / 0B","CPUPerc":"3.34%","Container":"e0a44f45bbd7","ID":"e0a44f45bbd7","MemPerc":"0.52%","MemUsage":"39.27MiB / 7.38GiB","Name":"flash-cloud-bench-simulator-1","NetIO":"50.5MB / 63.7MB","PIDs":"10"}
{"BlockIO":"7.95MB / 0B","CPUPerc":"19.57%","Container":"a66f27ba8092","ID":"a66f27ba8092","MemPerc":"0.54%","MemUsage":"40.71MiB / 7.38GiB","Name":"flash-cloud-bench-maintenance-1","NetIO":"940MB / 3.21GB","PIDs":"6"}
{"BlockIO":"1.41MB / 0B","CPUPerc":"7.82%","Container":"6fea00feedc4","ID":"6fea00feedc4","MemPerc":"0.04%","MemUsage":"2.887MiB / 7.38GiB","Name":"flash-cloud-bench-pgbouncer-1","NetIO":"1.51GB / 1.51GB","PIDs":"1"}
{"BlockIO":"84.6MB / 1.9GB","CPUPerc":"69.99%","Container":"d440893966b4","ID":"d440893966b4","MemPerc":"2.11%","MemUsage":"159.3MiB / 7.38GiB","Name":"flash-cloud-bench-postgres-1","NetIO":"501MB / 1.05GB","PIDs":"18"}
{"BlockIO":"98.2MB / 58MB","CPUPerc":"2.06%","Container":"562ac1217807","ID":"562ac1217807","MemPerc":"13.15%","MemUsage":"994MiB / 7.38GiB","Name":"flash-cloud-bench-kafka-1","NetIO":"26.3MB / 22.1MB","PIDs":"101"}
{"BlockIO":"71.5MB / 2.74MB","CPUPerc":"0.00%","Container":"bc21247794d5","ID":"bc21247794d5","MemPerc":"1.27%","MemUsage":"95.81MiB / 7.38GiB","Name":"flash-cloud-bench-prometheus-1","NetIO":"11.2MB / 1.53MB","PIDs":"10"}
2026-09-08T10:58:38Z
{"BlockIO":"18.7MB / 110MB","CPUPerc":"68.62%","Container":"5440352fa90e","ID":"5440352fa90e","MemPerc":"1.36%","MemUsage":"103.1MiB / 7.38GiB","Name":"flash-cloud-bench-api-1","NetIO":"3.49GB / 2.39GB","PIDs":"18"}
{"BlockIO":"41.2MB / 777MB","CPUPerc":"10.42%","Container":"0c0c4eec6cd3","ID":"0c0c4eec6cd3","MemPerc":"0.85%","MemUsage":"64.41MiB / 7.38GiB","Name":"flash-cloud-bench-redis-1","NetIO":"3.31GB / 3.36GB","PIDs":"6"}
{"BlockIO":"0B / 0B","CPUPerc":"9.33%","Container":"facf8315afea","ID":"facf8315afea","MemPerc":"0.47%","MemUsage":"35.88MiB / 7.38GiB","Name":"flash-cloud-bench-consumer-1","NetIO":"38.9MB / 57.9MB","PIDs":"7"}
{"BlockIO":"0B / 0B","CPUPerc":"4.38%","Container":"d790ff1ba173","ID":"d790ff1ba173","MemPerc":"0.47%","MemUsage":"35.86MiB / 7.38GiB","Name":"flash-cloud-bench-publisher-1","NetIO":"38.4MB / 54.6MB","PIDs":"7"}
{"BlockIO":"4.77MB / 0B","CPUPerc":"3.40%","Container":"e0a44f45bbd7","ID":"e0a44f45bbd7","MemPerc":"0.52%","MemUsage":"39.27MiB / 7.38GiB","Name":"flash-cloud-bench-simulator-1","NetIO":"50.8MB / 64.1MB","PIDs":"10"}
{"BlockIO":"7.95MB / 0B","CPUPerc":"4.07%","Container":"a66f27ba8092","ID":"a66f27ba8092","MemPerc":"0.54%","MemUsage":"40.71MiB / 7.38GiB","Name":"flash-cloud-bench-maintenance-1","NetIO":"946MB / 3.23GB","PIDs":"6"}
{"BlockIO":"1.41MB / 0B","CPUPerc":"5.23%","Container":"6fea00feedc4","ID":"6fea00feedc4","MemPerc":"0.04%","MemUsage":"2.879MiB / 7.38GiB","Name":"flash-cloud-bench-pgbouncer-1","NetIO":"1.52GB / 1.52GB","PIDs":"1"}
{"BlockIO":"84.6MB / 1.92GB","CPUPerc":"103.65%","Container":"d440893966b4","ID":"d440893966b4","MemPerc":"2.04%","MemUsage":"154.3MiB / 7.38GiB","Name":"flash-cloud-bench-postgres-1","NetIO":"505MB / 1.06GB","PIDs":"16"}
{"BlockIO":"98.2MB / 58.9MB","CPUPerc":"2.91%","Container":"562ac1217807","ID":"562ac1217807","MemPerc":"13.16%","MemUsage":"994.5MiB / 7.38GiB","Name":"flash-cloud-bench-kafka-1","NetIO":"26.7MB / 22.4MB","PIDs":"101"}
{"BlockIO":"71.5MB / 2.74MB","CPUPerc":"0.23%","Container":"bc21247794d5","ID":"bc21247794d5","MemPerc":"1.27%","MemUsage":"95.84MiB / 7.38GiB","Name":"flash-cloud-bench-prometheus-1","NetIO":"11.2MB / 1.54MB","PIDs":"10"}
2026-09-08T10:58:48Z
{"BlockIO":"18.7MB / 111MB","CPUPerc":"75.23%","Container":"5440352fa90e","ID":"5440352fa90e","MemPerc":"1.37%","MemUsage":"103.3MiB / 7.38GiB","Name":"flash-cloud-bench-api-1","NetIO":"3.54GB / 2.42GB","PIDs":"16"}
{"BlockIO":"41.2MB / 777MB","CPUPerc":"18.52%","Container":"0c0c4eec6cd3","ID":"0c0c4eec6cd3","MemPerc":"0.85%","MemUsage":"64.45MiB / 7.38GiB","Name":"flash-cloud-bench-redis-1","NetIO":"3.33GB / 3.41GB","PIDs":"6"}
{"BlockIO":"0B / 0B","CPUPerc":"5.42%","Container":"facf8315afea","ID":"facf8315afea","MemPerc":"0.47%","MemUsage":"35.89MiB / 7.38GiB","Name":"flash-cloud-bench-consumer-1","NetIO":"39.4MB / 58.6MB","PIDs":"7"}
{"BlockIO":"0B / 0B","CPUPerc":"4.84%","Container":"d790ff1ba173","ID":"d790ff1ba173","MemPerc":"0.47%","MemUsage":"35.86MiB / 7.38GiB","Name":"flash-cloud-bench-publisher-1","NetIO":"38.8MB / 55.2MB","PIDs":"7"}
{"BlockIO":"4.77MB / 0B","CPUPerc":"2.58%","Container":"e0a44f45bbd7","ID":"e0a44f45bbd7","MemPerc":"0.52%","MemUsage":"39.27MiB / 7.38GiB","Name":"flash-cloud-bench-simulator-1","NetIO":"51.1MB / 64.5MB","PIDs":"10"}
{"BlockIO":"7.95MB / 0B","CPUPerc":"18.66%","Container":"a66f27ba8092","ID":"a66f27ba8092","MemPerc":"0.54%","MemUsage":"40.71MiB / 7.38GiB","Name":"flash-cloud-bench-maintenance-1","NetIO":"952MB / 3.25GB","PIDs":"6"}
{"BlockIO":"1.41MB / 0B","CPUPerc":"8.07%","Container":"6fea00feedc4","ID":"6fea00feedc4","MemPerc":"0.04%","MemUsage":"2.875MiB / 7.38GiB","Name":"flash-cloud-bench-pgbouncer-1","NetIO":"1.53GB / 1.53GB","PIDs":"1"}
{"BlockIO":"84.6MB / 1.94GB","CPUPerc":"55.05%","Container":"d440893966b4","ID":"d440893966b4","MemPerc":"2.05%","MemUsage":"154.8MiB / 7.38GiB","Name":"flash-cloud-bench-postgres-1","NetIO":"509MB / 1.06GB","PIDs":"16"}
{"BlockIO":"98.2MB / 59MB","CPUPerc":"156.97%","Container":"562ac1217807","ID":"562ac1217807","MemPerc":"13.90%","MemUsage":"1.025GiB / 7.38GiB","Name":"flash-cloud-bench-kafka-1","NetIO":"27MB / 22.6MB","PIDs":"125"}
{"BlockIO":"71.5MB / 2.74MB","CPUPerc":"0.25%","Container":"bc21247794d5","ID":"bc21247794d5","MemPerc":"1.27%","MemUsage":"95.84MiB / 7.38GiB","Name":"flash-cloud-bench-prometheus-1","NetIO":"11.3MB / 1.55MB","PIDs":"10"}
2026-09-08T10:58:58Z
{"BlockIO":"18.7MB / 112MB","CPUPerc":"107.90%","Container":"5440352fa90e","ID":"5440352fa90e","MemPerc":"1.36%","MemUsage":"103.1MiB / 7.38GiB","Name":"flash-cloud-bench-api-1","NetIO":"3.59GB / 2.45GB","PIDs":"16"}
{"BlockIO":"41.2MB / 777MB","CPUPerc":"16.80%","Container":"0c0c4eec6cd3","ID":"0c0c4eec6cd3","MemPerc":"0.85%","MemUsage":"64.42MiB / 7.38GiB","Name":"flash-cloud-bench-redis-1","NetIO":"3.35GB / 3.45GB","PIDs":"6"}
{"BlockIO":"0B / 0B","CPUPerc":"6.38%","Container":"facf8315afea","ID":"facf8315afea","MemPerc":"0.47%","MemUsage":"35.88MiB / 7.38GiB","Name":"flash-cloud-bench-consumer-1","NetIO":"39.9MB / 59.4MB","PIDs":"7"}
{"BlockIO":"0B / 0B","CPUPerc":"4.27%","Container":"d790ff1ba173","ID":"d790ff1ba173","MemPerc":"0.47%","MemUsage":"35.86MiB / 7.38GiB","Name":"flash-cloud-bench-publisher-1","NetIO":"39.2MB / 55.7MB","PIDs":"7"}
{"BlockIO":"4.77MB / 0B","CPUPerc":"2.88%","Container":"e0a44f45bbd7","ID":"e0a44f45bbd7","MemPerc":"0.52%","MemUsage":"39.27MiB / 7.38GiB","Name":"flash-cloud-bench-simulator-1","NetIO":"51.4MB / 64.9MB","PIDs":"10"}
{"BlockIO":"7.95MB / 0B","CPUPerc":"9.95%","Container":"a66f27ba8092","ID":"a66f27ba8092","MemPerc":"0.54%","MemUsage":"40.71MiB / 7.38GiB","Name":"flash-cloud-bench-maintenance-1","NetIO":"958MB / 3.27GB","PIDs":"6"}
{"BlockIO":"1.41MB / 0B","CPUPerc":"6.37%","Container":"6fea00feedc4","ID":"6fea00feedc4","MemPerc":"0.04%","MemUsage":"2.859MiB / 7.38GiB","Name":"flash-cloud-bench-pgbouncer-1","NetIO":"1.54GB / 1.54GB","PIDs":"1"}
{"BlockIO":"84.6MB / 1.95GB","CPUPerc":"93.48%","Container":"d440893966b4","ID":"d440893966b4","MemPerc":"2.05%","MemUsage":"155MiB / 7.38GiB","Name":"flash-cloud-bench-postgres-1","NetIO":"512MB / 1.07GB","PIDs":"16"}
{"BlockIO":"98.2MB / 59.2MB","CPUPerc":"2.20%","Container":"562ac1217807","ID":"562ac1217807","MemPerc":"13.17%","MemUsage":"995MiB / 7.38GiB","Name":"flash-cloud-bench-kafka-1","NetIO":"27.4MB / 22.9MB","PIDs":"101"}
{"BlockIO":"71.5MB / 2.77MB","CPUPerc":"0.14%","Container":"bc21247794d5","ID":"bc21247794d5","MemPerc":"1.27%","MemUsage":"95.85MiB / 7.38GiB","Name":"flash-cloud-bench-prometheus-1","NetIO":"11.4MB / 1.56MB","PIDs":"10"}
2026-09-08T10:59:09Z
{"BlockIO":"18.7MB / 114MB","CPUPerc":"100.41%","Container":"5440352fa90e","ID":"5440352fa90e","MemPerc":"1.54%","MemUsage":"116.3MiB / 7.38GiB","Name":"flash-cloud-bench-api-1","NetIO":"3.65GB / 2.49GB","PIDs":"20"}
{"BlockIO":"41.2MB / 777MB","CPUPerc":"14.25%","Container":"0c0c4eec6cd3","ID":"0c0c4eec6cd3","MemPerc":"0.85%","MemUsage":"64.27MiB / 7.38GiB","Name":"flash-cloud-bench-redis-1","NetIO":"3.37GB / 3.51GB","PIDs":"6"}
{"BlockIO":"0B / 0B","CPUPerc":"4.49%","Container":"facf8315afea","ID":"facf8315afea","MemPerc":"0.47%","MemUsage":"35.89MiB / 7.38GiB","Name":"flash-cloud-bench-consumer-1","NetIO":"40.4MB / 60.2MB","PIDs":"7"}
{"BlockIO":"0B / 0B","CPUPerc":"3.40%","Container":"d790ff1ba173","ID":"d790ff1ba173","MemPerc":"0.47%","MemUsage":"35.86MiB / 7.38GiB","Name":"flash-cloud-bench-publisher-1","NetIO":"39.5MB / 56.2MB","PIDs":"7"}
{"BlockIO":"4.77MB / 0B","CPUPerc":"3.05%","Container":"e0a44f45bbd7","ID":"e0a44f45bbd7","MemPerc":"0.52%","MemUsage":"39.27MiB / 7.38GiB","Name":"flash-cloud-bench-simulator-1","NetIO":"51.7MB / 65.3MB","PIDs":"10"}
{"BlockIO":"7.95MB / 0B","CPUPerc":"22.87%","Container":"a66f27ba8092","ID":"a66f27ba8092","MemPerc":"0.54%","MemUsage":"40.71MiB / 7.38GiB","Name":"flash-cloud-bench-maintenance-1","NetIO":"964MB / 3.29GB","PIDs":"6"}
{"BlockIO":"1.41MB / 0B","CPUPerc":"8.63%","Container":"6fea00feedc4","ID":"6fea00feedc4","MemPerc":"0.04%","MemUsage":"2.891MiB / 7.38GiB","Name":"flash-cloud-bench-pgbouncer-1","NetIO":"1.55GB / 1.55GB","PIDs":"1"}
{"BlockIO":"84.6MB / 1.97GB","CPUPerc":"59.04%","Container":"d440893966b4","ID":"d440893966b4","MemPerc":"2.06%","MemUsage":"155.3MiB / 7.38GiB","Name":"flash-cloud-bench-postgres-1","NetIO":"516MB / 1.08GB","PIDs":"16"}
{"BlockIO":"98.2MB / 60.5MB","CPUPerc":"1.69%","Container":"562ac1217807","ID":"562ac1217807","MemPerc":"13.19%","MemUsage":"996.5MiB / 7.38GiB","Name":"flash-cloud-bench-kafka-1","NetIO":"27.7MB / 23.2MB","PIDs":"101"}
{"BlockIO":"71.5MB / 2.77MB","CPUPerc":"0.02%","Container":"bc21247794d5","ID":"bc21247794d5","MemPerc":"1.27%","MemUsage":"95.84MiB / 7.38GiB","Name":"flash-cloud-bench-prometheus-1","NetIO":"11.4MB / 1.57MB","PIDs":"10"}
2026-09-08T10:59:19Z
{"BlockIO":"18.7MB / 115MB","CPUPerc":"1.94%","Container":"5440352fa90e","ID":"5440352fa90e","MemPerc":"1.37%","MemUsage":"103.7MiB / 7.38GiB","Name":"flash-cloud-bench-api-1","NetIO":"3.69GB / 2.52GB","PIDs":"18"}
{"BlockIO":"41.2MB / 777MB","CPUPerc":"10.40%","Container":"0c0c4eec6cd3","ID":"0c0c4eec6cd3","MemPerc":"0.85%","MemUsage":"64.27MiB / 7.38GiB","Name":"flash-cloud-bench-redis-1","NetIO":"3.4GB / 3.55GB","PIDs":"6"}
{"BlockIO":"0B / 0B","CPUPerc":"2.70%","Container":"facf8315afea","ID":"facf8315afea","MemPerc":"0.47%","MemUsage":"35.89MiB / 7.38GiB","Name":"flash-cloud-bench-consumer-1","NetIO":"40.9MB / 60.8MB","PIDs":"7"}
{"BlockIO":"0B / 0B","CPUPerc":"2.52%","Container":"d790ff1ba173","ID":"d790ff1ba173","MemPerc":"0.47%","MemUsage":"35.86MiB / 7.38GiB","Name":"flash-cloud-bench-publisher-1","NetIO":"39.8MB / 56.7MB","PIDs":"7"}
{"BlockIO":"4.77MB / 0B","CPUPerc":"3.41%","Container":"e0a44f45bbd7","ID":"e0a44f45bbd7","MemPerc":"0.52%","MemUsage":"39.27MiB / 7.38GiB","Name":"flash-cloud-bench-simulator-1","NetIO":"52.1MB / 65.7MB","PIDs":"10"}
{"BlockIO":"7.95MB / 0B","CPUPerc":"18.25%","Container":"a66f27ba8092","ID":"a66f27ba8092","MemPerc":"0.54%","MemUsage":"40.71MiB / 7.38GiB","Name":"flash-cloud-bench-maintenance-1","NetIO":"969MB / 3.31GB","PIDs":"6"}
{"BlockIO":"1.41MB / 0B","CPUPerc":"5.95%","Container":"6fea00feedc4","ID":"6fea00feedc4","MemPerc":"0.04%","MemUsage":"2.867MiB / 7.38GiB","Name":"flash-cloud-bench-pgbouncer-1","NetIO":"1.56GB / 1.56GB","PIDs":"1"}
{"BlockIO":"84.6MB / 1.98GB","CPUPerc":"68.49%","Container":"d440893966b4","ID":"d440893966b4","MemPerc":"2.06%","MemUsage":"155.9MiB / 7.38GiB","Name":"flash-cloud-bench-postgres-1","NetIO":"519MB / 1.08GB","PIDs":"16"}
{"BlockIO":"98.2MB / 60.6MB","CPUPerc":"1.40%","Container":"562ac1217807","ID":"562ac1217807","MemPerc":"13.19%","MemUsage":"996.5MiB / 7.38GiB","Name":"flash-cloud-bench-kafka-1","NetIO":"28MB / 23.5MB","PIDs":"101"}
{"BlockIO":"71.5MB / 2.77MB","CPUPerc":"0.41%","Container":"bc21247794d5","ID":"bc21247794d5","MemPerc":"1.27%","MemUsage":"95.89MiB / 7.38GiB","Name":"flash-cloud-bench-prometheus-1","NetIO":"11.5MB / 1.58MB","PIDs":"10"}
2026-09-08T10:59:29Z
{"BlockIO":"18.7MB / 117MB","CPUPerc":"1.97%","Container":"5440352fa90e","ID":"5440352fa90e","MemPerc":"1.37%","MemUsage":"103.6MiB / 7.38GiB","Name":"flash-cloud-bench-api-1","NetIO":"3.69GB / 2.52GB","PIDs":"17"}
{"BlockIO":"41.2MB / 777MB","CPUPerc":"4.42%","Container":"0c0c4eec6cd3","ID":"0c0c4eec6cd3","MemPerc":"0.85%","MemUsage":"64.09MiB / 7.38GiB","Name":"flash-cloud-bench-redis-1","NetIO":"3.41GB / 3.55GB","PIDs":"6"}
{"BlockIO":"0B / 0B","CPUPerc":"4.11%","Container":"facf8315afea","ID":"facf8315afea","MemPerc":"0.47%","MemUsage":"35.89MiB / 7.38GiB","Name":"flash-cloud-bench-consumer-1","NetIO":"41.1MB / 61.2MB","PIDs":"7"}
{"BlockIO":"0B / 0B","CPUPerc":"3.55%","Container":"d790ff1ba173","ID":"d790ff1ba173","MemPerc":"0.47%","MemUsage":"35.86MiB / 7.38GiB","Name":"flash-cloud-bench-publisher-1","NetIO":"40.1MB / 57MB","PIDs":"7"}
{"BlockIO":"4.77MB / 0B","CPUPerc":"4.12%","Container":"e0a44f45bbd7","ID":"e0a44f45bbd7","MemPerc":"0.52%","MemUsage":"39.27MiB / 7.38GiB","Name":"flash-cloud-bench-simulator-1","NetIO":"52.3MB / 66.1MB","PIDs":"10"}
{"BlockIO":"7.95MB / 0B","CPUPerc":"23.74%","Container":"a66f27ba8092","ID":"a66f27ba8092","MemPerc":"0.54%","MemUsage":"40.71MiB / 7.38GiB","Name":"flash-cloud-bench-maintenance-1","NetIO":"976MB / 3.33GB","PIDs":"6"}
{"BlockIO":"1.41MB / 0B","CPUPerc":"4.92%","Container":"6fea00feedc4","ID":"6fea00feedc4","MemPerc":"0.04%","MemUsage":"2.867MiB / 7.38GiB","Name":"flash-cloud-bench-pgbouncer-1","NetIO":"1.57GB / 1.57GB","PIDs":"1"}
{"BlockIO":"84.6MB / 1.99GB","CPUPerc":"84.13%","Container":"d440893966b4","ID":"d440893966b4","MemPerc":"2.06%","MemUsage":"155.7MiB / 7.38GiB","Name":"flash-cloud-bench-postgres-1","NetIO":"522MB / 1.09GB","PIDs":"16"}
{"BlockIO":"98.2MB / 61.4MB","CPUPerc":"1.61%","Container":"562ac1217807","ID":"562ac1217807","MemPerc":"13.19%","MemUsage":"996.5MiB / 7.38GiB","Name":"flash-cloud-bench-kafka-1","NetIO":"28.1MB / 23.6MB","PIDs":"101"}
{"BlockIO":"71.5MB / 2.81MB","CPUPerc":"0.37%","Container":"bc21247794d5","ID":"bc21247794d5","MemPerc":"1.27%","MemUsage":"95.89MiB / 7.38GiB","Name":"flash-cloud-bench-prometheus-1","NetIO":"11.6MB / 1.59MB","PIDs":"10"}
2026-09-08T10:59:39Z
{"BlockIO":"18.7MB / 118MB","CPUPerc":"1.98%","Container":"5440352fa90e","ID":"5440352fa90e","MemPerc":"1.37%","MemUsage":"103.2MiB / 7.38GiB","Name":"flash-cloud-bench-api-1","NetIO":"3.69GB / 2.52GB","PIDs":"7"}
{"BlockIO":"41.2MB / 806MB","CPUPerc":"12.50%","Container":"0c0c4eec6cd3","ID":"0c0c4eec6cd3","MemPerc":"0.85%","MemUsage":"63.97MiB / 7.38GiB","Name":"flash-cloud-bench-redis-1","NetIO":"3.43GB / 3.55GB","PIDs":"6"}
{"BlockIO":"0B / 0B","CPUPerc":"2.96%","Container":"facf8315afea","ID":"facf8315afea","MemPerc":"0.47%","MemUsage":"35.89MiB / 7.38GiB","Name":"flash-cloud-bench-consumer-1","NetIO":"41.4MB / 61.6MB","PIDs":"7"}
{"BlockIO":"0B / 0B","CPUPerc":"2.64%","Container":"d790ff1ba173","ID":"d790ff1ba173","MemPerc":"0.47%","MemUsage":"35.86MiB / 7.38GiB","Name":"flash-cloud-bench-publisher-1","NetIO":"40.4MB / 57.4MB","PIDs":"7"}
{"BlockIO":"4.77MB / 0B","CPUPerc":"3.77%","Container":"e0a44f45bbd7","ID":"e0a44f45bbd7","MemPerc":"0.52%","MemUsage":"39.27MiB / 7.38GiB","Name":"flash-cloud-bench-simulator-1","NetIO":"52.7MB / 66.5MB","PIDs":"10"}
{"BlockIO":"7.95MB / 0B","CPUPerc":"17.99%","Container":"a66f27ba8092","ID":"a66f27ba8092","MemPerc":"0.54%","MemUsage":"40.71MiB / 7.38GiB","Name":"flash-cloud-bench-maintenance-1","NetIO":"982MB / 3.35GB","PIDs":"6"}
{"BlockIO":"1.41MB / 0B","CPUPerc":"6.16%","Container":"6fea00feedc4","ID":"6fea00feedc4","MemPerc":"0.04%","MemUsage":"2.859MiB / 7.38GiB","Name":"flash-cloud-bench-pgbouncer-1","NetIO":"1.58GB / 1.58GB","PIDs":"1"}
{"BlockIO":"84.6MB / 2.01GB","CPUPerc":"68.27%","Container":"d440893966b4","ID":"d440893966b4","MemPerc":"2.06%","MemUsage":"155.8MiB / 7.38GiB","Name":"flash-cloud-bench-postgres-1","NetIO":"526MB / 1.1GB","PIDs":"16"}
{"BlockIO":"98.2MB / 61.9MB","CPUPerc":"2.93%","Container":"562ac1217807","ID":"562ac1217807","MemPerc":"13.19%","MemUsage":"996.6MiB / 7.38GiB","Name":"flash-cloud-bench-kafka-1","NetIO":"28.3MB / 23.8MB","PIDs":"101"}
{"BlockIO":"71.5MB / 2.81MB","CPUPerc":"0.40%","Container":"bc21247794d5","ID":"bc21247794d5","MemPerc":"1.27%","MemUsage":"95.9MiB / 7.38GiB","Name":"flash-cloud-bench-prometheus-1","NetIO":"11.7MB / 1.6MB","PIDs":"10"}
2026-09-08T10:59:49Z
{"BlockIO":"18.7MB / 119MB","CPUPerc":"0.11%","Container":"5440352fa90e","ID":"5440352fa90e","MemPerc":"1.37%","MemUsage":"103.2MiB / 7.38GiB","Name":"flash-cloud-bench-api-1","NetIO":"3.69GB / 2.52GB","PIDs":"7"}
{"BlockIO":"41.2MB / 806MB","CPUPerc":"12.93%","Container":"0c0c4eec6cd3","ID":"0c0c4eec6cd3","MemPerc":"0.85%","MemUsage":"64.02MiB / 7.38GiB","Name":"flash-cloud-bench-redis-1","NetIO":"3.46GB / 3.55GB","PIDs":"6"}
{"BlockIO":"0B / 0B","CPUPerc":"2.79%","Container":"facf8315afea","ID":"facf8315afea","MemPerc":"0.47%","MemUsage":"35.89MiB / 7.38GiB","Name":"flash-cloud-bench-consumer-1","NetIO":"41.7MB / 62MB","PIDs":"7"}
{"BlockIO":"0B / 0B","CPUPerc":"2.48%","Container":"d790ff1ba173","ID":"d790ff1ba173","MemPerc":"0.47%","MemUsage":"35.86MiB / 7.38GiB","Name":"flash-cloud-bench-publisher-1","NetIO":"40.6MB / 57.8MB","PIDs":"7"}
{"BlockIO":"4.77MB / 0B","CPUPerc":"3.29%","Container":"e0a44f45bbd7","ID":"e0a44f45bbd7","MemPerc":"0.52%","MemUsage":"39.27MiB / 7.38GiB","Name":"flash-cloud-bench-simulator-1","NetIO":"53MB / 66.9MB","PIDs":"10"}
{"BlockIO":"7.95MB / 0B","CPUPerc":"21.36%","Container":"a66f27ba8092","ID":"a66f27ba8092","MemPerc":"0.54%","MemUsage":"40.71MiB / 7.38GiB","Name":"flash-cloud-bench-maintenance-1","NetIO":"988MB / 3.37GB","PIDs":"6"}
{"BlockIO":"1.41MB / 0B","CPUPerc":"6.60%","Container":"6fea00feedc4","ID":"6fea00feedc4","MemPerc":"0.04%","MemUsage":"2.863MiB / 7.38GiB","Name":"flash-cloud-bench-pgbouncer-1","NetIO":"1.59GB / 1.59GB","PIDs":"1"}
{"BlockIO":"84.6MB / 2.02GB","CPUPerc":"61.49%","Container":"d440893966b4","ID":"d440893966b4","MemPerc":"2.06%","MemUsage":"155.8MiB / 7.38GiB","Name":"flash-cloud-bench-postgres-1","NetIO":"529MB / 1.1GB","PIDs":"16"}
{"BlockIO":"98.2MB / 62.1MB","CPUPerc":"1.26%","Container":"562ac1217807","ID":"562ac1217807","MemPerc":"13.19%","MemUsage":"996.6MiB / 7.38GiB","Name":"flash-cloud-bench-kafka-1","NetIO":"28.5MB / 23.9MB","PIDs":"101"}
{"BlockIO":"71.5MB / 2.81MB","CPUPerc":"0.01%","Container":"bc21247794d5","ID":"bc21247794d5","MemPerc":"1.27%","MemUsage":"95.91MiB / 7.38GiB","Name":"flash-cloud-bench-prometheus-1","NetIO":"11.7MB / 1.61MB","PIDs":"10"}
2026-09-08T10:59:59Z
{"BlockIO":"18.7MB / 121MB","CPUPerc":"2.00%","Container":"5440352fa90e","ID":"5440352fa90e","MemPerc":"1.37%","MemUsage":"103.2MiB / 7.38GiB","Name":"flash-cloud-bench-api-1","NetIO":"3.69GB / 2.52GB","PIDs":"7"}
{"BlockIO":"41.2MB / 806MB","CPUPerc":"10.32%","Container":"0c0c4eec6cd3","ID":"0c0c4eec6cd3","MemPerc":"0.85%","MemUsage":"64.03MiB / 7.38GiB","Name":"flash-cloud-bench-redis-1","NetIO":"3.47GB / 3.55GB","PIDs":"6"}
{"BlockIO":"0B / 0B","CPUPerc":"3.16%","Container":"facf8315afea","ID":"facf8315afea","MemPerc":"0.47%","MemUsage":"35.89MiB / 7.38GiB","Name":"flash-cloud-bench-consumer-1","NetIO":"41.9MB / 62.4MB","PIDs":"7"}
{"BlockIO":"0B / 0B","CPUPerc":"2.49%","Container":"d790ff1ba173","ID":"d790ff1ba173","MemPerc":"0.47%","MemUsage":"35.86MiB / 7.38GiB","Name":"flash-cloud-bench-publisher-1","NetIO":"40.9MB / 58.1MB","PIDs":"7"}
{"BlockIO":"4.77MB / 0B","CPUPerc":"3.80%","Container":"e0a44f45bbd7","ID":"e0a44f45bbd7","MemPerc":"0.52%","MemUsage":"39.27MiB / 7.38GiB","Name":"flash-cloud-bench-simulator-1","NetIO":"53.3MB / 67.3MB","PIDs":"10"}
{"BlockIO":"7.95MB / 0B","CPUPerc":"18.19%","Container":"a66f27ba8092","ID":"a66f27ba8092","MemPerc":"0.54%","MemUsage":"40.71MiB / 7.38GiB","Name":"flash-cloud-bench-maintenance-1","NetIO":"994MB / 3.39GB","PIDs":"6"}
{"BlockIO":"1.41MB / 0B","CPUPerc":"6.14%","Container":"6fea00feedc4","ID":"6fea00feedc4","MemPerc":"0.04%","MemUsage":"2.883MiB / 7.38GiB","Name":"flash-cloud-bench-pgbouncer-1","NetIO":"1.6GB / 1.6GB","PIDs":"1"}
{"BlockIO":"84.6MB / 2.03GB","CPUPerc":"67.06%","Container":"d440893966b4","ID":"d440893966b4","MemPerc":"2.06%","MemUsage":"156MiB / 7.38GiB","Name":"flash-cloud-bench-postgres-1","NetIO":"532MB / 1.11GB","PIDs":"16"}
{"BlockIO":"98.2MB / 62.2MB","CPUPerc":"16.40%","Container":"562ac1217807","ID":"562ac1217807","MemPerc":"13.19%","MemUsage":"996.6MiB / 7.38GiB","Name":"flash-cloud-bench-kafka-1","NetIO":"28.7MB / 24.1MB","PIDs":"101"}
{"BlockIO":"71.5MB / 2.85MB","CPUPerc":"0.38%","Container":"bc21247794d5","ID":"bc21247794d5","MemPerc":"1.27%","MemUsage":"95.9MiB / 7.38GiB","Name":"flash-cloud-bench-prometheus-1","NetIO":"11.8MB / 1.62MB","PIDs":"10"}
2026-09-08T11:00:09Z
{"BlockIO":"18.7MB / 124MB","CPUPerc":"2.01%","Container":"5440352fa90e","ID":"5440352fa90e","MemPerc":"1.37%","MemUsage":"103.3MiB / 7.38GiB","Name":"flash-cloud-bench-api-1","NetIO":"3.69GB / 2.52GB","PIDs":"7"}
{"BlockIO":"41.2MB / 806MB","CPUPerc":"15.45%","Container":"0c0c4eec6cd3","ID":"0c0c4eec6cd3","MemPerc":"0.85%","MemUsage":"64.01MiB / 7.38GiB","Name":"flash-cloud-bench-redis-1","NetIO":"3.49GB / 3.55GB","PIDs":"6"}
{"BlockIO":"0B / 0B","CPUPerc":"2.19%","Container":"facf8315afea","ID":"facf8315afea","MemPerc":"0.47%","MemUsage":"35.89MiB / 7.38GiB","Name":"flash-cloud-bench-consumer-1","NetIO":"42.2MB / 62.8MB","PIDs":"7"}
{"BlockIO":"0B / 0B","CPUPerc":"2.03%","Container":"d790ff1ba173","ID":"d790ff1ba173","MemPerc":"0.47%","MemUsage":"35.86MiB / 7.38GiB","Name":"flash-cloud-bench-publisher-1","NetIO":"41.1MB / 58.5MB","PIDs":"7"}
{"BlockIO":"4.77MB / 0B","CPUPerc":"2.81%","Container":"e0a44f45bbd7","ID":"e0a44f45bbd7","MemPerc":"0.52%","MemUsage":"39.27MiB / 7.38GiB","Name":"flash-cloud-bench-simulator-1","NetIO":"53.6MB / 67.7MB","PIDs":"10"}
{"BlockIO":"7.95MB / 0B","CPUPerc":"22.55%","Container":"a66f27ba8092","ID":"a66f27ba8092","MemPerc":"0.54%","MemUsage":"40.71MiB / 7.38GiB","Name":"flash-cloud-bench-maintenance-1","NetIO":"1GB / 3.41GB","PIDs":"6"}
{"BlockIO":"1.41MB / 0B","CPUPerc":"6.78%","Container":"6fea00feedc4","ID":"6fea00feedc4","MemPerc":"0.04%","MemUsage":"2.859MiB / 7.38GiB","Name":"flash-cloud-bench-pgbouncer-1","NetIO":"1.61GB / 1.61GB","PIDs":"1"}
{"BlockIO":"84.6MB / 2.04GB","CPUPerc":"61.06%","Container":"d440893966b4","ID":"d440893966b4","MemPerc":"2.06%","MemUsage":"156MiB / 7.38GiB","Name":"flash-cloud-bench-postgres-1","NetIO":"535MB / 1.12GB","PIDs":"16"}
{"BlockIO":"98.2MB / 62.9MB","CPUPerc":"129.38%","Container":"562ac1217807","ID":"562ac1217807","MemPerc":"13.84%","MemUsage":"1.021GiB / 7.38GiB","Name":"flash-cloud-bench-kafka-1","NetIO":"28.9MB / 24.2MB","PIDs":"124"}
{"BlockIO":"71.5MB / 2.85MB","CPUPerc":"0.15%","Container":"bc21247794d5","ID":"bc21247794d5","MemPerc":"1.27%","MemUsage":"95.91MiB / 7.38GiB","Name":"flash-cloud-bench-prometheus-1","NetIO":"11.9MB / 1.63MB","PIDs":"10"}
2026-09-08T11:00:19Z
{"BlockIO":"18.7MB / 126MB","CPUPerc":"1.98%","Container":"5440352fa90e","ID":"5440352fa90e","MemPerc":"1.37%","MemUsage":"103.3MiB / 7.38GiB","Name":"flash-cloud-bench-api-1","NetIO":"3.69GB / 2.52GB","PIDs":"7"}
{"BlockIO":"41.2MB / 806MB","CPUPerc":"10.53%","Container":"0c0c4eec6cd3","ID":"0c0c4eec6cd3","MemPerc":"0.85%","MemUsage":"63.98MiB / 7.38GiB","Name":"flash-cloud-bench-redis-1","NetIO":"3.51GB / 3.55GB","PIDs":"6"}
{"BlockIO":"0B / 0B","CPUPerc":"2.59%","Container":"facf8315afea","ID":"facf8315afea","MemPerc":"0.47%","MemUsage":"35.89MiB / 7.38GiB","Name":"flash-cloud-bench-consumer-1","NetIO":"42.5MB / 63.2MB","PIDs":"7"}
{"BlockIO":"0B / 0B","CPUPerc":"2.50%","Container":"d790ff1ba173","ID":"d790ff1ba173","MemPerc":"0.47%","MemUsage":"35.86MiB / 7.38GiB","Name":"flash-cloud-bench-publisher-1","NetIO":"41.4MB / 58.9MB","PIDs":"7"}
{"BlockIO":"4.77MB / 0B","CPUPerc":"3.93%","Container":"e0a44f45bbd7","ID":"e0a44f45bbd7","MemPerc":"0.52%","MemUsage":"39.27MiB / 7.38GiB","Name":"flash-cloud-bench-simulator-1","NetIO":"53.9MB / 68.1MB","PIDs":"10"}
{"BlockIO":"7.95MB / 0B","CPUPerc":"20.72%","Container":"a66f27ba8092","ID":"a66f27ba8092","MemPerc":"0.54%","MemUsage":"40.71MiB / 7.38GiB","Name":"flash-cloud-bench-maintenance-1","NetIO":"1.01GB / 3.43GB","PIDs":"6"}
{"BlockIO":"1.41MB / 0B","CPUPerc":"6.96%","Container":"6fea00feedc4","ID":"6fea00feedc4","MemPerc":"0.04%","MemUsage":"2.875MiB / 7.38GiB","Name":"flash-cloud-bench-pgbouncer-1","NetIO":"1.62GB / 1.62GB","PIDs":"1"}
{"BlockIO":"84.6MB / 2.06GB","CPUPerc":"64.02%","Container":"d440893966b4","ID":"d440893966b4","MemPerc":"2.07%","MemUsage":"156.1MiB / 7.38GiB","Name":"flash-cloud-bench-postgres-1","NetIO":"538MB / 1.12GB","PIDs":"16"}
{"BlockIO":"98.2MB / 63MB","CPUPerc":"1.24%","Container":"562ac1217807","ID":"562ac1217807","MemPerc":"13.19%","MemUsage":"996.6MiB / 7.38GiB","Name":"flash-cloud-bench-kafka-1","NetIO":"29.1MB / 24.4MB","PIDs":"101"}
{"BlockIO":"71.5MB / 2.85MB","CPUPerc":"0.14%","Container":"bc21247794d5","ID":"bc21247794d5","MemPerc":"1.27%","MemUsage":"95.91MiB / 7.38GiB","Name":"flash-cloud-bench-prometheus-1","NetIO":"11.9MB / 1.64MB","PIDs":"10"}
2026-09-08T11:00:29Z
{"BlockIO":"18.7MB / 127MB","CPUPerc":"1.99%","Container":"5440352fa90e","ID":"5440352fa90e","MemPerc":"1.37%","MemUsage":"103.3MiB / 7.38GiB","Name":"flash-cloud-bench-api-1","NetIO":"3.69GB / 2.52GB","PIDs":"7"}
{"BlockIO":"41.2MB / 806MB","CPUPerc":"9.59%","Container":"0c0c4eec6cd3","ID":"0c0c4eec6cd3","MemPerc":"0.85%","MemUsage":"63.91MiB / 7.38GiB","Name":"flash-cloud-bench-redis-1","NetIO":"3.53GB / 3.55GB","PIDs":"6"}
{"BlockIO":"0B / 0B","CPUPerc":"2.67%","Container":"facf8315afea","ID":"facf8315afea","MemPerc":"0.47%","MemUsage":"35.89MiB / 7.38GiB","Name":"flash-cloud-bench-consumer-1","NetIO":"42.7MB / 63.6MB","PIDs":"7"}
{"BlockIO":"0B / 0B","CPUPerc":"2.52%","Container":"d790ff1ba173","ID":"d790ff1ba173","MemPerc":"0.47%","MemUsage":"35.86MiB / 7.38GiB","Name":"flash-cloud-bench-publisher-1","NetIO":"41.6MB / 59.2MB","PIDs":"7"}
{"BlockIO":"4.77MB / 0B","CPUPerc":"3.74%","Container":"e0a44f45bbd7","ID":"e0a44f45bbd7","MemPerc":"0.52%","MemUsage":"39.27MiB / 7.38GiB","Name":"flash-cloud-bench-simulator-1","NetIO":"54.3MB / 68.5MB","PIDs":"10"}
{"BlockIO":"7.95MB / 0B","CPUPerc":"15.52%","Container":"a66f27ba8092","ID":"a66f27ba8092","MemPerc":"0.54%","MemUsage":"40.71MiB / 7.38GiB","Name":"flash-cloud-bench-maintenance-1","NetIO":"1.01GB / 3.45GB","PIDs":"6"}
{"BlockIO":"1.41MB / 0B","CPUPerc":"5.96%","Container":"6fea00feedc4","ID":"6fea00feedc4","MemPerc":"0.04%","MemUsage":"2.867MiB / 7.38GiB","Name":"flash-cloud-bench-pgbouncer-1","NetIO":"1.63GB / 1.63GB","PIDs":"1"}
{"BlockIO":"84.6MB / 2.07GB","CPUPerc":"69.63%","Container":"d440893966b4","ID":"d440893966b4","MemPerc":"2.07%","MemUsage":"156.2MiB / 7.38GiB","Name":"flash-cloud-bench-postgres-1","NetIO":"541MB / 1.13GB","PIDs":"16"}
{"BlockIO":"98.2MB / 63.2MB","CPUPerc":"1.29%","Container":"562ac1217807","ID":"562ac1217807","MemPerc":"13.19%","MemUsage":"996.6MiB / 7.38GiB","Name":"flash-cloud-bench-kafka-1","NetIO":"29.3MB / 24.5MB","PIDs":"101"}
{"BlockIO":"71.5MB / 2.85MB","CPUPerc":"0.03%","Container":"bc21247794d5","ID":"bc21247794d5","MemPerc":"1.27%","MemUsage":"95.91MiB / 7.38GiB","Name":"flash-cloud-bench-prometheus-1","NetIO":"12MB / 1.65MB","PIDs":"10"}
2026-09-08T11:00:40Z
{"BlockIO":"18.7MB / 129MB","CPUPerc":"98.62%","Container":"5440352fa90e","ID":"5440352fa90e","MemPerc":"1.35%","MemUsage":"101.9MiB / 7.38GiB","Name":"flash-cloud-bench-api-1","NetIO":"3.69GB / 2.52GB","PIDs":"7"}
{"BlockIO":"41.2MB / 835MB","CPUPerc":"12.81%","Container":"0c0c4eec6cd3","ID":"0c0c4eec6cd3","MemPerc":"0.85%","MemUsage":"63.9MiB / 7.38GiB","Name":"flash-cloud-bench-redis-1","NetIO":"3.55GB / 3.55GB","PIDs":"6"}
{"BlockIO":"0B / 0B","CPUPerc":"2.51%","Container":"facf8315afea","ID":"facf8315afea","MemPerc":"0.47%","MemUsage":"35.89MiB / 7.38GiB","Name":"flash-cloud-bench-consumer-1","NetIO":"43MB / 64MB","PIDs":"7"}
{"BlockIO":"0B / 0B","CPUPerc":"2.82%","Container":"d790ff1ba173","ID":"d790ff1ba173","MemPerc":"0.47%","MemUsage":"35.86MiB / 7.38GiB","Name":"flash-cloud-bench-publisher-1","NetIO":"41.9MB / 59.6MB","PIDs":"7"}
{"BlockIO":"4.77MB / 0B","CPUPerc":"2.74%","Container":"e0a44f45bbd7","ID":"e0a44f45bbd7","MemPerc":"0.52%","MemUsage":"39.27MiB / 7.38GiB","Name":"flash-cloud-bench-simulator-1","NetIO":"54.6MB / 68.9MB","PIDs":"10"}
{"BlockIO":"7.95MB / 0B","CPUPerc":"19.74%","Container":"a66f27ba8092","ID":"a66f27ba8092","MemPerc":"0.54%","MemUsage":"40.71MiB / 7.38GiB","Name":"flash-cloud-bench-maintenance-1","NetIO":"1.02GB / 3.47GB","PIDs":"6"}
{"BlockIO":"1.41MB / 0B","CPUPerc":"6.58%","Container":"6fea00feedc4","ID":"6fea00feedc4","MemPerc":"0.04%","MemUsage":"2.863MiB / 7.38GiB","Name":"flash-cloud-bench-pgbouncer-1","NetIO":"1.64GB / 1.64GB","PIDs":"1"}
{"BlockIO":"84.6MB / 2.08GB","CPUPerc":"69.24%","Container":"d440893966b4","ID":"d440893966b4","MemPerc":"2.06%","MemUsage":"155.9MiB / 7.38GiB","Name":"flash-cloud-bench-postgres-1","NetIO":"544MB / 1.14GB","PIDs":"16"}
{"BlockIO":"98.2MB / 63.8MB","CPUPerc":"1.52%","Container":"562ac1217807","ID":"562ac1217807","MemPerc":"13.19%","MemUsage":"996.6MiB / 7.38GiB","Name":"flash-cloud-bench-kafka-1","NetIO":"29.4MB / 24.7MB","PIDs":"101"}
{"BlockIO":"71.5MB / 2.89MB","CPUPerc":"0.00%","Container":"bc21247794d5","ID":"bc21247794d5","MemPerc":"1.27%","MemUsage":"95.91MiB / 7.38GiB","Name":"flash-cloud-bench-prometheus-1","NetIO":"12.1MB / 1.66MB","PIDs":"10"}
2026-09-08T11:00:50Z
{"BlockIO":"18.7MB / 129MB","CPUPerc":"0.15%","Container":"5440352fa90e","ID":"5440352fa90e","MemPerc":"1.35%","MemUsage":"102.1MiB / 7.38GiB","Name":"flash-cloud-bench-api-1","NetIO":"3.71GB / 2.54GB","PIDs":"10"}
{"BlockIO":"41.2MB / 835MB","CPUPerc":"10.08%","Container":"0c0c4eec6cd3","ID":"0c0c4eec6cd3","MemPerc":"0.85%","MemUsage":"63.96MiB / 7.38GiB","Name":"flash-cloud-bench-redis-1","NetIO":"3.57GB / 3.58GB","PIDs":"6"}
{"BlockIO":"0B / 0B","CPUPerc":"2.69%","Container":"facf8315afea","ID":"facf8315afea","MemPerc":"0.47%","MemUsage":"35.89MiB / 7.38GiB","Name":"flash-cloud-bench-consumer-1","NetIO":"43.2MB / 64.4MB","PIDs":"7"}
{"BlockIO":"0B / 0B","CPUPerc":"2.25%","Container":"d790ff1ba173","ID":"d790ff1ba173","MemPerc":"0.47%","MemUsage":"35.86MiB / 7.38GiB","Name":"flash-cloud-bench-publisher-1","NetIO":"42.2MB / 60MB","PIDs":"7"}
{"BlockIO":"4.77MB / 0B","CPUPerc":"2.98%","Container":"e0a44f45bbd7","ID":"e0a44f45bbd7","MemPerc":"0.52%","MemUsage":"39.27MiB / 7.38GiB","Name":"flash-cloud-bench-simulator-1","NetIO":"54.9MB / 69.3MB","PIDs":"10"}
{"BlockIO":"7.95MB / 0B","CPUPerc":"17.47%","Container":"a66f27ba8092","ID":"a66f27ba8092","MemPerc":"0.54%","MemUsage":"40.71MiB / 7.38GiB","Name":"flash-cloud-bench-maintenance-1","NetIO":"1.02GB / 3.49GB","PIDs":"6"}
{"BlockIO":"1.41MB / 0B","CPUPerc":"5.82%","Container":"6fea00feedc4","ID":"6fea00feedc4","MemPerc":"0.04%","MemUsage":"2.863MiB / 7.38GiB","Name":"flash-cloud-bench-pgbouncer-1","NetIO":"1.65GB / 1.65GB","PIDs":"1"}
{"BlockIO":"84.6MB / 2.09GB","CPUPerc":"70.08%","Container":"d440893966b4","ID":"d440893966b4","MemPerc":"2.07%","MemUsage":"156.3MiB / 7.38GiB","Name":"flash-cloud-bench-postgres-1","NetIO":"547MB / 1.14GB","PIDs":"16"}
{"BlockIO":"98.2MB / 64MB","CPUPerc":"1.21%","Container":"562ac1217807","ID":"562ac1217807","MemPerc":"13.19%","MemUsage":"996.6MiB / 7.38GiB","Name":"flash-cloud-bench-kafka-1","NetIO":"29.6MB / 24.8MB","PIDs":"101"}
{"BlockIO":"71.5MB / 2.89MB","CPUPerc":"0.02%","Container":"bc21247794d5","ID":"bc21247794d5","MemPerc":"1.27%","MemUsage":"95.91MiB / 7.38GiB","Name":"flash-cloud-bench-prometheus-1","NetIO":"12.1MB / 1.67MB","PIDs":"10"}
2026-09-08T11:01:00Z
{"BlockIO":"18.7MB / 129MB","CPUPerc":"1.12%","Container":"5440352fa90e","ID":"5440352fa90e","MemPerc":"1.35%","MemUsage":"102MiB / 7.38GiB","Name":"flash-cloud-bench-api-1","NetIO":"3.71GB / 2.54GB","PIDs":"7"}
{"BlockIO":"41.2MB / 835MB","CPUPerc":"10.48%","Container":"0c0c4eec6cd3","ID":"0c0c4eec6cd3","MemPerc":"0.85%","MemUsage":"63.92MiB / 7.38GiB","Name":"flash-cloud-bench-redis-1","NetIO":"3.59GB / 3.58GB","PIDs":"6"}
{"BlockIO":"0B / 0B","CPUPerc":"15.79%","Container":"facf8315afea","ID":"facf8315afea","MemPerc":"0.47%","MemUsage":"35.89MiB / 7.38GiB","Name":"flash-cloud-bench-consumer-1","NetIO":"43.5MB / 64.8MB","PIDs":"7"}
{"BlockIO":"0B / 0B","CPUPerc":"3.32%","Container":"d790ff1ba173","ID":"d790ff1ba173","MemPerc":"0.47%","MemUsage":"35.86MiB / 7.38GiB","Name":"flash-cloud-bench-publisher-1","NetIO":"42.4MB / 60.4MB","PIDs":"7"}
{"BlockIO":"4.77MB / 0B","CPUPerc":"3.83%","Container":"e0a44f45bbd7","ID":"e0a44f45bbd7","MemPerc":"0.52%","MemUsage":"39.27MiB / 7.38GiB","Name":"flash-cloud-bench-simulator-1","NetIO":"55.2MB / 69.7MB","PIDs":"10"}
{"BlockIO":"7.95MB / 0B","CPUPerc":"19.84%","Container":"a66f27ba8092","ID":"a66f27ba8092","MemPerc":"0.54%","MemUsage":"40.71MiB / 7.38GiB","Name":"flash-cloud-bench-maintenance-1","NetIO":"1.03GB / 3.51GB","PIDs":"6"}
{"BlockIO":"1.41MB / 0B","CPUPerc":"6.71%","Container":"6fea00feedc4","ID":"6fea00feedc4","MemPerc":"0.04%","MemUsage":"2.883MiB / 7.38GiB","Name":"flash-cloud-bench-pgbouncer-1","NetIO":"1.66GB / 1.66GB","PIDs":"1"}
{"BlockIO":"84.6MB / 2.1GB","CPUPerc":"65.21%","Container":"d440893966b4","ID":"d440893966b4","MemPerc":"2.07%","MemUsage":"156.5MiB / 7.38GiB","Name":"flash-cloud-bench-postgres-1","NetIO":"550MB / 1.15GB","PIDs":"16"}
{"BlockIO":"98.2MB / 64.1MB","CPUPerc":"1.50%","Container":"562ac1217807","ID":"562ac1217807","MemPerc":"13.19%","MemUsage":"996.6MiB / 7.38GiB","Name":"flash-cloud-bench-kafka-1","NetIO":"29.8MB / 25MB","PIDs":"101"}
{"BlockIO":"71.5MB / 2.89MB","CPUPerc":"0.02%","Container":"bc21247794d5","ID":"bc21247794d5","MemPerc":"1.27%","MemUsage":"95.91MiB / 7.38GiB","Name":"flash-cloud-bench-prometheus-1","NetIO":"12.2MB / 1.68MB","PIDs":"10"}
2026-09-08T11:01:10Z
{"BlockIO":"18.7MB / 129MB","CPUPerc":"0.11%","Container":"5440352fa90e","ID":"5440352fa90e","MemPerc":"1.35%","MemUsage":"102MiB / 7.38GiB","Name":"flash-cloud-bench-api-1","NetIO":"3.71GB / 2.54GB","PIDs":"7"}
{"BlockIO":"41.2MB / 835MB","CPUPerc":"7.61%","Container":"0c0c4eec6cd3","ID":"0c0c4eec6cd3","MemPerc":"0.84%","MemUsage":"63.81MiB / 7.38GiB","Name":"flash-cloud-bench-redis-1","NetIO":"3.61GB / 3.58GB","PIDs":"6"}
{"BlockIO":"0B / 0B","CPUPerc":"3.58%","Container":"facf8315afea","ID":"facf8315afea","MemPerc":"0.47%","MemUsage":"35.89MiB / 7.38GiB","Name":"flash-cloud-bench-consumer-1","NetIO":"43.8MB / 65.2MB","PIDs":"7"}
{"BlockIO":"0B / 0B","CPUPerc":"2.98%","Container":"d790ff1ba173","ID":"d790ff1ba173","MemPerc":"0.47%","MemUsage":"35.86MiB / 7.38GiB","Name":"flash-cloud-bench-publisher-1","NetIO":"42.7MB / 60.7MB","PIDs":"7"}
{"BlockIO":"4.77MB / 0B","CPUPerc":"3.62%","Container":"e0a44f45bbd7","ID":"e0a44f45bbd7","MemPerc":"0.52%","MemUsage":"39.27MiB / 7.38GiB","Name":"flash-cloud-bench-simulator-1","NetIO":"55.5MB / 70.1MB","PIDs":"10"}
{"BlockIO":"7.95MB / 0B","CPUPerc":"11.26%","Container":"a66f27ba8092","ID":"a66f27ba8092","MemPerc":"0.54%","MemUsage":"40.71MiB / 7.38GiB","Name":"flash-cloud-bench-maintenance-1","NetIO":"1.04GB / 3.54GB","PIDs":"6"}
{"BlockIO":"1.41MB / 0B","CPUPerc":"5.03%","Container":"6fea00feedc4","ID":"6fea00feedc4","MemPerc":"0.04%","MemUsage":"2.859MiB / 7.38GiB","Name":"flash-cloud-bench-pgbouncer-1","NetIO":"1.67GB / 1.66GB","PIDs":"1"}
{"BlockIO":"84.6MB / 2.12GB","CPUPerc":"86.96%","Container":"d440893966b4","ID":"d440893966b4","MemPerc":"2.13%","MemUsage":"160.6MiB / 7.38GiB","Name":"flash-cloud-bench-postgres-1","NetIO":"553MB / 1.16GB","PIDs":"18"}
{"BlockIO":"98.2MB / 64.8MB","CPUPerc":"1.50%","Container":"562ac1217807","ID":"562ac1217807","MemPerc":"13.19%","MemUsage":"996.7MiB / 7.38GiB","Name":"flash-cloud-bench-kafka-1","NetIO":"30MB / 25.1MB","PIDs":"101"}
{"BlockIO":"71.5MB / 2.93MB","CPUPerc":"0.02%","Container":"bc21247794d5","ID":"bc21247794d5","MemPerc":"1.27%","MemUsage":"95.91MiB / 7.38GiB","Name":"flash-cloud-bench-prometheus-1","NetIO":"12.3MB / 1.69MB","PIDs":"10"}
2026-09-08T11:01:20Z
{"BlockIO":"18.7MB / 129MB","CPUPerc":"77.90%","Container":"5440352fa90e","ID":"5440352fa90e","MemPerc":"1.36%","MemUsage":"102.7MiB / 7.38GiB","Name":"flash-cloud-bench-api-1","NetIO":"3.76GB / 2.57GB","PIDs":"21"}
{"BlockIO":"41.2MB / 835MB","CPUPerc":"13.42%","Container":"0c0c4eec6cd3","ID":"0c0c4eec6cd3","MemPerc":"0.85%","MemUsage":"64.31MiB / 7.38GiB","Name":"flash-cloud-bench-redis-1","NetIO":"3.63GB / 3.62GB","PIDs":"6"}
{"BlockIO":"0B / 0B","CPUPerc":"2.92%","Container":"facf8315afea","ID":"facf8315afea","MemPerc":"0.47%","MemUsage":"35.89MiB / 7.38GiB","Name":"flash-cloud-bench-consumer-1","NetIO":"44.1MB / 65.7MB","PIDs":"7"}
{"BlockIO":"0B / 0B","CPUPerc":"2.56%","Container":"d790ff1ba173","ID":"d790ff1ba173","MemPerc":"0.47%","MemUsage":"35.86MiB / 7.38GiB","Name":"flash-cloud-bench-publisher-1","NetIO":"43MB / 61.1MB","PIDs":"7"}
{"BlockIO":"4.77MB / 0B","CPUPerc":"3.15%","Container":"e0a44f45bbd7","ID":"e0a44f45bbd7","MemPerc":"0.52%","MemUsage":"39.27MiB / 7.38GiB","Name":"flash-cloud-bench-simulator-1","NetIO":"55.8MB / 70.5MB","PIDs":"10"}
{"BlockIO":"7.95MB / 0B","CPUPerc":"10.87%","Container":"a66f27ba8092","ID":"a66f27ba8092","MemPerc":"0.54%","MemUsage":"40.71MiB / 7.38GiB","Name":"flash-cloud-bench-maintenance-1","NetIO":"1.04GB / 3.55GB","PIDs":"6"}
{"BlockIO":"1.41MB / 0B","CPUPerc":"7.09%","Container":"6fea00feedc4","ID":"6fea00feedc4","MemPerc":"0.04%","MemUsage":"2.875MiB / 7.38GiB","Name":"flash-cloud-bench-pgbouncer-1","NetIO":"1.68GB / 1.67GB","PIDs":"1"}
{"BlockIO":"84.6MB / 2.14GB","CPUPerc":"15.62%","Container":"d440893966b4","ID":"d440893966b4","MemPerc":"2.08%","MemUsage":"157MiB / 7.38GiB","Name":"flash-cloud-bench-postgres-1","NetIO":"557MB / 1.16GB","PIDs":"16"}
{"BlockIO":"98.2MB / 65.3MB","CPUPerc":"140.98%","Container":"562ac1217807","ID":"562ac1217807","MemPerc":"14.12%","MemUsage":"1.042GiB / 7.38GiB","Name":"flash-cloud-bench-kafka-1","NetIO":"30.2MB / 25.3MB","PIDs":"120"}
{"BlockIO":"71.5MB / 2.93MB","CPUPerc":"0.02%","Container":"bc21247794d5","ID":"bc21247794d5","MemPerc":"1.27%","MemUsage":"95.97MiB / 7.38GiB","Name":"flash-cloud-bench-prometheus-1","NetIO":"12.4MB / 1.69MB","PIDs":"10"}
2026-09-08T11:01:29Z
{"BlockIO":"18.7MB / 129MB","CPUPerc":"75.19%","Container":"5440352fa90e","ID":"5440352fa90e","MemPerc":"1.36%","MemUsage":"102.6MiB / 7.38GiB","Name":"flash-cloud-bench-api-1","NetIO":"3.82GB / 2.61GB","PIDs":"18"}
{"BlockIO":"41.2MB / 835MB","CPUPerc":"18.04%","Container":"0c0c4eec6cd3","ID":"0c0c4eec6cd3","MemPerc":"0.85%","MemUsage":"64.15MiB / 7.38GiB","Name":"flash-cloud-bench-redis-1","NetIO":"3.65GB / 3.68GB","PIDs":"6"}
{"BlockIO":"0B / 0B","CPUPerc":"2.78%","Container":"facf8315afea","ID":"facf8315afea","MemPerc":"0.48%","MemUsage":"36.15MiB / 7.38GiB","Name":"flash-cloud-bench-consumer-1","NetIO":"44.4MB / 66.1MB","PIDs":"7"}
{"BlockIO":"0B / 0B","CPUPerc":"2.73%","Container":"d790ff1ba173","ID":"d790ff1ba173","MemPerc":"0.47%","MemUsage":"35.86MiB / 7.38GiB","Name":"flash-cloud-bench-publisher-1","NetIO":"43.2MB / 61.4MB","PIDs":"7"}
{"BlockIO":"4.77MB / 0B","CPUPerc":"3.54%","Container":"e0a44f45bbd7","ID":"e0a44f45bbd7","MemPerc":"0.52%","MemUsage":"39.27MiB / 7.38GiB","Name":"flash-cloud-bench-simulator-1","NetIO":"56.1MB / 70.8MB","PIDs":"10"}
{"BlockIO":"7.95MB / 0B","CPUPerc":"26.49%","Container":"a66f27ba8092","ID":"a66f27ba8092","MemPerc":"0.54%","MemUsage":"40.71MiB / 7.38GiB","Name":"flash-cloud-bench-maintenance-1","NetIO":"1.05GB / 3.58GB","PIDs":"6"}
{"BlockIO":"1.41MB / 0B","CPUPerc":"8.88%","Container":"6fea00feedc4","ID":"6fea00feedc4","MemPerc":"0.04%","MemUsage":"2.863MiB / 7.38GiB","Name":"flash-cloud-bench-pgbouncer-1","NetIO":"1.69GB / 1.69GB","PIDs":"1"}
{"BlockIO":"84.6MB / 2.15GB","CPUPerc":"26.62%","Container":"d440893966b4","ID":"d440893966b4","MemPerc":"2.08%","MemUsage":"157.2MiB / 7.38GiB","Name":"flash-cloud-bench-postgres-1","NetIO":"561MB / 1.17GB","PIDs":"16"}
{"BlockIO":"98.2MB / 65.7MB","CPUPerc":"3.28%","Container":"562ac1217807","ID":"562ac1217807","MemPerc":"13.21%","MemUsage":"998.3MiB / 7.38GiB","Name":"flash-cloud-bench-kafka-1","NetIO":"30.4MB / 25.5MB","PIDs":"107"}
{"BlockIO":"71.5MB / 2.93MB","CPUPerc":"0.01%","Container":"bc21247794d5","ID":"bc21247794d5","MemPerc":"1.27%","MemUsage":"95.96MiB / 7.38GiB","Name":"flash-cloud-bench-prometheus-1","NetIO":"12.4MB / 1.7MB","PIDs":"10"}
2026-09-08T11:01:39Z
{"BlockIO":"18.7MB / 129MB","CPUPerc":"71.77%","Container":"5440352fa90e","ID":"5440352fa90e","MemPerc":"1.36%","MemUsage":"102.8MiB / 7.38GiB","Name":"flash-cloud-bench-api-1","NetIO":"3.87GB / 2.64GB","PIDs":"16"}
{"BlockIO":"41.2MB / 864MB","CPUPerc":"12.56%","Container":"0c0c4eec6cd3","ID":"0c0c4eec6cd3","MemPerc":"0.85%","MemUsage":"64.2MiB / 7.38GiB","Name":"flash-cloud-bench-redis-1","NetIO":"3.68GB / 3.73GB","PIDs":"6"}
{"BlockIO":"0B / 0B","CPUPerc":"3.42%","Container":"facf8315afea","ID":"facf8315afea","MemPerc":"0.47%","MemUsage":"35.89MiB / 7.38GiB","Name":"flash-cloud-bench-consumer-1","NetIO":"44.7MB / 66.5MB","PIDs":"7"}
{"BlockIO":"0B / 0B","CPUPerc":"2.56%","Container":"d790ff1ba173","ID":"d790ff1ba173","MemPerc":"0.47%","MemUsage":"35.86MiB / 7.38GiB","Name":"flash-cloud-bench-publisher-1","NetIO":"43.4MB / 61.7MB","PIDs":"7"}
{"BlockIO":"4.77MB / 0B","CPUPerc":"4.01%","Container":"e0a44f45bbd7","ID":"e0a44f45bbd7","MemPerc":"0.52%","MemUsage":"39.27MiB / 7.38GiB","Name":"flash-cloud-bench-simulator-1","NetIO":"56.4MB / 71.2MB","PIDs":"10"}
{"BlockIO":"7.95MB / 0B","CPUPerc":"11.76%","Container":"a66f27ba8092","ID":"a66f27ba8092","MemPerc":"0.54%","MemUsage":"40.71MiB / 7.38GiB","Name":"flash-cloud-bench-maintenance-1","NetIO":"1.05GB / 3.6GB","PIDs":"6"}
{"BlockIO":"1.41MB / 0B","CPUPerc":"6.22%","Container":"6fea00feedc4","ID":"6fea00feedc4","MemPerc":"0.04%","MemUsage":"2.863MiB / 7.38GiB","Name":"flash-cloud-bench-pgbouncer-1","NetIO":"1.7GB / 1.7GB","PIDs":"1"}
{"BlockIO":"84.6MB / 2.17GB","CPUPerc":"15.07%","Container":"d440893966b4","ID":"d440893966b4","MemPerc":"2.09%","MemUsage":"157.6MiB / 7.38GiB","Name":"flash-cloud-bench-postgres-1","NetIO":"564MB / 1.18GB","PIDs":"16"}
{"BlockIO":"98.2MB / 65.8MB","CPUPerc":"1.68%","Container":"562ac1217807","ID":"562ac1217807","MemPerc":"13.19%","MemUsage":"996.7MiB / 7.38GiB","Name":"flash-cloud-bench-kafka-1","NetIO":"30.6MB / 25.6MB","PIDs":"101"}
{"BlockIO":"71.5MB / 2.97MB","CPUPerc":"0.12%","Container":"bc21247794d5","ID":"bc21247794d5","MemPerc":"1.27%","MemUsage":"95.96MiB / 7.38GiB","Name":"flash-cloud-bench-prometheus-1","NetIO":"12.5MB / 1.71MB","PIDs":"10"}
2026-09-08T11:01:49Z
{"BlockIO":"18.7MB / 129MB","CPUPerc":"67.09%","Container":"5440352fa90e","ID":"5440352fa90e","MemPerc":"1.36%","MemUsage":"102.8MiB / 7.38GiB","Name":"flash-cloud-bench-api-1","NetIO":"3.92GB / 2.67GB","PIDs":"18"}
{"BlockIO":"41.2MB / 864MB","CPUPerc":"22.55%","Container":"0c0c4eec6cd3","ID":"0c0c4eec6cd3","MemPerc":"0.85%","MemUsage":"64.29MiB / 7.38GiB","Name":"flash-cloud-bench-redis-1","NetIO":"3.7GB / 3.77GB","PIDs":"6"}
{"BlockIO":"0B / 0B","CPUPerc":"3.37%","Container":"facf8315afea","ID":"facf8315afea","MemPerc":"0.47%","MemUsage":"35.89MiB / 7.38GiB","Name":"flash-cloud-bench-consumer-1","NetIO":"44.9MB / 66.9MB","PIDs":"7"}
{"BlockIO":"0B / 0B","CPUPerc":"2.56%","Container":"d790ff1ba173","ID":"d790ff1ba173","MemPerc":"0.47%","MemUsage":"35.86MiB / 7.38GiB","Name":"flash-cloud-bench-publisher-1","NetIO":"43.6MB / 62.1MB","PIDs":"7"}
{"BlockIO":"4.77MB / 0B","CPUPerc":"3.36%","Container":"e0a44f45bbd7","ID":"e0a44f45bbd7","MemPerc":"0.52%","MemUsage":"39.27MiB / 7.38GiB","Name":"flash-cloud-bench-simulator-1","NetIO":"56.7MB / 71.6MB","PIDs":"10"}
{"BlockIO":"7.95MB / 0B","CPUPerc":"23.97%","Container":"a66f27ba8092","ID":"a66f27ba8092","MemPerc":"0.54%","MemUsage":"40.71MiB / 7.38GiB","Name":"flash-cloud-bench-maintenance-1","NetIO":"1.06GB / 3.62GB","PIDs":"6"}
{"BlockIO":"1.41MB / 0B","CPUPerc":"8.87%","Container":"6fea00feedc4","ID":"6fea00feedc4","MemPerc":"0.04%","MemUsage":"2.863MiB / 7.38GiB","Name":"flash-cloud-bench-pgbouncer-1","NetIO":"1.71GB / 1.71GB","PIDs":"1"}
{"BlockIO":"84.6MB / 2.18GB","CPUPerc":"20.95%","Container":"d440893966b4","ID":"d440893966b4","MemPerc":"2.09%","MemUsage":"158MiB / 7.38GiB","Name":"flash-cloud-bench-postgres-1","NetIO":"568MB / 1.19GB","PIDs":"16"}
{"BlockIO":"98.2MB / 66MB","CPUPerc":"1.36%","Container":"562ac1217807","ID":"562ac1217807","MemPerc":"13.19%","MemUsage":"996.7MiB / 7.38GiB","Name":"flash-cloud-bench-kafka-1","NetIO":"30.8MB / 25.8MB","PIDs":"101"}
{"BlockIO":"71.5MB / 2.97MB","CPUPerc":"0.15%","Container":"bc21247794d5","ID":"bc21247794d5","MemPerc":"1.27%","MemUsage":"95.96MiB / 7.38GiB","Name":"flash-cloud-bench-prometheus-1","NetIO":"12.6MB / 1.72MB","PIDs":"10"}
2026-09-08T11:01:59Z
{"BlockIO":"18.7MB / 129MB","CPUPerc":"104.78%","Container":"5440352fa90e","ID":"5440352fa90e","MemPerc":"1.36%","MemUsage":"102.8MiB / 7.38GiB","Name":"flash-cloud-bench-api-1","NetIO":"3.96GB / 2.7GB","PIDs":"15"}
{"BlockIO":"41.2MB / 864MB","CPUPerc":"17.77%","Container":"0c0c4eec6cd3","ID":"0c0c4eec6cd3","MemPerc":"0.85%","MemUsage":"64.08MiB / 7.38GiB","Name":"flash-cloud-bench-redis-1","NetIO":"3.72GB / 3.82GB","PIDs":"6"}
{"BlockIO":"0B / 0B","CPUPerc":"3.39%","Container":"facf8315afea","ID":"facf8315afea","MemPerc":"0.47%","MemUsage":"35.89MiB / 7.38GiB","Name":"flash-cloud-bench-consumer-1","NetIO":"45.2MB / 67.3MB","PIDs":"7"}
{"BlockIO":"0B / 0B","CPUPerc":"2.55%","Container":"d790ff1ba173","ID":"d790ff1ba173","MemPerc":"0.47%","MemUsage":"35.86MiB / 7.38GiB","Name":"flash-cloud-bench-publisher-1","NetIO":"43.9MB / 62.4MB","PIDs":"7"}
{"BlockIO":"4.77MB / 0B","CPUPerc":"3.21%","Container":"e0a44f45bbd7","ID":"e0a44f45bbd7","MemPerc":"0.52%","MemUsage":"39.27MiB / 7.38GiB","Name":"flash-cloud-bench-simulator-1","NetIO":"57.1MB / 72MB","PIDs":"10"}
{"BlockIO":"7.95MB / 0B","CPUPerc":"17.75%","Container":"a66f27ba8092","ID":"a66f27ba8092","MemPerc":"0.54%","MemUsage":"40.71MiB / 7.38GiB","Name":"flash-cloud-bench-maintenance-1","NetIO":"1.07GB / 3.64GB","PIDs":"6"}
{"BlockIO":"1.41MB / 0B","CPUPerc":"7.95%","Container":"6fea00feedc4","ID":"6fea00feedc4","MemPerc":"0.04%","MemUsage":"2.859MiB / 7.38GiB","Name":"flash-cloud-bench-pgbouncer-1","NetIO":"1.72GB / 1.72GB","PIDs":"1"}
{"BlockIO":"84.6MB / 2.2GB","CPUPerc":"23.32%","Container":"d440893966b4","ID":"d440893966b4","MemPerc":"2.09%","MemUsage":"158.3MiB / 7.38GiB","Name":"flash-cloud-bench-postgres-1","NetIO":"572MB / 1.19GB","PIDs":"16"}
{"BlockIO":"98.2MB / 66.7MB","CPUPerc":"1.37%","Container":"562ac1217807","ID":"562ac1217807","MemPerc":"13.19%","MemUsage":"996.7MiB / 7.38GiB","Name":"flash-cloud-bench-kafka-1","NetIO":"30.9MB / 25.9MB","PIDs":"101"}
{"BlockIO":"71.5MB / 2.97MB","CPUPerc":"0.15%","Container":"bc21247794d5","ID":"bc21247794d5","MemPerc":"1.27%","MemUsage":"95.97MiB / 7.38GiB","Name":"flash-cloud-bench-prometheus-1","NetIO":"12.6MB / 1.73MB","PIDs":"10"}
2026-09-08T11:02:10Z
{"BlockIO":"18.7MB / 129MB","CPUPerc":"103.56%","Container":"5440352fa90e","ID":"5440352fa90e","MemPerc":"1.37%","MemUsage":"103.6MiB / 7.38GiB","Name":"flash-cloud-bench-api-1","NetIO":"4GB / 2.73GB","PIDs":"19"}
{"BlockIO":"41.2MB / 864MB","CPUPerc":"21.80%","Container":"0c0c4eec6cd3","ID":"0c0c4eec6cd3","MemPerc":"0.85%","MemUsage":"64.27MiB / 7.38GiB","Name":"flash-cloud-bench-redis-1","NetIO":"3.75GB / 3.86GB","PIDs":"6"}
{"BlockIO":"0B / 0B","CPUPerc":"3.61%","Container":"facf8315afea","ID":"facf8315afea","MemPerc":"0.47%","MemUsage":"35.89MiB / 7.38GiB","Name":"flash-cloud-bench-consumer-1","NetIO":"45.5MB / 67.6MB","PIDs":"7"}
{"BlockIO":"0B / 0B","CPUPerc":"2.87%","Container":"d790ff1ba173","ID":"d790ff1ba173","MemPerc":"0.47%","MemUsage":"35.86MiB / 7.38GiB","Name":"flash-cloud-bench-publisher-1","NetIO":"44.1MB / 62.7MB","PIDs":"7"}
{"BlockIO":"4.77MB / 0B","CPUPerc":"3.19%","Container":"e0a44f45bbd7","ID":"e0a44f45bbd7","MemPerc":"0.52%","MemUsage":"39.27MiB / 7.38GiB","Name":"flash-cloud-bench-simulator-1","NetIO":"57.4MB / 72.4MB","PIDs":"10"}
{"BlockIO":"7.95MB / 0B","CPUPerc":"23.68%","Container":"a66f27ba8092","ID":"a66f27ba8092","MemPerc":"0.54%","MemUsage":"40.71MiB / 7.38GiB","Name":"flash-cloud-bench-maintenance-1","NetIO":"1.07GB / 3.66GB","PIDs":"6"}
{"BlockIO":"1.41MB / 0B","CPUPerc":"8.65%","Container":"6fea00feedc4","ID":"6fea00feedc4","MemPerc":"0.04%","MemUsage":"2.863MiB / 7.38GiB","Name":"flash-cloud-bench-pgbouncer-1","NetIO":"1.73GB / 1.73GB","PIDs":"1"}
{"BlockIO":"84.6MB / 2.21GB","CPUPerc":"20.80%","Container":"d440893966b4","ID":"d440893966b4","MemPerc":"2.10%","MemUsage":"158.6MiB / 7.38GiB","Name":"flash-cloud-bench-postgres-1","NetIO":"575MB / 1.2GB","PIDs":"16"}
{"BlockIO":"98.2MB / 66.8MB","CPUPerc":"1.65%","Container":"562ac1217807","ID":"562ac1217807","MemPerc":"13.19%","MemUsage":"996.7MiB / 7.38GiB","Name":"flash-cloud-bench-kafka-1","NetIO":"31.1MB / 26.1MB","PIDs":"101"}
{"BlockIO":"71.5MB / 3MB","CPUPerc":"0.00%","Container":"bc21247794d5","ID":"bc21247794d5","MemPerc":"1.27%","MemUsage":"95.96MiB / 7.38GiB","Name":"flash-cloud-bench-prometheus-1","NetIO":"12.7MB / 1.74MB","PIDs":"10"}
2026-09-08T11:02:20Z
{"BlockIO":"18.7MB / 129MB","CPUPerc":"66.40%","Container":"5440352fa90e","ID":"5440352fa90e","MemPerc":"1.37%","MemUsage":"103.6MiB / 7.38GiB","Name":"flash-cloud-bench-api-1","NetIO":"4.05GB / 2.76GB","PIDs":"16"}
{"BlockIO":"41.2MB / 864MB","CPUPerc":"19.40%","Container":"0c0c4eec6cd3","ID":"0c0c4eec6cd3","MemPerc":"0.87%","MemUsage":"66.1MiB / 7.38GiB","Name":"flash-cloud-bench-redis-1","NetIO":"3.77GB / 3.9GB","PIDs":"12"}
{"BlockIO":"0B / 0B","CPUPerc":"2.73%","Container":"facf8315afea","ID":"facf8315afea","MemPerc":"0.47%","MemUsage":"35.89MiB / 7.38GiB","Name":"flash-cloud-bench-consumer-1","NetIO":"45.7MB / 68MB","PIDs":"7"}
{"BlockIO":"0B / 0B","CPUPerc":"2.15%","Container":"d790ff1ba173","ID":"d790ff1ba173","MemPerc":"0.47%","MemUsage":"35.86MiB / 7.38GiB","Name":"flash-cloud-bench-publisher-1","NetIO":"44.3MB / 63MB","PIDs":"7"}
{"BlockIO":"4.77MB / 0B","CPUPerc":"3.32%","Container":"e0a44f45bbd7","ID":"e0a44f45bbd7","MemPerc":"0.52%","MemUsage":"39.28MiB / 7.38GiB","Name":"flash-cloud-bench-simulator-1","NetIO":"57.7MB / 72.8MB","PIDs":"10"}
{"BlockIO":"7.95MB / 0B","CPUPerc":"20.46%","Container":"a66f27ba8092","ID":"a66f27ba8092","MemPerc":"0.54%","MemUsage":"40.71MiB / 7.38GiB","Name":"flash-cloud-bench-maintenance-1","NetIO":"1.08GB / 3.68GB","PIDs":"6"}
{"BlockIO":"1.41MB / 0B","CPUPerc":"7.85%","Container":"6fea00feedc4","ID":"6fea00feedc4","MemPerc":"0.04%","MemUsage":"2.863MiB / 7.38GiB","Name":"flash-cloud-bench-pgbouncer-1","NetIO":"1.74GB / 1.74GB","PIDs":"1"}
{"BlockIO":"84.6MB / 2.22GB","CPUPerc":"18.59%","Container":"d440893966b4","ID":"d440893966b4","MemPerc":"2.14%","MemUsage":"161.5MiB / 7.38GiB","Name":"flash-cloud-bench-postgres-1","NetIO":"579MB / 1.21GB","PIDs":"17"}
{"BlockIO":"98.2MB / 67.4MB","CPUPerc":"1.19%","Container":"562ac1217807","ID":"562ac1217807","MemPerc":"13.19%","MemUsage":"996.7MiB / 7.38GiB","Name":"flash-cloud-bench-kafka-1","NetIO":"31.3MB / 26.2MB","PIDs":"101"}
{"BlockIO":"71.5MB / 3MB","CPUPerc":"0.01%","Container":"bc21247794d5","ID":"bc21247794d5","MemPerc":"1.27%","MemUsage":"95.96MiB / 7.38GiB","Name":"flash-cloud-bench-prometheus-1","NetIO":"12.8MB / 1.75MB","PIDs":"10"}
2026-09-08T11:02:30Z
{"BlockIO":"18.7MB / 129MB","CPUPerc":"65.04%","Container":"5440352fa90e","ID":"5440352fa90e","MemPerc":"1.37%","MemUsage":"103.9MiB / 7.38GiB","Name":"flash-cloud-bench-api-1","NetIO":"4.09GB / 2.79GB","PIDs":"18"}
{"BlockIO":"41.2MB / 864MB","CPUPerc":"17.69%","Container":"0c0c4eec6cd3","ID":"0c0c4eec6cd3","MemPerc":"0.86%","MemUsage":"64.62MiB / 7.38GiB","Name":"flash-cloud-bench-redis-1","NetIO":"3.79GB / 3.94GB","PIDs":"6"}
{"BlockIO":"0B / 0B","CPUPerc":"3.31%","Container":"facf8315afea","ID":"facf8315afea","MemPerc":"0.47%","MemUsage":"35.89MiB / 7.38GiB","Name":"flash-cloud-bench-consumer-1","NetIO":"46MB / 68.4MB","PIDs":"7"}
{"BlockIO":"0B / 0B","CPUPerc":"2.46%","Container":"d790ff1ba173","ID":"d790ff1ba173","MemPerc":"0.47%","MemUsage":"35.86MiB / 7.38GiB","Name":"flash-cloud-bench-publisher-1","NetIO":"44.5MB / 63.3MB","PIDs":"7"}
{"BlockIO":"4.77MB / 0B","CPUPerc":"3.73%","Container":"e0a44f45bbd7","ID":"e0a44f45bbd7","MemPerc":"0.52%","MemUsage":"39.27MiB / 7.38GiB","Name":"flash-cloud-bench-simulator-1","NetIO":"58MB / 73.2MB","PIDs":"10"}
{"BlockIO":"7.95MB / 0B","CPUPerc":"22.44%","Container":"a66f27ba8092","ID":"a66f27ba8092","MemPerc":"0.54%","MemUsage":"40.71MiB / 7.38GiB","Name":"flash-cloud-bench-maintenance-1","NetIO":"1.09GB / 3.7GB","PIDs":"6"}
{"BlockIO":"1.41MB / 0B","CPUPerc":"8.40%","Container":"6fea00feedc4","ID":"6fea00feedc4","MemPerc":"0.04%","MemUsage":"2.879MiB / 7.38GiB","Name":"flash-cloud-bench-pgbouncer-1","NetIO":"1.75GB / 1.75GB","PIDs":"1"}
{"BlockIO":"84.6MB / 2.24GB","CPUPerc":"25.82%","Container":"d440893966b4","ID":"d440893966b4","MemPerc":"2.14%","MemUsage":"161.8MiB / 7.38GiB","Name":"flash-cloud-bench-postgres-1","NetIO":"583MB / 1.21GB","PIDs":"17"}
{"BlockIO":"98.2MB / 67.9MB","CPUPerc":"1.39%","Container":"562ac1217807","ID":"562ac1217807","MemPerc":"13.19%","MemUsage":"996.8MiB / 7.38GiB","Name":"flash-cloud-bench-kafka-1","NetIO":"31.5MB / 26.4MB","PIDs":"101"}
{"BlockIO":"71.5MB / 3MB","CPUPerc":"0.01%","Container":"bc21247794d5","ID":"bc21247794d5","MemPerc":"1.27%","MemUsage":"95.97MiB / 7.38GiB","Name":"flash-cloud-bench-prometheus-1","NetIO":"12.8MB / 1.76MB","PIDs":"10"}
2026-09-08T11:02:40Z
{"BlockIO":"18.7MB / 129MB","CPUPerc":"65.88%","Container":"5440352fa90e","ID":"5440352fa90e","MemPerc":"1.38%","MemUsage":"104.1MiB / 7.38GiB","Name":"flash-cloud-bench-api-1","NetIO":"4.13GB / 2.81GB","PIDs":"18"}
{"BlockIO":"41.2MB / 893MB","CPUPerc":"18.47%","Container":"0c0c4eec6cd3","ID":"0c0c4eec6cd3","MemPerc":"0.85%","MemUsage":"64.39MiB / 7.38GiB","Name":"flash-cloud-bench-redis-1","NetIO":"3.82GB / 3.98GB","PIDs":"6"}
{"BlockIO":"0B / 0B","CPUPerc":"3.12%","Container":"facf8315afea","ID":"facf8315afea","MemPerc":"0.47%","MemUsage":"35.89MiB / 7.38GiB","Name":"flash-cloud-bench-consumer-1","NetIO":"46.2MB / 68.8MB","PIDs":"7"}
{"BlockIO":"0B / 0B","CPUPerc":"2.76%","Container":"d790ff1ba173","ID":"d790ff1ba173","MemPerc":"0.47%","MemUsage":"35.86MiB / 7.38GiB","Name":"flash-cloud-bench-publisher-1","NetIO":"44.8MB / 63.6MB","PIDs":"7"}
{"BlockIO":"4.77MB / 0B","CPUPerc":"2.55%","Container":"e0a44f45bbd7","ID":"e0a44f45bbd7","MemPerc":"0.52%","MemUsage":"39.27MiB / 7.38GiB","Name":"flash-cloud-bench-simulator-1","NetIO":"58.3MB / 73.6MB","PIDs":"10"}
{"BlockIO":"7.95MB / 0B","CPUPerc":"20.88%","Container":"a66f27ba8092","ID":"a66f27ba8092","MemPerc":"0.54%","MemUsage":"40.71MiB / 7.38GiB","Name":"flash-cloud-bench-maintenance-1","NetIO":"1.09GB / 3.72GB","PIDs":"6"}
{"BlockIO":"1.41MB / 0B","CPUPerc":"8.42%","Container":"6fea00feedc4","ID":"6fea00feedc4","MemPerc":"0.04%","MemUsage":"2.875MiB / 7.38GiB","Name":"flash-cloud-bench-pgbouncer-1","NetIO":"1.76GB / 1.76GB","PIDs":"1"}
{"BlockIO":"84.6MB / 2.25GB","CPUPerc":"20.16%","Container":"d440893966b4","ID":"d440893966b4","MemPerc":"2.15%","MemUsage":"162.1MiB / 7.38GiB","Name":"flash-cloud-bench-postgres-1","NetIO":"586MB / 1.22GB","PIDs":"17"}
{"BlockIO":"98.2MB / 68.2MB","CPUPerc":"174.87%","Container":"562ac1217807","ID":"562ac1217807","MemPerc":"14.12%","MemUsage":"1.042GiB / 7.38GiB","Name":"flash-cloud-bench-kafka-1","NetIO":"31.6MB / 26.5MB","PIDs":"120"}
{"BlockIO":"71.5MB / 3MB","CPUPerc":"0.01%","Container":"bc21247794d5","ID":"bc21247794d5","MemPerc":"1.27%","MemUsage":"95.98MiB / 7.38GiB","Name":"flash-cloud-bench-prometheus-1","NetIO":"12.9MB / 1.77MB","PIDs":"10"}
2026-09-08T11:02:50Z
{"BlockIO":"18.7MB / 129MB","CPUPerc":"64.06%","Container":"5440352fa90e","ID":"5440352fa90e","MemPerc":"1.38%","MemUsage":"104.4MiB / 7.38GiB","Name":"flash-cloud-bench-api-1","NetIO":"4.17GB / 2.84GB","PIDs":"18"}
{"BlockIO":"41.2MB / 893MB","CPUPerc":"14.15%","Container":"0c0c4eec6cd3","ID":"0c0c4eec6cd3","MemPerc":"0.85%","MemUsage":"64.26MiB / 7.38GiB","Name":"flash-cloud-bench-redis-1","NetIO":"3.84GB / 4.02GB","PIDs":"6"}
{"BlockIO":"0B / 0B","CPUPerc":"3.31%","Container":"facf8315afea","ID":"facf8315afea","MemPerc":"0.47%","MemUsage":"35.89MiB / 7.38GiB","Name":"flash-cloud-bench-consumer-1","NetIO":"46.5MB / 69.2MB","PIDs":"7"}
{"BlockIO":"0B / 0B","CPUPerc":"2.49%","Container":"d790ff1ba173","ID":"d790ff1ba173","MemPerc":"0.47%","MemUsage":"35.86MiB / 7.38GiB","Name":"flash-cloud-bench-publisher-1","NetIO":"45MB / 64MB","PIDs":"7"}
{"BlockIO":"4.77MB / 0B","CPUPerc":"3.79%","Container":"e0a44f45bbd7","ID":"e0a44f45bbd7","MemPerc":"0.52%","MemUsage":"39.27MiB / 7.38GiB","Name":"flash-cloud-bench-simulator-1","NetIO":"58.6MB / 74MB","PIDs":"10"}
{"BlockIO":"7.95MB / 0B","CPUPerc":"16.54%","Container":"a66f27ba8092","ID":"a66f27ba8092","MemPerc":"0.54%","MemUsage":"40.71MiB / 7.38GiB","Name":"flash-cloud-bench-maintenance-1","NetIO":"1.1GB / 3.74GB","PIDs":"6"}
{"BlockIO":"1.41MB / 0B","CPUPerc":"7.07%","Container":"6fea00feedc4","ID":"6fea00feedc4","MemPerc":"0.04%","MemUsage":"2.859MiB / 7.38GiB","Name":"flash-cloud-bench-pgbouncer-1","NetIO":"1.77GB / 1.77GB","PIDs":"1"}
{"BlockIO":"84.6MB / 2.27GB","CPUPerc":"17.54%","Container":"d440893966b4","ID":"d440893966b4","MemPerc":"2.15%","MemUsage":"162.5MiB / 7.38GiB","Name":"flash-cloud-bench-postgres-1","NetIO":"590MB / 1.23GB","PIDs":"17"}
{"BlockIO":"98.2MB / 68.3MB","CPUPerc":"1.32%","Container":"562ac1217807","ID":"562ac1217807","MemPerc":"13.19%","MemUsage":"996.8MiB / 7.38GiB","Name":"flash-cloud-bench-kafka-1","NetIO":"31.8MB / 26.7MB","PIDs":"101"}
{"BlockIO":"71.5MB / 3.04MB","CPUPerc":"0.02%","Container":"bc21247794d5","ID":"bc21247794d5","MemPerc":"1.27%","MemUsage":"95.98MiB / 7.38GiB","Name":"flash-cloud-bench-prometheus-1","NetIO":"13MB / 1.78MB","PIDs":"10"}
2026-09-08T11:03:00Z
{"BlockIO":"18.7MB / 130MB","CPUPerc":"68.99%","Container":"5440352fa90e","ID":"5440352fa90e","MemPerc":"1.39%","MemUsage":"104.7MiB / 7.38GiB","Name":"flash-cloud-bench-api-1","NetIO":"4.21GB / 2.87GB","PIDs":"18"}
{"BlockIO":"41.2MB / 893MB","CPUPerc":"19.71%","Container":"0c0c4eec6cd3","ID":"0c0c4eec6cd3","MemPerc":"0.85%","MemUsage":"64.31MiB / 7.38GiB","Name":"flash-cloud-bench-redis-1","NetIO":"3.86GB / 4.06GB","PIDs":"6"}
{"BlockIO":"0B / 0B","CPUPerc":"2.77%","Container":"facf8315afea","ID":"facf8315afea","MemPerc":"0.47%","MemUsage":"35.89MiB / 7.38GiB","Name":"flash-cloud-bench-consumer-1","NetIO":"46.8MB / 69.6MB","PIDs":"7"}
{"BlockIO":"0B / 0B","CPUPerc":"2.44%","Container":"d790ff1ba173","ID":"d790ff1ba173","MemPerc":"0.47%","MemUsage":"35.86MiB / 7.38GiB","Name":"flash-cloud-bench-publisher-1","NetIO":"45.2MB / 64.3MB","PIDs":"7"}
{"BlockIO":"4.77MB / 0B","CPUPerc":"3.91%","Container":"e0a44f45bbd7","ID":"e0a44f45bbd7","MemPerc":"0.52%","MemUsage":"39.27MiB / 7.38GiB","Name":"flash-cloud-bench-simulator-1","NetIO":"58.9MB / 74.4MB","PIDs":"10"}
{"BlockIO":"7.95MB / 0B","CPUPerc":"20.67%","Container":"a66f27ba8092","ID":"a66f27ba8092","MemPerc":"0.54%","MemUsage":"40.71MiB / 7.38GiB","Name":"flash-cloud-bench-maintenance-1","NetIO":"1.1GB / 3.76GB","PIDs":"6"}
{"BlockIO":"1.41MB / 0B","CPUPerc":"8.00%","Container":"6fea00feedc4","ID":"6fea00feedc4","MemPerc":"0.04%","MemUsage":"2.879MiB / 7.38GiB","Name":"flash-cloud-bench-pgbouncer-1","NetIO":"1.78GB / 1.78GB","PIDs":"1"}
{"BlockIO":"84.6MB / 2.28GB","CPUPerc":"19.68%","Container":"d440893966b4","ID":"d440893966b4","MemPerc":"2.15%","MemUsage":"162.8MiB / 7.38GiB","Name":"flash-cloud-bench-postgres-1","NetIO":"594MB / 1.23GB","PIDs":"17"}
{"BlockIO":"98.2MB / 68.9MB","CPUPerc":"1.20%","Container":"562ac1217807","ID":"562ac1217807","MemPerc":"13.19%","MemUsage":"996.8MiB / 7.38GiB","Name":"flash-cloud-bench-kafka-1","NetIO":"32MB / 26.8MB","PIDs":"101"}
{"BlockIO":"71.5MB / 3.04MB","CPUPerc":"0.02%","Container":"bc21247794d5","ID":"bc21247794d5","MemPerc":"1.27%","MemUsage":"95.98MiB / 7.38GiB","Name":"flash-cloud-bench-prometheus-1","NetIO":"13.1MB / 1.79MB","PIDs":"10"}
2026-09-08T11:03:10Z
{"BlockIO":"18.7MB / 130MB","CPUPerc":"64.42%","Container":"5440352fa90e","ID":"5440352fa90e","MemPerc":"1.40%","MemUsage":"105.4MiB / 7.38GiB","Name":"flash-cloud-bench-api-1","NetIO":"4.25GB / 2.9GB","PIDs":"19"}
{"BlockIO":"41.2MB / 893MB","CPUPerc":"10.77%","Container":"0c0c4eec6cd3","ID":"0c0c4eec6cd3","MemPerc":"0.85%","MemUsage":"64.46MiB / 7.38GiB","Name":"flash-cloud-bench-redis-1","NetIO":"3.89GB / 4.09GB","PIDs":"6"}
{"BlockIO":"0B / 0B","CPUPerc":"4.05%","Container":"facf8315afea","ID":"facf8315afea","MemPerc":"0.48%","MemUsage":"35.9MiB / 7.38GiB","Name":"flash-cloud-bench-consumer-1","NetIO":"47MB / 69.9MB","PIDs":"7"}
{"BlockIO":"0B / 0B","CPUPerc":"2.87%","Container":"d790ff1ba173","ID":"d790ff1ba173","MemPerc":"0.47%","MemUsage":"35.86MiB / 7.38GiB","Name":"flash-cloud-bench-publisher-1","NetIO":"45.4MB / 64.6MB","PIDs":"7"}
{"BlockIO":"4.77MB / 0B","CPUPerc":"3.62%","Container":"e0a44f45bbd7","ID":"e0a44f45bbd7","MemPerc":"0.52%","MemUsage":"39.27MiB / 7.38GiB","Name":"flash-cloud-bench-simulator-1","NetIO":"59.2MB / 74.8MB","PIDs":"10"}
{"BlockIO":"7.95MB / 0B","CPUPerc":"11.88%","Container":"a66f27ba8092","ID":"a66f27ba8092","MemPerc":"0.54%","MemUsage":"40.71MiB / 7.38GiB","Name":"flash-cloud-bench-maintenance-1","NetIO":"1.11GB / 3.78GB","PIDs":"6"}
{"BlockIO":"1.41MB / 0B","CPUPerc":"6.38%","Container":"6fea00feedc4","ID":"6fea00feedc4","MemPerc":"0.04%","MemUsage":"2.871MiB / 7.38GiB","Name":"flash-cloud-bench-pgbouncer-1","NetIO":"1.79GB / 1.79GB","PIDs":"1"}
{"BlockIO":"84.6MB / 2.29GB","CPUPerc":"29.86%","Container":"d440893966b4","ID":"d440893966b4","MemPerc":"2.16%","MemUsage":"163.1MiB / 7.38GiB","Name":"flash-cloud-bench-postgres-1","NetIO":"597MB / 1.24GB","PIDs":"17"}
{"BlockIO":"98.2MB / 69MB","CPUPerc":"1.46%","Container":"562ac1217807","ID":"562ac1217807","MemPerc":"13.19%","MemUsage":"996.9MiB / 7.38GiB","Name":"flash-cloud-bench-kafka-1","NetIO":"32.1MB / 27MB","PIDs":"101"}
{"BlockIO":"71.5MB / 3.04MB","CPUPerc":"0.00%","Container":"bc21247794d5","ID":"bc21247794d5","MemPerc":"1.27%","MemUsage":"95.98MiB / 7.38GiB","Name":"flash-cloud-bench-prometheus-1","NetIO":"13.1MB / 1.8MB","PIDs":"10"}
2026-09-08T11:03:20Z
{"BlockIO":"18.7MB / 130MB","CPUPerc":"67.30%","Container":"5440352fa90e","ID":"5440352fa90e","MemPerc":"1.40%","MemUsage":"105.6MiB / 7.38GiB","Name":"flash-cloud-bench-api-1","NetIO":"4.3GB / 2.93GB","PIDs":"18"}
{"BlockIO":"41.2MB / 893MB","CPUPerc":"17.54%","Container":"0c0c4eec6cd3","ID":"0c0c4eec6cd3","MemPerc":"0.85%","MemUsage":"64.38MiB / 7.38GiB","Name":"flash-cloud-bench-redis-1","NetIO":"3.91GB / 4.14GB","PIDs":"6"}
{"BlockIO":"0B / 0B","CPUPerc":"5.05%","Container":"facf8315afea","ID":"facf8315afea","MemPerc":"0.47%","MemUsage":"35.89MiB / 7.38GiB","Name":"flash-cloud-bench-consumer-1","NetIO":"47.5MB / 70.7MB","PIDs":"7"}
{"BlockIO":"0B / 0B","CPUPerc":"3.49%","Container":"d790ff1ba173","ID":"d790ff1ba173","MemPerc":"0.47%","MemUsage":"35.86MiB / 7.38GiB","Name":"flash-cloud-bench-publisher-1","NetIO":"45.8MB / 65.1MB","PIDs":"7"}
{"BlockIO":"4.77MB / 0B","CPUPerc":"3.53%","Container":"e0a44f45bbd7","ID":"e0a44f45bbd7","MemPerc":"0.52%","MemUsage":"39.27MiB / 7.38GiB","Name":"flash-cloud-bench-simulator-1","NetIO":"59.6MB / 75.2MB","PIDs":"10"}
{"BlockIO":"7.95MB / 0B","CPUPerc":"10.46%","Container":"a66f27ba8092","ID":"a66f27ba8092","MemPerc":"0.54%","MemUsage":"40.71MiB / 7.38GiB","Name":"flash-cloud-bench-maintenance-1","NetIO":"1.12GB / 3.8GB","PIDs":"6"}
{"BlockIO":"1.41MB / 0B","CPUPerc":"8.08%","Container":"6fea00feedc4","ID":"6fea00feedc4","MemPerc":"0.04%","MemUsage":"2.887MiB / 7.38GiB","Name":"flash-cloud-bench-pgbouncer-1","NetIO":"1.8GB / 1.8GB","PIDs":"1"}
{"BlockIO":"84.6MB / 2.31GB","CPUPerc":"70.71%","Container":"d440893966b4","ID":"d440893966b4","MemPerc":"2.17%","MemUsage":"163.8MiB / 7.38GiB","Name":"flash-cloud-bench-postgres-1","NetIO":"601MB / 1.25GB","PIDs":"17"}
{"BlockIO":"98.2MB / 69.1MB","CPUPerc":"1.79%","Container":"562ac1217807","ID":"562ac1217807","MemPerc":"13.19%","MemUsage":"996.9MiB / 7.38GiB","Name":"flash-cloud-bench-kafka-1","NetIO":"32.5MB / 27.3MB","PIDs":"101"}
{"BlockIO":"71.5MB / 3.08MB","CPUPerc":"0.01%","Container":"bc21247794d5","ID":"bc21247794d5","MemPerc":"1.27%","MemUsage":"95.98MiB / 7.38GiB","Name":"flash-cloud-bench-prometheus-1","NetIO":"13.2MB / 1.81MB","PIDs":"10"}
2026-09-08T11:03:31Z
{"BlockIO":"18.7MB / 130MB","CPUPerc":"77.37%","Container":"5440352fa90e","ID":"5440352fa90e","MemPerc":"1.40%","MemUsage":"105.9MiB / 7.38GiB","Name":"flash-cloud-bench-api-1","NetIO":"4.34GB / 2.96GB","PIDs":"18"}
{"BlockIO":"41.2MB / 893MB","CPUPerc":"22.72%","Container":"0c0c4eec6cd3","ID":"0c0c4eec6cd3","MemPerc":"0.85%","MemUsage":"64.43MiB / 7.38GiB","Name":"flash-cloud-bench-redis-1","NetIO":"3.93GB / 4.18GB","PIDs":"6"}
{"BlockIO":"0B / 0B","CPUPerc":"5.88%","Container":"facf8315afea","ID":"facf8315afea","MemPerc":"0.47%","MemUsage":"35.89MiB / 7.38GiB","Name":"flash-cloud-bench-consumer-1","NetIO":"48MB / 71.4MB","PIDs":"7"}
{"BlockIO":"0B / 0B","CPUPerc":"4.94%","Container":"d790ff1ba173","ID":"d790ff1ba173","MemPerc":"0.47%","MemUsage":"35.86MiB / 7.38GiB","Name":"flash-cloud-bench-publisher-1","NetIO":"46.1MB / 65.6MB","PIDs":"7"}
{"BlockIO":"4.77MB / 0B","CPUPerc":"3.21%","Container":"e0a44f45bbd7","ID":"e0a44f45bbd7","MemPerc":"0.52%","MemUsage":"39.27MiB / 7.38GiB","Name":"flash-cloud-bench-simulator-1","NetIO":"59.9MB / 75.6MB","PIDs":"10"}
{"BlockIO":"7.95MB / 0B","CPUPerc":"20.30%","Container":"a66f27ba8092","ID":"a66f27ba8092","MemPerc":"0.54%","MemUsage":"40.71MiB / 7.38GiB","Name":"flash-cloud-bench-maintenance-1","NetIO":"1.12GB / 3.82GB","PIDs":"6"}
{"BlockIO":"1.41MB / 0B","CPUPerc":"8.27%","Container":"6fea00feedc4","ID":"6fea00feedc4","MemPerc":"0.04%","MemUsage":"2.879MiB / 7.38GiB","Name":"flash-cloud-bench-pgbouncer-1","NetIO":"1.81GB / 1.81GB","PIDs":"1"}
{"BlockIO":"84.6MB / 2.32GB","CPUPerc":"66.33%","Container":"d440893966b4","ID":"d440893966b4","MemPerc":"2.17%","MemUsage":"163.9MiB / 7.38GiB","Name":"flash-cloud-bench-postgres-1","NetIO":"605MB / 1.26GB","PIDs":"17"}
{"BlockIO":"98.2MB / 70.1MB","CPUPerc":"2.04%","Container":"562ac1217807","ID":"562ac1217807","MemPerc":"13.19%","MemUsage":"996.9MiB / 7.38GiB","Name":"flash-cloud-bench-kafka-1","NetIO":"32.8MB / 27.6MB","PIDs":"101"}
{"BlockIO":"71.5MB / 3.08MB","CPUPerc":"0.03%","Container":"bc21247794d5","ID":"bc21247794d5","MemPerc":"1.27%","MemUsage":"95.98MiB / 7.38GiB","Name":"flash-cloud-bench-prometheus-1","NetIO":"13.3MB / 1.82MB","PIDs":"10"}
2026-09-08T11:03:41Z
{"BlockIO":"18.7MB / 130MB","CPUPerc":"102.59%","Container":"5440352fa90e","ID":"5440352fa90e","MemPerc":"1.40%","MemUsage":"106.1MiB / 7.38GiB","Name":"flash-cloud-bench-api-1","NetIO":"4.39GB / 2.99GB","PIDs":"19"}
{"BlockIO":"41.2MB / 922MB","CPUPerc":"10.21%","Container":"0c0c4eec6cd3","ID":"0c0c4eec6cd3","MemPerc":"0.85%","MemUsage":"64.37MiB / 7.38GiB","Name":"flash-cloud-bench-redis-1","NetIO":"3.95GB / 4.22GB","PIDs":"6"}
{"BlockIO":"0B / 0B","CPUPerc":"8.26%","Container":"facf8315afea","ID":"facf8315afea","MemPerc":"0.47%","MemUsage":"35.89MiB / 7.38GiB","Name":"flash-cloud-bench-consumer-1","NetIO":"48.6MB / 72.2MB","PIDs":"7"}
{"BlockIO":"0B / 0B","CPUPerc":"4.66%","Container":"d790ff1ba173","ID":"d790ff1ba173","MemPerc":"0.47%","MemUsage":"35.86MiB / 7.38GiB","Name":"flash-cloud-bench-publisher-1","NetIO":"46.5MB / 66.2MB","PIDs":"7"}
{"BlockIO":"4.77MB / 0B","CPUPerc":"2.89%","Container":"e0a44f45bbd7","ID":"e0a44f45bbd7","MemPerc":"0.52%","MemUsage":"39.27MiB / 7.38GiB","Name":"flash-cloud-bench-simulator-1","NetIO":"60.2MB / 76MB","PIDs":"10"}
{"BlockIO":"7.95MB / 0B","CPUPerc":"6.94%","Container":"a66f27ba8092","ID":"a66f27ba8092","MemPerc":"0.54%","MemUsage":"40.71MiB / 7.38GiB","Name":"flash-cloud-bench-maintenance-1","NetIO":"1.13GB / 3.84GB","PIDs":"6"}
{"BlockIO":"1.41MB / 0B","CPUPerc":"6.12%","Container":"6fea00feedc4","ID":"6fea00feedc4","MemPerc":"0.04%","MemUsage":"2.883MiB / 7.38GiB","Name":"flash-cloud-bench-pgbouncer-1","NetIO":"1.82GB / 1.82GB","PIDs":"1"}
{"BlockIO":"84.6MB / 2.34GB","CPUPerc":"99.84%","Container":"d440893966b4","ID":"d440893966b4","MemPerc":"2.21%","MemUsage":"166.9MiB / 7.38GiB","Name":"flash-cloud-bench-postgres-1","NetIO":"608MB / 1.26GB","PIDs":"18"}
{"BlockIO":"98.2MB / 70.3MB","CPUPerc":"2.25%","Container":"562ac1217807","ID":"562ac1217807","MemPerc":"13.19%","MemUsage":"996.9MiB / 7.38GiB","Name":"flash-cloud-bench-kafka-1","NetIO":"33.2MB / 27.8MB","PIDs":"101"}
{"BlockIO":"71.5MB / 3.08MB","CPUPerc":"0.02%","Container":"bc21247794d5","ID":"bc21247794d5","MemPerc":"1.27%","MemUsage":"95.98MiB / 7.38GiB","Name":"flash-cloud-bench-prometheus-1","NetIO":"13.3MB / 1.83MB","PIDs":"10"}
2026-09-08T11:03:51Z
{"BlockIO":"18.7MB / 130MB","CPUPerc":"89.91%","Container":"5440352fa90e","ID":"5440352fa90e","MemPerc":"1.41%","MemUsage":"106.3MiB / 7.38GiB","Name":"flash-cloud-bench-api-1","NetIO":"4.44GB / 3.02GB","PIDs":"18"}
{"BlockIO":"41.2MB / 922MB","CPUPerc":"11.83%","Container":"0c0c4eec6cd3","ID":"0c0c4eec6cd3","MemPerc":"0.85%","MemUsage":"64.43MiB / 7.38GiB","Name":"flash-cloud-bench-redis-1","NetIO":"3.97GB / 4.27GB","PIDs":"6"}
{"BlockIO":"0B / 0B","CPUPerc":"7.27%","Container":"facf8315afea","ID":"facf8315afea","MemPerc":"0.47%","MemUsage":"35.89MiB / 7.38GiB","Name":"flash-cloud-bench-consumer-1","NetIO":"49.1MB / 73MB","PIDs":"7"}
{"BlockIO":"0B / 0B","CPUPerc":"4.44%","Container":"d790ff1ba173","ID":"d790ff1ba173","MemPerc":"0.47%","MemUsage":"35.86MiB / 7.38GiB","Name":"flash-cloud-bench-publisher-1","NetIO":"46.9MB / 66.7MB","PIDs":"7"}
{"BlockIO":"4.77MB / 0B","CPUPerc":"2.73%","Container":"e0a44f45bbd7","ID":"e0a44f45bbd7","MemPerc":"0.52%","MemUsage":"39.27MiB / 7.38GiB","Name":"flash-cloud-bench-simulator-1","NetIO":"60.5MB / 76.4MB","PIDs":"10"}
{"BlockIO":"7.95MB / 0B","CPUPerc":"10.33%","Container":"a66f27ba8092","ID":"a66f27ba8092","MemPerc":"0.54%","MemUsage":"40.71MiB / 7.38GiB","Name":"flash-cloud-bench-maintenance-1","NetIO":"1.13GB / 3.86GB","PIDs":"6"}
{"BlockIO":"1.41MB / 0B","CPUPerc":"6.52%","Container":"6fea00feedc4","ID":"6fea00feedc4","MemPerc":"0.04%","MemUsage":"2.875MiB / 7.38GiB","Name":"flash-cloud-bench-pgbouncer-1","NetIO":"1.83GB / 1.83GB","PIDs":"1"}
{"BlockIO":"84.6MB / 2.37GB","CPUPerc":"99.59%","Container":"d440893966b4","ID":"d440893966b4","MemPerc":"2.22%","MemUsage":"167.8MiB / 7.38GiB","Name":"flash-cloud-bench-postgres-1","NetIO":"612MB / 1.27GB","PIDs":"18"}
{"BlockIO":"98.2MB / 71.4MB","CPUPerc":"75.44%","Container":"562ac1217807","ID":"562ac1217807","MemPerc":"13.19%","MemUsage":"997MiB / 7.38GiB","Name":"flash-cloud-bench-kafka-1","NetIO":"33.5MB / 28.1MB","PIDs":"101"}
{"BlockIO":"71.5MB / 3.12MB","CPUPerc":"0.21%","Container":"bc21247794d5","ID":"bc21247794d5","MemPerc":"1.27%","MemUsage":"95.98MiB / 7.38GiB","Name":"flash-cloud-bench-prometheus-1","NetIO":"13.4MB / 1.84MB","PIDs":"10"}
2026-09-08T11:04:01Z
{"BlockIO":"18.7MB / 131MB","CPUPerc":"77.22%","Container":"5440352fa90e","ID":"5440352fa90e","MemPerc":"1.41%","MemUsage":"106.8MiB / 7.38GiB","Name":"flash-cloud-bench-api-1","NetIO":"4.49GB / 3.06GB","PIDs":"22"}
{"BlockIO":"41.2MB / 922MB","CPUPerc":"18.56%","Container":"0c0c4eec6cd3","ID":"0c0c4eec6cd3","MemPerc":"0.85%","MemUsage":"64.41MiB / 7.38GiB","Name":"flash-cloud-bench-redis-1","NetIO":"4GB / 4.32GB","PIDs":"6"}
{"BlockIO":"0B / 0B","CPUPerc":"5.72%","Container":"facf8315afea","ID":"facf8315afea","MemPerc":"0.47%","MemUsage":"35.89MiB / 7.38GiB","Name":"flash-cloud-bench-consumer-1","NetIO":"49.6MB / 73.7MB","PIDs":"7"}
{"BlockIO":"0B / 0B","CPUPerc":"3.85%","Container":"d790ff1ba173","ID":"d790ff1ba173","MemPerc":"0.47%","MemUsage":"35.86MiB / 7.38GiB","Name":"flash-cloud-bench-publisher-1","NetIO":"47.2MB / 67.2MB","PIDs":"7"}
{"BlockIO":"4.77MB / 0B","CPUPerc":"3.14%","Container":"e0a44f45bbd7","ID":"e0a44f45bbd7","MemPerc":"0.52%","MemUsage":"39.27MiB / 7.38GiB","Name":"flash-cloud-bench-simulator-1","NetIO":"60.8MB / 76.8MB","PIDs":"10"}
{"BlockIO":"7.95MB / 0B","CPUPerc":"14.08%","Container":"a66f27ba8092","ID":"a66f27ba8092","MemPerc":"0.54%","MemUsage":"40.71MiB / 7.38GiB","Name":"flash-cloud-bench-maintenance-1","NetIO":"1.14GB / 3.88GB","PIDs":"6"}
{"BlockIO":"1.41MB / 0B","CPUPerc":"7.22%","Container":"6fea00feedc4","ID":"6fea00feedc4","MemPerc":"0.04%","MemUsage":"3.121MiB / 7.38GiB","Name":"flash-cloud-bench-pgbouncer-1","NetIO":"1.84GB / 1.84GB","PIDs":"1"}
{"BlockIO":"84.6MB / 2.39GB","CPUPerc":"76.86%","Container":"d440893966b4","ID":"d440893966b4","MemPerc":"2.23%","MemUsage":"168.4MiB / 7.38GiB","Name":"flash-cloud-bench-postgres-1","NetIO":"616MB / 1.28GB","PIDs":"18"}
{"BlockIO":"98.2MB / 71.5MB","CPUPerc":"40.22%","Container":"562ac1217807","ID":"562ac1217807","MemPerc":"13.51%","MemUsage":"1021MiB / 7.38GiB","Name":"flash-cloud-bench-kafka-1","NetIO":"33.8MB / 28.4MB","PIDs":"120"}
{"BlockIO":"71.5MB / 3.12MB","CPUPerc":"0.02%","Container":"bc21247794d5","ID":"bc21247794d5","MemPerc":"1.27%","MemUsage":"95.98MiB / 7.38GiB","Name":"flash-cloud-bench-prometheus-1","NetIO":"13.5MB / 1.84MB","PIDs":"10"}
2026-09-08T11:04:11Z
{"BlockIO":"18.7MB / 131MB","CPUPerc":"81.33%","Container":"5440352fa90e","ID":"5440352fa90e","MemPerc":"1.42%","MemUsage":"107.1MiB / 7.38GiB","Name":"flash-cloud-bench-api-1","NetIO":"4.55GB / 3.09GB","PIDs":"20"}
{"BlockIO":"41.2MB / 922MB","CPUPerc":"21.70%","Container":"0c0c4eec6cd3","ID":"0c0c4eec6cd3","MemPerc":"0.85%","MemUsage":"64.44MiB / 7.38GiB","Name":"flash-cloud-bench-redis-1","NetIO":"4.02GB / 4.38GB","PIDs":"6"}
{"BlockIO":"0B / 0B","CPUPerc":"6.88%","Container":"facf8315afea","ID":"facf8315afea","MemPerc":"0.47%","MemUsage":"35.89MiB / 7.38GiB","Name":"flash-cloud-bench-consumer-1","NetIO":"50.1MB / 74.5MB","PIDs":"7"}
{"BlockIO":"0B / 0B","CPUPerc":"5.00%","Container":"d790ff1ba173","ID":"d790ff1ba173","MemPerc":"0.47%","MemUsage":"35.86MiB / 7.38GiB","Name":"flash-cloud-bench-publisher-1","NetIO":"47.6MB / 67.7MB","PIDs":"7"}
{"BlockIO":"4.77MB / 0B","CPUPerc":"2.87%","Container":"e0a44f45bbd7","ID":"e0a44f45bbd7","MemPerc":"0.52%","MemUsage":"39.27MiB / 7.38GiB","Name":"flash-cloud-bench-simulator-1","NetIO":"61.1MB / 77.2MB","PIDs":"10"}
{"BlockIO":"7.95MB / 0B","CPUPerc":"18.98%","Container":"a66f27ba8092","ID":"a66f27ba8092","MemPerc":"0.54%","MemUsage":"40.71MiB / 7.38GiB","Name":"flash-cloud-bench-maintenance-1","NetIO":"1.15GB / 3.9GB","PIDs":"6"}
{"BlockIO":"1.41MB / 0B","CPUPerc":"7.86%","Container":"6fea00feedc4","ID":"6fea00feedc4","MemPerc":"0.04%","MemUsage":"2.867MiB / 7.38GiB","Name":"flash-cloud-bench-pgbouncer-1","NetIO":"1.85GB / 1.85GB","PIDs":"1"}
{"BlockIO":"84.6MB / 2.4GB","CPUPerc":"70.35%","Container":"d440893966b4","ID":"d440893966b4","MemPerc":"2.23%","MemUsage":"168.5MiB / 7.38GiB","Name":"flash-cloud-bench-postgres-1","NetIO":"619MB / 1.28GB","PIDs":"18"}
{"BlockIO":"98.2MB / 72.2MB","CPUPerc":"2.20%","Container":"562ac1217807","ID":"562ac1217807","MemPerc":"13.19%","MemUsage":"997.1MiB / 7.38GiB","Name":"flash-cloud-bench-kafka-1","NetIO":"34.2MB / 28.7MB","PIDs":"101"}
{"BlockIO":"71.5MB / 3.12MB","CPUPerc":"0.01%","Container":"bc21247794d5","ID":"bc21247794d5","MemPerc":"1.27%","MemUsage":"95.98MiB / 7.38GiB","Name":"flash-cloud-bench-prometheus-1","NetIO":"13.5MB / 1.85MB","PIDs":"10"}
2026-09-08T11:04:21Z
{"BlockIO":"18.7MB / 131MB","CPUPerc":"77.38%","Container":"5440352fa90e","ID":"5440352fa90e","MemPerc":"1.42%","MemUsage":"107.2MiB / 7.38GiB","Name":"flash-cloud-bench-api-1","NetIO":"4.61GB / 3.13GB","PIDs":"20"}
{"BlockIO":"41.2MB / 922MB","CPUPerc":"15.09%","Container":"0c0c4eec6cd3","ID":"0c0c4eec6cd3","MemPerc":"0.85%","MemUsage":"64.57MiB / 7.38GiB","Name":"flash-cloud-bench-redis-1","NetIO":"4.04GB / 4.44GB","PIDs":"6"}
{"BlockIO":"0B / 0B","CPUPerc":"5.64%","Container":"facf8315afea","ID":"facf8315afea","MemPerc":"0.47%","MemUsage":"35.89MiB / 7.38GiB","Name":"flash-cloud-bench-consumer-1","NetIO":"50.6MB / 75.2MB","PIDs":"7"}
{"BlockIO":"0B / 0B","CPUPerc":"3.81%","Container":"d790ff1ba173","ID":"d790ff1ba173","MemPerc":"0.47%","MemUsage":"35.86MiB / 7.38GiB","Name":"flash-cloud-bench-publisher-1","NetIO":"47.9MB / 68.2MB","PIDs":"7"}
{"BlockIO":"4.77MB / 0B","CPUPerc":"3.31%","Container":"e0a44f45bbd7","ID":"e0a44f45bbd7","MemPerc":"0.52%","MemUsage":"39.27MiB / 7.38GiB","Name":"flash-cloud-bench-simulator-1","NetIO":"61.4MB / 77.6MB","PIDs":"10"}
{"BlockIO":"7.95MB / 0B","CPUPerc":"13.68%","Container":"a66f27ba8092","ID":"a66f27ba8092","MemPerc":"0.54%","MemUsage":"40.71MiB / 7.38GiB","Name":"flash-cloud-bench-maintenance-1","NetIO":"1.15GB / 3.92GB","PIDs":"6"}
{"BlockIO":"1.41MB / 0B","CPUPerc":"6.83%","Container":"6fea00feedc4","ID":"6fea00feedc4","MemPerc":"0.04%","MemUsage":"2.879MiB / 7.38GiB","Name":"flash-cloud-bench-pgbouncer-1","NetIO":"1.86GB / 1.86GB","PIDs":"1"}
{"BlockIO":"84.6MB / 2.42GB","CPUPerc":"84.81%","Container":"d440893966b4","ID":"d440893966b4","MemPerc":"2.23%","MemUsage":"168.9MiB / 7.38GiB","Name":"flash-cloud-bench-postgres-1","NetIO":"623MB / 1.29GB","PIDs":"18"}
{"BlockIO":"98.2MB / 72.8MB","CPUPerc":"1.82%","Container":"562ac1217807","ID":"562ac1217807","MemPerc":"13.19%","MemUsage":"997.1MiB / 7.38GiB","Name":"flash-cloud-bench-kafka-1","NetIO":"34.5MB / 29MB","PIDs":"101"}
{"BlockIO":"71.5MB / 3.15MB","CPUPerc":"0.01%","Container":"bc21247794d5","ID":"bc21247794d5","MemPerc":"1.27%","MemUsage":"95.98MiB / 7.38GiB","Name":"flash-cloud-bench-prometheus-1","NetIO":"13.6MB / 1.86MB","PIDs":"10"}
2026-09-08T11:04:31Z
{"BlockIO":"18.7MB / 131MB","CPUPerc":"79.08%","Container":"5440352fa90e","ID":"5440352fa90e","MemPerc":"1.43%","MemUsage":"107.9MiB / 7.38GiB","Name":"flash-cloud-bench-api-1","NetIO":"4.66GB / 3.17GB","PIDs":"20"}
{"BlockIO":"41.2MB / 922MB","CPUPerc":"14.75%","Container":"0c0c4eec6cd3","ID":"0c0c4eec6cd3","MemPerc":"0.85%","MemUsage":"64.48MiB / 7.38GiB","Name":"flash-cloud-bench-redis-1","NetIO":"4.06GB / 4.49GB","PIDs":"6"}
{"BlockIO":"0B / 0B","CPUPerc":"15.52%","Container":"facf8315afea","ID":"facf8315afea","MemPerc":"0.47%","MemUsage":"35.89MiB / 7.38GiB","Name":"flash-cloud-bench-consumer-1","NetIO":"51.1MB / 76MB","PIDs":"7"}
{"BlockIO":"0B / 0B","CPUPerc":"4.18%","Container":"d790ff1ba173","ID":"d790ff1ba173","MemPerc":"0.47%","MemUsage":"35.86MiB / 7.38GiB","Name":"flash-cloud-bench-publisher-1","NetIO":"48.3MB / 68.7MB","PIDs":"7"}
{"BlockIO":"4.77MB / 0B","CPUPerc":"2.93%","Container":"e0a44f45bbd7","ID":"e0a44f45bbd7","MemPerc":"0.52%","MemUsage":"39.27MiB / 7.38GiB","Name":"flash-cloud-bench-simulator-1","NetIO":"61.8MB / 78MB","PIDs":"10"}
{"BlockIO":"7.95MB / 0B","CPUPerc":"8.86%","Container":"a66f27ba8092","ID":"a66f27ba8092","MemPerc":"0.54%","MemUsage":"40.71MiB / 7.38GiB","Name":"flash-cloud-bench-maintenance-1","NetIO":"1.16GB / 3.94GB","PIDs":"6"}
{"BlockIO":"1.41MB / 0B","CPUPerc":"6.24%","Container":"6fea00feedc4","ID":"6fea00feedc4","MemPerc":"0.04%","MemUsage":"2.883MiB / 7.38GiB","Name":"flash-cloud-bench-pgbouncer-1","NetIO":"1.87GB / 1.87GB","PIDs":"1"}
{"BlockIO":"84.6MB / 2.43GB","CPUPerc":"91.44%","Container":"d440893966b4","ID":"d440893966b4","MemPerc":"2.24%","MemUsage":"169.2MiB / 7.38GiB","Name":"flash-cloud-bench-postgres-1","NetIO":"627MB / 1.3GB","PIDs":"18"}
{"BlockIO":"98.2MB / 73.4MB","CPUPerc":"2.03%","Container":"562ac1217807","ID":"562ac1217807","MemPerc":"13.19%","MemUsage":"997.1MiB / 7.38GiB","Name":"flash-cloud-bench-kafka-1","NetIO":"34.8MB / 29.3MB","PIDs":"101"}
{"BlockIO":"71.5MB / 3.15MB","CPUPerc":"0.00%","Container":"bc21247794d5","ID":"bc21247794d5","MemPerc":"1.27%","MemUsage":"95.98MiB / 7.38GiB","Name":"flash-cloud-bench-prometheus-1","NetIO":"13.7MB / 1.87MB","PIDs":"10"}
2026-09-08T11:04:41Z
{"BlockIO":"18.7MB / 131MB","CPUPerc":"73.00%","Container":"5440352fa90e","ID":"5440352fa90e","MemPerc":"1.42%","MemUsage":"107.3MiB / 7.38GiB","Name":"flash-cloud-bench-api-1","NetIO":"4.72GB / 3.2GB","PIDs":"16"}
{"BlockIO":"41.2MB / 951MB","CPUPerc":"19.51%","Container":"0c0c4eec6cd3","ID":"0c0c4eec6cd3","MemPerc":"0.85%","MemUsage":"64.58MiB / 7.38GiB","Name":"flash-cloud-bench-redis-1","NetIO":"4.09GB / 4.55GB","PIDs":"6"}
{"BlockIO":"0B / 0B","CPUPerc":"6.63%","Container":"facf8315afea","ID":"facf8315afea","MemPerc":"0.47%","MemUsage":"35.89MiB / 7.38GiB","Name":"flash-cloud-bench-consumer-1","NetIO":"51.6MB / 76.7MB","PIDs":"7"}
{"BlockIO":"0B / 0B","CPUPerc":"4.27%","Container":"d790ff1ba173","ID":"d790ff1ba173","MemPerc":"0.47%","MemUsage":"35.86MiB / 7.38GiB","Name":"flash-cloud-bench-publisher-1","NetIO":"48.7MB / 69.3MB","PIDs":"7"}
{"BlockIO":"4.77MB / 0B","CPUPerc":"3.26%","Container":"e0a44f45bbd7","ID":"e0a44f45bbd7","MemPerc":"0.52%","MemUsage":"39.27MiB / 7.38GiB","Name":"flash-cloud-bench-simulator-1","NetIO":"62.1MB / 78.4MB","PIDs":"10"}
{"BlockIO":"7.95MB / 0B","CPUPerc":"18.28%","Container":"a66f27ba8092","ID":"a66f27ba8092","MemPerc":"0.54%","MemUsage":"40.99MiB / 7.38GiB","Name":"flash-cloud-bench-maintenance-1","NetIO":"1.16GB / 3.96GB","PIDs":"6"}
{"BlockIO":"1.41MB / 0B","CPUPerc":"7.66%","Container":"6fea00feedc4","ID":"6fea00feedc4","MemPerc":"0.04%","MemUsage":"2.887MiB / 7.38GiB","Name":"flash-cloud-bench-pgbouncer-1","NetIO":"1.88GB / 1.88GB","PIDs":"1"}
{"BlockIO":"84.6MB / 2.45GB","CPUPerc":"73.04%","Container":"d440893966b4","ID":"d440893966b4","MemPerc":"2.24%","MemUsage":"169.6MiB / 7.38GiB","Name":"flash-cloud-bench-postgres-1","NetIO":"630MB / 1.3GB","PIDs":"18"}
{"BlockIO":"98.2MB / 74MB","CPUPerc":"2.02%","Container":"562ac1217807","ID":"562ac1217807","MemPerc":"13.19%","MemUsage":"997.1MiB / 7.38GiB","Name":"flash-cloud-bench-kafka-1","NetIO":"35.2MB / 29.6MB","PIDs":"101"}
{"BlockIO":"71.5MB / 3.15MB","CPUPerc":"0.08%","Container":"bc21247794d5","ID":"bc21247794d5","MemPerc":"1.27%","MemUsage":"95.98MiB / 7.38GiB","Name":"flash-cloud-bench-prometheus-1","NetIO":"13.8MB / 1.88MB","PIDs":"10"}
2026-09-08T11:04:52Z
{"BlockIO":"18.7MB / 132MB","CPUPerc":"76.55%","Container":"5440352fa90e","ID":"5440352fa90e","MemPerc":"1.42%","MemUsage":"107.6MiB / 7.38GiB","Name":"flash-cloud-bench-api-1","NetIO":"4.78GB / 3.24GB","PIDs":"23"}
{"BlockIO":"41.2MB / 951MB","CPUPerc":"16.27%","Container":"0c0c4eec6cd3","ID":"0c0c4eec6cd3","MemPerc":"0.85%","MemUsage":"64.56MiB / 7.38GiB","Name":"flash-cloud-bench-redis-1","NetIO":"4.11GB / 4.61GB","PIDs":"6"}
{"BlockIO":"0B / 0B","CPUPerc":"5.31%","Container":"facf8315afea","ID":"facf8315afea","MemPerc":"0.47%","MemUsage":"35.89MiB / 7.38GiB","Name":"flash-cloud-bench-consumer-1","NetIO":"52.1MB / 77.5MB","PIDs":"7"}
{"BlockIO":"0B / 0B","CPUPerc":"3.82%","Container":"d790ff1ba173","ID":"d790ff1ba173","MemPerc":"0.47%","MemUsage":"35.87MiB / 7.38GiB","Name":"flash-cloud-bench-publisher-1","NetIO":"49MB / 69.8MB","PIDs":"7"}
{"BlockIO":"4.77MB / 0B","CPUPerc":"2.96%","Container":"e0a44f45bbd7","ID":"e0a44f45bbd7","MemPerc":"0.52%","MemUsage":"39.27MiB / 7.38GiB","Name":"flash-cloud-bench-simulator-1","NetIO":"62.3MB / 78.7MB","PIDs":"10"}
{"BlockIO":"7.95MB / 0B","CPUPerc":"15.93%","Container":"a66f27ba8092","ID":"a66f27ba8092","MemPerc":"0.54%","MemUsage":"40.71MiB / 7.38GiB","Name":"flash-cloud-bench-maintenance-1","NetIO":"1.17GB / 3.98GB","PIDs":"6"}
{"BlockIO":"1.41MB / 0B","CPUPerc":"7.03%","Container":"6fea00feedc4","ID":"6fea00feedc4","MemPerc":"0.04%","MemUsage":"2.887MiB / 7.38GiB","Name":"flash-cloud-bench-pgbouncer-1","NetIO":"1.89GB / 1.89GB","PIDs":"1"}
{"BlockIO":"84.6MB / 2.47GB","CPUPerc":"82.07%","Container":"d440893966b4","ID":"d440893966b4","MemPerc":"2.25%","MemUsage":"170.1MiB / 7.38GiB","Name":"flash-cloud-bench-postgres-1","NetIO":"634MB / 1.31GB","PIDs":"18"}
{"BlockIO":"98.2MB / 74.8MB","CPUPerc":"1.74%","Container":"562ac1217807","ID":"562ac1217807","MemPerc":"13.20%","MemUsage":"997.1MiB / 7.38GiB","Name":"flash-cloud-bench-kafka-1","NetIO":"35.5MB / 29.9MB","PIDs":"101"}
{"BlockIO":"71.5MB / 3.19MB","CPUPerc":"0.00%","Container":"bc21247794d5","ID":"bc21247794d5","MemPerc":"1.27%","MemUsage":"95.98MiB / 7.38GiB","Name":"flash-cloud-bench-prometheus-1","NetIO":"13.8MB / 1.89MB","PIDs":"10"}
2026-09-08T11:05:02Z
{"BlockIO":"18.7MB / 132MB","CPUPerc":"69.38%","Container":"5440352fa90e","ID":"5440352fa90e","MemPerc":"1.42%","MemUsage":"107.5MiB / 7.38GiB","Name":"flash-cloud-bench-api-1","NetIO":"4.84GB / 3.28GB","PIDs":"18"}
{"BlockIO":"41.2MB / 951MB","CPUPerc":"11.17%","Container":"0c0c4eec6cd3","ID":"0c0c4eec6cd3","MemPerc":"0.85%","MemUsage":"64.42MiB / 7.38GiB","Name":"flash-cloud-bench-redis-1","NetIO":"4.13GB / 4.66GB","PIDs":"6"}
{"BlockIO":"0B / 0B","CPUPerc":"13.55%","Container":"facf8315afea","ID":"facf8315afea","MemPerc":"0.47%","MemUsage":"35.89MiB / 7.38GiB","Name":"flash-cloud-bench-consumer-1","NetIO":"52.7MB / 78.3MB","PIDs":"7"}
{"BlockIO":"0B / 0B","CPUPerc":"4.01%","Container":"d790ff1ba173","ID":"d790ff1ba173","MemPerc":"0.47%","MemUsage":"35.87MiB / 7.38GiB","Name":"flash-cloud-bench-publisher-1","NetIO":"49.4MB / 70.3MB","PIDs":"7"}
{"BlockIO":"4.77MB / 0B","CPUPerc":"2.91%","Container":"e0a44f45bbd7","ID":"e0a44f45bbd7","MemPerc":"0.52%","MemUsage":"39.27MiB / 7.38GiB","Name":"flash-cloud-bench-simulator-1","NetIO":"62.7MB / 79.2MB","PIDs":"10"}
{"BlockIO":"7.95MB / 0B","CPUPerc":"5.15%","Container":"a66f27ba8092","ID":"a66f27ba8092","MemPerc":"0.54%","MemUsage":"40.71MiB / 7.38GiB","Name":"flash-cloud-bench-maintenance-1","NetIO":"1.17GB / 4GB","PIDs":"6"}
{"BlockIO":"1.41MB / 0B","CPUPerc":"5.39%","Container":"6fea00feedc4","ID":"6fea00feedc4","MemPerc":"0.04%","MemUsage":"2.891MiB / 7.38GiB","Name":"flash-cloud-bench-pgbouncer-1","NetIO":"1.9GB / 1.9GB","PIDs":"1"}
{"BlockIO":"84.6MB / 2.5GB","CPUPerc":"97.34%","Container":"d440893966b4","ID":"d440893966b4","MemPerc":"2.26%","MemUsage":"170.9MiB / 7.38GiB","Name":"flash-cloud-bench-postgres-1","NetIO":"638MB / 1.32GB","PIDs":"18"}
{"BlockIO":"98.2MB / 74.9MB","CPUPerc":"43.32%","Container":"562ac1217807","ID":"562ac1217807","MemPerc":"13.20%","MemUsage":"997.1MiB / 7.38GiB","Name":"flash-cloud-bench-kafka-1","NetIO":"35.9MB / 30.1MB","PIDs":"101"}
{"BlockIO":"71.5MB / 3.19MB","CPUPerc":"0.24%","Container":"bc21247794d5","ID":"bc21247794d5","MemPerc":"1.27%","MemUsage":"95.99MiB / 7.38GiB","Name":"flash-cloud-bench-prometheus-1","NetIO":"13.9MB / 1.9MB","PIDs":"10"}
2026-09-08T11:05:12Z
{"BlockIO":"18.7MB / 132MB","CPUPerc":"80.43%","Container":"5440352fa90e","ID":"5440352fa90e","MemPerc":"1.44%","MemUsage":"109.1MiB / 7.38GiB","Name":"flash-cloud-bench-api-1","NetIO":"4.9GB / 3.32GB","PIDs":"23"}
{"BlockIO":"41.2MB / 951MB","CPUPerc":"8.93%","Container":"0c0c4eec6cd3","ID":"0c0c4eec6cd3","MemPerc":"0.85%","MemUsage":"64.47MiB / 7.38GiB","Name":"flash-cloud-bench-redis-1","NetIO":"4.15GB / 4.72GB","PIDs":"6"}
{"BlockIO":"0B / 0B","CPUPerc":"6.75%","Container":"facf8315afea","ID":"facf8315afea","MemPerc":"0.47%","MemUsage":"35.89MiB / 7.38GiB","Name":"flash-cloud-bench-consumer-1","NetIO":"53.2MB / 79MB","PIDs":"7"}
{"BlockIO":"0B / 0B","CPUPerc":"5.27%","Container":"d790ff1ba173","ID":"d790ff1ba173","MemPerc":"0.47%","MemUsage":"35.87MiB / 7.38GiB","Name":"flash-cloud-bench-publisher-1","NetIO":"49.7MB / 70.8MB","PIDs":"7"}
{"BlockIO":"4.77MB / 0B","CPUPerc":"2.77%","Container":"e0a44f45bbd7","ID":"e0a44f45bbd7","MemPerc":"0.52%","MemUsage":"39.27MiB / 7.38GiB","Name":"flash-cloud-bench-simulator-1","NetIO":"63MB / 79.5MB","PIDs":"10"}
{"BlockIO":"7.95MB / 0B","CPUPerc":"5.74%","Container":"a66f27ba8092","ID":"a66f27ba8092","MemPerc":"0.54%","MemUsage":"40.71MiB / 7.38GiB","Name":"flash-cloud-bench-maintenance-1","NetIO":"1.18GB / 4.02GB","PIDs":"6"}
{"BlockIO":"1.41MB / 0B","CPUPerc":"6.00%","Container":"6fea00feedc4","ID":"6fea00feedc4","MemPerc":"0.04%","MemUsage":"2.875MiB / 7.38GiB","Name":"flash-cloud-bench-pgbouncer-1","NetIO":"1.91GB / 1.91GB","PIDs":"1"}
{"BlockIO":"84.6MB / 2.52GB","CPUPerc":"94.93%","Container":"d440893966b4","ID":"d440893966b4","MemPerc":"2.26%","MemUsage":"171.1MiB / 7.38GiB","Name":"flash-cloud-bench-postgres-1","NetIO":"641MB / 1.32GB","PIDs":"18"}
{"BlockIO":"98.2MB / 75MB","CPUPerc":"70.38%","Container":"562ac1217807","ID":"562ac1217807","MemPerc":"13.69%","MemUsage":"1.01GiB / 7.38GiB","Name":"flash-cloud-bench-kafka-1","NetIO":"36.2MB / 30.4MB","PIDs":"121"}
{"BlockIO":"71.5MB / 3.19MB","CPUPerc":"0.00%","Container":"bc21247794d5","ID":"bc21247794d5","MemPerc":"1.27%","MemUsage":"95.99MiB / 7.38GiB","Name":"flash-cloud-bench-prometheus-1","NetIO":"14MB / 1.91MB","PIDs":"10"}
2026-09-08T11:05:22Z
{"BlockIO":"18.7MB / 132MB","CPUPerc":"105.08%","Container":"5440352fa90e","ID":"5440352fa90e","MemPerc":"1.43%","MemUsage":"107.8MiB / 7.38GiB","Name":"flash-cloud-bench-api-1","NetIO":"4.96GB / 3.36GB","PIDs":"18"}
{"BlockIO":"41.2MB / 951MB","CPUPerc":"14.10%","Container":"0c0c4eec6cd3","ID":"0c0c4eec6cd3","MemPerc":"0.85%","MemUsage":"64.42MiB / 7.38GiB","Name":"flash-cloud-bench-redis-1","NetIO":"4.17GB / 4.78GB","PIDs":"6"}
{"BlockIO":"0B / 0B","CPUPerc":"5.94%","Container":"facf8315afea","ID":"facf8315afea","MemPerc":"0.47%","MemUsage":"35.89MiB / 7.38GiB","Name":"flash-cloud-bench-consumer-1","NetIO":"53.7MB / 79.8MB","PIDs":"7"}
{"BlockIO":"0B / 0B","CPUPerc":"4.02%","Container":"d790ff1ba173","ID":"d790ff1ba173","MemPerc":"0.47%","MemUsage":"35.87MiB / 7.38GiB","Name":"flash-cloud-bench-publisher-1","NetIO":"50.1MB / 71.4MB","PIDs":"7"}
{"BlockIO":"4.77MB / 0B","CPUPerc":"3.03%","Container":"e0a44f45bbd7","ID":"e0a44f45bbd7","MemPerc":"0.52%","MemUsage":"39.27MiB / 7.38GiB","Name":"flash-cloud-bench-simulator-1","NetIO":"63.3MB / 79.9MB","PIDs":"10"}
{"BlockIO":"7.95MB / 0B","CPUPerc":"11.59%","Container":"a66f27ba8092","ID":"a66f27ba8092","MemPerc":"0.54%","MemUsage":"40.71MiB / 7.38GiB","Name":"flash-cloud-bench-maintenance-1","NetIO":"1.18GB / 4.04GB","PIDs":"6"}
{"BlockIO":"1.41MB / 0B","CPUPerc":"6.85%","Container":"6fea00feedc4","ID":"6fea00feedc4","MemPerc":"0.04%","MemUsage":"2.898MiB / 7.38GiB","Name":"flash-cloud-bench-pgbouncer-1","NetIO":"1.92GB / 1.92GB","PIDs":"1"}
{"BlockIO":"84.6MB / 2.53GB","CPUPerc":"90.17%","Container":"d440893966b4","ID":"d440893966b4","MemPerc":"2.27%","MemUsage":"171.5MiB / 7.38GiB","Name":"flash-cloud-bench-postgres-1","NetIO":"645MB / 1.33GB","PIDs":"18"}
{"BlockIO":"98.2MB / 76.3MB","CPUPerc":"2.05%","Container":"562ac1217807","ID":"562ac1217807","MemPerc":"13.20%","MemUsage":"997.2MiB / 7.38GiB","Name":"flash-cloud-bench-kafka-1","NetIO":"36.5MB / 30.7MB","PIDs":"101"}
{"BlockIO":"71.5MB / 3.19MB","CPUPerc":"0.23%","Container":"bc21247794d5","ID":"bc21247794d5","MemPerc":"1.27%","MemUsage":"95.98MiB / 7.38GiB","Name":"flash-cloud-bench-prometheus-1","NetIO":"14.1MB / 1.92MB","PIDs":"10"}
2026-09-08T11:05:32Z
{"BlockIO":"18.7MB / 133MB","CPUPerc":"80.58%","Container":"5440352fa90e","ID":"5440352fa90e","MemPerc":"1.43%","MemUsage":"107.9MiB / 7.38GiB","Name":"flash-cloud-bench-api-1","NetIO":"5.02GB / 3.39GB","PIDs":"19"}
{"BlockIO":"41.2MB / 951MB","CPUPerc":"25.30%","Container":"0c0c4eec6cd3","ID":"0c0c4eec6cd3","MemPerc":"0.85%","MemUsage":"64.57MiB / 7.38GiB","Name":"flash-cloud-bench-redis-1","NetIO":"4.2GB / 4.83GB","PIDs":"6"}
{"BlockIO":"0B / 0B","CPUPerc":"5.59%","Container":"facf8315afea","ID":"facf8315afea","MemPerc":"0.47%","MemUsage":"35.89MiB / 7.38GiB","Name":"flash-cloud-bench-consumer-1","NetIO":"54.2MB / 80.5MB","PIDs":"7"}
{"BlockIO":"0B / 0B","CPUPerc":"4.40%","Container":"d790ff1ba173","ID":"d790ff1ba173","MemPerc":"0.47%","MemUsage":"35.87MiB / 7.38GiB","Name":"flash-cloud-bench-publisher-1","NetIO":"50.5MB / 71.9MB","PIDs":"7"}
{"BlockIO":"4.77MB / 0B","CPUPerc":"3.68%","Container":"e0a44f45bbd7","ID":"e0a44f45bbd7","MemPerc":"0.52%","MemUsage":"39.27MiB / 7.38GiB","Name":"flash-cloud-bench-simulator-1","NetIO":"63.6MB / 80.3MB","PIDs":"10"}
{"BlockIO":"7.95MB / 0B","CPUPerc":"3.60%","Container":"a66f27ba8092","ID":"a66f27ba8092","MemPerc":"0.54%","MemUsage":"40.71MiB / 7.38GiB","Name":"flash-cloud-bench-maintenance-1","NetIO":"1.19GB / 4.05GB","PIDs":"6"}
{"BlockIO":"1.41MB / 0B","CPUPerc":"8.46%","Container":"6fea00feedc4","ID":"6fea00feedc4","MemPerc":"0.04%","MemUsage":"2.879MiB / 7.38GiB","Name":"flash-cloud-bench-pgbouncer-1","NetIO":"1.93GB / 1.93GB","PIDs":"1"}
{"BlockIO":"84.6MB / 2.55GB","CPUPerc":"65.40%","Container":"d440893966b4","ID":"d440893966b4","MemPerc":"2.28%","MemUsage":"172MiB / 7.38GiB","Name":"flash-cloud-bench-postgres-1","NetIO":"649MB / 1.34GB","PIDs":"18"}
{"BlockIO":"98.2MB / 76.4MB","CPUPerc":"2.16%","Container":"562ac1217807","ID":"562ac1217807","MemPerc":"13.20%","MemUsage":"997.3MiB / 7.38GiB","Name":"flash-cloud-bench-kafka-1","NetIO":"36.9MB / 31MB","PIDs":"101"}
{"BlockIO":"71.5MB / 3.23MB","CPUPerc":"0.23%","Container":"bc21247794d5","ID":"bc21247794d5","MemPerc":"1.27%","MemUsage":"95.99MiB / 7.38GiB","Name":"flash-cloud-bench-prometheus-1","NetIO":"14.1MB / 1.93MB","PIDs":"10"}
2026-09-08T11:05:42Z
{"BlockIO":"18.7MB / 133MB","CPUPerc":"78.13%","Container":"5440352fa90e","ID":"5440352fa90e","MemPerc":"1.43%","MemUsage":"107.8MiB / 7.38GiB","Name":"flash-cloud-bench-api-1","NetIO":"5.08GB / 3.43GB","PIDs":"20"}
{"BlockIO":"41.2MB / 979MB","CPUPerc":"9.52%","Container":"0c0c4eec6cd3","ID":"0c0c4eec6cd3","MemPerc":"0.85%","MemUsage":"64.45MiB / 7.38GiB","Name":"flash-cloud-bench-redis-1","NetIO":"4.22GB / 4.89GB","PIDs":"6"}
{"BlockIO":"0B / 0B","CPUPerc":"7.21%","Container":"facf8315afea","ID":"facf8315afea","MemPerc":"0.47%","MemUsage":"35.89MiB / 7.38GiB","Name":"flash-cloud-bench-consumer-1","NetIO":"54.7MB / 81.3MB","PIDs":"7"}
{"BlockIO":"0B / 0B","CPUPerc":"4.82%","Container":"d790ff1ba173","ID":"d790ff1ba173","MemPerc":"0.47%","MemUsage":"35.87MiB / 7.38GiB","Name":"flash-cloud-bench-publisher-1","NetIO":"50.9MB / 72.4MB","PIDs":"7"}
{"BlockIO":"4.77MB / 0B","CPUPerc":"3.54%","Container":"e0a44f45bbd7","ID":"e0a44f45bbd7","MemPerc":"0.52%","MemUsage":"39.27MiB / 7.38GiB","Name":"flash-cloud-bench-simulator-1","NetIO":"63.9MB / 80.7MB","PIDs":"10"}
{"BlockIO":"7.95MB / 0B","CPUPerc":"3.70%","Container":"a66f27ba8092","ID":"a66f27ba8092","MemPerc":"0.54%","MemUsage":"40.71MiB / 7.38GiB","Name":"flash-cloud-bench-maintenance-1","NetIO":"1.2GB / 4.07GB","PIDs":"6"}
{"BlockIO":"1.41MB / 0B","CPUPerc":"5.36%","Container":"6fea00feedc4","ID":"6fea00feedc4","MemPerc":"0.04%","MemUsage":"2.875MiB / 7.38GiB","Name":"flash-cloud-bench-pgbouncer-1","NetIO":"1.94GB / 1.94GB","PIDs":"1"}
{"BlockIO":"84.6MB / 2.56GB","CPUPerc":"104.03%","Container":"d440893966b4","ID":"d440893966b4","MemPerc":"2.28%","MemUsage":"172.1MiB / 7.38GiB","Name":"flash-cloud-bench-postgres-1","NetIO":"652MB / 1.34GB","PIDs":"18"}
{"BlockIO":"98.2MB / 76.6MB","CPUPerc":"2.30%","Container":"562ac1217807","ID":"562ac1217807","MemPerc":"13.20%","MemUsage":"997.4MiB / 7.38GiB","Name":"flash-cloud-bench-kafka-1","NetIO":"37.2MB / 31.3MB","PIDs":"101"}
{"BlockIO":"71.5MB / 3.23MB","CPUPerc":"0.22%","Container":"bc21247794d5","ID":"bc21247794d5","MemPerc":"1.27%","MemUsage":"96MiB / 7.38GiB","Name":"flash-cloud-bench-prometheus-1","NetIO":"14.2MB / 1.94MB","PIDs":"10"}
2026-09-08T11:05:52Z
{"BlockIO":"18.7MB / 133MB","CPUPerc":"81.40%","Container":"5440352fa90e","ID":"5440352fa90e","MemPerc":"1.43%","MemUsage":"108.1MiB / 7.38GiB","Name":"flash-cloud-bench-api-1","NetIO":"5.14GB / 3.47GB","PIDs":"21"}
{"BlockIO":"41.2MB / 979MB","CPUPerc":"22.72%","Container":"0c0c4eec6cd3","ID":"0c0c4eec6cd3","MemPerc":"0.85%","MemUsage":"64.48MiB / 7.38GiB","Name":"flash-cloud-bench-redis-1","NetIO":"4.24GB / 4.95GB","PIDs":"6"}
{"BlockIO":"0B / 0B","CPUPerc":"5.54%","Container":"facf8315afea","ID":"facf8315afea","MemPerc":"0.47%","MemUsage":"35.89MiB / 7.38GiB","Name":"flash-cloud-bench-consumer-1","NetIO":"55.2MB / 82MB","PIDs":"7"}
{"BlockIO":"0B / 0B","CPUPerc":"4.16%","Container":"d790ff1ba173","ID":"d790ff1ba173","MemPerc":"0.47%","MemUsage":"35.87MiB / 7.38GiB","Name":"flash-cloud-bench-publisher-1","NetIO":"51.2MB / 72.9MB","PIDs":"7"}
{"BlockIO":"4.77MB / 0B","CPUPerc":"3.43%","Container":"e0a44f45bbd7","ID":"e0a44f45bbd7","MemPerc":"0.52%","MemUsage":"39.27MiB / 7.38GiB","Name":"flash-cloud-bench-simulator-1","NetIO":"64.3MB / 81.1MB","PIDs":"10"}
{"BlockIO":"7.95MB / 0B","CPUPerc":"20.34%","Container":"a66f27ba8092","ID":"a66f27ba8092","MemPerc":"0.54%","MemUsage":"40.71MiB / 7.38GiB","Name":"flash-cloud-bench-maintenance-1","NetIO":"1.2GB / 4.1GB","PIDs":"6"}
{"BlockIO":"1.41MB / 0B","CPUPerc":"7.65%","Container":"6fea00feedc4","ID":"6fea00feedc4","MemPerc":"0.04%","MemUsage":"2.867MiB / 7.38GiB","Name":"flash-cloud-bench-pgbouncer-1","NetIO":"1.96GB / 1.95GB","PIDs":"1"}
{"BlockIO":"84.6MB / 2.57GB","CPUPerc":"67.52%","Container":"d440893966b4","ID":"d440893966b4","MemPerc":"2.28%","MemUsage":"172.6MiB / 7.38GiB","Name":"flash-cloud-bench-postgres-1","NetIO":"656MB / 1.35GB","PIDs":"18"}
{"BlockIO":"98.2MB / 77.8MB","CPUPerc":"1.88%","Container":"562ac1217807","ID":"562ac1217807","MemPerc":"13.20%","MemUsage":"997.4MiB / 7.38GiB","Name":"flash-cloud-bench-kafka-1","NetIO":"37.5MB / 31.6MB","PIDs":"101"}
{"BlockIO":"71.5MB / 3.23MB","CPUPerc":"0.23%","Container":"bc21247794d5","ID":"bc21247794d5","MemPerc":"1.27%","MemUsage":"96MiB / 7.38GiB","Name":"flash-cloud-bench-prometheus-1","NetIO":"14.3MB / 1.95MB","PIDs":"10"}
2026-09-08T11:06:03Z
{"BlockIO":"18.7MB / 133MB","CPUPerc":"83.06%","Container":"5440352fa90e","ID":"5440352fa90e","MemPerc":"1.43%","MemUsage":"107.8MiB / 7.38GiB","Name":"flash-cloud-bench-api-1","NetIO":"5.19GB / 3.51GB","PIDs":"19"}
{"BlockIO":"41.2MB / 979MB","CPUPerc":"13.47%","Container":"0c0c4eec6cd3","ID":"0c0c4eec6cd3","MemPerc":"0.85%","MemUsage":"64.58MiB / 7.38GiB","Name":"flash-cloud-bench-redis-1","NetIO":"4.26GB / 5.01GB","PIDs":"6"}
{"BlockIO":"0B / 0B","CPUPerc":"6.99%","Container":"facf8315afea","ID":"facf8315afea","MemPerc":"0.48%","MemUsage":"35.9MiB / 7.38GiB","Name":"flash-cloud-bench-consumer-1","NetIO":"55.7MB / 82.8MB","PIDs":"7"}
{"BlockIO":"0B / 0B","CPUPerc":"5.47%","Container":"d790ff1ba173","ID":"d790ff1ba173","MemPerc":"0.47%","MemUsage":"35.88MiB / 7.38GiB","Name":"flash-cloud-bench-publisher-1","NetIO":"51.6MB / 73.5MB","PIDs":"7"}
{"BlockIO":"4.77MB / 0B","CPUPerc":"3.43%","Container":"e0a44f45bbd7","ID":"e0a44f45bbd7","MemPerc":"0.52%","MemUsage":"39.27MiB / 7.38GiB","Name":"flash-cloud-bench-simulator-1","NetIO":"64.6MB / 81.5MB","PIDs":"10"}
{"BlockIO":"7.95MB / 0B","CPUPerc":"7.05%","Container":"a66f27ba8092","ID":"a66f27ba8092","MemPerc":"0.54%","MemUsage":"40.71MiB / 7.38GiB","Name":"flash-cloud-bench-maintenance-1","NetIO":"1.21GB / 4.11GB","PIDs":"6"}
{"BlockIO":"1.41MB / 0B","CPUPerc":"6.31%","Container":"6fea00feedc4","ID":"6fea00feedc4","MemPerc":"0.04%","MemUsage":"2.891MiB / 7.38GiB","Name":"flash-cloud-bench-pgbouncer-1","NetIO":"1.96GB / 1.96GB","PIDs":"1"}
{"BlockIO":"84.6MB / 2.59GB","CPUPerc":"100.46%","Container":"d440893966b4","ID":"d440893966b4","MemPerc":"2.29%","MemUsage":"173MiB / 7.38GiB","Name":"flash-cloud-bench-postgres-1","NetIO":"660MB / 1.36GB","PIDs":"18"}
{"BlockIO":"98.2MB / 78MB","CPUPerc":"2.40%","Container":"562ac1217807","ID":"562ac1217807","MemPerc":"13.20%","MemUsage":"997.4MiB / 7.38GiB","Name":"flash-cloud-bench-kafka-1","NetIO":"37.9MB / 31.9MB","PIDs":"101"}
{"BlockIO":"71.5MB / 3.27MB","CPUPerc":"0.37%","Container":"bc21247794d5","ID":"bc21247794d5","MemPerc":"1.27%","MemUsage":"96MiB / 7.38GiB","Name":"flash-cloud-bench-prometheus-1","NetIO":"14.3MB / 1.96MB","PIDs":"10"}
2026-09-08T11:06:13Z
{"BlockIO":"18.7MB / 134MB","CPUPerc":"80.82%","Container":"5440352fa90e","ID":"5440352fa90e","MemPerc":"1.43%","MemUsage":"107.8MiB / 7.38GiB","Name":"flash-cloud-bench-api-1","NetIO":"5.25GB / 3.55GB","PIDs":"19"}
{"BlockIO":"41.2MB / 979MB","CPUPerc":"17.24%","Container":"0c0c4eec6cd3","ID":"0c0c4eec6cd3","MemPerc":"0.85%","MemUsage":"64.5MiB / 7.38GiB","Name":"flash-cloud-bench-redis-1","NetIO":"4.28GB / 5.06GB","PIDs":"6"}
{"BlockIO":"0B / 0B","CPUPerc":"6.21%","Container":"facf8315afea","ID":"facf8315afea","MemPerc":"0.47%","MemUsage":"35.89MiB / 7.38GiB","Name":"flash-cloud-bench-consumer-1","NetIO":"56.3MB / 83.6MB","PIDs":"7"}
{"BlockIO":"0B / 0B","CPUPerc":"4.30%","Container":"d790ff1ba173","ID":"d790ff1ba173","MemPerc":"0.47%","MemUsage":"35.88MiB / 7.38GiB","Name":"flash-cloud-bench-publisher-1","NetIO":"51.9MB / 74MB","PIDs":"7"}
{"BlockIO":"4.77MB / 0B","CPUPerc":"3.29%","Container":"e0a44f45bbd7","ID":"e0a44f45bbd7","MemPerc":"0.52%","MemUsage":"39.27MiB / 7.38GiB","Name":"flash-cloud-bench-simulator-1","NetIO":"64.9MB / 81.9MB","PIDs":"10"}
{"BlockIO":"7.95MB / 0B","CPUPerc":"14.39%","Container":"a66f27ba8092","ID":"a66f27ba8092","MemPerc":"0.54%","MemUsage":"40.71MiB / 7.38GiB","Name":"flash-cloud-bench-maintenance-1","NetIO":"1.21GB / 4.13GB","PIDs":"6"}
{"BlockIO":"1.41MB / 0B","CPUPerc":"7.04%","Container":"6fea00feedc4","ID":"6fea00feedc4","MemPerc":"0.04%","MemUsage":"2.898MiB / 7.38GiB","Name":"flash-cloud-bench-pgbouncer-1","NetIO":"1.97GB / 1.97GB","PIDs":"1"}
{"BlockIO":"84.6MB / 2.61GB","CPUPerc":"81.12%","Container":"d440893966b4","ID":"d440893966b4","MemPerc":"2.30%","MemUsage":"173.5MiB / 7.38GiB","Name":"flash-cloud-bench-postgres-1","NetIO":"663MB / 1.36GB","PIDs":"18"}
{"BlockIO":"98.2MB / 78.1MB","CPUPerc":"9.02%","Container":"562ac1217807","ID":"562ac1217807","MemPerc":"13.20%","MemUsage":"997.4MiB / 7.38GiB","Name":"flash-cloud-bench-kafka-1","NetIO":"38.2MB / 32.2MB","PIDs":"101"}
{"BlockIO":"71.5MB / 3.27MB","CPUPerc":"0.00%","Container":"bc21247794d5","ID":"bc21247794d5","MemPerc":"1.27%","MemUsage":"96MiB / 7.38GiB","Name":"flash-cloud-bench-prometheus-1","NetIO":"14.4MB / 1.97MB","PIDs":"10"}
2026-09-08T11:06:23Z
{"BlockIO":"18.7MB / 134MB","CPUPerc":"76.40%","Container":"5440352fa90e","ID":"5440352fa90e","MemPerc":"1.43%","MemUsage":"108.1MiB / 7.38GiB","Name":"flash-cloud-bench-api-1","NetIO":"5.31GB / 3.58GB","PIDs":"18"}
{"BlockIO":"41.2MB / 979MB","CPUPerc":"10.65%","Container":"0c0c4eec6cd3","ID":"0c0c4eec6cd3","MemPerc":"0.85%","MemUsage":"64.53MiB / 7.38GiB","Name":"flash-cloud-bench-redis-1","NetIO":"4.31GB / 5.12GB","PIDs":"6"}
{"BlockIO":"0B / 0B","CPUPerc":"7.68%","Container":"facf8315afea","ID":"facf8315afea","MemPerc":"0.47%","MemUsage":"35.89MiB / 7.38GiB","Name":"flash-cloud-bench-consumer-1","NetIO":"56.8MB / 84.3MB","PIDs":"7"}
{"BlockIO":"0B / 0B","CPUPerc":"5.03%","Container":"d790ff1ba173","ID":"d790ff1ba173","MemPerc":"0.47%","MemUsage":"35.88MiB / 7.38GiB","Name":"flash-cloud-bench-publisher-1","NetIO":"52.3MB / 74.5MB","PIDs":"7"}
{"BlockIO":"4.77MB / 0B","CPUPerc":"2.97%","Container":"e0a44f45bbd7","ID":"e0a44f45bbd7","MemPerc":"0.52%","MemUsage":"39.27MiB / 7.38GiB","Name":"flash-cloud-bench-simulator-1","NetIO":"65.2MB / 82.3MB","PIDs":"10"}
{"BlockIO":"7.95MB / 0B","CPUPerc":"3.89%","Container":"a66f27ba8092","ID":"a66f27ba8092","MemPerc":"0.54%","MemUsage":"40.71MiB / 7.38GiB","Name":"flash-cloud-bench-maintenance-1","NetIO":"1.22GB / 4.15GB","PIDs":"6"}
{"BlockIO":"1.41MB / 0B","CPUPerc":"5.27%","Container":"6fea00feedc4","ID":"6fea00feedc4","MemPerc":"0.04%","MemUsage":"2.871MiB / 7.38GiB","Name":"flash-cloud-bench-pgbouncer-1","NetIO":"1.99GB / 1.98GB","PIDs":"1"}
{"BlockIO":"84.6MB / 2.63GB","CPUPerc":"95.09%","Container":"d440893966b4","ID":"d440893966b4","MemPerc":"2.30%","MemUsage":"173.9MiB / 7.38GiB","Name":"flash-cloud-bench-postgres-1","NetIO":"667MB / 1.37GB","PIDs":"18"}
{"BlockIO":"98.2MB / 79.2MB","CPUPerc":"101.65%","Container":"562ac1217807","ID":"562ac1217807","MemPerc":"13.80%","MemUsage":"1.018GiB / 7.38GiB","Name":"flash-cloud-bench-kafka-1","NetIO":"38.5MB / 32.4MB","PIDs":"122"}
{"BlockIO":"71.5MB / 3.27MB","CPUPerc":"0.00%","Container":"bc21247794d5","ID":"bc21247794d5","MemPerc":"1.27%","MemUsage":"96MiB / 7.38GiB","Name":"flash-cloud-bench-prometheus-1","NetIO":"14.5MB / 1.98MB","PIDs":"10"}
2026-09-08T11:06:33Z
{"BlockIO":"18.7MB / 134MB","CPUPerc":"80.46%","Container":"5440352fa90e","ID":"5440352fa90e","MemPerc":"1.43%","MemUsage":"108.4MiB / 7.38GiB","Name":"flash-cloud-bench-api-1","NetIO":"5.37GB / 3.62GB","PIDs":"22"}
{"BlockIO":"41.2MB / 979MB","CPUPerc":"21.24%","Container":"0c0c4eec6cd3","ID":"0c0c4eec6cd3","MemPerc":"0.85%","MemUsage":"64.42MiB / 7.38GiB","Name":"flash-cloud-bench-redis-1","NetIO":"4.33GB / 5.17GB","PIDs":"6"}
{"BlockIO":"0B / 0B","CPUPerc":"6.24%","Container":"facf8315afea","ID":"facf8315afea","MemPerc":"0.47%","MemUsage":"35.89MiB / 7.38GiB","Name":"flash-cloud-bench-consumer-1","NetIO":"57.3MB / 85.1MB","PIDs":"7"}
{"BlockIO":"0B / 0B","CPUPerc":"4.83%","Container":"d790ff1ba173","ID":"d790ff1ba173","MemPerc":"0.47%","MemUsage":"35.88MiB / 7.38GiB","Name":"flash-cloud-bench-publisher-1","NetIO":"52.6MB / 75MB","PIDs":"7"}
{"BlockIO":"4.77MB / 0B","CPUPerc":"3.66%","Container":"e0a44f45bbd7","ID":"e0a44f45bbd7","MemPerc":"0.52%","MemUsage":"39.27MiB / 7.38GiB","Name":"flash-cloud-bench-simulator-1","NetIO":"65.5MB / 82.7MB","PIDs":"10"}
{"BlockIO":"7.95MB / 0B","CPUPerc":"19.14%","Container":"a66f27ba8092","ID":"a66f27ba8092","MemPerc":"0.54%","MemUsage":"40.71MiB / 7.38GiB","Name":"flash-cloud-bench-maintenance-1","NetIO":"1.22GB / 4.17GB","PIDs":"6"}
{"BlockIO":"1.41MB / 0B","CPUPerc":"5.22%","Container":"6fea00feedc4","ID":"6fea00feedc4","MemPerc":"0.04%","MemUsage":"2.867MiB / 7.38GiB","Name":"flash-cloud-bench-pgbouncer-1","NetIO":"1.99GB / 1.99GB","PIDs":"1"}
{"BlockIO":"84.6MB / 2.65GB","CPUPerc":"76.41%","Container":"d440893966b4","ID":"d440893966b4","MemPerc":"2.31%","MemUsage":"174.2MiB / 7.38GiB","Name":"flash-cloud-bench-postgres-1","NetIO":"671MB / 1.38GB","PIDs":"18"}
{"BlockIO":"98.2MB / 79.3MB","CPUPerc":"2.12%","Container":"562ac1217807","ID":"562ac1217807","MemPerc":"13.20%","MemUsage":"997.4MiB / 7.38GiB","Name":"flash-cloud-bench-kafka-1","NetIO":"38.9MB / 32.7MB","PIDs":"101"}
{"BlockIO":"71.5MB / 3.31MB","CPUPerc":"0.37%","Container":"bc21247794d5","ID":"bc21247794d5","MemPerc":"1.27%","MemUsage":"96.01MiB / 7.38GiB","Name":"flash-cloud-bench-prometheus-1","NetIO":"14.6MB / 1.99MB","PIDs":"10"}
2026-09-08T11:06:43Z
{"BlockIO":"18.7MB / 135MB","CPUPerc":"80.39%","Container":"5440352fa90e","ID":"5440352fa90e","MemPerc":"1.44%","MemUsage":"108.6MiB / 7.38GiB","Name":"flash-cloud-bench-api-1","NetIO":"5.43GB / 3.66GB","PIDs":"18"}
{"BlockIO":"41.2MB / 1.01GB","CPUPerc":"13.59%","Container":"0c0c4eec6cd3","ID":"0c0c4eec6cd3","MemPerc":"0.85%","MemUsage":"64.5MiB / 7.38GiB","Name":"flash-cloud-bench-redis-1","NetIO":"4.35GB / 5.23GB","PIDs":"6"}
{"BlockIO":"0B / 0B","CPUPerc":"6.61%","Container":"facf8315afea","ID":"facf8315afea","MemPerc":"0.47%","MemUsage":"35.89MiB / 7.38GiB","Name":"flash-cloud-bench-consumer-1","NetIO":"57.8MB / 85.8MB","PIDs":"7"}
{"BlockIO":"0B / 0B","CPUPerc":"4.31%","Container":"d790ff1ba173","ID":"d790ff1ba173","MemPerc":"0.47%","MemUsage":"35.88MiB / 7.38GiB","Name":"flash-cloud-bench-publisher-1","NetIO":"53MB / 75.5MB","PIDs":"7"}
{"BlockIO":"4.77MB / 0B","CPUPerc":"3.55%","Container":"e0a44f45bbd7","ID":"e0a44f45bbd7","MemPerc":"0.52%","MemUsage":"39.27MiB / 7.38GiB","Name":"flash-cloud-bench-simulator-1","NetIO":"65.8MB / 83.1MB","PIDs":"10"}
{"BlockIO":"7.95MB / 0B","CPUPerc":"11.00%","Container":"a66f27ba8092","ID":"a66f27ba8092","MemPerc":"0.54%","MemUsage":"40.71MiB / 7.38GiB","Name":"flash-cloud-bench-maintenance-1","NetIO":"1.23GB / 4.19GB","PIDs":"6"}
{"BlockIO":"1.41MB / 0B","CPUPerc":"6.54%","Container":"6fea00feedc4","ID":"6fea00feedc4","MemPerc":"0.04%","MemUsage":"2.891MiB / 7.38GiB","Name":"flash-cloud-bench-pgbouncer-1","NetIO":"2.01GB / 2GB","PIDs":"1"}
{"BlockIO":"84.6MB / 2.66GB","CPUPerc":"87.75%","Container":"d440893966b4","ID":"d440893966b4","MemPerc":"2.31%","MemUsage":"174.7MiB / 7.38GiB","Name":"flash-cloud-bench-postgres-1","NetIO":"674MB / 1.38GB","PIDs":"18"}
{"BlockIO":"98.2MB / 79.5MB","CPUPerc":"2.09%","Container":"562ac1217807","ID":"562ac1217807","MemPerc":"13.20%","MemUsage":"997.5MiB / 7.38GiB","Name":"flash-cloud-bench-kafka-1","NetIO":"39.2MB / 33MB","PIDs":"101"}
{"BlockIO":"71.5MB / 3.31MB","CPUPerc":"0.00%","Container":"bc21247794d5","ID":"bc21247794d5","MemPerc":"1.27%","MemUsage":"96.02MiB / 7.38GiB","Name":"flash-cloud-bench-prometheus-1","NetIO":"14.6MB / 2MB","PIDs":"10"}
2026-09-08T11:06:53Z
{"BlockIO":"18.7MB / 135MB","CPUPerc":"105.95%","Container":"5440352fa90e","ID":"5440352fa90e","MemPerc":"1.45%","MemUsage":"109.2MiB / 7.38GiB","Name":"flash-cloud-bench-api-1","NetIO":"5.48GB / 3.69GB","PIDs":"18"}
{"BlockIO":"41.2MB / 1.01GB","CPUPerc":"9.59%","Container":"0c0c4eec6cd3","ID":"0c0c4eec6cd3","MemPerc":"0.85%","MemUsage":"64.52MiB / 7.38GiB","Name":"flash-cloud-bench-redis-1","NetIO":"4.37GB / 5.28GB","PIDs":"6"}
{"BlockIO":"0B / 0B","CPUPerc":"8.36%","Container":"facf8315afea","ID":"facf8315afea","MemPerc":"0.47%","MemUsage":"35.89MiB / 7.38GiB","Name":"flash-cloud-bench-consumer-1","NetIO":"58.3MB / 86.6MB","PIDs":"7"}
{"BlockIO":"0B / 0B","CPUPerc":"3.63%","Container":"d790ff1ba173","ID":"d790ff1ba173","MemPerc":"0.47%","MemUsage":"35.88MiB / 7.38GiB","Name":"flash-cloud-bench-publisher-1","NetIO":"53.3MB / 76MB","PIDs":"7"}
{"BlockIO":"4.77MB / 0B","CPUPerc":"3.18%","Container":"e0a44f45bbd7","ID":"e0a44f45bbd7","MemPerc":"0.52%","MemUsage":"39.27MiB / 7.38GiB","Name":"flash-cloud-bench-simulator-1","NetIO":"66.1MB / 83.5MB","PIDs":"10"}
{"BlockIO":"7.95MB / 0B","CPUPerc":"4.07%","Container":"a66f27ba8092","ID":"a66f27ba8092","MemPerc":"0.54%","MemUsage":"40.71MiB / 7.38GiB","Name":"flash-cloud-bench-maintenance-1","NetIO":"1.23GB / 4.21GB","PIDs":"6"}
{"BlockIO":"1.41MB / 0B","CPUPerc":"5.57%","Container":"6fea00feedc4","ID":"6fea00feedc4","MemPerc":"0.04%","MemUsage":"2.871MiB / 7.38GiB","Name":"flash-cloud-bench-pgbouncer-1","NetIO":"2.02GB / 2.01GB","PIDs":"1"}
{"BlockIO":"84.6MB / 2.68GB","CPUPerc":"103.34%","Container":"d440893966b4","ID":"d440893966b4","MemPerc":"2.32%","MemUsage":"175.2MiB / 7.38GiB","Name":"flash-cloud-bench-postgres-1","NetIO":"678MB / 1.39GB","PIDs":"18"}
{"BlockIO":"98.2MB / 80.7MB","CPUPerc":"2.61%","Container":"562ac1217807","ID":"562ac1217807","MemPerc":"13.20%","MemUsage":"997.5MiB / 7.38GiB","Name":"flash-cloud-bench-kafka-1","NetIO":"39.6MB / 33.3MB","PIDs":"101"}
{"BlockIO":"71.5MB / 3.31MB","CPUPerc":"0.16%","Container":"bc21247794d5","ID":"bc21247794d5","MemPerc":"1.27%","MemUsage":"96.02MiB / 7.38GiB","Name":"flash-cloud-bench-prometheus-1","NetIO":"14.7MB / 2.01MB","PIDs":"10"}
2026-09-08T11:07:03Z
{"BlockIO":"18.7MB / 135MB","CPUPerc":"78.83%","Container":"5440352fa90e","ID":"5440352fa90e","MemPerc":"1.45%","MemUsage":"109.9MiB / 7.38GiB","Name":"flash-cloud-bench-api-1","NetIO":"5.54GB / 3.73GB","PIDs":"20"}
{"BlockIO":"41.2MB / 1.01GB","CPUPerc":"17.86%","Container":"0c0c4eec6cd3","ID":"0c0c4eec6cd3","MemPerc":"0.86%","MemUsage":"64.66MiB / 7.38GiB","Name":"flash-cloud-bench-redis-1","NetIO":"4.39GB / 5.34GB","PIDs":"6"}
{"BlockIO":"0B / 0B","CPUPerc":"6.33%","Container":"facf8315afea","ID":"facf8315afea","MemPerc":"0.47%","MemUsage":"35.89MiB / 7.38GiB","Name":"flash-cloud-bench-consumer-1","NetIO":"58.8MB / 87.3MB","PIDs":"7"}
{"BlockIO":"0B / 0B","CPUPerc":"4.15%","Container":"d790ff1ba173","ID":"d790ff1ba173","MemPerc":"0.47%","MemUsage":"35.88MiB / 7.38GiB","Name":"flash-cloud-bench-publisher-1","NetIO":"53.7MB / 76.5MB","PIDs":"7"}
{"BlockIO":"4.77MB / 0B","CPUPerc":"3.13%","Container":"e0a44f45bbd7","ID":"e0a44f45bbd7","MemPerc":"0.52%","MemUsage":"39.27MiB / 7.38GiB","Name":"flash-cloud-bench-simulator-1","NetIO":"66.4MB / 83.9MB","PIDs":"10"}
{"BlockIO":"7.95MB / 0B","CPUPerc":"12.91%","Container":"a66f27ba8092","ID":"a66f27ba8092","MemPerc":"0.54%","MemUsage":"40.71MiB / 7.38GiB","Name":"flash-cloud-bench-maintenance-1","NetIO":"1.24GB / 4.23GB","PIDs":"6"}
{"BlockIO":"1.41MB / 0B","CPUPerc":"6.56%","Container":"6fea00feedc4","ID":"6fea00feedc4","MemPerc":"0.04%","MemUsage":"3.141MiB / 7.38GiB","Name":"flash-cloud-bench-pgbouncer-1","NetIO":"2.03GB / 2.02GB","PIDs":"1"}
{"BlockIO":"84.6MB / 2.69GB","CPUPerc":"81.45%","Container":"d440893966b4","ID":"d440893966b4","MemPerc":"2.34%","MemUsage":"176.8MiB / 7.38GiB","Name":"flash-cloud-bench-postgres-1","NetIO":"681MB / 1.4GB","PIDs":"24"}
{"BlockIO":"98.2MB / 80.9MB","CPUPerc":"2.16%","Container":"562ac1217807","ID":"562ac1217807","MemPerc":"13.20%","MemUsage":"997.5MiB / 7.38GiB","Name":"flash-cloud-bench-kafka-1","NetIO":"39.9MB / 33.6MB","PIDs":"101"}
{"BlockIO":"71.5MB / 3.35MB","CPUPerc":"0.16%","Container":"bc21247794d5","ID":"bc21247794d5","MemPerc":"1.27%","MemUsage":"96.01MiB / 7.38GiB","Name":"flash-cloud-bench-prometheus-1","NetIO":"14.8MB / 2.02MB","PIDs":"10"}
2026-09-08T11:07:13Z
{"BlockIO":"18.7MB / 136MB","CPUPerc":"82.86%","Container":"5440352fa90e","ID":"5440352fa90e","MemPerc":"1.47%","MemUsage":"111.3MiB / 7.38GiB","Name":"flash-cloud-bench-api-1","NetIO":"5.6GB / 3.77GB","PIDs":"23"}
{"BlockIO":"41.2MB / 1.01GB","CPUPerc":"16.34%","Container":"0c0c4eec6cd3","ID":"0c0c4eec6cd3","MemPerc":"0.85%","MemUsage":"64.6MiB / 7.38GiB","Name":"flash-cloud-bench-redis-1","NetIO":"4.41GB / 5.4GB","PIDs":"6"}
{"BlockIO":"0B / 0B","CPUPerc":"6.37%","Container":"facf8315afea","ID":"facf8315afea","MemPerc":"0.47%","MemUsage":"35.89MiB / 7.38GiB","Name":"flash-cloud-bench-consumer-1","NetIO":"59.3MB / 88.1MB","PIDs":"7"}
{"BlockIO":"0B / 0B","CPUPerc":"3.88%","Container":"d790ff1ba173","ID":"d790ff1ba173","MemPerc":"0.47%","MemUsage":"35.88MiB / 7.38GiB","Name":"flash-cloud-bench-publisher-1","NetIO":"54.1MB / 77.1MB","PIDs":"7"}
{"BlockIO":"4.77MB / 0B","CPUPerc":"2.89%","Container":"e0a44f45bbd7","ID":"e0a44f45bbd7","MemPerc":"0.52%","MemUsage":"39.27MiB / 7.38GiB","Name":"flash-cloud-bench-simulator-1","NetIO":"66.8MB / 84.3MB","PIDs":"10"}
{"BlockIO":"7.95MB / 0B","CPUPerc":"12.18%","Container":"a66f27ba8092","ID":"a66f27ba8092","MemPerc":"0.54%","MemUsage":"40.71MiB / 7.38GiB","Name":"flash-cloud-bench-maintenance-1","NetIO":"1.25GB / 4.25GB","PIDs":"6"}
{"BlockIO":"1.41MB / 0B","CPUPerc":"6.50%","Container":"6fea00feedc4","ID":"6fea00feedc4","MemPerc":"0.04%","MemUsage":"2.871MiB / 7.38GiB","Name":"flash-cloud-bench-pgbouncer-1","NetIO":"2.04GB / 2.03GB","PIDs":"1"}
{"BlockIO":"84.6MB / 2.71GB","CPUPerc":"88.23%","Container":"d440893966b4","ID":"d440893966b4","MemPerc":"2.33%","MemUsage":"176MiB / 7.38GiB","Name":"flash-cloud-bench-postgres-1","NetIO":"685MB / 1.4GB","PIDs":"18"}
{"BlockIO":"98.2MB / 81MB","CPUPerc":"2.13%","Container":"562ac1217807","ID":"562ac1217807","MemPerc":"13.20%","MemUsage":"997.6MiB / 7.38GiB","Name":"flash-cloud-bench-kafka-1","NetIO":"40.2MB / 33.9MB","PIDs":"101"}
{"BlockIO":"71.5MB / 3.35MB","CPUPerc":"0.26%","Container":"bc21247794d5","ID":"bc21247794d5","MemPerc":"1.27%","MemUsage":"96.02MiB / 7.38GiB","Name":"flash-cloud-bench-prometheus-1","NetIO":"14.8MB / 2.02MB","PIDs":"10"}
2026-09-08T11:07:24Z
{"BlockIO":"18.7MB / 136MB","CPUPerc":"75.61%","Container":"5440352fa90e","ID":"5440352fa90e","MemPerc":"1.48%","MemUsage":"111.7MiB / 7.38GiB","Name":"flash-cloud-bench-api-1","NetIO":"5.66GB / 3.81GB","PIDs":"21"}
{"BlockIO":"41.2MB / 1.01GB","CPUPerc":"15.99%","Container":"0c0c4eec6cd3","ID":"0c0c4eec6cd3","MemPerc":"0.85%","MemUsage":"64.54MiB / 7.38GiB","Name":"flash-cloud-bench-redis-1","NetIO":"4.44GB / 5.45GB","PIDs":"6"}
{"BlockIO":"0B / 0B","CPUPerc":"7.29%","Container":"facf8315afea","ID":"facf8315afea","MemPerc":"0.47%","MemUsage":"35.89MiB / 7.38GiB","Name":"flash-cloud-bench-consumer-1","NetIO":"59.8MB / 88.9MB","PIDs":"7"}
{"BlockIO":"0B / 0B","CPUPerc":"3.35%","Container":"d790ff1ba173","ID":"d790ff1ba173","MemPerc":"0.47%","MemUsage":"35.88MiB / 7.38GiB","Name":"flash-cloud-bench-publisher-1","NetIO":"54.4MB / 77.6MB","PIDs":"7"}
{"BlockIO":"4.77MB / 0B","CPUPerc":"3.55%","Container":"e0a44f45bbd7","ID":"e0a44f45bbd7","MemPerc":"0.52%","MemUsage":"39.27MiB / 7.38GiB","Name":"flash-cloud-bench-simulator-1","NetIO":"67.1MB / 84.7MB","PIDs":"10"}
{"BlockIO":"7.95MB / 0B","CPUPerc":"13.25%","Container":"a66f27ba8092","ID":"a66f27ba8092","MemPerc":"0.54%","MemUsage":"40.71MiB / 7.38GiB","Name":"flash-cloud-bench-maintenance-1","NetIO":"1.25GB / 4.27GB","PIDs":"6"}
{"BlockIO":"1.41MB / 0B","CPUPerc":"6.73%","Container":"6fea00feedc4","ID":"6fea00feedc4","MemPerc":"0.04%","MemUsage":"2.883MiB / 7.38GiB","Name":"flash-cloud-bench-pgbouncer-1","NetIO":"2.05GB / 2.04GB","PIDs":"1"}
{"BlockIO":"84.6MB / 2.72GB","CPUPerc":"81.83%","Container":"d440893966b4","ID":"d440893966b4","MemPerc":"2.33%","MemUsage":"176.3MiB / 7.38GiB","Name":"flash-cloud-bench-postgres-1","NetIO":"689MB / 1.41GB","PIDs":"18"}
{"BlockIO":"98.2MB / 82.3MB","CPUPerc":"8.67%","Container":"562ac1217807","ID":"562ac1217807","MemPerc":"13.21%","MemUsage":"998.5MiB / 7.38GiB","Name":"flash-cloud-bench-kafka-1","NetIO":"40.6MB / 34.2MB","PIDs":"101"}
{"BlockIO":"71.5MB / 3.35MB","CPUPerc":"0.38%","Container":"bc21247794d5","ID":"bc21247794d5","MemPerc":"1.27%","MemUsage":"96.01MiB / 7.38GiB","Name":"flash-cloud-bench-prometheus-1","NetIO":"14.9MB / 2.04MB","PIDs":"10"}
2026-09-08T11:07:34Z
{"BlockIO":"18.7MB / 137MB","CPUPerc":"75.07%","Container":"5440352fa90e","ID":"5440352fa90e","MemPerc":"1.48%","MemUsage":"112MiB / 7.38GiB","Name":"flash-cloud-bench-api-1","NetIO":"5.72GB / 3.85GB","PIDs":"19"}
{"BlockIO":"41.2MB / 1.01GB","CPUPerc":"16.42%","Container":"0c0c4eec6cd3","ID":"0c0c4eec6cd3","MemPerc":"0.85%","MemUsage":"64.5MiB / 7.38GiB","Name":"flash-cloud-bench-redis-1","NetIO":"4.46GB / 5.51GB","PIDs":"6"}
{"BlockIO":"0B / 0B","CPUPerc":"5.76%","Container":"facf8315afea","ID":"facf8315afea","MemPerc":"0.47%","MemUsage":"35.89MiB / 7.38GiB","Name":"flash-cloud-bench-consumer-1","NetIO":"60.3MB / 89.6MB","PIDs":"7"}
{"BlockIO":"0B / 0B","CPUPerc":"4.67%","Container":"d790ff1ba173","ID":"d790ff1ba173","MemPerc":"0.47%","MemUsage":"35.88MiB / 7.38GiB","Name":"flash-cloud-bench-publisher-1","NetIO":"54.8MB / 78.1MB","PIDs":"7"}
{"BlockIO":"4.77MB / 0B","CPUPerc":"2.93%","Container":"e0a44f45bbd7","ID":"e0a44f45bbd7","MemPerc":"0.52%","MemUsage":"39.27MiB / 7.38GiB","Name":"flash-cloud-bench-simulator-1","NetIO":"67.4MB / 85.1MB","PIDs":"10"}
{"BlockIO":"7.95MB / 0B","CPUPerc":"10.72%","Container":"a66f27ba8092","ID":"a66f27ba8092","MemPerc":"0.54%","MemUsage":"40.71MiB / 7.38GiB","Name":"flash-cloud-bench-maintenance-1","NetIO":"1.26GB / 4.28GB","PIDs":"6"}
{"BlockIO":"1.41MB / 0B","CPUPerc":"6.94%","Container":"6fea00feedc4","ID":"6fea00feedc4","MemPerc":"0.04%","MemUsage":"2.887MiB / 7.38GiB","Name":"flash-cloud-bench-pgbouncer-1","NetIO":"2.06GB / 2.05GB","PIDs":"1"}
{"BlockIO":"84.6MB / 2.74GB","CPUPerc":"79.57%","Container":"d440893966b4","ID":"d440893966b4","MemPerc":"2.34%","MemUsage":"176.9MiB / 7.38GiB","Name":"flash-cloud-bench-postgres-1","NetIO":"692MB / 1.42GB","PIDs":"18"}
{"BlockIO":"98.2MB / 82.4MB","CPUPerc":"106.45%","Container":"562ac1217807","ID":"562ac1217807","MemPerc":"13.83%","MemUsage":"1.021GiB / 7.38GiB","Name":"flash-cloud-bench-kafka-1","NetIO":"40.9MB / 34.5MB","PIDs":"122"}
{"BlockIO":"71.5MB / 3.38MB","CPUPerc":"0.01%","Container":"bc21247794d5","ID":"bc21247794d5","MemPerc":"1.27%","MemUsage":"96.02MiB / 7.38GiB","Name":"flash-cloud-bench-prometheus-1","NetIO":"15MB / 2.04MB","PIDs":"10"}
2026-09-08T11:07:44Z
{"BlockIO":"18.7MB / 137MB","CPUPerc":"78.83%","Container":"5440352fa90e","ID":"5440352fa90e","MemPerc":"1.50%","MemUsage":"113.3MiB / 7.38GiB","Name":"flash-cloud-bench-api-1","NetIO":"5.78GB / 3.89GB","PIDs":"21"}
{"BlockIO":"41.2MB / 1.04GB","CPUPerc":"14.04%","Container":"0c0c4eec6cd3","ID":"0c0c4eec6cd3","MemPerc":"0.85%","MemUsage":"64.51MiB / 7.38GiB","Name":"flash-cloud-bench-redis-1","NetIO":"4.48GB / 5.57GB","PIDs":"6"}
{"BlockIO":"0B / 0B","CPUPerc":"6.79%","Container":"facf8315afea","ID":"facf8315afea","MemPerc":"0.48%","MemUsage":"35.9MiB / 7.38GiB","Name":"flash-cloud-bench-consumer-1","NetIO":"60.9MB / 90.4MB","PIDs":"7"}
{"BlockIO":"0B / 0B","CPUPerc":"4.36%","Container":"d790ff1ba173","ID":"d790ff1ba173","MemPerc":"0.47%","MemUsage":"35.88MiB / 7.38GiB","Name":"flash-cloud-bench-publisher-1","NetIO":"55.2MB / 78.6MB","PIDs":"7"}
{"BlockIO":"4.77MB / 0B","CPUPerc":"3.07%","Container":"e0a44f45bbd7","ID":"e0a44f45bbd7","MemPerc":"0.52%","MemUsage":"39.27MiB / 7.38GiB","Name":"flash-cloud-bench-simulator-1","NetIO":"67.7MB / 85.5MB","PIDs":"10"}
{"BlockIO":"7.95MB / 0B","CPUPerc":"9.26%","Container":"a66f27ba8092","ID":"a66f27ba8092","MemPerc":"0.54%","MemUsage":"40.71MiB / 7.38GiB","Name":"flash-cloud-bench-maintenance-1","NetIO":"1.26GB / 4.3GB","PIDs":"6"}
{"BlockIO":"1.41MB / 0B","CPUPerc":"6.09%","Container":"6fea00feedc4","ID":"6fea00feedc4","MemPerc":"0.04%","MemUsage":"2.875MiB / 7.38GiB","Name":"flash-cloud-bench-pgbouncer-1","NetIO":"2.07GB / 2.06GB","PIDs":"1"}
{"BlockIO":"84.6MB / 2.76GB","CPUPerc":"97.03%","Container":"d440893966b4","ID":"d440893966b4","MemPerc":"2.35%","MemUsage":"177.4MiB / 7.38GiB","Name":"flash-cloud-bench-postgres-1","NetIO":"696MB / 1.42GB","PIDs":"18"}
{"BlockIO":"98.2MB / 83.3MB","CPUPerc":"2.28%","Container":"562ac1217807","ID":"562ac1217807","MemPerc":"13.21%","MemUsage":"998.6MiB / 7.38GiB","Name":"flash-cloud-bench-kafka-1","NetIO":"41.2MB / 34.7MB","PIDs":"101"}
{"BlockIO":"71.5MB / 3.38MB","CPUPerc":"0.42%","Container":"bc21247794d5","ID":"bc21247794d5","MemPerc":"1.27%","MemUsage":"96.01MiB / 7.38GiB","Name":"flash-cloud-bench-prometheus-1","NetIO":"15.1MB / 2.05MB","PIDs":"10"}
2026-09-08T11:07:54Z
{"BlockIO":"18.7MB / 137MB","CPUPerc":"77.33%","Container":"5440352fa90e","ID":"5440352fa90e","MemPerc":"1.51%","MemUsage":"113.9MiB / 7.38GiB","Name":"flash-cloud-bench-api-1","NetIO":"5.84GB / 3.92GB","PIDs":"19"}
{"BlockIO":"41.2MB / 1.04GB","CPUPerc":"22.51%","Container":"0c0c4eec6cd3","ID":"0c0c4eec6cd3","MemPerc":"0.85%","MemUsage":"64.52MiB / 7.38GiB","Name":"flash-cloud-bench-redis-1","NetIO":"4.5GB / 5.63GB","PIDs":"6"}
{"BlockIO":"0B / 0B","CPUPerc":"10.42%","Container":"facf8315afea","ID":"facf8315afea","MemPerc":"0.47%","MemUsage":"35.89MiB / 7.38GiB","Name":"flash-cloud-bench-consumer-1","NetIO":"61.4MB / 91.1MB","PIDs":"7"}
{"BlockIO":"0B / 0B","CPUPerc":"3.42%","Container":"d790ff1ba173","ID":"d790ff1ba173","MemPerc":"0.47%","MemUsage":"35.88MiB / 7.38GiB","Name":"flash-cloud-bench-publisher-1","NetIO":"55.5MB / 79.2MB","PIDs":"7"}
{"BlockIO":"4.77MB / 0B","CPUPerc":"3.32%","Container":"e0a44f45bbd7","ID":"e0a44f45bbd7","MemPerc":"0.52%","MemUsage":"39.27MiB / 7.38GiB","Name":"flash-cloud-bench-simulator-1","NetIO":"68MB / 85.9MB","PIDs":"10"}
{"BlockIO":"7.95MB / 0B","CPUPerc":"22.73%","Container":"a66f27ba8092","ID":"a66f27ba8092","MemPerc":"0.54%","MemUsage":"40.71MiB / 7.38GiB","Name":"flash-cloud-bench-maintenance-1","NetIO":"1.27GB / 4.32GB","PIDs":"6"}
{"BlockIO":"1.41MB / 0B","CPUPerc":"8.54%","Container":"6fea00feedc4","ID":"6fea00feedc4","MemPerc":"0.04%","MemUsage":"2.891MiB / 7.38GiB","Name":"flash-cloud-bench-pgbouncer-1","NetIO":"2.08GB / 2.07GB","PIDs":"1"}
{"BlockIO":"84.6MB / 2.78GB","CPUPerc":"61.52%","Container":"d440893966b4","ID":"d440893966b4","MemPerc":"2.35%","MemUsage":"177.6MiB / 7.38GiB","Name":"flash-cloud-bench-postgres-1","NetIO":"700MB / 1.43GB","PIDs":"18"}
{"BlockIO":"98.2MB / 83.9MB","CPUPerc":"1.85%","Container":"562ac1217807","ID":"562ac1217807","MemPerc":"13.22%","MemUsage":"998.7MiB / 7.38GiB","Name":"flash-cloud-bench-kafka-1","NetIO":"41.6MB / 35MB","PIDs":"101"}
{"BlockIO":"71.5MB / 3.38MB","CPUPerc":"0.42%","Container":"bc21247794d5","ID":"bc21247794d5","MemPerc":"1.27%","MemUsage":"96.01MiB / 7.38GiB","Name":"flash-cloud-bench-prometheus-1","NetIO":"15.1MB / 2.06MB","PIDs":"10"}
2026-09-08T11:08:04Z
{"BlockIO":"18.7MB / 138MB","CPUPerc":"80.70%","Container":"5440352fa90e","ID":"5440352fa90e","MemPerc":"1.51%","MemUsage":"114MiB / 7.38GiB","Name":"flash-cloud-bench-api-1","NetIO":"5.9GB / 3.96GB","PIDs":"16"}
{"BlockIO":"41.2MB / 1.04GB","CPUPerc":"13.39%","Container":"0c0c4eec6cd3","ID":"0c0c4eec6cd3","MemPerc":"0.85%","MemUsage":"64.36MiB / 7.38GiB","Name":"flash-cloud-bench-redis-1","NetIO":"4.52GB / 5.69GB","PIDs":"6"}
{"BlockIO":"0B / 0B","CPUPerc":"6.79%","Container":"facf8315afea","ID":"facf8315afea","MemPerc":"0.47%","MemUsage":"35.89MiB / 7.38GiB","Name":"flash-cloud-bench-consumer-1","NetIO":"61.9MB / 91.9MB","PIDs":"7"}
{"BlockIO":"0B / 0B","CPUPerc":"4.60%","Container":"d790ff1ba173","ID":"d790ff1ba173","MemPerc":"0.47%","MemUsage":"35.88MiB / 7.38GiB","Name":"flash-cloud-bench-publisher-1","NetIO":"55.9MB / 79.7MB","PIDs":"7"}
{"BlockIO":"4.77MB / 0B","CPUPerc":"3.17%","Container":"e0a44f45bbd7","ID":"e0a44f45bbd7","MemPerc":"0.52%","MemUsage":"39.27MiB / 7.38GiB","Name":"flash-cloud-bench-simulator-1","NetIO":"68.3MB / 86.3MB","PIDs":"10"}
{"BlockIO":"7.95MB / 0B","CPUPerc":"4.27%","Container":"a66f27ba8092","ID":"a66f27ba8092","MemPerc":"0.54%","MemUsage":"40.71MiB / 7.38GiB","Name":"flash-cloud-bench-maintenance-1","NetIO":"1.27GB / 4.34GB","PIDs":"6"}
{"BlockIO":"1.41MB / 0B","CPUPerc":"5.32%","Container":"6fea00feedc4","ID":"6fea00feedc4","MemPerc":"0.04%","MemUsage":"2.891MiB / 7.38GiB","Name":"flash-cloud-bench-pgbouncer-1","NetIO":"2.09GB / 2.08GB","PIDs":"1"}
{"BlockIO":"84.6MB / 2.79GB","CPUPerc":"101.64%","Container":"d440893966b4","ID":"d440893966b4","MemPerc":"2.35%","MemUsage":"177.7MiB / 7.38GiB","Name":"flash-cloud-bench-postgres-1","NetIO":"703MB / 1.44GB","PIDs":"18"}
{"BlockIO":"98.2MB / 84.5MB","CPUPerc":"2.34%","Container":"562ac1217807","ID":"562ac1217807","MemPerc":"13.22%","MemUsage":"998.7MiB / 7.38GiB","Name":"flash-cloud-bench-kafka-1","NetIO":"41.9MB / 35.3MB","PIDs":"101"}
{"BlockIO":"71.5MB / 3.38MB","CPUPerc":"0.13%","Container":"bc21247794d5","ID":"bc21247794d5","MemPerc":"1.27%","MemUsage":"96.01MiB / 7.38GiB","Name":"flash-cloud-bench-prometheus-1","NetIO":"15.2MB / 2.07MB","PIDs":"10"}
2026-09-08T11:08:14Z
{"BlockIO":"18.7MB / 138MB","CPUPerc":"73.80%","Container":"5440352fa90e","ID":"5440352fa90e","MemPerc":"1.52%","MemUsage":"114.5MiB / 7.38GiB","Name":"flash-cloud-bench-api-1","NetIO":"5.96GB / 4GB","PIDs":"21"}
{"BlockIO":"41.2MB / 1.04GB","CPUPerc":"21.01%","Container":"0c0c4eec6cd3","ID":"0c0c4eec6cd3","MemPerc":"0.85%","MemUsage":"64.53MiB / 7.38GiB","Name":"flash-cloud-bench-redis-1","NetIO":"4.55GB / 5.74GB","PIDs":"6"}
{"BlockIO":"0B / 0B","CPUPerc":"5.65%","Container":"facf8315afea","ID":"facf8315afea","MemPerc":"0.47%","MemUsage":"35.89MiB / 7.38GiB","Name":"flash-cloud-bench-consumer-1","NetIO":"62.4MB / 92.6MB","PIDs":"7"}
{"BlockIO":"0B / 0B","CPUPerc":"3.45%","Container":"d790ff1ba173","ID":"d790ff1ba173","MemPerc":"0.47%","MemUsage":"35.88MiB / 7.38GiB","Name":"flash-cloud-bench-publisher-1","NetIO":"56.2MB / 80.2MB","PIDs":"7"}
{"BlockIO":"4.77MB / 0B","CPUPerc":"3.19%","Container":"e0a44f45bbd7","ID":"e0a44f45bbd7","MemPerc":"0.52%","MemUsage":"39.29MiB / 7.38GiB","Name":"flash-cloud-bench-simulator-1","NetIO":"68.6MB / 86.7MB","PIDs":"10"}
{"BlockIO":"7.95MB / 0B","CPUPerc":"22.84%","Container":"a66f27ba8092","ID":"a66f27ba8092","MemPerc":"0.54%","MemUsage":"40.71MiB / 7.38GiB","Name":"flash-cloud-bench-maintenance-1","NetIO":"1.28GB / 4.36GB","PIDs":"6"}
{"BlockIO":"1.41MB / 0B","CPUPerc":"8.75%","Container":"6fea00feedc4","ID":"6fea00feedc4","MemPerc":"0.04%","MemUsage":"2.891MiB / 7.38GiB","Name":"flash-cloud-bench-pgbouncer-1","NetIO":"2.1GB / 2.09GB","PIDs":"1"}
{"BlockIO":"84.6MB / 2.81GB","CPUPerc":"67.26%","Container":"d440893966b4","ID":"d440893966b4","MemPerc":"2.35%","MemUsage":"177.9MiB / 7.38GiB","Name":"flash-cloud-bench-postgres-1","NetIO":"707MB / 1.44GB","PIDs":"18"}
{"BlockIO":"98.2MB / 85.2MB","CPUPerc":"1.91%","Container":"562ac1217807","ID":"562ac1217807","MemPerc":"13.22%","MemUsage":"998.8MiB / 7.38GiB","Name":"flash-cloud-bench-kafka-1","NetIO":"42.3MB / 35.6MB","PIDs":"101"}
{"BlockIO":"71.5MB / 3.43MB","CPUPerc":"0.15%","Container":"bc21247794d5","ID":"bc21247794d5","MemPerc":"1.27%","MemUsage":"96.02MiB / 7.38GiB","Name":"flash-cloud-bench-prometheus-1","NetIO":"15.3MB / 2.08MB","PIDs":"10"}
2026-09-08T11:08:24Z
{"BlockIO":"18.7MB / 139MB","CPUPerc":"76.28%","Container":"5440352fa90e","ID":"5440352fa90e","MemPerc":"1.54%","MemUsage":"116.1MiB / 7.38GiB","Name":"flash-cloud-bench-api-1","NetIO":"6.01GB / 4.03GB","PIDs":"21"}
{"BlockIO":"41.2MB / 1.04GB","CPUPerc":"18.09%","Container":"0c0c4eec6cd3","ID":"0c0c4eec6cd3","MemPerc":"0.86%","MemUsage":"64.7MiB / 7.38GiB","Name":"flash-cloud-bench-redis-1","NetIO":"4.57GB / 5.8GB","PIDs":"6"}
{"BlockIO":"0B / 0B","CPUPerc":"6.47%","Container":"facf8315afea","ID":"facf8315afea","MemPerc":"0.47%","MemUsage":"35.89MiB / 7.38GiB","Name":"flash-cloud-bench-consumer-1","NetIO":"62.9MB / 93.4MB","PIDs":"7"}
{"BlockIO":"0B / 0B","CPUPerc":"3.26%","Container":"d790ff1ba173","ID":"d790ff1ba173","MemPerc":"0.47%","MemUsage":"35.88MiB / 7.38GiB","Name":"flash-cloud-bench-publisher-1","NetIO":"56.6MB / 80.7MB","PIDs":"7"}
{"BlockIO":"4.77MB / 0B","CPUPerc":"2.99%","Container":"e0a44f45bbd7","ID":"e0a44f45bbd7","MemPerc":"0.52%","MemUsage":"39.27MiB / 7.38GiB","Name":"flash-cloud-bench-simulator-1","NetIO":"68.9MB / 87.1MB","PIDs":"10"}
{"BlockIO":"7.95MB / 0B","CPUPerc":"17.72%","Container":"a66f27ba8092","ID":"a66f27ba8092","MemPerc":"0.54%","MemUsage":"40.71MiB / 7.38GiB","Name":"flash-cloud-bench-maintenance-1","NetIO":"1.28GB / 4.38GB","PIDs":"6"}
{"BlockIO":"1.41MB / 0B","CPUPerc":"7.52%","Container":"6fea00feedc4","ID":"6fea00feedc4","MemPerc":"0.04%","MemUsage":"2.883MiB / 7.38GiB","Name":"flash-cloud-bench-pgbouncer-1","NetIO":"2.11GB / 2.1GB","PIDs":"1"}
{"BlockIO":"84.6MB / 2.82GB","CPUPerc":"69.19%","Container":"d440893966b4","ID":"d440893966b4","MemPerc":"2.36%","MemUsage":"178.2MiB / 7.38GiB","Name":"flash-cloud-bench-postgres-1","NetIO":"710MB / 1.45GB","PIDs":"18"}
{"BlockIO":"98.2MB / 85.8MB","CPUPerc":"1.89%","Container":"562ac1217807","ID":"562ac1217807","MemPerc":"13.22%","MemUsage":"998.8MiB / 7.38GiB","Name":"flash-cloud-bench-kafka-1","NetIO":"42.6MB / 35.9MB","PIDs":"101"}
{"BlockIO":"71.5MB / 3.44MB","CPUPerc":"0.05%","Container":"bc21247794d5","ID":"bc21247794d5","MemPerc":"1.27%","MemUsage":"96.02MiB / 7.38GiB","Name":"flash-cloud-bench-prometheus-1","NetIO":"15.3MB / 2.09MB","PIDs":"10"}
2026-09-08T11:08:35Z
{"BlockIO":"18.7MB / 139MB","CPUPerc":"106.52%","Container":"5440352fa90e","ID":"5440352fa90e","MemPerc":"1.56%","MemUsage":"118MiB / 7.38GiB","Name":"flash-cloud-bench-api-1","NetIO":"6.07GB / 4.07GB","PIDs":"22"}
{"BlockIO":"41.2MB / 1.04GB","CPUPerc":"16.13%","Container":"0c0c4eec6cd3","ID":"0c0c4eec6cd3","MemPerc":"0.86%","MemUsage":"64.75MiB / 7.38GiB","Name":"flash-cloud-bench-redis-1","NetIO":"4.59GB / 5.85GB","PIDs":"6"}
{"BlockIO":"0B / 0B","CPUPerc":"7.65%","Container":"facf8315afea","ID":"facf8315afea","MemPerc":"0.47%","MemUsage":"35.89MiB / 7.38GiB","Name":"flash-cloud-bench-consumer-1","NetIO":"63.4MB / 94.1MB","PIDs":"7"}
{"BlockIO":"0B / 0B","CPUPerc":"4.83%","Container":"d790ff1ba173","ID":"d790ff1ba173","MemPerc":"0.47%","MemUsage":"35.88MiB / 7.38GiB","Name":"flash-cloud-bench-publisher-1","NetIO":"56.9MB / 81.2MB","PIDs":"7"}
{"BlockIO":"4.77MB / 0B","CPUPerc":"3.06%","Container":"e0a44f45bbd7","ID":"e0a44f45bbd7","MemPerc":"0.52%","MemUsage":"39.27MiB / 7.38GiB","Name":"flash-cloud-bench-simulator-1","NetIO":"69.3MB / 87.4MB","PIDs":"10"}
{"BlockIO":"7.95MB / 0B","CPUPerc":"10.22%","Container":"a66f27ba8092","ID":"a66f27ba8092","MemPerc":"0.54%","MemUsage":"40.71MiB / 7.38GiB","Name":"flash-cloud-bench-maintenance-1","NetIO":"1.29GB / 4.4GB","PIDs":"6"}
{"BlockIO":"1.41MB / 0B","CPUPerc":"6.49%","Container":"6fea00feedc4","ID":"6fea00feedc4","MemPerc":"0.04%","MemUsage":"2.867MiB / 7.38GiB","Name":"flash-cloud-bench-pgbouncer-1","NetIO":"2.12GB / 2.11GB","PIDs":"1"}
{"BlockIO":"84.6MB / 2.84GB","CPUPerc":"88.91%","Container":"d440893966b4","ID":"d440893966b4","MemPerc":"2.36%","MemUsage":"178.6MiB / 7.38GiB","Name":"flash-cloud-bench-postgres-1","NetIO":"714MB / 1.46GB","PIDs":"18"}
{"BlockIO":"98.2MB / 85.9MB","CPUPerc":"3.06%","Container":"562ac1217807","ID":"562ac1217807","MemPerc":"13.22%","MemUsage":"998.8MiB / 7.38GiB","Name":"flash-cloud-bench-kafka-1","NetIO":"42.9MB / 36.2MB","PIDs":"101"}
{"BlockIO":"71.5MB / 3.47MB","CPUPerc":"0.04%","Container":"bc21247794d5","ID":"bc21247794d5","MemPerc":"1.27%","MemUsage":"96.02MiB / 7.38GiB","Name":"flash-cloud-bench-prometheus-1","NetIO":"15.4MB / 2.1MB","PIDs":"10"}
2026-09-08T11:08:45Z
{"BlockIO":"18.7MB / 139MB","CPUPerc":"78.85%","Container":"5440352fa90e","ID":"5440352fa90e","MemPerc":"1.56%","MemUsage":"117.9MiB / 7.38GiB","Name":"flash-cloud-bench-api-1","NetIO":"6.13GB / 4.11GB","PIDs":"18"}
{"BlockIO":"41.2MB / 1.07GB","CPUPerc":"11.85%","Container":"0c0c4eec6cd3","ID":"0c0c4eec6cd3","MemPerc":"0.85%","MemUsage":"64.61MiB / 7.38GiB","Name":"flash-cloud-bench-redis-1","NetIO":"4.61GB / 5.91GB","PIDs":"6"}
{"BlockIO":"0B / 0B","CPUPerc":"6.33%","Container":"facf8315afea","ID":"facf8315afea","MemPerc":"0.47%","MemUsage":"35.89MiB / 7.38GiB","Name":"flash-cloud-bench-consumer-1","NetIO":"63.9MB / 94.9MB","PIDs":"7"}
{"BlockIO":"0B / 0B","CPUPerc":"3.86%","Container":"d790ff1ba173","ID":"d790ff1ba173","MemPerc":"0.47%","MemUsage":"35.88MiB / 7.38GiB","Name":"flash-cloud-bench-publisher-1","NetIO":"57.3MB / 81.7MB","PIDs":"7"}
{"BlockIO":"4.77MB / 0B","CPUPerc":"2.81%","Container":"e0a44f45bbd7","ID":"e0a44f45bbd7","MemPerc":"0.52%","MemUsage":"39.29MiB / 7.38GiB","Name":"flash-cloud-bench-simulator-1","NetIO":"69.6MB / 87.8MB","PIDs":"10"}
{"BlockIO":"7.95MB / 0B","CPUPerc":"7.20%","Container":"a66f27ba8092","ID":"a66f27ba8092","MemPerc":"0.54%","MemUsage":"40.71MiB / 7.38GiB","Name":"flash-cloud-bench-maintenance-1","NetIO":"1.3GB / 4.42GB","PIDs":"6"}
{"BlockIO":"1.41MB / 0B","CPUPerc":"6.36%","Container":"6fea00feedc4","ID":"6fea00feedc4","MemPerc":"0.04%","MemUsage":"2.898MiB / 7.38GiB","Name":"flash-cloud-bench-pgbouncer-1","NetIO":"2.13GB / 2.12GB","PIDs":"1"}
{"BlockIO":"84.6MB / 2.85GB","CPUPerc":"86.35%","Container":"d440893966b4","ID":"d440893966b4","MemPerc":"2.37%","MemUsage":"179MiB / 7.38GiB","Name":"flash-cloud-bench-postgres-1","NetIO":"718MB / 1.46GB","PIDs":"18"}
{"BlockIO":"98.2MB / 86.8MB","CPUPerc":"130.94%","Container":"562ac1217807","ID":"562ac1217807","MemPerc":"13.87%","MemUsage":"1.024GiB / 7.38GiB","Name":"flash-cloud-bench-kafka-1","NetIO":"43.3MB / 36.5MB","PIDs":"124"}
{"BlockIO":"71.5MB / 3.48MB","CPUPerc":"0.01%","Container":"bc21247794d5","ID":"bc21247794d5","MemPerc":"1.27%","MemUsage":"96.02MiB / 7.38GiB","Name":"flash-cloud-bench-prometheus-1","NetIO":"15.5MB / 2.11MB","PIDs":"10"}
2026-09-08T11:08:55Z
{"BlockIO":"18.7MB / 140MB","CPUPerc":"82.81%","Container":"5440352fa90e","ID":"5440352fa90e","MemPerc":"1.62%","MemUsage":"122.4MiB / 7.38GiB","Name":"flash-cloud-bench-api-1","NetIO":"6.19GB / 4.15GB","PIDs":"38"}
{"BlockIO":"41.2MB / 1.07GB","CPUPerc":"11.18%","Container":"0c0c4eec6cd3","ID":"0c0c4eec6cd3","MemPerc":"0.85%","MemUsage":"64.58MiB / 7.38GiB","Name":"flash-cloud-bench-redis-1","NetIO":"4.63GB / 5.97GB","PIDs":"6"}
{"BlockIO":"0B / 0B","CPUPerc":"7.53%","Container":"facf8315afea","ID":"facf8315afea","MemPerc":"0.48%","MemUsage":"35.9MiB / 7.38GiB","Name":"flash-cloud-bench-consumer-1","NetIO":"64.5MB / 95.7MB","PIDs":"7"}
{"BlockIO":"0B / 0B","CPUPerc":"5.32%","Container":"d790ff1ba173","ID":"d790ff1ba173","MemPerc":"0.47%","MemUsage":"35.88MiB / 7.38GiB","Name":"flash-cloud-bench-publisher-1","NetIO":"57.6MB / 82.2MB","PIDs":"7"}
{"BlockIO":"4.77MB / 0B","CPUPerc":"3.11%","Container":"e0a44f45bbd7","ID":"e0a44f45bbd7","MemPerc":"0.52%","MemUsage":"39.27MiB / 7.38GiB","Name":"flash-cloud-bench-simulator-1","NetIO":"69.9MB / 88.2MB","PIDs":"10"}
{"BlockIO":"7.95MB / 0B","CPUPerc":"3.62%","Container":"a66f27ba8092","ID":"a66f27ba8092","MemPerc":"0.54%","MemUsage":"40.71MiB / 7.38GiB","Name":"flash-cloud-bench-maintenance-1","NetIO":"1.3GB / 4.44GB","PIDs":"6"}
{"BlockIO":"1.41MB / 0B","CPUPerc":"5.26%","Container":"6fea00feedc4","ID":"6fea00feedc4","MemPerc":"0.04%","MemUsage":"2.871MiB / 7.38GiB","Name":"flash-cloud-bench-pgbouncer-1","NetIO":"2.14GB / 2.13GB","PIDs":"1"}
{"BlockIO":"84.6MB / 2.87GB","CPUPerc":"108.06%","Container":"d440893966b4","ID":"d440893966b4","MemPerc":"2.37%","MemUsage":"179.5MiB / 7.38GiB","Name":"flash-cloud-bench-postgres-1","NetIO":"721MB / 1.47GB","PIDs":"18"}
{"BlockIO":"98.2MB / 87.4MB","CPUPerc":"3.46%","Container":"562ac1217807","ID":"562ac1217807","MemPerc":"13.22%","MemUsage":"998.8MiB / 7.38GiB","Name":"flash-cloud-bench-kafka-1","NetIO":"43.6MB / 36.7MB","PIDs":"101"}
{"BlockIO":"71.5MB / 3.5MB","CPUPerc":"0.01%","Container":"bc21247794d5","ID":"bc21247794d5","MemPerc":"1.27%","MemUsage":"96.02MiB / 7.38GiB","Name":"flash-cloud-bench-prometheus-1","NetIO":"15.5MB / 2.12MB","PIDs":"10"}
2026-09-08T11:09:05Z
{"BlockIO":"18.7MB / 140MB","CPUPerc":"78.75%","Container":"5440352fa90e","ID":"5440352fa90e","MemPerc":"1.60%","MemUsage":"120.7MiB / 7.38GiB","Name":"flash-cloud-bench-api-1","NetIO":"6.25GB / 4.19GB","PIDs":"20"}
{"BlockIO":"41.2MB / 1.07GB","CPUPerc":"21.35%","Container":"0c0c4eec6cd3","ID":"0c0c4eec6cd3","MemPerc":"0.85%","MemUsage":"64.54MiB / 7.38GiB","Name":"flash-cloud-bench-redis-1","NetIO":"4.65GB / 6.03GB","PIDs":"6"}
{"BlockIO":"0B / 0B","CPUPerc":"6.35%","Container":"facf8315afea","ID":"facf8315afea","MemPerc":"0.48%","MemUsage":"35.9MiB / 7.38GiB","Name":"flash-cloud-bench-consumer-1","NetIO":"65MB / 96.4MB","PIDs":"7"}
{"BlockIO":"0B / 0B","CPUPerc":"4.39%","Container":"d790ff1ba173","ID":"d790ff1ba173","MemPerc":"0.47%","MemUsage":"35.88MiB / 7.38GiB","Name":"flash-cloud-bench-publisher-1","NetIO":"58MB / 82.7MB","PIDs":"7"}
{"BlockIO":"4.77MB / 0B","CPUPerc":"3.36%","Container":"e0a44f45bbd7","ID":"e0a44f45bbd7","MemPerc":"0.52%","MemUsage":"39.27MiB / 7.38GiB","Name":"flash-cloud-bench-simulator-1","NetIO":"70.2MB / 88.6MB","PIDs":"10"}
{"BlockIO":"7.95MB / 0B","CPUPerc":"16.17%","Container":"a66f27ba8092","ID":"a66f27ba8092","MemPerc":"0.54%","MemUsage":"40.71MiB / 7.38GiB","Name":"flash-cloud-bench-maintenance-1","NetIO":"1.31GB / 4.46GB","PIDs":"6"}
{"BlockIO":"1.41MB / 0B","CPUPerc":"7.48%","Container":"6fea00feedc4","ID":"6fea00feedc4","MemPerc":"0.04%","MemUsage":"2.891MiB / 7.38GiB","Name":"flash-cloud-bench-pgbouncer-1","NetIO":"2.15GB / 2.14GB","PIDs":"1"}
{"BlockIO":"84.6MB / 2.88GB","CPUPerc":"75.69%","Container":"d440893966b4","ID":"d440893966b4","MemPerc":"2.38%","MemUsage":"179.8MiB / 7.38GiB","Name":"flash-cloud-bench-postgres-1","NetIO":"725MB / 1.48GB","PIDs":"18"}
{"BlockIO":"98.2MB / 87.8MB","CPUPerc":"2.10%","Container":"562ac1217807","ID":"562ac1217807","MemPerc":"13.22%","MemUsage":"998.8MiB / 7.38GiB","Name":"flash-cloud-bench-kafka-1","NetIO":"43.9MB / 37MB","PIDs":"101"}
{"BlockIO":"71.5MB / 3.51MB","CPUPerc":"0.01%","Container":"bc21247794d5","ID":"bc21247794d5","MemPerc":"1.27%","MemUsage":"96.02MiB / 7.38GiB","Name":"flash-cloud-bench-prometheus-1","NetIO":"15.6MB / 2.13MB","PIDs":"10"}
2026-09-08T11:09:15Z
{"BlockIO":"18.7MB / 141MB","CPUPerc":"76.24%","Container":"5440352fa90e","ID":"5440352fa90e","MemPerc":"1.60%","MemUsage":"120.7MiB / 7.38GiB","Name":"flash-cloud-bench-api-1","NetIO":"6.31GB / 4.23GB","PIDs":"18"}
{"BlockIO":"41.2MB / 1.07GB","CPUPerc":"10.16%","Container":"0c0c4eec6cd3","ID":"0c0c4eec6cd3","MemPerc":"0.85%","MemUsage":"64.55MiB / 7.38GiB","Name":"flash-cloud-bench-redis-1","NetIO":"4.68GB / 6.08GB","PIDs":"6"}
{"BlockIO":"0B / 0B","CPUPerc":"9.44%","Container":"facf8315afea","ID":"facf8315afea","MemPerc":"0.48%","MemUsage":"35.9MiB / 7.38GiB","Name":"flash-cloud-bench-consumer-1","NetIO":"65.5MB / 97.2MB","PIDs":"7"}
{"BlockIO":"0B / 0B","CPUPerc":"5.74%","Container":"d790ff1ba173","ID":"d790ff1ba173","MemPerc":"0.47%","MemUsage":"35.88MiB / 7.38GiB","Name":"flash-cloud-bench-publisher-1","NetIO":"58.4MB / 83.3MB","PIDs":"7"}
{"BlockIO":"4.77MB / 0B","CPUPerc":"3.16%","Container":"e0a44f45bbd7","ID":"e0a44f45bbd7","MemPerc":"0.52%","MemUsage":"39.27MiB / 7.38GiB","Name":"flash-cloud-bench-simulator-1","NetIO":"70.5MB / 89MB","PIDs":"10"}
{"BlockIO":"7.95MB / 0B","CPUPerc":"4.10%","Container":"a66f27ba8092","ID":"a66f27ba8092","MemPerc":"0.54%","MemUsage":"40.71MiB / 7.38GiB","Name":"flash-cloud-bench-maintenance-1","NetIO":"1.31GB / 4.47GB","PIDs":"6"}
{"BlockIO":"1.41MB / 0B","CPUPerc":"5.50%","Container":"6fea00feedc4","ID":"6fea00feedc4","MemPerc":"0.04%","MemUsage":"2.875MiB / 7.38GiB","Name":"flash-cloud-bench-pgbouncer-1","NetIO":"2.16GB / 2.15GB","PIDs":"1"}
{"BlockIO":"84.6MB / 2.9GB","CPUPerc":"102.51%","Container":"d440893966b4","ID":"d440893966b4","MemPerc":"2.38%","MemUsage":"180.1MiB / 7.38GiB","Name":"flash-cloud-bench-postgres-1","NetIO":"729MB / 1.48GB","PIDs":"18"}
{"BlockIO":"98.2MB / 88.6MB","CPUPerc":"2.46%","Container":"562ac1217807","ID":"562ac1217807","MemPerc":"13.22%","MemUsage":"998.9MiB / 7.38GiB","Name":"flash-cloud-bench-kafka-1","NetIO":"44.3MB / 37.3MB","PIDs":"101"}
{"BlockIO":"71.5MB / 3.53MB","CPUPerc":"0.01%","Container":"bc21247794d5","ID":"bc21247794d5","MemPerc":"1.27%","MemUsage":"96.02MiB / 7.38GiB","Name":"flash-cloud-bench-prometheus-1","NetIO":"15.7MB / 2.14MB","PIDs":"10"}
2026-09-08T11:09:25Z
{"BlockIO":"18.7MB / 141MB","CPUPerc":"75.94%","Container":"5440352fa90e","ID":"5440352fa90e","MemPerc":"1.60%","MemUsage":"120.8MiB / 7.38GiB","Name":"flash-cloud-bench-api-1","NetIO":"6.36GB / 4.26GB","PIDs":"20"}
{"BlockIO":"41.2MB / 1.07GB","CPUPerc":"20.43%","Container":"0c0c4eec6cd3","ID":"0c0c4eec6cd3","MemPerc":"0.85%","MemUsage":"64.54MiB / 7.38GiB","Name":"flash-cloud-bench-redis-1","NetIO":"4.7GB / 6.14GB","PIDs":"6"}
{"BlockIO":"0B / 0B","CPUPerc":"5.45%","Container":"facf8315afea","ID":"facf8315afea","MemPerc":"0.48%","MemUsage":"35.91MiB / 7.38GiB","Name":"flash-cloud-bench-consumer-1","NetIO":"66MB / 97.9MB","PIDs":"7"}
{"BlockIO":"0B / 0B","CPUPerc":"4.07%","Container":"d790ff1ba173","ID":"d790ff1ba173","MemPerc":"0.47%","MemUsage":"35.88MiB / 7.38GiB","Name":"flash-cloud-bench-publisher-1","NetIO":"58.7MB / 83.8MB","PIDs":"7"}
{"BlockIO":"4.77MB / 0B","CPUPerc":"3.06%","Container":"e0a44f45bbd7","ID":"e0a44f45bbd7","MemPerc":"0.52%","MemUsage":"39.29MiB / 7.38GiB","Name":"flash-cloud-bench-simulator-1","NetIO":"70.8MB / 89.4MB","PIDs":"10"}
{"BlockIO":"7.95MB / 0B","CPUPerc":"20.71%","Container":"a66f27ba8092","ID":"a66f27ba8092","MemPerc":"0.54%","MemUsage":"40.71MiB / 7.38GiB","Name":"flash-cloud-bench-maintenance-1","NetIO":"1.32GB / 4.49GB","PIDs":"6"}
{"BlockIO":"1.41MB / 0B","CPUPerc":"8.36%","Container":"6fea00feedc4","ID":"6fea00feedc4","MemPerc":"0.04%","MemUsage":"2.875MiB / 7.38GiB","Name":"flash-cloud-bench-pgbouncer-1","NetIO":"2.17GB / 2.16GB","PIDs":"1"}
{"BlockIO":"84.6MB / 2.91GB","CPUPerc":"64.94%","Container":"d440893966b4","ID":"d440893966b4","MemPerc":"2.39%","MemUsage":"180.5MiB / 7.38GiB","Name":"flash-cloud-bench-postgres-1","NetIO":"732MB / 1.49GB","PIDs":"18"}
{"BlockIO":"98.2MB / 88.7MB","CPUPerc":"1.87%","Container":"562ac1217807","ID":"562ac1217807","MemPerc":"13.22%","MemUsage":"998.9MiB / 7.38GiB","Name":"flash-cloud-bench-kafka-1","NetIO":"44.6MB / 37.6MB","PIDs":"101"}
{"BlockIO":"71.5MB / 3.54MB","CPUPerc":"0.03%","Container":"bc21247794d5","ID":"bc21247794d5","MemPerc":"1.27%","MemUsage":"96.16MiB / 7.38GiB","Name":"flash-cloud-bench-prometheus-1","NetIO":"15.8MB / 2.15MB","PIDs":"10"}
2026-09-08T11:09:35Z
{"BlockIO":"18.7MB / 142MB","CPUPerc":"72.80%","Container":"5440352fa90e","ID":"5440352fa90e","MemPerc":"1.60%","MemUsage":"120.8MiB / 7.38GiB","Name":"flash-cloud-bench-api-1","NetIO":"6.42GB / 4.3GB","PIDs":"19"}
{"BlockIO":"41.2MB / 1.07GB","CPUPerc":"11.70%","Container":"0c0c4eec6cd3","ID":"0c0c4eec6cd3","MemPerc":"0.86%","MemUsage":"64.8MiB / 7.38GiB","Name":"flash-cloud-bench-redis-1","NetIO":"4.72GB / 6.19GB","PIDs":"6"}
{"BlockIO":"0B / 0B","CPUPerc":"7.06%","Container":"facf8315afea","ID":"facf8315afea","MemPerc":"0.48%","MemUsage":"35.9MiB / 7.38GiB","Name":"flash-cloud-bench-consumer-1","NetIO":"66.5MB / 98.7MB","PIDs":"7"}
{"BlockIO":"0B / 0B","CPUPerc":"4.21%","Container":"d790ff1ba173","ID":"d790ff1ba173","MemPerc":"0.47%","MemUsage":"35.88MiB / 7.38GiB","Name":"flash-cloud-bench-publisher-1","NetIO":"59MB / 84.3MB","PIDs":"7"}
{"BlockIO":"4.77MB / 0B","CPUPerc":"3.44%","Container":"e0a44f45bbd7","ID":"e0a44f45bbd7","MemPerc":"0.52%","MemUsage":"39.27MiB / 7.38GiB","Name":"flash-cloud-bench-simulator-1","NetIO":"71.1MB / 89.8MB","PIDs":"10"}
{"BlockIO":"7.95MB / 0B","CPUPerc":"3.60%","Container":"a66f27ba8092","ID":"a66f27ba8092","MemPerc":"0.54%","MemUsage":"40.71MiB / 7.38GiB","Name":"flash-cloud-bench-maintenance-1","NetIO":"1.32GB / 4.51GB","PIDs":"6"}
{"BlockIO":"1.41MB / 0B","CPUPerc":"5.01%","Container":"6fea00feedc4","ID":"6fea00feedc4","MemPerc":"0.04%","MemUsage":"2.867MiB / 7.38GiB","Name":"flash-cloud-bench-pgbouncer-1","NetIO":"2.18GB / 2.17GB","PIDs":"1"}
{"BlockIO":"84.6MB / 2.93GB","CPUPerc":"102.36%","Container":"d440893966b4","ID":"d440893966b4","MemPerc":"2.39%","MemUsage":"180.8MiB / 7.38GiB","Name":"flash-cloud-bench-postgres-1","NetIO":"736MB / 1.5GB","PIDs":"18"}
{"BlockIO":"98.2MB / 89.5MB","CPUPerc":"2.20%","Container":"562ac1217807","ID":"562ac1217807","MemPerc":"13.22%","MemUsage":"998.9MiB / 7.38GiB","Name":"flash-cloud-bench-kafka-1","NetIO":"44.9MB / 37.9MB","PIDs":"101"}
{"BlockIO":"71.5MB / 3.57MB","CPUPerc":"0.06%","Container":"bc21247794d5","ID":"bc21247794d5","MemPerc":"1.27%","MemUsage":"96.16MiB / 7.38GiB","Name":"flash-cloud-bench-prometheus-1","NetIO":"15.8MB / 2.16MB","PIDs":"10"}
2026-09-08T11:09:46Z
{"BlockIO":"18.7MB / 142MB","CPUPerc":"79.73%","Container":"5440352fa90e","ID":"5440352fa90e","MemPerc":"1.60%","MemUsage":"120.9MiB / 7.38GiB","Name":"flash-cloud-bench-api-1","NetIO":"6.48GB / 4.33GB","PIDs":"22"}
{"BlockIO":"41.2MB / 1.1GB","CPUPerc":"22.44%","Container":"0c0c4eec6cd3","ID":"0c0c4eec6cd3","MemPerc":"0.85%","MemUsage":"64.55MiB / 7.38GiB","Name":"flash-cloud-bench-redis-1","NetIO":"4.74GB / 6.25GB","PIDs":"6"}
{"BlockIO":"0B / 0B","CPUPerc":"6.15%","Container":"facf8315afea","ID":"facf8315afea","MemPerc":"0.48%","MemUsage":"35.91MiB / 7.38GiB","Name":"flash-cloud-bench-consumer-1","NetIO":"67MB / 99.4MB","PIDs":"7"}
{"BlockIO":"0B / 0B","CPUPerc":"3.68%","Container":"d790ff1ba173","ID":"d790ff1ba173","MemPerc":"0.47%","MemUsage":"35.88MiB / 7.38GiB","Name":"flash-cloud-bench-publisher-1","NetIO":"59.4MB / 84.8MB","PIDs":"7"}
{"BlockIO":"4.77MB / 0B","CPUPerc":"3.17%","Container":"e0a44f45bbd7","ID":"e0a44f45bbd7","MemPerc":"0.52%","MemUsage":"39.27MiB / 7.38GiB","Name":"flash-cloud-bench-simulator-1","NetIO":"71.4MB / 90.2MB","PIDs":"10"}
{"BlockIO":"7.95MB / 0B","CPUPerc":"21.76%","Container":"a66f27ba8092","ID":"a66f27ba8092","MemPerc":"0.54%","MemUsage":"40.71MiB / 7.38GiB","Name":"flash-cloud-bench-maintenance-1","NetIO":"1.33GB / 4.53GB","PIDs":"6"}
{"BlockIO":"1.41MB / 0B","CPUPerc":"8.39%","Container":"6fea00feedc4","ID":"6fea00feedc4","MemPerc":"0.04%","MemUsage":"2.867MiB / 7.38GiB","Name":"flash-cloud-bench-pgbouncer-1","NetIO":"2.19GB / 2.18GB","PIDs":"1"}
{"BlockIO":"84.6MB / 2.94GB","CPUPerc":"86.58%","Container":"d440893966b4","ID":"d440893966b4","MemPerc":"2.40%","MemUsage":"181.2MiB / 7.38GiB","Name":"flash-cloud-bench-postgres-1","NetIO":"739MB / 1.5GB","PIDs":"18"}
{"BlockIO":"98.2MB / 90.2MB","CPUPerc":"10.43%","Container":"562ac1217807","ID":"562ac1217807","MemPerc":"13.22%","MemUsage":"998.9MiB / 7.38GiB","Name":"flash-cloud-bench-kafka-1","NetIO":"45.3MB / 38.2MB","PIDs":"101"}
{"BlockIO":"71.5MB / 3.58MB","CPUPerc":"0.05%","Container":"bc21247794d5","ID":"bc21247794d5","MemPerc":"1.27%","MemUsage":"96.16MiB / 7.38GiB","Name":"flash-cloud-bench-prometheus-1","NetIO":"15.9MB / 2.17MB","PIDs":"10"}
2026-09-08T11:09:56Z
{"BlockIO":"18.7MB / 143MB","CPUPerc":"105.03%","Container":"5440352fa90e","ID":"5440352fa90e","MemPerc":"1.62%","MemUsage":"122.2MiB / 7.38GiB","Name":"flash-cloud-bench-api-1","NetIO":"6.53GB / 4.37GB","PIDs":"18"}
{"BlockIO":"41.2MB / 1.1GB","CPUPerc":"9.37%","Container":"0c0c4eec6cd3","ID":"0c0c4eec6cd3","MemPerc":"0.85%","MemUsage":"64.55MiB / 7.38GiB","Name":"flash-cloud-bench-redis-1","NetIO":"4.76GB / 6.3GB","PIDs":"6"}
{"BlockIO":"0B / 0B","CPUPerc":"7.25%","Container":"facf8315afea","ID":"facf8315afea","MemPerc":"0.48%","MemUsage":"35.91MiB / 7.38GiB","Name":"flash-cloud-bench-consumer-1","NetIO":"67.5MB / 100MB","PIDs":"7"}
{"BlockIO":"0B / 0B","CPUPerc":"5.47%","Container":"d790ff1ba173","ID":"d790ff1ba173","MemPerc":"0.47%","MemUsage":"35.88MiB / 7.38GiB","Name":"flash-cloud-bench-publisher-1","NetIO":"59.8MB / 85.3MB","PIDs":"7"}
{"BlockIO":"4.77MB / 0B","CPUPerc":"2.91%","Container":"e0a44f45bbd7","ID":"e0a44f45bbd7","MemPerc":"0.52%","MemUsage":"39.27MiB / 7.38GiB","Name":"flash-cloud-bench-simulator-1","NetIO":"71.8MB / 90.6MB","PIDs":"10"}
{"BlockIO":"7.95MB / 0B","CPUPerc":"3.37%","Container":"a66f27ba8092","ID":"a66f27ba8092","MemPerc":"0.54%","MemUsage":"40.71MiB / 7.38GiB","Name":"flash-cloud-bench-maintenance-1","NetIO":"1.33GB / 4.55GB","PIDs":"6"}
{"BlockIO":"1.41MB / 0B","CPUPerc":"5.81%","Container":"6fea00feedc4","ID":"6fea00feedc4","MemPerc":"0.04%","MemUsage":"2.906MiB / 7.38GiB","Name":"flash-cloud-bench-pgbouncer-1","NetIO":"2.2GB / 2.19GB","PIDs":"1"}
{"BlockIO":"84.6MB / 2.96GB","CPUPerc":"95.00%","Container":"d440893966b4","ID":"d440893966b4","MemPerc":"2.43%","MemUsage":"183.5MiB / 7.38GiB","Name":"flash-cloud-bench-postgres-1","NetIO":"743MB / 1.51GB","PIDs":"20"}
{"BlockIO":"98.2MB / 90.8MB","CPUPerc":"2.03%","Container":"562ac1217807","ID":"562ac1217807","MemPerc":"13.22%","MemUsage":"999MiB / 7.38GiB","Name":"flash-cloud-bench-kafka-1","NetIO":"45.6MB / 38.4MB","PIDs":"101"}
{"BlockIO":"71.5MB / 3.6MB","CPUPerc":"0.21%","Container":"bc21247794d5","ID":"bc21247794d5","MemPerc":"1.27%","MemUsage":"96.16MiB / 7.38GiB","Name":"flash-cloud-bench-prometheus-1","NetIO":"16MB / 2.18MB","PIDs":"10"}
2026-09-08T11:10:06Z
{"BlockIO":"18.7MB / 143MB","CPUPerc":"96.10%","Container":"5440352fa90e","ID":"5440352fa90e","MemPerc":"1.77%","MemUsage":"134MiB / 7.38GiB","Name":"flash-cloud-bench-api-1","NetIO":"6.59GB / 4.41GB","PIDs":"18"}
{"BlockIO":"41.2MB / 1.1GB","CPUPerc":"23.81%","Container":"0c0c4eec6cd3","ID":"0c0c4eec6cd3","MemPerc":"0.85%","MemUsage":"64.47MiB / 7.38GiB","Name":"flash-cloud-bench-redis-1","NetIO":"4.79GB / 6.35GB","PIDs":"6"}
{"BlockIO":"0B / 0B","CPUPerc":"4.85%","Container":"facf8315afea","ID":"facf8315afea","MemPerc":"0.48%","MemUsage":"35.91MiB / 7.38GiB","Name":"flash-cloud-bench-consumer-1","NetIO":"68MB / 101MB","PIDs":"7"}
{"BlockIO":"0B / 0B","CPUPerc":"3.65%","Container":"d790ff1ba173","ID":"d790ff1ba173","MemPerc":"0.47%","MemUsage":"35.88MiB / 7.38GiB","Name":"flash-cloud-bench-publisher-1","NetIO":"60.1MB / 85.8MB","PIDs":"7"}
{"BlockIO":"4.77MB / 0B","CPUPerc":"2.64%","Container":"e0a44f45bbd7","ID":"e0a44f45bbd7","MemPerc":"0.52%","MemUsage":"39.27MiB / 7.38GiB","Name":"flash-cloud-bench-simulator-1","NetIO":"72.1MB / 91MB","PIDs":"10"}
{"BlockIO":"7.95MB / 0B","CPUPerc":"22.75%","Container":"a66f27ba8092","ID":"a66f27ba8092","MemPerc":"0.54%","MemUsage":"40.71MiB / 7.38GiB","Name":"flash-cloud-bench-maintenance-1","NetIO":"1.34GB / 4.57GB","PIDs":"6"}
{"BlockIO":"1.41MB / 0B","CPUPerc":"8.20%","Container":"6fea00feedc4","ID":"6fea00feedc4","MemPerc":"0.04%","MemUsage":"2.867MiB / 7.38GiB","Name":"flash-cloud-bench-pgbouncer-1","NetIO":"2.21GB / 2.2GB","PIDs":"1"}
{"BlockIO":"84.6MB / 2.97GB","CPUPerc":"63.99%","Container":"d440893966b4","ID":"d440893966b4","MemPerc":"2.41%","MemUsage":"182MiB / 7.38GiB","Name":"flash-cloud-bench-postgres-1","NetIO":"747MB / 1.52GB","PIDs":"18"}
{"BlockIO":"98.2MB / 90.9MB","CPUPerc":"1.64%","Container":"562ac1217807","ID":"562ac1217807","MemPerc":"13.22%","MemUsage":"999MiB / 7.38GiB","Name":"flash-cloud-bench-kafka-1","NetIO":"45.9MB / 38.7MB","PIDs":"101"}
{"BlockIO":"71.5MB / 3.61MB","CPUPerc":"0.04%","Container":"bc21247794d5","ID":"bc21247794d5","MemPerc":"1.27%","MemUsage":"96.16MiB / 7.38GiB","Name":"flash-cloud-bench-prometheus-1","NetIO":"16MB / 2.18MB","PIDs":"10"}
2026-09-08T11:10:16Z
{"BlockIO":"18.7MB / 144MB","CPUPerc":"81.22%","Container":"5440352fa90e","ID":"5440352fa90e","MemPerc":"1.62%","MemUsage":"122.3MiB / 7.38GiB","Name":"flash-cloud-bench-api-1","NetIO":"6.65GB / 4.44GB","PIDs":"19"}
{"BlockIO":"41.2MB / 1.1GB","CPUPerc":"24.83%","Container":"0c0c4eec6cd3","ID":"0c0c4eec6cd3","MemPerc":"0.85%","MemUsage":"64.48MiB / 7.38GiB","Name":"flash-cloud-bench-redis-1","NetIO":"4.81GB / 6.41GB","PIDs":"6"}
{"BlockIO":"0B / 0B","CPUPerc":"12.77%","Container":"facf8315afea","ID":"facf8315afea","MemPerc":"0.48%","MemUsage":"35.91MiB / 7.38GiB","Name":"flash-cloud-bench-consumer-1","NetIO":"68.5MB / 102MB","PIDs":"7"}
{"BlockIO":"0B / 0B","CPUPerc":"5.16%","Container":"d790ff1ba173","ID":"d790ff1ba173","MemPerc":"0.47%","MemUsage":"35.88MiB / 7.38GiB","Name":"flash-cloud-bench-publisher-1","NetIO":"60.5MB / 86.4MB","PIDs":"7"}
{"BlockIO":"4.77MB / 0B","CPUPerc":"2.83%","Container":"e0a44f45bbd7","ID":"e0a44f45bbd7","MemPerc":"0.52%","MemUsage":"39.27MiB / 7.38GiB","Name":"flash-cloud-bench-simulator-1","NetIO":"72.4MB / 91.4MB","PIDs":"10"}
{"BlockIO":"7.95MB / 0B","CPUPerc":"3.74%","Container":"a66f27ba8092","ID":"a66f27ba8092","MemPerc":"0.54%","MemUsage":"40.71MiB / 7.38GiB","Name":"flash-cloud-bench-maintenance-1","NetIO":"1.35GB / 4.59GB","PIDs":"6"}
{"BlockIO":"1.41MB / 0B","CPUPerc":"5.20%","Container":"6fea00feedc4","ID":"6fea00feedc4","MemPerc":"0.04%","MemUsage":"2.875MiB / 7.38GiB","Name":"flash-cloud-bench-pgbouncer-1","NetIO":"2.22GB / 2.21GB","PIDs":"1"}
{"BlockIO":"84.6MB / 3.01GB","CPUPerc":"103.59%","Container":"d440893966b4","ID":"d440893966b4","MemPerc":"2.42%","MemUsage":"182.7MiB / 7.38GiB","Name":"flash-cloud-bench-postgres-1","NetIO":"750MB / 1.52GB","PIDs":"18"}
{"BlockIO":"98.2MB / 91.6MB","CPUPerc":"2.40%","Container":"562ac1217807","ID":"562ac1217807","MemPerc":"13.22%","MemUsage":"999MiB / 7.38GiB","Name":"flash-cloud-bench-kafka-1","NetIO":"46.3MB / 39MB","PIDs":"101"}
{"BlockIO":"71.5MB / 3.63MB","CPUPerc":"0.22%","Container":"bc21247794d5","ID":"bc21247794d5","MemPerc":"1.27%","MemUsage":"96.17MiB / 7.38GiB","Name":"flash-cloud-bench-prometheus-1","NetIO":"16.1MB / 2.2MB","PIDs":"10"}
2026-09-08T11:10:26Z
{"BlockIO":"18.7MB / 144MB","CPUPerc":"79.80%","Container":"5440352fa90e","ID":"5440352fa90e","MemPerc":"1.62%","MemUsage":"122.3MiB / 7.38GiB","Name":"flash-cloud-bench-api-1","NetIO":"6.7GB / 4.48GB","PIDs":"19"}
{"BlockIO":"41.2MB / 1.1GB","CPUPerc":"22.35%","Container":"0c0c4eec6cd3","ID":"0c0c4eec6cd3","MemPerc":"0.85%","MemUsage":"64.55MiB / 7.38GiB","Name":"flash-cloud-bench-redis-1","NetIO":"4.83GB / 6.47GB","PIDs":"6"}
{"BlockIO":"0B / 0B","CPUPerc":"4.82%","Container":"facf8315afea","ID":"facf8315afea","MemPerc":"0.48%","MemUsage":"35.91MiB / 7.38GiB","Name":"flash-cloud-bench-consumer-1","NetIO":"69MB / 102MB","PIDs":"7"}
{"BlockIO":"0B / 0B","CPUPerc":"3.14%","Container":"d790ff1ba173","ID":"d790ff1ba173","MemPerc":"0.47%","MemUsage":"35.88MiB / 7.38GiB","Name":"flash-cloud-bench-publisher-1","NetIO":"60.8MB / 86.9MB","PIDs":"7"}
{"BlockIO":"4.77MB / 0B","CPUPerc":"3.34%","Container":"e0a44f45bbd7","ID":"e0a44f45bbd7","MemPerc":"0.52%","MemUsage":"39.27MiB / 7.38GiB","Name":"flash-cloud-bench-simulator-1","NetIO":"72.7MB / 91.8MB","PIDs":"10"}
{"BlockIO":"7.95MB / 0B","CPUPerc":"22.57%","Container":"a66f27ba8092","ID":"a66f27ba8092","MemPerc":"0.54%","MemUsage":"40.71MiB / 7.38GiB","Name":"flash-cloud-bench-maintenance-1","NetIO":"1.35GB / 4.61GB","PIDs":"6"}
{"BlockIO":"1.41MB / 0B","CPUPerc":"8.33%","Container":"6fea00feedc4","ID":"6fea00feedc4","MemPerc":"0.04%","MemUsage":"2.895MiB / 7.38GiB","Name":"flash-cloud-bench-pgbouncer-1","NetIO":"2.23GB / 2.22GB","PIDs":"1"}
{"BlockIO":"84.6MB / 3.02GB","CPUPerc":"59.50%","Container":"d440893966b4","ID":"d440893966b4","MemPerc":"2.42%","MemUsage":"183MiB / 7.38GiB","Name":"flash-cloud-bench-postgres-1","NetIO":"754MB / 1.53GB","PIDs":"18"}
{"BlockIO":"98.2MB / 91.8MB","CPUPerc":"1.70%","Container":"562ac1217807","ID":"562ac1217807","MemPerc":"13.22%","MemUsage":"999MiB / 7.38GiB","Name":"flash-cloud-bench-kafka-1","NetIO":"46.6MB / 39.3MB","PIDs":"101"}
{"BlockIO":"71.5MB / 3.63MB","CPUPerc":"0.03%","Container":"bc21247794d5","ID":"bc21247794d5","MemPerc":"1.27%","MemUsage":"96.17MiB / 7.38GiB","Name":"flash-cloud-bench-prometheus-1","NetIO":"16.2MB / 2.2MB","PIDs":"10"}
2026-09-08T11:10:36Z
{"BlockIO":"18.7MB / 145MB","CPUPerc":"73.59%","Container":"5440352fa90e","ID":"5440352fa90e","MemPerc":"1.62%","MemUsage":"122.3MiB / 7.38GiB","Name":"flash-cloud-bench-api-1","NetIO":"6.76GB / 4.52GB","PIDs":"18"}
{"BlockIO":"41.2MB / 1.1GB","CPUPerc":"24.56%","Container":"0c0c4eec6cd3","ID":"0c0c4eec6cd3","MemPerc":"0.85%","MemUsage":"64.54MiB / 7.38GiB","Name":"flash-cloud-bench-redis-1","NetIO":"4.85GB / 6.52GB","PIDs":"6"}
{"BlockIO":"0B / 0B","CPUPerc":"5.66%","Container":"facf8315afea","ID":"facf8315afea","MemPerc":"0.48%","MemUsage":"35.92MiB / 7.38GiB","Name":"flash-cloud-bench-consumer-1","NetIO":"69.6MB / 103MB","PIDs":"7"}
{"BlockIO":"0B / 0B","CPUPerc":"4.40%","Container":"d790ff1ba173","ID":"d790ff1ba173","MemPerc":"0.47%","MemUsage":"35.88MiB / 7.38GiB","Name":"flash-cloud-bench-publisher-1","NetIO":"61.2MB / 87.4MB","PIDs":"7"}
{"BlockIO":"4.77MB / 0B","CPUPerc":"3.40%","Container":"e0a44f45bbd7","ID":"e0a44f45bbd7","MemPerc":"0.52%","MemUsage":"39.27MiB / 7.38GiB","Name":"flash-cloud-bench-simulator-1","NetIO":"73MB / 92.2MB","PIDs":"10"}
{"BlockIO":"7.95MB / 0B","CPUPerc":"22.60%","Container":"a66f27ba8092","ID":"a66f27ba8092","MemPerc":"0.54%","MemUsage":"40.71MiB / 7.38GiB","Name":"flash-cloud-bench-maintenance-1","NetIO":"1.36GB / 4.63GB","PIDs":"6"}
{"BlockIO":"1.41MB / 0B","CPUPerc":"8.71%","Container":"6fea00feedc4","ID":"6fea00feedc4","MemPerc":"0.04%","MemUsage":"2.867MiB / 7.38GiB","Name":"flash-cloud-bench-pgbouncer-1","NetIO":"2.24GB / 2.23GB","PIDs":"1"}
{"BlockIO":"84.6MB / 3.04GB","CPUPerc":"65.86%","Container":"d440893966b4","ID":"d440893966b4","MemPerc":"2.43%","MemUsage":"183.4MiB / 7.38GiB","Name":"flash-cloud-bench-postgres-1","NetIO":"758MB / 1.54GB","PIDs":"18"}
{"BlockIO":"98.2MB / 92.7MB","CPUPerc":"1.96%","Container":"562ac1217807","ID":"562ac1217807","MemPerc":"13.22%","MemUsage":"999MiB / 7.38GiB","Name":"flash-cloud-bench-kafka-1","NetIO":"46.9MB / 39.6MB","PIDs":"101"}
{"BlockIO":"71.5MB / 3.63MB","CPUPerc":"0.21%","Container":"bc21247794d5","ID":"bc21247794d5","MemPerc":"1.27%","MemUsage":"96.17MiB / 7.38GiB","Name":"flash-cloud-bench-prometheus-1","NetIO":"16.3MB / 2.21MB","PIDs":"10"}
2026-09-08T11:10:46Z
{"BlockIO":"18.7MB / 145MB","CPUPerc":"76.77%","Container":"5440352fa90e","ID":"5440352fa90e","MemPerc":"1.62%","MemUsage":"122.6MiB / 7.38GiB","Name":"flash-cloud-bench-api-1","NetIO":"6.82GB / 4.55GB","PIDs":"22"}
{"BlockIO":"41.2MB / 1.12GB","CPUPerc":"19.35%","Container":"0c0c4eec6cd3","ID":"0c0c4eec6cd3","MemPerc":"0.85%","MemUsage":"64.61MiB / 7.38GiB","Name":"flash-cloud-bench-redis-1","NetIO":"4.87GB / 6.58GB","PIDs":"6"}
{"BlockIO":"0B / 0B","CPUPerc":"4.73%","Container":"facf8315afea","ID":"facf8315afea","MemPerc":"0.48%","MemUsage":"35.93MiB / 7.38GiB","Name":"flash-cloud-bench-consumer-1","NetIO":"70.1MB / 104MB","PIDs":"7"}
{"BlockIO":"0B / 0B","CPUPerc":"3.73%","Container":"d790ff1ba173","ID":"d790ff1ba173","MemPerc":"0.47%","MemUsage":"35.89MiB / 7.38GiB","Name":"flash-cloud-bench-publisher-1","NetIO":"61.6MB / 87.9MB","PIDs":"7"}
{"BlockIO":"4.77MB / 0B","CPUPerc":"2.77%","Container":"e0a44f45bbd7","ID":"e0a44f45bbd7","MemPerc":"0.52%","MemUsage":"39.27MiB / 7.38GiB","Name":"flash-cloud-bench-simulator-1","NetIO":"73.3MB / 92.6MB","PIDs":"10"}
{"BlockIO":"7.95MB / 0B","CPUPerc":"19.84%","Container":"a66f27ba8092","ID":"a66f27ba8092","MemPerc":"0.54%","MemUsage":"40.71MiB / 7.38GiB","Name":"flash-cloud-bench-maintenance-1","NetIO":"1.36GB / 4.65GB","PIDs":"6"}
{"BlockIO":"1.41MB / 0B","CPUPerc":"7.78%","Container":"6fea00feedc4","ID":"6fea00feedc4","MemPerc":"0.04%","MemUsage":"2.906MiB / 7.38GiB","Name":"flash-cloud-bench-pgbouncer-1","NetIO":"2.25GB / 2.24GB","PIDs":"1"}
{"BlockIO":"84.6MB / 3.05GB","CPUPerc":"139.64%","Container":"d440893966b4","ID":"d440893966b4","MemPerc":"2.70%","MemUsage":"203.7MiB / 7.38GiB","Name":"flash-cloud-bench-postgres-1","NetIO":"761MB / 1.55GB","PIDs":"19"}
{"BlockIO":"98.2MB / 93.5MB","CPUPerc":"1.75%","Container":"562ac1217807","ID":"562ac1217807","MemPerc":"13.22%","MemUsage":"999MiB / 7.38GiB","Name":"flash-cloud-bench-kafka-1","NetIO":"47.3MB / 39.9MB","PIDs":"101"}
{"BlockIO":"71.5MB / 3.67MB","CPUPerc":"0.22%","Container":"bc21247794d5","ID":"bc21247794d5","MemPerc":"1.27%","MemUsage":"96.17MiB / 7.38GiB","Name":"flash-cloud-bench-prometheus-1","NetIO":"16.3MB / 2.22MB","PIDs":"10"}
2026-09-08T11:10:56Z
{"BlockIO":"18.7MB / 146MB","CPUPerc":"73.50%","Container":"5440352fa90e","ID":"5440352fa90e","MemPerc":"1.62%","MemUsage":"122.4MiB / 7.38GiB","Name":"flash-cloud-bench-api-1","NetIO":"6.88GB / 4.6GB","PIDs":"18"}
{"BlockIO":"41.2MB / 1.12GB","CPUPerc":"13.60%","Container":"0c0c4eec6cd3","ID":"0c0c4eec6cd3","MemPerc":"0.85%","MemUsage":"64.6MiB / 7.38GiB","Name":"flash-cloud-bench-redis-1","NetIO":"4.89GB / 6.64GB","PIDs":"6"}
{"BlockIO":"0B / 0B","CPUPerc":"6.56%","Container":"facf8315afea","ID":"facf8315afea","MemPerc":"0.48%","MemUsage":"35.93MiB / 7.38GiB","Name":"flash-cloud-bench-consumer-1","NetIO":"70.6MB / 105MB","PIDs":"7"}
{"BlockIO":"0B / 0B","CPUPerc":"3.97%","Container":"d790ff1ba173","ID":"d790ff1ba173","MemPerc":"0.47%","MemUsage":"35.88MiB / 7.38GiB","Name":"flash-cloud-bench-publisher-1","NetIO":"61.9MB / 88.4MB","PIDs":"7"}
{"BlockIO":"4.77MB / 0B","CPUPerc":"3.44%","Container":"e0a44f45bbd7","ID":"e0a44f45bbd7","MemPerc":"0.52%","MemUsage":"39.27MiB / 7.38GiB","Name":"flash-cloud-bench-simulator-1","NetIO":"73.6MB / 93MB","PIDs":"10"}
{"BlockIO":"7.95MB / 0B","CPUPerc":"10.92%","Container":"a66f27ba8092","ID":"a66f27ba8092","MemPerc":"0.54%","MemUsage":"40.71MiB / 7.38GiB","Name":"flash-cloud-bench-maintenance-1","NetIO":"1.37GB / 4.67GB","PIDs":"6"}
{"BlockIO":"1.41MB / 0B","CPUPerc":"6.48%","Container":"6fea00feedc4","ID":"6fea00feedc4","MemPerc":"0.04%","MemUsage":"2.875MiB / 7.38GiB","Name":"flash-cloud-bench-pgbouncer-1","NetIO":"2.26GB / 2.25GB","PIDs":"1"}
{"BlockIO":"84.6MB / 3.07GB","CPUPerc":"87.12%","Container":"d440893966b4","ID":"d440893966b4","MemPerc":"2.44%","MemUsage":"184.1MiB / 7.38GiB","Name":"flash-cloud-bench-postgres-1","NetIO":"765MB / 1.55GB","PIDs":"18"}
{"BlockIO":"98.2MB / 93.6MB","CPUPerc":"2.57%","Container":"562ac1217807","ID":"562ac1217807","MemPerc":"13.22%","MemUsage":"999MiB / 7.38GiB","Name":"flash-cloud-bench-kafka-1","NetIO":"47.6MB / 40.2MB","PIDs":"101"}
{"BlockIO":"71.5MB / 3.67MB","CPUPerc":"0.21%","Container":"bc21247794d5","ID":"bc21247794d5","MemPerc":"1.27%","MemUsage":"96.17MiB / 7.38GiB","Name":"flash-cloud-bench-prometheus-1","NetIO":"16.4MB / 2.23MB","PIDs":"10"}
2026-09-08T11:11:07Z
{"BlockIO":"18.7MB / 147MB","CPUPerc":"75.69%","Container":"5440352fa90e","ID":"5440352fa90e","MemPerc":"1.62%","MemUsage":"122.5MiB / 7.38GiB","Name":"flash-cloud-bench-api-1","NetIO":"6.94GB / 4.63GB","PIDs":"19"}
{"BlockIO":"41.2MB / 1.12GB","CPUPerc":"17.66%","Container":"0c0c4eec6cd3","ID":"0c0c4eec6cd3","MemPerc":"0.85%","MemUsage":"64.55MiB / 7.38GiB","Name":"flash-cloud-bench-redis-1","NetIO":"4.92GB / 6.7GB","PIDs":"6"}
{"BlockIO":"0B / 0B","CPUPerc":"5.02%","Container":"facf8315afea","ID":"facf8315afea","MemPerc":"0.48%","MemUsage":"35.93MiB / 7.38GiB","Name":"flash-cloud-bench-consumer-1","NetIO":"71.1MB / 105MB","PIDs":"7"}
{"BlockIO":"0B / 0B","CPUPerc":"3.90%","Container":"d790ff1ba173","ID":"d790ff1ba173","MemPerc":"0.47%","MemUsage":"35.89MiB / 7.38GiB","Name":"flash-cloud-bench-publisher-1","NetIO":"62.3MB / 88.9MB","PIDs":"7"}
{"BlockIO":"4.77MB / 0B","CPUPerc":"2.68%","Container":"e0a44f45bbd7","ID":"e0a44f45bbd7","MemPerc":"0.52%","MemUsage":"39.27MiB / 7.38GiB","Name":"flash-cloud-bench-simulator-1","NetIO":"73.9MB / 93.4MB","PIDs":"10"}
{"BlockIO":"7.95MB / 0B","CPUPerc":"11.80%","Container":"a66f27ba8092","ID":"a66f27ba8092","MemPerc":"0.54%","MemUsage":"40.71MiB / 7.38GiB","Name":"flash-cloud-bench-maintenance-1","NetIO":"1.37GB / 4.69GB","PIDs":"6"}
{"BlockIO":"1.41MB / 0B","CPUPerc":"6.74%","Container":"6fea00feedc4","ID":"6fea00feedc4","MemPerc":"0.04%","MemUsage":"2.875MiB / 7.38GiB","Name":"flash-cloud-bench-pgbouncer-1","NetIO":"2.27GB / 2.26GB","PIDs":"1"}
{"BlockIO":"84.6MB / 3.08GB","CPUPerc":"70.91%","Container":"d440893966b4","ID":"d440893966b4","MemPerc":"2.44%","MemUsage":"184.4MiB / 7.38GiB","Name":"flash-cloud-bench-postgres-1","NetIO":"769MB / 1.56GB","PIDs":"18"}
{"BlockIO":"98.2MB / 93.7MB","CPUPerc":"1.96%","Container":"562ac1217807","ID":"562ac1217807","MemPerc":"13.22%","MemUsage":"999MiB / 7.38GiB","Name":"flash-cloud-bench-kafka-1","NetIO":"47.9MB / 40.4MB","PIDs":"101"}
{"BlockIO":"71.5MB / 3.67MB","CPUPerc":"0.00%","Container":"bc21247794d5","ID":"bc21247794d5","MemPerc":"1.27%","MemUsage":"96.17MiB / 7.38GiB","Name":"flash-cloud-bench-prometheus-1","NetIO":"16.5MB / 2.24MB","PIDs":"10"}
2026-09-08T11:11:17Z
{"BlockIO":"18.7MB / 147MB","CPUPerc":"73.08%","Container":"5440352fa90e","ID":"5440352fa90e","MemPerc":"1.62%","MemUsage":"122.7MiB / 7.38GiB","Name":"flash-cloud-bench-api-1","NetIO":"7GB / 4.67GB","PIDs":"17"}
{"BlockIO":"41.2MB / 1.12GB","CPUPerc":"10.23%","Container":"0c0c4eec6cd3","ID":"0c0c4eec6cd3","MemPerc":"0.85%","MemUsage":"64.54MiB / 7.38GiB","Name":"flash-cloud-bench-redis-1","NetIO":"4.94GB / 6.75GB","PIDs":"6"}
{"BlockIO":"0B / 0B","CPUPerc":"7.14%","Container":"facf8315afea","ID":"facf8315afea","MemPerc":"0.48%","MemUsage":"35.93MiB / 7.38GiB","Name":"flash-cloud-bench-consumer-1","NetIO":"71.6MB / 106MB","PIDs":"7"}
{"BlockIO":"0B / 0B","CPUPerc":"4.71%","Container":"d790ff1ba173","ID":"d790ff1ba173","MemPerc":"0.47%","MemUsage":"35.88MiB / 7.38GiB","Name":"flash-cloud-bench-publisher-1","NetIO":"62.6MB / 89.5MB","PIDs":"7"}
{"BlockIO":"4.77MB / 0B","CPUPerc":"3.33%","Container":"e0a44f45bbd7","ID":"e0a44f45bbd7","MemPerc":"0.52%","MemUsage":"39.27MiB / 7.38GiB","Name":"flash-cloud-bench-simulator-1","NetIO":"74.2MB / 93.8MB","PIDs":"10"}
{"BlockIO":"7.95MB / 0B","CPUPerc":"21.32%","Container":"a66f27ba8092","ID":"a66f27ba8092","MemPerc":"0.54%","MemUsage":"40.71MiB / 7.38GiB","Name":"flash-cloud-bench-maintenance-1","NetIO":"1.38GB / 4.7GB","PIDs":"6"}
{"BlockIO":"1.41MB / 0B","CPUPerc":"5.77%","Container":"6fea00feedc4","ID":"6fea00feedc4","MemPerc":"0.04%","MemUsage":"2.891MiB / 7.38GiB","Name":"flash-cloud-bench-pgbouncer-1","NetIO":"2.28GB / 2.27GB","PIDs":"1"}
{"BlockIO":"84.6MB / 3.11GB","CPUPerc":"99.28%","Container":"d440893966b4","ID":"d440893966b4","MemPerc":"2.44%","MemUsage":"184.5MiB / 7.38GiB","Name":"flash-cloud-bench-postgres-1","NetIO":"772MB / 1.57GB","PIDs":"18"}
{"BlockIO":"98.2MB / 95MB","CPUPerc":"2.26%","Container":"562ac1217807","ID":"562ac1217807","MemPerc":"13.22%","MemUsage":"999.1MiB / 7.38GiB","Name":"flash-cloud-bench-kafka-1","NetIO":"48.3MB / 40.8MB","PIDs":"101"}
{"BlockIO":"71.5MB / 3.71MB","CPUPerc":"0.00%","Container":"bc21247794d5","ID":"bc21247794d5","MemPerc":"1.27%","MemUsage":"96.19MiB / 7.38GiB","Name":"flash-cloud-bench-prometheus-1","NetIO":"16.6MB / 2.25MB","PIDs":"10"}
2026-09-08T11:11:27Z
{"BlockIO":"18.7MB / 148MB","CPUPerc":"86.95%","Container":"5440352fa90e","ID":"5440352fa90e","MemPerc":"1.76%","MemUsage":"132.8MiB / 7.38GiB","Name":"flash-cloud-bench-api-1","NetIO":"7.05GB / 4.7GB","PIDs":"19"}
{"BlockIO":"41.2MB / 1.12GB","CPUPerc":"22.17%","Container":"0c0c4eec6cd3","ID":"0c0c4eec6cd3","MemPerc":"0.85%","MemUsage":"64.59MiB / 7.38GiB","Name":"flash-cloud-bench-redis-1","NetIO":"4.96GB / 6.81GB","PIDs":"6"}
{"BlockIO":"0B / 0B","CPUPerc":"5.49%","Container":"facf8315afea","ID":"facf8315afea","MemPerc":"0.48%","MemUsage":"35.93MiB / 7.38GiB","Name":"flash-cloud-bench-consumer-1","NetIO":"72.1MB / 107MB","PIDs":"7"}
{"BlockIO":"0B / 0B","CPUPerc":"3.61%","Container":"d790ff1ba173","ID":"d790ff1ba173","MemPerc":"0.47%","MemUsage":"35.88MiB / 7.38GiB","Name":"flash-cloud-bench-publisher-1","NetIO":"63MB / 90MB","PIDs":"7"}
{"BlockIO":"4.77MB / 0B","CPUPerc":"3.25%","Container":"e0a44f45bbd7","ID":"e0a44f45bbd7","MemPerc":"0.52%","MemUsage":"39.27MiB / 7.38GiB","Name":"flash-cloud-bench-simulator-1","NetIO":"74.6MB / 94.2MB","PIDs":"10"}
{"BlockIO":"7.95MB / 0B","CPUPerc":"23.20%","Container":"a66f27ba8092","ID":"a66f27ba8092","MemPerc":"0.54%","MemUsage":"40.71MiB / 7.38GiB","Name":"flash-cloud-bench-maintenance-1","NetIO":"1.39GB / 4.73GB","PIDs":"6"}
{"BlockIO":"1.41MB / 0B","CPUPerc":"8.66%","Container":"6fea00feedc4","ID":"6fea00feedc4","MemPerc":"0.04%","MemUsage":"2.891MiB / 7.38GiB","Name":"flash-cloud-bench-pgbouncer-1","NetIO":"2.29GB / 2.28GB","PIDs":"1"}
{"BlockIO":"84.6MB / 3.12GB","CPUPerc":"61.12%","Container":"d440893966b4","ID":"d440893966b4","MemPerc":"2.45%","MemUsage":"185MiB / 7.38GiB","Name":"flash-cloud-bench-postgres-1","NetIO":"776MB / 1.57GB","PIDs":"18"}
{"BlockIO":"98.2MB / 95.1MB","CPUPerc":"1.83%","Container":"562ac1217807","ID":"562ac1217807","MemPerc":"13.22%","MemUsage":"999.1MiB / 7.38GiB","Name":"flash-cloud-bench-kafka-1","NetIO":"48.6MB / 41MB","PIDs":"101"}
{"BlockIO":"71.5MB / 3.71MB","CPUPerc":"0.00%","Container":"bc21247794d5","ID":"bc21247794d5","MemPerc":"1.27%","MemUsage":"96.19MiB / 7.38GiB","Name":"flash-cloud-bench-prometheus-1","NetIO":"16.6MB / 2.26MB","PIDs":"10"}
2026-09-08T11:11:37Z
{"BlockIO":"18.7MB / 148MB","CPUPerc":"71.23%","Container":"5440352fa90e","ID":"5440352fa90e","MemPerc":"1.62%","MemUsage":"122.4MiB / 7.38GiB","Name":"flash-cloud-bench-api-1","NetIO":"7.11GB / 4.74GB","PIDs":"18"}
{"BlockIO":"41.2MB / 1.12GB","CPUPerc":"13.95%","Container":"0c0c4eec6cd3","ID":"0c0c4eec6cd3","MemPerc":"0.85%","MemUsage":"64.59MiB / 7.38GiB","Name":"flash-cloud-bench-redis-1","NetIO":"4.98GB / 6.86GB","PIDs":"6"}
{"BlockIO":"0B / 0B","CPUPerc":"9.25%","Container":"facf8315afea","ID":"facf8315afea","MemPerc":"0.48%","MemUsage":"35.93MiB / 7.38GiB","Name":"flash-cloud-bench-consumer-1","NetIO":"72.6MB / 108MB","PIDs":"7"}
{"BlockIO":"0B / 0B","CPUPerc":"5.44%","Container":"d790ff1ba173","ID":"d790ff1ba173","MemPerc":"0.47%","MemUsage":"35.89MiB / 7.38GiB","Name":"flash-cloud-bench-publisher-1","NetIO":"63.3MB / 90.5MB","PIDs":"7"}
{"BlockIO":"4.77MB / 0B","CPUPerc":"2.82%","Container":"e0a44f45bbd7","ID":"e0a44f45bbd7","MemPerc":"0.52%","MemUsage":"39.27MiB / 7.38GiB","Name":"flash-cloud-bench-simulator-1","NetIO":"74.9MB / 94.6MB","PIDs":"10"}
{"BlockIO":"7.95MB / 0B","CPUPerc":"6.30%","Container":"a66f27ba8092","ID":"a66f27ba8092","MemPerc":"0.54%","MemUsage":"40.71MiB / 7.38GiB","Name":"flash-cloud-bench-maintenance-1","NetIO":"1.39GB / 4.74GB","PIDs":"6"}
{"BlockIO":"1.41MB / 0B","CPUPerc":"5.96%","Container":"6fea00feedc4","ID":"6fea00feedc4","MemPerc":"0.04%","MemUsage":"2.871MiB / 7.38GiB","Name":"flash-cloud-bench-pgbouncer-1","NetIO":"2.3GB / 2.29GB","PIDs":"1"}
{"BlockIO":"84.6MB / 3.14GB","CPUPerc":"97.15%","Container":"d440893966b4","ID":"d440893966b4","MemPerc":"2.45%","MemUsage":"185.3MiB / 7.38GiB","Name":"flash-cloud-bench-postgres-1","NetIO":"780MB / 1.58GB","PIDs":"18"}
{"BlockIO":"98.2MB / 95.3MB","CPUPerc":"2.32%","Container":"562ac1217807","ID":"562ac1217807","MemPerc":"13.22%","MemUsage":"999.1MiB / 7.38GiB","Name":"flash-cloud-bench-kafka-1","NetIO":"49MB / 41.3MB","PIDs":"101"}
{"BlockIO":"71.5MB / 3.71MB","CPUPerc":"0.00%","Container":"bc21247794d5","ID":"bc21247794d5","MemPerc":"1.27%","MemUsage":"96.19MiB / 7.38GiB","Name":"flash-cloud-bench-prometheus-1","NetIO":"16.7MB / 2.27MB","PIDs":"10"}
2026-09-08T11:11:47Z
{"BlockIO":"18.7MB / 149MB","CPUPerc":"72.51%","Container":"5440352fa90e","ID":"5440352fa90e","MemPerc":"1.62%","MemUsage":"122.5MiB / 7.38GiB","Name":"flash-cloud-bench-api-1","NetIO":"7.17GB / 4.78GB","PIDs":"19"}
{"BlockIO":"41.2MB / 1.15GB","CPUPerc":"21.23%","Container":"0c0c4eec6cd3","ID":"0c0c4eec6cd3","MemPerc":"0.86%","MemUsage":"64.65MiB / 7.38GiB","Name":"flash-cloud-bench-redis-1","NetIO":"5.01GB / 6.92GB","PIDs":"6"}
{"BlockIO":"0B / 0B","CPUPerc":"5.39%","Container":"facf8315afea","ID":"facf8315afea","MemPerc":"0.48%","MemUsage":"35.93MiB / 7.38GiB","Name":"flash-cloud-bench-consumer-1","NetIO":"73.1MB / 109MB","PIDs":"7"}
{"BlockIO":"0B / 0B","CPUPerc":"3.58%","Container":"d790ff1ba173","ID":"d790ff1ba173","MemPerc":"0.47%","MemUsage":"35.88MiB / 7.38GiB","Name":"flash-cloud-bench-publisher-1","NetIO":"63.7MB / 91MB","PIDs":"7"}
{"BlockIO":"4.77MB / 0B","CPUPerc":"3.21%","Container":"e0a44f45bbd7","ID":"e0a44f45bbd7","MemPerc":"0.52%","MemUsage":"39.27MiB / 7.38GiB","Name":"flash-cloud-bench-simulator-1","NetIO":"75.2MB / 94.9MB","PIDs":"10"}
{"BlockIO":"7.95MB / 0B","CPUPerc":"20.62%","Container":"a66f27ba8092","ID":"a66f27ba8092","MemPerc":"0.54%","MemUsage":"40.71MiB / 7.38GiB","Name":"flash-cloud-bench-maintenance-1","NetIO":"1.4GB / 4.76GB","PIDs":"6"}
{"BlockIO":"1.41MB / 0B","CPUPerc":"7.78%","Container":"6fea00feedc4","ID":"6fea00feedc4","MemPerc":"0.04%","MemUsage":"2.891MiB / 7.38GiB","Name":"flash-cloud-bench-pgbouncer-1","NetIO":"2.31GB / 2.3GB","PIDs":"1"}
{"BlockIO":"84.6MB / 3.16GB","CPUPerc":"70.27%","Container":"d440893966b4","ID":"d440893966b4","MemPerc":"2.46%","MemUsage":"185.6MiB / 7.38GiB","Name":"flash-cloud-bench-postgres-1","NetIO":"783MB / 1.59GB","PIDs":"18"}
{"BlockIO":"98.2MB / 96.6MB","CPUPerc":"1.73%","Container":"562ac1217807","ID":"562ac1217807","MemPerc":"13.22%","MemUsage":"999.1MiB / 7.38GiB","Name":"flash-cloud-bench-kafka-1","NetIO":"49.3MB / 41.6MB","PIDs":"101"}
{"BlockIO":"71.5MB / 3.71MB","CPUPerc":"0.27%","Container":"bc21247794d5","ID":"bc21247794d5","MemPerc":"1.27%","MemUsage":"96.2MiB / 7.38GiB","Name":"flash-cloud-bench-prometheus-1","NetIO":"16.8MB / 2.28MB","PIDs":"10"}
2026-09-08T11:11:57Z
{"BlockIO":"18.7MB / 150MB","CPUPerc":"89.83%","Container":"5440352fa90e","ID":"5440352fa90e","MemPerc":"1.63%","MemUsage":"123.1MiB / 7.38GiB","Name":"flash-cloud-bench-api-1","NetIO":"7.23GB / 4.82GB","PIDs":"22"}
{"BlockIO":"41.2MB / 1.15GB","CPUPerc":"18.45%","Container":"0c0c4eec6cd3","ID":"0c0c4eec6cd3","MemPerc":"0.85%","MemUsage":"64.48MiB / 7.38GiB","Name":"flash-cloud-bench-redis-1","NetIO":"5.03GB / 6.98GB","PIDs":"6"}
{"BlockIO":"0B / 0B","CPUPerc":"6.20%","Container":"facf8315afea","ID":"facf8315afea","MemPerc":"0.48%","MemUsage":"35.93MiB / 7.38GiB","Name":"flash-cloud-bench-consumer-1","NetIO":"73.7MB / 109MB","PIDs":"7"}
{"BlockIO":"0B / 0B","CPUPerc":"4.20%","Container":"d790ff1ba173","ID":"d790ff1ba173","MemPerc":"0.47%","MemUsage":"35.88MiB / 7.38GiB","Name":"flash-cloud-bench-publisher-1","NetIO":"64.1MB / 91.5MB","PIDs":"7"}
{"BlockIO":"4.77MB / 0B","CPUPerc":"3.66%","Container":"e0a44f45bbd7","ID":"e0a44f45bbd7","MemPerc":"0.52%","MemUsage":"39.27MiB / 7.38GiB","Name":"flash-cloud-bench-simulator-1","NetIO":"75.5MB / 95.3MB","PIDs":"10"}
{"BlockIO":"7.95MB / 0B","CPUPerc":"13.86%","Container":"a66f27ba8092","ID":"a66f27ba8092","MemPerc":"0.54%","MemUsage":"40.71MiB / 7.38GiB","Name":"flash-cloud-bench-maintenance-1","NetIO":"1.4GB / 4.78GB","PIDs":"6"}
{"BlockIO":"1.41MB / 0B","CPUPerc":"7.26%","Container":"6fea00feedc4","ID":"6fea00feedc4","MemPerc":"0.04%","MemUsage":"2.883MiB / 7.38GiB","Name":"flash-cloud-bench-pgbouncer-1","NetIO":"2.32GB / 2.31GB","PIDs":"1"}
{"BlockIO":"84.6MB / 3.18GB","CPUPerc":"80.76%","Container":"d440893966b4","ID":"d440893966b4","MemPerc":"2.46%","MemUsage":"186.2MiB / 7.38GiB","Name":"flash-cloud-bench-postgres-1","NetIO":"787MB / 1.59GB","PIDs":"18"}
{"BlockIO":"98.2MB / 97.1MB","CPUPerc":"2.04%","Container":"562ac1217807","ID":"562ac1217807","MemPerc":"13.22%","MemUsage":"999.1MiB / 7.38GiB","Name":"flash-cloud-bench-kafka-1","NetIO":"49.6MB / 41.9MB","PIDs":"101"}
{"BlockIO":"71.5MB / 3.75MB","CPUPerc":"0.23%","Container":"bc21247794d5","ID":"bc21247794d5","MemPerc":"1.27%","MemUsage":"96.2MiB / 7.38GiB","Name":"flash-cloud-bench-prometheus-1","NetIO":"16.8MB / 2.29MB","PIDs":"10"}
2026-09-08T11:12:07Z
{"BlockIO":"18.7MB / 150MB","CPUPerc":"79.04%","Container":"5440352fa90e","ID":"5440352fa90e","MemPerc":"1.63%","MemUsage":"123MiB / 7.38GiB","Name":"flash-cloud-bench-api-1","NetIO":"7.29GB / 4.86GB","PIDs":"18"}
{"BlockIO":"41.2MB / 1.15GB","CPUPerc":"12.80%","Container":"0c0c4eec6cd3","ID":"0c0c4eec6cd3","MemPerc":"0.85%","MemUsage":"64.3MiB / 7.38GiB","Name":"flash-cloud-bench-redis-1","NetIO":"5.05GB / 7.04GB","PIDs":"6"}
{"BlockIO":"0B / 0B","CPUPerc":"8.37%","Container":"facf8315afea","ID":"facf8315afea","MemPerc":"0.48%","MemUsage":"35.94MiB / 7.38GiB","Name":"flash-cloud-bench-consumer-1","NetIO":"74.2MB / 110MB","PIDs":"7"}
{"BlockIO":"0B / 0B","CPUPerc":"5.02%","Container":"d790ff1ba173","ID":"d790ff1ba173","MemPerc":"0.47%","MemUsage":"35.89MiB / 7.38GiB","Name":"flash-cloud-bench-publisher-1","NetIO":"64.4MB / 92.1MB","PIDs":"7"}
{"BlockIO":"4.77MB / 0B","CPUPerc":"3.78%","Container":"e0a44f45bbd7","ID":"e0a44f45bbd7","MemPerc":"0.52%","MemUsage":"39.27MiB / 7.38GiB","Name":"flash-cloud-bench-simulator-1","NetIO":"75.8MB / 95.7MB","PIDs":"10"}
{"BlockIO":"7.95MB / 0B","CPUPerc":"6.82%","Container":"a66f27ba8092","ID":"a66f27ba8092","MemPerc":"0.54%","MemUsage":"40.71MiB / 7.38GiB","Name":"flash-cloud-bench-maintenance-1","NetIO":"1.41GB / 4.8GB","PIDs":"6"}
{"BlockIO":"1.41MB / 0B","CPUPerc":"6.22%","Container":"6fea00feedc4","ID":"6fea00feedc4","MemPerc":"0.04%","MemUsage":"2.891MiB / 7.38GiB","Name":"flash-cloud-bench-pgbouncer-1","NetIO":"2.33GB / 2.32GB","PIDs":"1"}
{"BlockIO":"84.6MB / 3.19GB","CPUPerc":"99.18%","Container":"d440893966b4","ID":"d440893966b4","MemPerc":"2.47%","MemUsage":"186.6MiB / 7.38GiB","Name":"flash-cloud-bench-postgres-1","NetIO":"791MB / 1.6GB","PIDs":"18"}
{"BlockIO":"98.2MB / 97.3MB","CPUPerc":"2.27%","Container":"562ac1217807","ID":"562ac1217807","MemPerc":"13.22%","MemUsage":"999.1MiB / 7.38GiB","Name":"flash-cloud-bench-kafka-1","NetIO":"50MB / 42.2MB","PIDs":"101"}
{"BlockIO":"71.5MB / 3.75MB","CPUPerc":"0.00%","Container":"bc21247794d5","ID":"bc21247794d5","MemPerc":"1.27%","MemUsage":"96.2MiB / 7.38GiB","Name":"flash-cloud-bench-prometheus-1","NetIO":"16.9MB / 2.3MB","PIDs":"10"}
2026-09-08T11:12:18Z
{"BlockIO":"18.7MB / 151MB","CPUPerc":"77.70%","Container":"5440352fa90e","ID":"5440352fa90e","MemPerc":"1.63%","MemUsage":"122.8MiB / 7.38GiB","Name":"flash-cloud-bench-api-1","NetIO":"7.35GB / 4.9GB","PIDs":"20"}
{"BlockIO":"41.2MB / 1.15GB","CPUPerc":"13.52%","Container":"0c0c4eec6cd3","ID":"0c0c4eec6cd3","MemPerc":"0.85%","MemUsage":"64.59MiB / 7.38GiB","Name":"flash-cloud-bench-redis-1","NetIO":"5.07GB / 7.1GB","PIDs":"6"}
{"BlockIO":"0B / 0B","CPUPerc":"6.32%","Container":"facf8315afea","ID":"facf8315afea","MemPerc":"0.48%","MemUsage":"35.93MiB / 7.38GiB","Name":"flash-cloud-bench-consumer-1","NetIO":"74.7MB / 111MB","PIDs":"7"}
{"BlockIO":"0B / 0B","CPUPerc":"4.42%","Container":"d790ff1ba173","ID":"d790ff1ba173","MemPerc":"0.47%","MemUsage":"35.88MiB / 7.38GiB","Name":"flash-cloud-bench-publisher-1","NetIO":"64.8MB / 92.5MB","PIDs":"7"}
{"BlockIO":"4.77MB / 0B","CPUPerc":"2.65%","Container":"e0a44f45bbd7","ID":"e0a44f45bbd7","MemPerc":"0.52%","MemUsage":"39.27MiB / 7.38GiB","Name":"flash-cloud-bench-simulator-1","NetIO":"76.1MB / 96.1MB","PIDs":"10"}
{"BlockIO":"7.95MB / 0B","CPUPerc":"9.92%","Container":"a66f27ba8092","ID":"a66f27ba8092","MemPerc":"0.54%","MemUsage":"40.71MiB / 7.38GiB","Name":"flash-cloud-bench-maintenance-1","NetIO":"1.41GB / 4.82GB","PIDs":"6"}
{"BlockIO":"1.41MB / 0B","CPUPerc":"6.52%","Container":"6fea00feedc4","ID":"6fea00feedc4","MemPerc":"0.04%","MemUsage":"2.871MiB / 7.38GiB","Name":"flash-cloud-bench-pgbouncer-1","NetIO":"2.34GB / 2.34GB","PIDs":"1"}
{"BlockIO":"84.6MB / 3.21GB","CPUPerc":"77.21%","Container":"d440893966b4","ID":"d440893966b4","MemPerc":"2.47%","MemUsage":"186.9MiB / 7.38GiB","Name":"flash-cloud-bench-postgres-1","NetIO":"794MB / 1.61GB","PIDs":"18"}
{"BlockIO":"98.2MB / 98MB","CPUPerc":"156.96%","Container":"562ac1217807","ID":"562ac1217807","MemPerc":"14.02%","MemUsage":"1.035GiB / 7.38GiB","Name":"flash-cloud-bench-kafka-1","NetIO":"50.3MB / 42.5MB","PIDs":"125"}
{"BlockIO":"71.5MB / 3.75MB","CPUPerc":"0.00%","Container":"bc21247794d5","ID":"bc21247794d5","MemPerc":"1.27%","MemUsage":"96.2MiB / 7.38GiB","Name":"flash-cloud-bench-prometheus-1","NetIO":"17MB / 2.31MB","PIDs":"10"}
2026-09-08T11:12:28Z
{"BlockIO":"18.7MB / 151MB","CPUPerc":"79.42%","Container":"5440352fa90e","ID":"5440352fa90e","MemPerc":"1.62%","MemUsage":"122.8MiB / 7.38GiB","Name":"flash-cloud-bench-api-1","NetIO":"7.41GB / 4.94GB","PIDs":"17"}
{"BlockIO":"41.2MB / 1.15GB","CPUPerc":"21.05%","Container":"0c0c4eec6cd3","ID":"0c0c4eec6cd3","MemPerc":"0.85%","MemUsage":"64.59MiB / 7.38GiB","Name":"flash-cloud-bench-redis-1","NetIO":"5.09GB / 7.15GB","PIDs":"6"}
{"BlockIO":"0B / 0B","CPUPerc":"5.70%","Container":"facf8315afea","ID":"facf8315afea","MemPerc":"0.48%","MemUsage":"35.94MiB / 7.38GiB","Name":"flash-cloud-bench-consumer-1","NetIO":"75.2MB / 112MB","PIDs":"7"}
{"BlockIO":"0B / 0B","CPUPerc":"4.00%","Container":"d790ff1ba173","ID":"d790ff1ba173","MemPerc":"0.47%","MemUsage":"35.88MiB / 7.38GiB","Name":"flash-cloud-bench-publisher-1","NetIO":"65.1MB / 93MB","PIDs":"7"}
{"BlockIO":"4.77MB / 0B","CPUPerc":"3.60%","Container":"e0a44f45bbd7","ID":"e0a44f45bbd7","MemPerc":"0.52%","MemUsage":"39.27MiB / 7.38GiB","Name":"flash-cloud-bench-simulator-1","NetIO":"76.4MB / 96.5MB","PIDs":"10"}
{"BlockIO":"7.95MB / 0B","CPUPerc":"20.26%","Container":"a66f27ba8092","ID":"a66f27ba8092","MemPerc":"0.54%","MemUsage":"40.71MiB / 7.38GiB","Name":"flash-cloud-bench-maintenance-1","NetIO":"1.42GB / 4.84GB","PIDs":"6"}
{"BlockIO":"1.41MB / 0B","CPUPerc":"8.25%","Container":"6fea00feedc4","ID":"6fea00feedc4","MemPerc":"0.04%","MemUsage":"2.875MiB / 7.38GiB","Name":"flash-cloud-bench-pgbouncer-1","NetIO":"2.35GB / 2.35GB","PIDs":"1"}
{"BlockIO":"84.6MB / 3.22GB","CPUPerc":"68.37%","Container":"d440893966b4","ID":"d440893966b4","MemPerc":"2.48%","MemUsage":"187.3MiB / 7.38GiB","Name":"flash-cloud-bench-postgres-1","NetIO":"798MB / 1.61GB","PIDs":"18"}
{"BlockIO":"98.2MB / 98.7MB","CPUPerc":"1.94%","Container":"562ac1217807","ID":"562ac1217807","MemPerc":"13.22%","MemUsage":"999.2MiB / 7.38GiB","Name":"flash-cloud-bench-kafka-1","NetIO":"50.6MB / 42.8MB","PIDs":"101"}
{"BlockIO":"71.5MB / 3.79MB","CPUPerc":"0.39%","Container":"bc21247794d5","ID":"bc21247794d5","MemPerc":"1.27%","MemUsage":"96.2MiB / 7.38GiB","Name":"flash-cloud-bench-prometheus-1","NetIO":"17.1MB / 2.32MB","PIDs":"10"}
2026-09-08T11:12:38Z
{"BlockIO":"18.7MB / 152MB","CPUPerc":"73.12%","Container":"5440352fa90e","ID":"5440352fa90e","MemPerc":"1.63%","MemUsage":"122.9MiB / 7.38GiB","Name":"flash-cloud-bench-api-1","NetIO":"7.47GB / 4.97GB","PIDs":"20"}
{"BlockIO":"41.2MB / 1.15GB","CPUPerc":"16.88%","Container":"0c0c4eec6cd3","ID":"0c0c4eec6cd3","MemPerc":"0.85%","MemUsage":"64.56MiB / 7.38GiB","Name":"flash-cloud-bench-redis-1","NetIO":"5.12GB / 7.21GB","PIDs":"6"}
{"BlockIO":"0B / 0B","CPUPerc":"7.24%","Container":"facf8315afea","ID":"facf8315afea","MemPerc":"0.48%","MemUsage":"35.93MiB / 7.38GiB","Name":"flash-cloud-bench-consumer-1","NetIO":"75.7MB / 112MB","PIDs":"7"}
{"BlockIO":"0B / 0B","CPUPerc":"3.96%","Container":"d790ff1ba173","ID":"d790ff1ba173","MemPerc":"0.47%","MemUsage":"35.88MiB / 7.38GiB","Name":"flash-cloud-bench-publisher-1","NetIO":"65.5MB / 93.6MB","PIDs":"7"}
{"BlockIO":"4.77MB / 0B","CPUPerc":"3.56%","Container":"e0a44f45bbd7","ID":"e0a44f45bbd7","MemPerc":"0.52%","MemUsage":"39.27MiB / 7.38GiB","Name":"flash-cloud-bench-simulator-1","NetIO":"76.7MB / 96.9MB","PIDs":"10"}
{"BlockIO":"7.95MB / 0B","CPUPerc":"11.50%","Container":"a66f27ba8092","ID":"a66f27ba8092","MemPerc":"0.54%","MemUsage":"40.71MiB / 7.38GiB","Name":"flash-cloud-bench-maintenance-1","NetIO":"1.42GB / 4.86GB","PIDs":"6"}
{"BlockIO":"1.41MB / 0B","CPUPerc":"6.31%","Container":"6fea00feedc4","ID":"6fea00feedc4","MemPerc":"0.04%","MemUsage":"2.883MiB / 7.38GiB","Name":"flash-cloud-bench-pgbouncer-1","NetIO":"2.36GB / 2.36GB","PIDs":"1"}
{"BlockIO":"84.6MB / 3.24GB","CPUPerc":"86.84%","Container":"d440893966b4","ID":"d440893966b4","MemPerc":"2.48%","MemUsage":"187.7MiB / 7.38GiB","Name":"flash-cloud-bench-postgres-1","NetIO":"801MB / 1.62GB","PIDs":"18"}
{"BlockIO":"98.2MB / 99.3MB","CPUPerc":"2.02%","Container":"562ac1217807","ID":"562ac1217807","MemPerc":"13.22%","MemUsage":"999.2MiB / 7.38GiB","Name":"flash-cloud-bench-kafka-1","NetIO":"51MB / 43MB","PIDs":"101"}
{"BlockIO":"71.5MB / 3.79MB","CPUPerc":"0.00%","Container":"bc21247794d5","ID":"bc21247794d5","MemPerc":"1.27%","MemUsage":"96.21MiB / 7.38GiB","Name":"flash-cloud-bench-prometheus-1","NetIO":"17.1MB / 2.33MB","PIDs":"10"}
2026-09-08T11:12:48Z
{"BlockIO":"18.7MB / 153MB","CPUPerc":"74.47%","Container":"5440352fa90e","ID":"5440352fa90e","MemPerc":"1.63%","MemUsage":"123.2MiB / 7.38GiB","Name":"flash-cloud-bench-api-1","NetIO":"7.53GB / 5.01GB","PIDs":"24"}
{"BlockIO":"41.2MB / 1.18GB","CPUPerc":"18.17%","Container":"0c0c4eec6cd3","ID":"0c0c4eec6cd3","MemPerc":"0.85%","MemUsage":"64.52MiB / 7.38GiB","Name":"flash-cloud-bench-redis-1","NetIO":"5.14GB / 7.26GB","PIDs":"6"}
{"BlockIO":"0B / 0B","CPUPerc":"6.28%","Container":"facf8315afea","ID":"facf8315afea","MemPerc":"0.48%","MemUsage":"35.93MiB / 7.38GiB","Name":"flash-cloud-bench-consumer-1","NetIO":"76.2MB / 113MB","PIDs":"7"}
{"BlockIO":"0B / 0B","CPUPerc":"4.36%","Container":"d790ff1ba173","ID":"d790ff1ba173","MemPerc":"0.47%","MemUsage":"35.88MiB / 7.38GiB","Name":"flash-cloud-bench-publisher-1","NetIO":"65.8MB / 94.1MB","PIDs":"7"}
{"BlockIO":"4.77MB / 0B","CPUPerc":"2.52%","Container":"e0a44f45bbd7","ID":"e0a44f45bbd7","MemPerc":"0.52%","MemUsage":"39.27MiB / 7.38GiB","Name":"flash-cloud-bench-simulator-1","NetIO":"77MB / 97.3MB","PIDs":"10"}
{"BlockIO":"7.95MB / 0B","CPUPerc":"15.64%","Container":"a66f27ba8092","ID":"a66f27ba8092","MemPerc":"0.54%","MemUsage":"40.71MiB / 7.38GiB","Name":"flash-cloud-bench-maintenance-1","NetIO":"1.43GB / 4.88GB","PIDs":"6"}
{"BlockIO":"1.41MB / 0B","CPUPerc":"7.12%","Container":"6fea00feedc4","ID":"6fea00feedc4","MemPerc":"0.04%","MemUsage":"2.875MiB / 7.38GiB","Name":"flash-cloud-bench-pgbouncer-1","NetIO":"2.37GB / 2.37GB","PIDs":"1"}
{"BlockIO":"84.6MB / 3.26GB","CPUPerc":"80.66%","Container":"d440893966b4","ID":"d440893966b4","MemPerc":"2.54%","MemUsage":"191.7MiB / 7.38GiB","Name":"flash-cloud-bench-postgres-1","NetIO":"805MB / 1.63GB","PIDs":"20"}
{"BlockIO":"98.2MB / 100MB","CPUPerc":"2.08%","Container":"562ac1217807","ID":"562ac1217807","MemPerc":"13.22%","MemUsage":"999.2MiB / 7.38GiB","Name":"flash-cloud-bench-kafka-1","NetIO":"51.3MB / 43.3MB","PIDs":"101"}
{"BlockIO":"71.5MB / 3.79MB","CPUPerc":"0.40%","Container":"bc21247794d5","ID":"bc21247794d5","MemPerc":"1.27%","MemUsage":"96.2MiB / 7.38GiB","Name":"flash-cloud-bench-prometheus-1","NetIO":"17.2MB / 2.34MB","PIDs":"10"}
2026-09-08T11:12:58Z
{"BlockIO":"18.7MB / 153MB","CPUPerc":"80.78%","Container":"5440352fa90e","ID":"5440352fa90e","MemPerc":"1.63%","MemUsage":"123.3MiB / 7.38GiB","Name":"flash-cloud-bench-api-1","NetIO":"7.58GB / 5.05GB","PIDs":"19"}
{"BlockIO":"41.2MB / 1.18GB","CPUPerc":"17.97%","Container":"0c0c4eec6cd3","ID":"0c0c4eec6cd3","MemPerc":"0.85%","MemUsage":"64.35MiB / 7.38GiB","Name":"flash-cloud-bench-redis-1","NetIO":"5.16GB / 7.32GB","PIDs":"6"}
{"BlockIO":"0B / 0B","CPUPerc":"5.59%","Container":"facf8315afea","ID":"facf8315afea","MemPerc":"0.48%","MemUsage":"35.94MiB / 7.38GiB","Name":"flash-cloud-bench-consumer-1","NetIO":"76.7MB / 114MB","PIDs":"7"}
{"BlockIO":"0B / 0B","CPUPerc":"3.40%","Container":"d790ff1ba173","ID":"d790ff1ba173","MemPerc":"0.47%","MemUsage":"35.88MiB / 7.38GiB","Name":"flash-cloud-bench-publisher-1","NetIO":"66.2MB / 94.6MB","PIDs":"7"}
{"BlockIO":"4.77MB / 0B","CPUPerc":"3.14%","Container":"e0a44f45bbd7","ID":"e0a44f45bbd7","MemPerc":"0.52%","MemUsage":"39.27MiB / 7.38GiB","Name":"flash-cloud-bench-simulator-1","NetIO":"77.4MB / 97.7MB","PIDs":"10"}
{"BlockIO":"7.95MB / 0B","CPUPerc":"17.06%","Container":"a66f27ba8092","ID":"a66f27ba8092","MemPerc":"0.54%","MemUsage":"40.71MiB / 7.38GiB","Name":"flash-cloud-bench-maintenance-1","NetIO":"1.44GB / 4.9GB","PIDs":"6"}
{"BlockIO":"1.41MB / 0B","CPUPerc":"7.43%","Container":"6fea00feedc4","ID":"6fea00feedc4","MemPerc":"0.04%","MemUsage":"2.891MiB / 7.38GiB","Name":"flash-cloud-bench-pgbouncer-1","NetIO":"2.38GB / 2.38GB","PIDs":"1"}
{"BlockIO":"84.6MB / 3.28GB","CPUPerc":"78.92%","Container":"d440893966b4","ID":"d440893966b4","MemPerc":"2.50%","MemUsage":"188.7MiB / 7.38GiB","Name":"flash-cloud-bench-postgres-1","NetIO":"809MB / 1.63GB","PIDs":"18"}
{"BlockIO":"98.2MB / 100MB","CPUPerc":"1.93%","Container":"562ac1217807","ID":"562ac1217807","MemPerc":"13.22%","MemUsage":"999.2MiB / 7.38GiB","Name":"flash-cloud-bench-kafka-1","NetIO":"51.7MB / 43.6MB","PIDs":"101"}
{"BlockIO":"71.5MB / 3.83MB","CPUPerc":"0.23%","Container":"bc21247794d5","ID":"bc21247794d5","MemPerc":"1.27%","MemUsage":"96.2MiB / 7.38GiB","Name":"flash-cloud-bench-prometheus-1","NetIO":"17.3MB / 2.35MB","PIDs":"10"}
2026-09-08T11:13:08Z
{"BlockIO":"18.7MB / 154MB","CPUPerc":"110.12%","Container":"5440352fa90e","ID":"5440352fa90e","MemPerc":"1.63%","MemUsage":"123MiB / 7.38GiB","Name":"flash-cloud-bench-api-1","NetIO":"7.64GB / 5.08GB","PIDs":"18"}
{"BlockIO":"41.2MB / 1.18GB","CPUPerc":"25.37%","Container":"0c0c4eec6cd3","ID":"0c0c4eec6cd3","MemPerc":"0.85%","MemUsage":"64.39MiB / 7.38GiB","Name":"flash-cloud-bench-redis-1","NetIO":"5.18GB / 7.37GB","PIDs":"6"}
{"BlockIO":"0B / 0B","CPUPerc":"5.35%","Container":"facf8315afea","ID":"facf8315afea","MemPerc":"0.48%","MemUsage":"35.94MiB / 7.38GiB","Name":"flash-cloud-bench-consumer-1","NetIO":"77.2MB / 115MB","PIDs":"7"}
{"BlockIO":"0B / 0B","CPUPerc":"3.26%","Container":"d790ff1ba173","ID":"d790ff1ba173","MemPerc":"0.47%","MemUsage":"35.88MiB / 7.38GiB","Name":"flash-cloud-bench-publisher-1","NetIO":"66.5MB / 95.1MB","PIDs":"7"}
{"BlockIO":"4.77MB / 0B","CPUPerc":"3.33%","Container":"e0a44f45bbd7","ID":"e0a44f45bbd7","MemPerc":"0.52%","MemUsage":"39.27MiB / 7.38GiB","Name":"flash-cloud-bench-simulator-1","NetIO":"77.7MB / 98.1MB","PIDs":"10"}
{"BlockIO":"7.95MB / 0B","CPUPerc":"21.64%","Container":"a66f27ba8092","ID":"a66f27ba8092","MemPerc":"0.54%","MemUsage":"40.71MiB / 7.38GiB","Name":"flash-cloud-bench-maintenance-1","NetIO":"1.44GB / 4.92GB","PIDs":"6"}
{"BlockIO":"1.41MB / 0B","CPUPerc":"8.13%","Container":"6fea00feedc4","ID":"6fea00feedc4","MemPerc":"0.04%","MemUsage":"2.891MiB / 7.38GiB","Name":"flash-cloud-bench-pgbouncer-1","NetIO":"2.39GB / 2.39GB","PIDs":"1"}
{"BlockIO":"84.6MB / 3.29GB","CPUPerc":"58.80%","Container":"d440893966b4","ID":"d440893966b4","MemPerc":"2.50%","MemUsage":"188.7MiB / 7.38GiB","Name":"flash-cloud-bench-postgres-1","NetIO":"812MB / 1.64GB","PIDs":"18"}
{"BlockIO":"98.2MB / 101MB","CPUPerc":"2.73%","Container":"562ac1217807","ID":"562ac1217807","MemPerc":"13.22%","MemUsage":"999.2MiB / 7.38GiB","Name":"flash-cloud-bench-kafka-1","NetIO":"52MB / 43.9MB","PIDs":"101"}
{"BlockIO":"71.5MB / 3.83MB","CPUPerc":"0.25%","Container":"bc21247794d5","ID":"bc21247794d5","MemPerc":"1.27%","MemUsage":"96.21MiB / 7.38GiB","Name":"flash-cloud-bench-prometheus-1","NetIO":"17.3MB / 2.36MB","PIDs":"10"}
2026-09-08T11:13:18Z
{"BlockIO":"18.7MB / 155MB","CPUPerc":"101.53%","Container":"5440352fa90e","ID":"5440352fa90e","MemPerc":"1.78%","MemUsage":"134.6MiB / 7.38GiB","Name":"flash-cloud-bench-api-1","NetIO":"7.7GB / 5.12GB","PIDs":"20"}
{"BlockIO":"41.2MB / 1.18GB","CPUPerc":"10.82%","Container":"0c0c4eec6cd3","ID":"0c0c4eec6cd3","MemPerc":"0.85%","MemUsage":"64.4MiB / 7.38GiB","Name":"flash-cloud-bench-redis-1","NetIO":"5.2GB / 7.43GB","PIDs":"6"}
{"BlockIO":"0B / 0B","CPUPerc":"6.78%","Container":"facf8315afea","ID":"facf8315afea","MemPerc":"0.48%","MemUsage":"35.94MiB / 7.38GiB","Name":"flash-cloud-bench-consumer-1","NetIO":"77.8MB / 115MB","PIDs":"7"}
{"BlockIO":"0B / 0B","CPUPerc":"5.16%","Container":"d790ff1ba173","ID":"d790ff1ba173","MemPerc":"0.47%","MemUsage":"35.88MiB / 7.38GiB","Name":"flash-cloud-bench-publisher-1","NetIO":"66.9MB / 95.7MB","PIDs":"7"}
{"BlockIO":"4.77MB / 0B","CPUPerc":"3.14%","Container":"e0a44f45bbd7","ID":"e0a44f45bbd7","MemPerc":"0.52%","MemUsage":"39.27MiB / 7.38GiB","Name":"flash-cloud-bench-simulator-1","NetIO":"78MB / 98.5MB","PIDs":"10"}
{"BlockIO":"7.95MB / 0B","CPUPerc":"6.54%","Container":"a66f27ba8092","ID":"a66f27ba8092","MemPerc":"0.54%","MemUsage":"40.71MiB / 7.38GiB","Name":"flash-cloud-bench-maintenance-1","NetIO":"1.45GB / 4.93GB","PIDs":"6"}
{"BlockIO":"1.41MB / 0B","CPUPerc":"6.18%","Container":"6fea00feedc4","ID":"6fea00feedc4","MemPerc":"0.04%","MemUsage":"2.891MiB / 7.38GiB","Name":"flash-cloud-bench-pgbouncer-1","NetIO":"2.4GB / 2.4GB","PIDs":"1"}
{"BlockIO":"84.6MB / 3.31GB","CPUPerc":"96.61%","Container":"d440893966b4","ID":"d440893966b4","MemPerc":"2.50%","MemUsage":"189MiB / 7.38GiB","Name":"flash-cloud-bench-postgres-1","NetIO":"816MB / 1.65GB","PIDs":"18"}
{"BlockIO":"98.2MB / 102MB","CPUPerc":"2.39%","Container":"562ac1217807","ID":"562ac1217807","MemPerc":"13.22%","MemUsage":"999.2MiB / 7.38GiB","Name":"flash-cloud-bench-kafka-1","NetIO":"52.3MB / 44.2MB","PIDs":"101"}
{"BlockIO":"71.5MB / 3.83MB","CPUPerc":"0.25%","Container":"bc21247794d5","ID":"bc21247794d5","MemPerc":"1.27%","MemUsage":"96.21MiB / 7.38GiB","Name":"flash-cloud-bench-prometheus-1","NetIO":"17.4MB / 2.37MB","PIDs":"10"}
2026-09-08T11:13:29Z
{"BlockIO":"18.7MB / 155MB","CPUPerc":"79.66%","Container":"5440352fa90e","ID":"5440352fa90e","MemPerc":"1.64%","MemUsage":"123.7MiB / 7.38GiB","Name":"flash-cloud-bench-api-1","NetIO":"7.76GB / 5.16GB","PIDs":"22"}
{"BlockIO":"41.2MB / 1.18GB","CPUPerc":"21.85%","Container":"0c0c4eec6cd3","ID":"0c0c4eec6cd3","MemPerc":"0.85%","MemUsage":"64.46MiB / 7.38GiB","Name":"flash-cloud-bench-redis-1","NetIO":"5.22GB / 7.49GB","PIDs":"6"}
{"BlockIO":"0B / 0B","CPUPerc":"11.92%","Container":"facf8315afea","ID":"facf8315afea","MemPerc":"0.48%","MemUsage":"35.94MiB / 7.38GiB","Name":"flash-cloud-bench-consumer-1","NetIO":"78.3MB / 116MB","PIDs":"7"}
{"BlockIO":"0B / 0B","CPUPerc":"4.38%","Container":"d790ff1ba173","ID":"d790ff1ba173","MemPerc":"0.47%","MemUsage":"35.88MiB / 7.38GiB","Name":"flash-cloud-bench-publisher-1","NetIO":"67.3MB / 96.2MB","PIDs":"7"}
{"BlockIO":"4.77MB / 0B","CPUPerc":"2.63%","Container":"e0a44f45bbd7","ID":"e0a44f45bbd7","MemPerc":"0.52%","MemUsage":"39.27MiB / 7.38GiB","Name":"flash-cloud-bench-simulator-1","NetIO":"78.3MB / 98.9MB","PIDs":"10"}
{"BlockIO":"7.95MB / 0B","CPUPerc":"3.32%","Container":"a66f27ba8092","ID":"a66f27ba8092","MemPerc":"0.54%","MemUsage":"40.71MiB / 7.38GiB","Name":"flash-cloud-bench-maintenance-1","NetIO":"1.45GB / 4.95GB","PIDs":"6"}
{"BlockIO":"1.41MB / 0B","CPUPerc":"5.30%","Container":"6fea00feedc4","ID":"6fea00feedc4","MemPerc":"0.04%","MemUsage":"2.879MiB / 7.38GiB","Name":"flash-cloud-bench-pgbouncer-1","NetIO":"2.41GB / 2.41GB","PIDs":"1"}
{"BlockIO":"84.6MB / 3.32GB","CPUPerc":"60.73%","Container":"d440893966b4","ID":"d440893966b4","MemPerc":"2.50%","MemUsage":"189.2MiB / 7.38GiB","Name":"flash-cloud-bench-postgres-1","NetIO":"819MB / 1.65GB","PIDs":"18"}
{"BlockIO":"98.2MB / 102MB","CPUPerc":"152.31%","Container":"562ac1217807","ID":"562ac1217807","MemPerc":"14.09%","MemUsage":"1.04GiB / 7.38GiB","Name":"flash-cloud-bench-kafka-1","NetIO":"52.7MB / 44.5MB","PIDs":"125"}
{"BlockIO":"71.5MB / 3.86MB","CPUPerc":"0.01%","Container":"bc21247794d5","ID":"bc21247794d5","MemPerc":"1.27%","MemUsage":"96.26MiB / 7.38GiB","Name":"flash-cloud-bench-prometheus-1","NetIO":"17.5MB / 2.38MB","PIDs":"10"}
2026-09-08T11:13:39Z
{"BlockIO":"18.7MB / 156MB","CPUPerc":"76.20%","Container":"5440352fa90e","ID":"5440352fa90e","MemPerc":"1.63%","MemUsage":"123.3MiB / 7.38GiB","Name":"flash-cloud-bench-api-1","NetIO":"7.82GB / 5.2GB","PIDs":"24"}
{"BlockIO":"41.2MB / 1.18GB","CPUPerc":"19.38%","Container":"0c0c4eec6cd3","ID":"0c0c4eec6cd3","MemPerc":"0.85%","MemUsage":"64.42MiB / 7.38GiB","Name":"flash-cloud-bench-redis-1","NetIO":"5.25GB / 7.55GB","PIDs":"6"}
{"BlockIO":"0B / 0B","CPUPerc":"5.70%","Container":"facf8315afea","ID":"facf8315afea","MemPerc":"0.48%","MemUsage":"35.93MiB / 7.38GiB","Name":"flash-cloud-bench-consumer-1","NetIO":"78.8MB / 117MB","PIDs":"7"}
{"BlockIO":"0B / 0B","CPUPerc":"4.22%","Container":"d790ff1ba173","ID":"d790ff1ba173","MemPerc":"0.47%","MemUsage":"35.89MiB / 7.38GiB","Name":"flash-cloud-bench-publisher-1","NetIO":"67.6MB / 96.7MB","PIDs":"7"}
{"BlockIO":"4.77MB / 0B","CPUPerc":"3.32%","Container":"e0a44f45bbd7","ID":"e0a44f45bbd7","MemPerc":"0.52%","MemUsage":"39.27MiB / 7.38GiB","Name":"flash-cloud-bench-simulator-1","NetIO":"78.6MB / 99.3MB","PIDs":"10"}
{"BlockIO":"7.95MB / 0B","CPUPerc":"14.39%","Container":"a66f27ba8092","ID":"a66f27ba8092","MemPerc":"0.54%","MemUsage":"40.71MiB / 7.38GiB","Name":"flash-cloud-bench-maintenance-1","NetIO":"1.46GB / 4.97GB","PIDs":"6"}
{"BlockIO":"1.41MB / 0B","CPUPerc":"7.21%","Container":"6fea00feedc4","ID":"6fea00feedc4","MemPerc":"0.04%","MemUsage":"2.891MiB / 7.38GiB","Name":"flash-cloud-bench-pgbouncer-1","NetIO":"2.42GB / 2.42GB","PIDs":"1"}
{"BlockIO":"84.6MB / 3.34GB","CPUPerc":"80.32%","Container":"d440893966b4","ID":"d440893966b4","MemPerc":"2.51%","MemUsage":"189.6MiB / 7.38GiB","Name":"flash-cloud-bench-postgres-1","NetIO":"823MB / 1.66GB","PIDs":"18"}
{"BlockIO":"98.2MB / 103MB","CPUPerc":"2.19%","Container":"562ac1217807","ID":"562ac1217807","MemPerc":"13.22%","MemUsage":"999.3MiB / 7.38GiB","Name":"flash-cloud-bench-kafka-1","NetIO":"53MB / 44.8MB","PIDs":"101"}
{"BlockIO":"71.5MB / 3.86MB","CPUPerc":"0.01%","Container":"bc21247794d5","ID":"bc21247794d5","MemPerc":"1.27%","MemUsage":"96.27MiB / 7.38GiB","Name":"flash-cloud-bench-prometheus-1","NetIO":"17.5MB / 2.39MB","PIDs":"10"}
2026-09-08T11:13:49Z
{"BlockIO":"18.7MB / 157MB","CPUPerc":"79.02%","Container":"5440352fa90e","ID":"5440352fa90e","MemPerc":"1.63%","MemUsage":"123.2MiB / 7.38GiB","Name":"flash-cloud-bench-api-1","NetIO":"7.88GB / 5.24GB","PIDs":"19"}
{"BlockIO":"41.2MB / 1.21GB","CPUPerc":"21.61%","Container":"0c0c4eec6cd3","ID":"0c0c4eec6cd3","MemPerc":"0.85%","MemUsage":"64.47MiB / 7.38GiB","Name":"flash-cloud-bench-redis-1","NetIO":"5.27GB / 7.61GB","PIDs":"6"}
{"BlockIO":"0B / 0B","CPUPerc":"5.41%","Container":"facf8315afea","ID":"facf8315afea","MemPerc":"0.48%","MemUsage":"35.93MiB / 7.38GiB","Name":"flash-cloud-bench-consumer-1","NetIO":"79.3MB / 118MB","PIDs":"7"}
{"BlockIO":"0B / 0B","CPUPerc":"3.93%","Container":"d790ff1ba173","ID":"d790ff1ba173","MemPerc":"0.47%","MemUsage":"35.88MiB / 7.38GiB","Name":"flash-cloud-bench-publisher-1","NetIO":"68MB / 97.2MB","PIDs":"7"}
{"BlockIO":"4.77MB / 0B","CPUPerc":"3.02%","Container":"e0a44f45bbd7","ID":"e0a44f45bbd7","MemPerc":"0.52%","MemUsage":"39.27MiB / 7.38GiB","Name":"flash-cloud-bench-simulator-1","NetIO":"78.9MB / 99.7MB","PIDs":"10"}
{"BlockIO":"7.95MB / 0B","CPUPerc":"20.39%","Container":"a66f27ba8092","ID":"a66f27ba8092","MemPerc":"0.54%","MemUsage":"40.71MiB / 7.38GiB","Name":"flash-cloud-bench-maintenance-1","NetIO":"1.46GB / 4.99GB","PIDs":"6"}
{"BlockIO":"1.41MB / 0B","CPUPerc":"8.00%","Container":"6fea00feedc4","ID":"6fea00feedc4","MemPerc":"0.04%","MemUsage":"3.137MiB / 7.38GiB","Name":"flash-cloud-bench-pgbouncer-1","NetIO":"2.43GB / 2.43GB","PIDs":"1"}
{"BlockIO":"84.6MB / 3.35GB","CPUPerc":"66.35%","Container":"d440893966b4","ID":"d440893966b4","MemPerc":"2.51%","MemUsage":"190MiB / 7.38GiB","Name":"flash-cloud-bench-postgres-1","NetIO":"827MB / 1.67GB","PIDs":"18"}
{"BlockIO":"98.2MB / 103MB","CPUPerc":"4.41%","Container":"562ac1217807","ID":"562ac1217807","MemPerc":"13.22%","MemUsage":"999.3MiB / 7.38GiB","Name":"flash-cloud-bench-kafka-1","NetIO":"53.3MB / 45MB","PIDs":"101"}
{"BlockIO":"71.5MB / 3.86MB","CPUPerc":"0.38%","Container":"bc21247794d5","ID":"bc21247794d5","MemPerc":"1.27%","MemUsage":"96.27MiB / 7.38GiB","Name":"flash-cloud-bench-prometheus-1","NetIO":"17.6MB / 2.39MB","PIDs":"10"}
2026-09-08T11:13:59Z
