Tue Sep  8 04:55:28 PM UTC 2026
flash-cloud-bench-api-1 71.17% 88.79MiB / 7.38GiB 267MB / 187MB
flash-cloud-bench-redis-1 10.83% 63.9MiB / 7.38GiB 361MB / 256MB
flash-cloud-bench-consumer-1 24.32% 34.77MiB / 7.38GiB 4.98MB / 7.41MB
flash-cloud-bench-publisher-1 2.99% 34.88MiB / 7.38GiB 5MB / 7.18MB
flash-cloud-bench-simulator-1 3.74% 35.61MiB / 7.38GiB 6.9MB / 8.7MB
flash-cloud-bench-maintenance-1 5.91% 34.79MiB / 7.38GiB 106MB / 361MB
flash-cloud-bench-pgbouncer-1 5.11% 2.891MiB / 7.38GiB 175MB / 174MB
flash-cloud-bench-postgres-1 18.02% 142.7MiB / 7.38GiB 57.4MB / 120MB
flash-cloud-bench-kafka-1 3.97% 615.2MiB / 7.38GiB 3.41MB / 2.86MB
flash-cloud-bench-prometheus-1 0.00% 92.31MiB / 7.38GiB 1.29MB / 206kB
Tue Sep  8 04:55:40 PM UTC 2026
flash-cloud-bench-api-1 97.00% 89.07MiB / 7.38GiB 317MB / 220MB
flash-cloud-bench-redis-1 28.34% 64.16MiB / 7.38GiB 383MB / 303MB
flash-cloud-bench-consumer-1 3.09% 34.77MiB / 7.38GiB 5.29MB / 7.86MB
flash-cloud-bench-publisher-1 2.64% 34.88MiB / 7.38GiB 5.27MB / 7.56MB
flash-cloud-bench-simulator-1 3.03% 35.61MiB / 7.38GiB 7.27MB / 9.17MB
flash-cloud-bench-maintenance-1 32.48% 34.79MiB / 7.38GiB 111MB / 380MB
flash-cloud-bench-pgbouncer-1 10.26% 2.891MiB / 7.38GiB 185MB / 185MB
flash-cloud-bench-postgres-1 29.90% 143MiB / 7.38GiB 61.5MB / 126MB
flash-cloud-bench-kafka-1 2.54% 615.6MiB / 7.38GiB 3.62MB / 3.04MB
flash-cloud-bench-prometheus-1 0.01% 92.31MiB / 7.38GiB 1.37MB / 219kB
Tue Sep  8 04:55:52 PM UTC 2026
flash-cloud-bench-api-1 71.64% 91.66MiB / 7.38GiB 368MB / 255MB
flash-cloud-bench-redis-1 10.58% 64.12MiB / 7.38GiB 413MB / 352MB
flash-cloud-bench-consumer-1 2.89% 34.77MiB / 7.38GiB 5.61MB / 8.33MB
flash-cloud-bench-publisher-1 2.36% 34.88MiB / 7.38GiB 5.55MB / 7.95MB
flash-cloud-bench-simulator-1 3.69% 35.61MiB / 7.38GiB 7.62MB / 9.61MB
flash-cloud-bench-maintenance-1 6.57% 34.79MiB / 7.38GiB 119MB / 407MB
flash-cloud-bench-pgbouncer-1 5.12% 2.895MiB / 7.38GiB 198MB / 198MB
flash-cloud-bench-postgres-1 17.95% 143.4MiB / 7.38GiB 65.9MB / 135MB
flash-cloud-bench-kafka-1 1.92% 616MiB / 7.38GiB 3.83MB / 3.22MB
flash-cloud-bench-prometheus-1 0.00% 91.51MiB / 7.38GiB 1.46MB / 230kB
Tue Sep  8 04:56:04 PM UTC 2026
flash-cloud-bench-api-1 65.20% 92.37MiB / 7.38GiB 414MB / 286MB
flash-cloud-bench-redis-1 13.94% 64.07MiB / 7.38GiB 449MB / 396MB
flash-cloud-bench-consumer-1 5.75% 34.77MiB / 7.38GiB 5.92MB / 8.79MB
flash-cloud-bench-publisher-1 2.70% 34.88MiB / 7.38GiB 5.84MB / 8.37MB
flash-cloud-bench-simulator-1 3.73% 35.61MiB / 7.38GiB 8.02MB / 10.1MB
flash-cloud-bench-maintenance-1 13.71% 34.79MiB / 7.38GiB 129MB / 440MB
flash-cloud-bench-pgbouncer-1 6.94% 2.91MiB / 7.38GiB 213MB / 213MB
flash-cloud-bench-postgres-1 22.69% 143.8MiB / 7.38GiB 70.6MB / 146MB
flash-cloud-bench-kafka-1 1.74% 616.3MiB / 7.38GiB 4.04MB / 3.4MB
flash-cloud-bench-prometheus-1 0.37% 91.52MiB / 7.38GiB 1.54MB / 242kB
Tue Sep  8 04:56:16 PM UTC 2026
flash-cloud-bench-api-1 63.00% 94.21MiB / 7.38GiB 463MB / 319MB
flash-cloud-bench-redis-1 8.43% 64.1MiB / 7.38GiB 464MB / 439MB
flash-cloud-bench-consumer-1 13.98% 34.78MiB / 7.38GiB 6.24MB / 9.25MB
flash-cloud-bench-publisher-1 2.59% 34.88MiB / 7.38GiB 6.12MB / 8.77MB
flash-cloud-bench-simulator-1 3.47% 35.61MiB / 7.38GiB 8.4MB / 10.6MB
flash-cloud-bench-maintenance-1 5.74% 34.79MiB / 7.38GiB 133MB / 453MB
flash-cloud-bench-pgbouncer-1 5.18% 2.891MiB / 7.38GiB 222MB / 221MB
flash-cloud-bench-postgres-1 56.14% 146.7MiB / 7.38GiB 74.4MB / 151MB
flash-cloud-bench-kafka-1 1.62% 616.5MiB / 7.38GiB 4.25MB / 3.58MB
flash-cloud-bench-prometheus-1 0.21% 91.52MiB / 7.38GiB 1.63MB / 253kB
Tue Sep  8 04:56:28 PM UTC 2026
flash-cloud-bench-api-1 61.10% 94.73MiB / 7.38GiB 512MB / 352MB
flash-cloud-bench-redis-1 16.20% 64.34MiB / 7.38GiB 490MB / 489MB
flash-cloud-bench-consumer-1 11.22% 34.78MiB / 7.38GiB 6.83MB / 10.1MB
flash-cloud-bench-publisher-1 4.80% 34.89MiB / 7.38GiB 6.55MB / 9.4MB
flash-cloud-bench-simulator-1 3.64% 35.61MiB / 7.38GiB 8.77MB / 11.1MB
flash-cloud-bench-maintenance-1 17.43% 34.79MiB / 7.38GiB 140MB / 475MB
flash-cloud-bench-pgbouncer-1 7.50% 2.895MiB / 7.38GiB 234MB / 233MB
flash-cloud-bench-postgres-1 71.70% 148.5MiB / 7.38GiB 78.8MB / 159MB
flash-cloud-bench-kafka-1 3.62% 617.2MiB / 7.38GiB 4.64MB / 3.91MB
flash-cloud-bench-prometheus-1 0.00% 91.53MiB / 7.38GiB 1.7MB / 262kB
Tue Sep  8 04:56:40 PM UTC 2026
flash-cloud-bench-api-1 67.19% 95.21MiB / 7.38GiB 563MB / 387MB
flash-cloud-bench-redis-1 8.04% 64.3MiB / 7.38GiB 515MB / 539MB
flash-cloud-bench-consumer-1 6.92% 34.79MiB / 7.38GiB 7.44MB / 11MB
flash-cloud-bench-publisher-1 3.63% 34.9MiB / 7.38GiB 6.93MB / 9.96MB
flash-cloud-bench-simulator-1 3.05% 35.61MiB / 7.38GiB 9.15MB / 11.5MB
flash-cloud-bench-maintenance-1 3.65% 34.79MiB / 7.38GiB 146MB / 497MB
flash-cloud-bench-pgbouncer-1 5.16% 2.891MiB / 7.38GiB 246MB / 245MB
flash-cloud-bench-postgres-1 103.74% 149.5MiB / 7.38GiB 83.1MB / 167MB
flash-cloud-bench-kafka-1 3.28% 617.9MiB / 7.38GiB 5.04MB / 4.26MB
flash-cloud-bench-prometheus-1 0.01% 91.53MiB / 7.38GiB 1.77MB / 275kB
Tue Sep  8 04:56:52 PM UTC 2026
flash-cloud-bench-api-1 71.15% 95.53MiB / 7.38GiB 623MB / 426MB
flash-cloud-bench-redis-1 20.55% 64.26MiB / 7.38GiB 544MB / 597MB
flash-cloud-bench-consumer-1 7.94% 34.78MiB / 7.38GiB 8.04MB / 11.9MB
flash-cloud-bench-publisher-1 3.77% 34.89MiB / 7.38GiB 7.39MB / 10.6MB
flash-cloud-bench-simulator-1 3.53% 35.61MiB / 7.38GiB 9.52MB / 12MB
flash-cloud-bench-maintenance-1 20.05% 34.8MiB / 7.38GiB 153MB / 523MB
flash-cloud-bench-pgbouncer-1 7.93% 2.914MiB / 7.38GiB 259MB / 258MB
flash-cloud-bench-postgres-1 67.59% 150MiB / 7.38GiB 87.6MB / 176MB
flash-cloud-bench-kafka-1 2.45% 618.2MiB / 7.38GiB 5.44MB / 4.6MB
flash-cloud-bench-prometheus-1 0.21% 91.54MiB / 7.38GiB 1.87MB / 285kB
Tue Sep  8 04:57:04 PM UTC 2026
flash-cloud-bench-api-1 99.28% 108.6MiB / 7.38GiB 684MB / 466MB
flash-cloud-bench-redis-1 9.54% 64.12MiB / 7.38GiB 569MB / 655MB
flash-cloud-bench-consumer-1 9.84% 34.78MiB / 7.38GiB 8.66MB / 12.8MB
flash-cloud-bench-publisher-1 4.21% 34.89MiB / 7.38GiB 7.82MB / 11.3MB
flash-cloud-bench-simulator-1 2.90% 35.61MiB / 7.38GiB 9.89MB / 12.5MB
flash-cloud-bench-maintenance-1 6.34% 34.8MiB / 7.38GiB 160MB / 544MB
flash-cloud-bench-pgbouncer-1 6.65% 2.895MiB / 7.38GiB 270MB / 269MB
flash-cloud-bench-postgres-1 94.94% 152MiB / 7.38GiB 91.9MB / 183MB
flash-cloud-bench-kafka-1 2.43% 619.2MiB / 7.38GiB 5.81MB / 4.91MB
flash-cloud-bench-prometheus-1 0.06% 91.7MiB / 7.38GiB 1.94MB / 298kB
Tue Sep  8 04:57:17 PM UTC 2026
flash-cloud-bench-api-1 98.96% 96.08MiB / 7.38GiB 747MB / 506MB
flash-cloud-bench-redis-1 9.87% 64.16MiB / 7.38GiB 593MB / 716MB
flash-cloud-bench-consumer-1 6.44% 34.79MiB / 7.38GiB 9.22MB / 13.6MB
flash-cloud-bench-publisher-1 4.11% 34.89MiB / 7.38GiB 8.21MB / 11.8MB
flash-cloud-bench-simulator-1 3.16% 35.61MiB / 7.38GiB 10.2MB / 12.9MB
flash-cloud-bench-maintenance-1 7.21% 34.8MiB / 7.38GiB 166MB / 565MB
flash-cloud-bench-pgbouncer-1 6.15% 2.887MiB / 7.38GiB 281MB / 280MB
flash-cloud-bench-postgres-1 146.90% 155.6MiB / 7.38GiB 95.9MB / 191MB
flash-cloud-bench-kafka-1 2.53% 620.4MiB / 7.38GiB 6.21MB / 5.25MB
flash-cloud-bench-prometheus-1 0.22% 91.7MiB / 7.38GiB 2.03MB / 309kB
Tue Sep  8 04:57:28 PM UTC 2026
flash-cloud-bench-api-1 73.75% 96.19MiB / 7.38GiB 818MB / 551MB
flash-cloud-bench-redis-1 19.66% 64.23MiB / 7.38GiB 620MB / 785MB
flash-cloud-bench-consumer-1 6.48% 34.79MiB / 7.38GiB 9.84MB / 14.6MB
flash-cloud-bench-publisher-1 4.81% 34.89MiB / 7.38GiB 8.64MB / 12.5MB
flash-cloud-bench-simulator-1 3.34% 35.61MiB / 7.38GiB 10.6MB / 13.4MB
flash-cloud-bench-maintenance-1 18.42% 34.8MiB / 7.38GiB 173MB / 589MB
flash-cloud-bench-pgbouncer-1 7.51% 2.887MiB / 7.38GiB 294MB / 293MB
flash-cloud-bench-postgres-1 71.33% 156.5MiB / 7.38GiB 100MB / 199MB
flash-cloud-bench-kafka-1 2.85% 634.5MiB / 7.38GiB 6.62MB / 5.6MB
flash-cloud-bench-prometheus-1 0.00% 91.7MiB / 7.38GiB 2.1MB / 318kB
Tue Sep  8 04:57:40 PM UTC 2026
flash-cloud-bench-api-1 76.12% 96.54MiB / 7.38GiB 888MB / 596MB
flash-cloud-bench-redis-1 9.75% 64.15MiB / 7.38GiB 644MB / 853MB
flash-cloud-bench-consumer-1 6.82% 34.79MiB / 7.38GiB 10.4MB / 15.5MB
flash-cloud-bench-publisher-1 4.26% 34.9MiB / 7.38GiB 9.06MB / 13.1MB
flash-cloud-bench-simulator-1 3.20% 35.61MiB / 7.38GiB 11MB / 13.9MB
flash-cloud-bench-maintenance-1 3.69% 34.8MiB / 7.38GiB 179MB / 610MB
flash-cloud-bench-pgbouncer-1 4.92% 2.906MiB / 7.38GiB 305MB / 304MB
flash-cloud-bench-postgres-1 57.10% 157.2MiB / 7.38GiB 104MB / 206MB
flash-cloud-bench-kafka-1 14.77% 653.4MiB / 7.38GiB 7.02MB / 5.94MB
flash-cloud-bench-prometheus-1 0.01% 91.71MiB / 7.38GiB 2.18MB / 331kB
Tue Sep  8 04:57:52 PM UTC 2026
flash-cloud-bench-api-1 75.70% 97.02MiB / 7.38GiB 960MB / 642MB
flash-cloud-bench-redis-1 21.94% 64.46MiB / 7.38GiB 672MB / 922MB
flash-cloud-bench-consumer-1 4.78% 34.79MiB / 7.38GiB 11MB / 16.4MB
flash-cloud-bench-publisher-1 3.40% 34.9MiB / 7.38GiB 9.48MB / 13.7MB
flash-cloud-bench-simulator-1 3.06% 35.61MiB / 7.38GiB 11.4MB / 14.3MB
flash-cloud-bench-maintenance-1 22.39% 34.8MiB / 7.38GiB 186MB / 635MB
flash-cloud-bench-pgbouncer-1 8.32% 2.906MiB / 7.38GiB 318MB / 317MB
flash-cloud-bench-postgres-1 66.79% 157.8MiB / 7.38GiB 109MB / 215MB
flash-cloud-bench-kafka-1 2.68% 671.6MiB / 7.38GiB 7.41MB / 6.27MB
flash-cloud-bench-prometheus-1 0.98% 91.72MiB / 7.38GiB 2.27MB / 341kB
Tue Sep  8 04:58:04 PM UTC 2026
flash-cloud-bench-api-1 116.13% 97.16MiB / 7.38GiB 1.04GB / 690MB
flash-cloud-bench-redis-1 11.55% 64.2MiB / 7.38GiB 697MB / 995MB
flash-cloud-bench-consumer-1 8.00% 34.79MiB / 7.38GiB 11.7MB / 17.3MB
flash-cloud-bench-publisher-1 5.54% 34.9MiB / 7.38GiB 9.92MB / 14.4MB
flash-cloud-bench-simulator-1 2.77% 35.61MiB / 7.38GiB 11.7MB / 14.8MB
flash-cloud-bench-maintenance-1 3.68% 34.8MiB / 7.38GiB 192MB / 655MB
flash-cloud-bench-pgbouncer-1 5.52% 2.898MiB / 7.38GiB 329MB / 328MB
flash-cloud-bench-postgres-1 107.24% 158.7MiB / 7.38GiB 113MB / 222MB
flash-cloud-bench-kafka-1 3.33% 691.1MiB / 7.38GiB 7.82MB / 6.62MB
flash-cloud-bench-prometheus-1 0.36% 91.72MiB / 7.38GiB 2.35MB / 354kB
Tue Sep  8 04:58:16 PM UTC 2026
flash-cloud-bench-api-1 82.32% 97.26MiB / 7.38GiB 1.11GB / 736MB
flash-cloud-bench-redis-1 22.72% 64.24MiB / 7.38GiB 724MB / 1.06GB
flash-cloud-bench-consumer-1 5.45% 34.8MiB / 7.38GiB 12.3MB / 18.2MB
flash-cloud-bench-publisher-1 3.74% 34.9MiB / 7.38GiB 10.3MB / 15MB
flash-cloud-bench-simulator-1 3.01% 35.61MiB / 7.38GiB 12.1MB / 15.3MB
flash-cloud-bench-maintenance-1 21.67% 34.8MiB / 7.38GiB 199MB / 679MB
flash-cloud-bench-pgbouncer-1 8.26% 2.902MiB / 7.38GiB 342MB / 341MB
flash-cloud-bench-postgres-1 98.17% 161.2MiB / 7.38GiB 118MB / 231MB
flash-cloud-bench-kafka-1 3.62% 709.4MiB / 7.38GiB 8.21MB / 6.95MB
flash-cloud-bench-prometheus-1 0.02% 91.73MiB / 7.38GiB 2.41MB / 363kB
Tue Sep  8 04:58:28 PM UTC 2026
flash-cloud-bench-api-1 77.17% 97.43MiB / 7.38GiB 1.18GB / 781MB
flash-cloud-bench-redis-1 10.02% 64.24MiB / 7.38GiB 749MB / 1.13GB
flash-cloud-bench-consumer-1 7.11% 34.8MiB / 7.38GiB 12.9MB / 19.1MB
flash-cloud-bench-publisher-1 4.64% 34.91MiB / 7.38GiB 10.7MB / 15.6MB
flash-cloud-bench-simulator-1 3.12% 35.61MiB / 7.38GiB 12.5MB / 15.7MB
flash-cloud-bench-maintenance-1 3.95% 34.8MiB / 7.38GiB 205MB / 701MB
flash-cloud-bench-pgbouncer-1 5.09% 2.887MiB / 7.38GiB 353MB / 352MB
flash-cloud-bench-postgres-1 108.71% 162MiB / 7.38GiB 122MB / 239MB
flash-cloud-bench-kafka-1 10.44% 729.1MiB / 7.38GiB 8.62MB / 7.3MB
flash-cloud-bench-prometheus-1 0.14% 91.73MiB / 7.38GiB 2.52MB / 377kB
Tue Sep  8 04:58:40 PM UTC 2026
flash-cloud-bench-api-1 80.39% 97.95MiB / 7.38GiB 1.25GB / 827MB
flash-cloud-bench-redis-1 54.69% 64.33MiB / 7.38GiB 777MB / 1.2GB
flash-cloud-bench-consumer-1 4.84% 34.81MiB / 7.38GiB 13.5MB / 20MB
flash-cloud-bench-publisher-1 4.25% 34.91MiB / 7.38GiB 11.2MB / 16.3MB
flash-cloud-bench-simulator-1 2.91% 35.61MiB / 7.38GiB 12.8MB / 16.2MB
flash-cloud-bench-maintenance-1 22.14% 34.8MiB / 7.38GiB 213MB / 726MB
flash-cloud-bench-pgbouncer-1 8.44% 2.918MiB / 7.38GiB 366MB / 365MB
flash-cloud-bench-postgres-1 60.28% 162.6MiB / 7.38GiB 126MB / 247MB
flash-cloud-bench-kafka-1 2.23% 747.1MiB / 7.38GiB 9.02MB / 7.64MB
flash-cloud-bench-prometheus-1 0.02% 91.73MiB / 7.38GiB 2.58MB / 386kB
Tue Sep  8 04:58:52 PM UTC 2026
flash-cloud-bench-api-1 91.46% 98.35MiB / 7.38GiB 1.32GB / 871MB
flash-cloud-bench-redis-1 9.89% 64.24MiB / 7.38GiB 802MB / 1.27GB
flash-cloud-bench-consumer-1 7.91% 34.81MiB / 7.38GiB 14.1MB / 20.9MB
flash-cloud-bench-publisher-1 5.04% 34.91MiB / 7.38GiB 11.7MB / 16.9MB
flash-cloud-bench-simulator-1 3.61% 35.61MiB / 7.38GiB 13.2MB / 16.7MB
flash-cloud-bench-maintenance-1 3.68% 34.8MiB / 7.38GiB 219MB / 747MB
flash-cloud-bench-pgbouncer-1 5.44% 2.887MiB / 7.38GiB 378MB / 377MB
flash-cloud-bench-postgres-1 103.20% 163.1MiB / 7.38GiB 131MB / 255MB
flash-cloud-bench-kafka-1 2.95% 766.5MiB / 7.38GiB 9.43MB / 8MB
flash-cloud-bench-prometheus-1 0.20% 91.73MiB / 7.38GiB 2.67MB / 397kB
Tue Sep  8 04:59:05 PM UTC 2026
flash-cloud-bench-api-1 83.06% 98.96MiB / 7.38GiB 1.39GB / 917MB
flash-cloud-bench-redis-1 23.97% 64.5MiB / 7.38GiB 830MB / 1.34GB
flash-cloud-bench-consumer-1 4.99% 34.82MiB / 7.38GiB 14.7MB / 21.8MB
flash-cloud-bench-publisher-1 3.67% 34.91MiB / 7.38GiB 12.1MB / 17.6MB
flash-cloud-bench-simulator-1 2.87% 35.61MiB / 7.38GiB 13.6MB / 17.2MB
flash-cloud-bench-maintenance-1 22.78% 34.8MiB / 7.38GiB 226MB / 772MB
flash-cloud-bench-pgbouncer-1 8.34% 2.891MiB / 7.38GiB 390MB / 389MB
flash-cloud-bench-postgres-1 60.63% 163.8MiB / 7.38GiB 135MB / 263MB
flash-cloud-bench-kafka-1 2.69% 785.4MiB / 7.38GiB 9.83MB / 8.34MB
flash-cloud-bench-prometheus-1 0.15% 91.73MiB / 7.38GiB 2.75MB / 409kB
Tue Sep  8 04:59:17 PM UTC 2026
flash-cloud-bench-api-1 76.77% 99.02MiB / 7.38GiB 1.46GB / 961MB
flash-cloud-bench-redis-1 11.44% 64.32MiB / 7.38GiB 854MB / 1.41GB
flash-cloud-bench-consumer-1 7.14% 34.82MiB / 7.38GiB 15.3MB / 22.7MB
flash-cloud-bench-publisher-1 4.92% 34.91MiB / 7.38GiB 12.5MB / 18.2MB
flash-cloud-bench-simulator-1 2.90% 35.61MiB / 7.38GiB 14MB / 17.6MB
flash-cloud-bench-maintenance-1 6.11% 34.8MiB / 7.38GiB 232MB / 792MB
flash-cloud-bench-pgbouncer-1 5.77% 2.902MiB / 7.38GiB 402MB / 401MB
flash-cloud-bench-postgres-1 101.27% 167.8MiB / 7.38GiB 139MB / 271MB
flash-cloud-bench-kafka-1 2.80% 804.5MiB / 7.38GiB 10.2MB / 8.68MB
flash-cloud-bench-prometheus-1 0.20% 91.73MiB / 7.38GiB 2.84MB / 420kB
Tue Sep  8 04:59:29 PM UTC 2026
flash-cloud-bench-api-1 86.13% 108.4MiB / 7.38GiB 1.53GB / 1GB
flash-cloud-bench-redis-1 25.23% 64.34MiB / 7.38GiB 882MB / 1.47GB
flash-cloud-bench-consumer-1 4.35% 34.82MiB / 7.38GiB 15.9MB / 23.6MB
flash-cloud-bench-publisher-1 2.86% 34.91MiB / 7.38GiB 12.9MB / 18.8MB
flash-cloud-bench-simulator-1 3.17% 35.61MiB / 7.38GiB 14.3MB / 18.1MB
flash-cloud-bench-maintenance-1 23.36% 34.8MiB / 7.38GiB 239MB / 818MB
flash-cloud-bench-pgbouncer-1 8.58% 2.887MiB / 7.38GiB 414MB / 413MB
flash-cloud-bench-postgres-1 60.20% 169MiB / 7.38GiB 144MB / 279MB
flash-cloud-bench-kafka-1 6.15% 823.7MiB / 7.38GiB 10.6MB / 9.02MB
flash-cloud-bench-prometheus-1 0.37% 91.73MiB / 7.38GiB 2.92MB / 432kB
Tue Sep  8 04:59:41 PM UTC 2026
flash-cloud-bench-api-1 85.57% 99.84MiB / 7.38GiB 1.6GB / 1.05GB
flash-cloud-bench-redis-1 45.50% 64.35MiB / 7.38GiB 907MB / 1.54GB
flash-cloud-bench-consumer-1 7.47% 34.82MiB / 7.38GiB 16.6MB / 24.5MB
flash-cloud-bench-publisher-1 5.54% 34.91MiB / 7.38GiB 13.4MB / 19.5MB
flash-cloud-bench-simulator-1 2.94% 35.61MiB / 7.38GiB 14.7MB / 18.6MB
flash-cloud-bench-maintenance-1 3.48% 34.8MiB / 7.38GiB 246MB / 839MB
flash-cloud-bench-pgbouncer-1 5.29% 2.914MiB / 7.38GiB 426MB / 425MB
flash-cloud-bench-postgres-1 97.98% 169.4MiB / 7.38GiB 148MB / 287MB
flash-cloud-bench-kafka-1 31.47% 859.5MiB / 7.38GiB 11MB / 9.37MB
flash-cloud-bench-prometheus-1 0.01% 91.74MiB / 7.38GiB 2.99MB / 442kB
Tue Sep  8 04:59:53 PM UTC 2026
flash-cloud-bench-api-1 76.68% 100.7MiB / 7.38GiB 1.67GB / 1.1GB
flash-cloud-bench-redis-1 12.58% 64.26MiB / 7.38GiB 933MB / 1.61GB
flash-cloud-bench-consumer-1 7.73% 34.82MiB / 7.38GiB 17.2MB / 25.4MB
flash-cloud-bench-publisher-1 5.52% 34.91MiB / 7.38GiB 13.8MB / 20.1MB
flash-cloud-bench-simulator-1 3.01% 35.61MiB / 7.38GiB 15.1MB / 19MB
flash-cloud-bench-maintenance-1 3.94% 34.8MiB / 7.38GiB 252MB / 862MB
flash-cloud-bench-pgbouncer-1 5.64% 2.914MiB / 7.38GiB 438MB / 437MB
flash-cloud-bench-postgres-1 66.69% 169.8MiB / 7.38GiB 152MB / 295MB
flash-cloud-bench-kafka-1 93.12% 907.3MiB / 7.38GiB 11.4MB / 9.71MB
flash-cloud-bench-prometheus-1 0.35% 91.75MiB / 7.38GiB 3.09MB / 455kB
Tue Sep  8 05:00:05 PM UTC 2026
flash-cloud-bench-api-1 75.59% 101.3MiB / 7.38GiB 1.74GB / 1.14GB
flash-cloud-bench-redis-1 17.36% 64.23MiB / 7.38GiB 960MB / 1.68GB
flash-cloud-bench-consumer-1 5.39% 34.83MiB / 7.38GiB 17.8MB / 26.3MB
flash-cloud-bench-publisher-1 3.62% 34.91MiB / 7.38GiB 14.2MB / 20.7MB
flash-cloud-bench-simulator-1 2.73% 35.61MiB / 7.38GiB 15.5MB / 19.5MB
flash-cloud-bench-maintenance-1 11.59% 34.8MiB / 7.38GiB 259MB / 885MB
flash-cloud-bench-pgbouncer-1 6.94% 2.906MiB / 7.38GiB 450MB / 449MB
flash-cloud-bench-postgres-1 67.64% 170.6MiB / 7.38GiB 157MB / 303MB
flash-cloud-bench-kafka-1 154.46% 934.7MiB / 7.38GiB 11.8MB / 10MB
flash-cloud-bench-prometheus-1 0.01% 91.79MiB / 7.38GiB 3.16MB / 465kB
Tue Sep  8 05:00:17 PM UTC 2026
flash-cloud-bench-api-1 77.72% 101.7MiB / 7.38GiB 1.81GB / 1.18GB
flash-cloud-bench-redis-1 12.58% 64.34MiB / 7.38GiB 985MB / 1.75GB
flash-cloud-bench-consumer-1 6.99% 34.83MiB / 7.38GiB 18.4MB / 27.2MB
flash-cloud-bench-publisher-1 5.31% 34.91MiB / 7.38GiB 14.7MB / 21.4MB
flash-cloud-bench-simulator-1 3.02% 35.61MiB / 7.38GiB 15.8MB / 20MB
flash-cloud-bench-maintenance-1 3.35% 34.8MiB / 7.38GiB 265MB / 906MB
flash-cloud-bench-pgbouncer-1 5.71% 2.895MiB / 7.38GiB 462MB / 461MB
flash-cloud-bench-postgres-1 88.56% 173.1MiB / 7.38GiB 161MB / 311MB
flash-cloud-bench-kafka-1 144.21% 960.4MiB / 7.38GiB 12.3MB / 10.4MB
flash-cloud-bench-prometheus-1 0.23% 91.82MiB / 7.38GiB 3.25MB / 478kB
Tue Sep  8 05:00:29 PM UTC 2026
flash-cloud-bench-api-1 107.19% 102.1MiB / 7.38GiB 1.87GB / 1.23GB
flash-cloud-bench-redis-1 11.58% 64.23MiB / 7.38GiB 1.01GB / 1.81GB
flash-cloud-bench-consumer-1 7.07% 34.84MiB / 7.38GiB 19MB / 28.1MB
flash-cloud-bench-publisher-1 5.51% 34.91MiB / 7.38GiB 15.1MB / 22MB
flash-cloud-bench-simulator-1 2.84% 35.61MiB / 7.38GiB 16.2MB / 20.5MB
flash-cloud-bench-maintenance-1 3.39% 34.8MiB / 7.38GiB 272MB / 928MB
flash-cloud-bench-pgbouncer-1 5.60% 2.926MiB / 7.38GiB 474MB / 472MB
flash-cloud-bench-postgres-1 91.30% 173.8MiB / 7.38GiB 165MB / 318MB
flash-cloud-bench-kafka-1 152.69% 988.1MiB / 7.38GiB 12.7MB / 10.7MB
flash-cloud-bench-prometheus-1 0.14% 91.82MiB / 7.38GiB 3.33MB / 488kB
Tue Sep  8 05:00:41 PM UTC 2026
flash-cloud-bench-api-1 85.85% 102.1MiB / 7.38GiB 1.95GB / 1.28GB
flash-cloud-bench-redis-1 23.70% 66.43MiB / 7.38GiB 1.04GB / 1.88GB
flash-cloud-bench-consumer-1 5.87% 34.84MiB / 7.38GiB 19.6MB / 29MB
flash-cloud-bench-publisher-1 3.89% 34.91MiB / 7.38GiB 15.5MB / 22.6MB
flash-cloud-bench-simulator-1 2.64% 35.61MiB / 7.38GiB 16.6MB / 20.9MB
flash-cloud-bench-maintenance-1 11.08% 34.8MiB / 7.38GiB 279MB / 952MB
flash-cloud-bench-pgbouncer-1 6.66% 2.898MiB / 7.38GiB 486MB / 485MB
flash-cloud-bench-postgres-1 74.53% 174.3MiB / 7.38GiB 170MB / 327MB
flash-cloud-bench-kafka-1 93.75% 937.5MiB / 7.38GiB 13.1MB / 11.1MB
flash-cloud-bench-prometheus-1 0.09% 91.82MiB / 7.38GiB 3.41MB / 498kB
Tue Sep  8 05:00:54 PM UTC 2026
flash-cloud-bench-api-1 85.00% 102.4MiB / 7.38GiB 2.03GB / 1.32GB
flash-cloud-bench-redis-1 14.39% 64.15MiB / 7.38GiB 1.06GB / 1.96GB
flash-cloud-bench-consumer-1 7.68% 34.84MiB / 7.38GiB 20.3MB / 29.9MB
flash-cloud-bench-publisher-1 5.33% 34.91MiB / 7.38GiB 15.9MB / 23.2MB
flash-cloud-bench-simulator-1 2.99% 35.61MiB / 7.38GiB 17MB / 21.4MB
flash-cloud-bench-maintenance-1 4.74% 34.8MiB / 7.38GiB 285MB / 974MB
flash-cloud-bench-pgbouncer-1 5.64% 2.902MiB / 7.38GiB 498MB / 496MB
flash-cloud-bench-postgres-1 101.28% 174.8MiB / 7.38GiB 174MB / 334MB
flash-cloud-bench-kafka-1 45.77% 956.4MiB / 7.38GiB 13.5MB / 11.4MB
flash-cloud-bench-prometheus-1 0.01% 91.82MiB / 7.38GiB 3.49MB / 511kB
Tue Sep  8 05:01:06 PM UTC 2026
flash-cloud-bench-api-1 115.81% 103MiB / 7.38GiB 2.1GB / 1.37GB
flash-cloud-bench-redis-1 23.81% 64.27MiB / 7.38GiB 1.09GB / 2.03GB
flash-cloud-bench-consumer-1 8.48% 34.84MiB / 7.38GiB 20.9MB / 30.8MB
flash-cloud-bench-publisher-1 5.46% 34.91MiB / 7.38GiB 16.3MB / 23.8MB
flash-cloud-bench-simulator-1 2.81% 35.61MiB / 7.38GiB 17.3MB / 21.9MB
flash-cloud-bench-maintenance-1 20.27% 34.8MiB / 7.38GiB 292MB / 998MB
flash-cloud-bench-pgbouncer-1 8.48% 2.898MiB / 7.38GiB 510MB / 509MB
flash-cloud-bench-postgres-1 64.21% 174.4MiB / 7.38GiB 179MB / 343MB
flash-cloud-bench-kafka-1 11.10% 975.2MiB / 7.38GiB 13.9MB / 11.8MB
flash-cloud-bench-prometheus-1 0.20% 91.83MiB / 7.38GiB 3.59MB / 522kB
Tue Sep  8 05:01:18 PM UTC 2026
flash-cloud-bench-api-1 76.92% 103.3MiB / 7.38GiB 2.17GB / 1.42GB
flash-cloud-bench-redis-1 21.89% 64.24MiB / 7.38GiB 1.11GB / 2.1GB
flash-cloud-bench-consumer-1 5.82% 34.85MiB / 7.38GiB 21.5MB / 31.8MB
flash-cloud-bench-publisher-1 3.82% 34.92MiB / 7.38GiB 16.8MB / 24.5MB
flash-cloud-bench-simulator-1 3.53% 35.61MiB / 7.38GiB 17.7MB / 22.3MB
flash-cloud-bench-maintenance-1 19.31% 34.8MiB / 7.38GiB 298MB / 1.02GB
flash-cloud-bench-pgbouncer-1 7.83% 2.914MiB / 7.38GiB 522MB / 520MB
flash-cloud-bench-postgres-1 72.37% 177.1MiB / 7.38GiB 183MB / 350MB
flash-cloud-bench-kafka-1 124.91% 1.04GiB / 7.38GiB 14.2MB / 12.1MB
flash-cloud-bench-prometheus-1 0.34% 91.83MiB / 7.38GiB 3.66MB / 534kB
Tue Sep  8 05:01:30 PM UTC 2026
flash-cloud-bench-api-1 75.54% 104.8MiB / 7.38GiB 2.23GB / 1.45GB
flash-cloud-bench-redis-1 23.57% 64.35MiB / 7.38GiB 1.14GB / 2.16GB
flash-cloud-bench-consumer-1 7.96% 34.85MiB / 7.38GiB 22.1MB / 32.7MB
flash-cloud-bench-publisher-1 3.55% 34.92MiB / 7.38GiB 17.2MB / 25.1MB
flash-cloud-bench-simulator-1 3.15% 35.61MiB / 7.38GiB 18.1MB / 22.8MB
flash-cloud-bench-maintenance-1 21.31% 34.8MiB / 7.38GiB 305MB / 1.04GB
flash-cloud-bench-pgbouncer-1 8.15% 2.918MiB / 7.38GiB 534MB / 533MB
flash-cloud-bench-postgres-1 70.46% 177.6MiB / 7.38GiB 187MB / 358MB
flash-cloud-bench-kafka-1 1.95% 995.2MiB / 7.38GiB 14.7MB / 12.5MB
flash-cloud-bench-prometheus-1 0.01% 91.84MiB / 7.38GiB 3.73MB / 544kB
Tue Sep  8 05:01:42 PM UTC 2026
flash-cloud-bench-api-1 77.90% 106.5MiB / 7.38GiB 2.3GB / 1.5GB
flash-cloud-bench-redis-1 13.67% 64.31MiB / 7.38GiB 1.17GB / 2.22GB
flash-cloud-bench-consumer-1 7.17% 34.85MiB / 7.38GiB 22.7MB / 33.6MB
flash-cloud-bench-publisher-1 4.83% 34.93MiB / 7.38GiB 17.7MB / 25.8MB
flash-cloud-bench-simulator-1 3.12% 35.61MiB / 7.38GiB 18.4MB / 23.3MB
flash-cloud-bench-maintenance-1 6.19% 34.8MiB / 7.38GiB 311MB / 1.06GB
flash-cloud-bench-pgbouncer-1 5.93% 2.887MiB / 7.38GiB 546MB / 544MB
flash-cloud-bench-postgres-1 102.52% 178.5MiB / 7.38GiB 191MB / 366MB
flash-cloud-bench-kafka-1 2.52% 995.4MiB / 7.38GiB 15.1MB / 12.8MB
flash-cloud-bench-prometheus-1 0.21% 95.86MiB / 7.38GiB 3.83MB / 557kB
Tue Sep  8 05:01:54 PM UTC 2026
flash-cloud-bench-api-1 115.16% 108.6MiB / 7.38GiB 2.37GB / 1.55GB
flash-cloud-bench-redis-1 24.61% 64.28MiB / 7.38GiB 1.19GB / 2.29GB
flash-cloud-bench-consumer-1 9.89% 34.86MiB / 7.38GiB 23.3MB / 34.5MB
flash-cloud-bench-publisher-1 4.11% 34.92MiB / 7.38GiB 18.1MB / 26.4MB
flash-cloud-bench-simulator-1 3.13% 35.61MiB / 7.38GiB 18.8MB / 23.8MB
flash-cloud-bench-maintenance-1 20.83% 34.8MiB / 7.38GiB 318MB / 1.09GB
flash-cloud-bench-pgbouncer-1 8.23% 2.902MiB / 7.38GiB 558MB / 556MB
flash-cloud-bench-postgres-1 60.24% 179.1MiB / 7.38GiB 196MB / 374MB
flash-cloud-bench-kafka-1 2.15% 995.5MiB / 7.38GiB 15.5MB / 13.1MB
flash-cloud-bench-prometheus-1 0.14% 95.93MiB / 7.38GiB 3.9MB / 567kB
Tue Sep  8 05:02:06 PM UTC 2026
flash-cloud-bench-api-1 83.47% 110.1MiB / 7.38GiB 2.45GB / 1.59GB
flash-cloud-bench-redis-1 24.55% 64.3MiB / 7.38GiB 1.22GB / 2.36GB
flash-cloud-bench-consumer-1 7.13% 34.86MiB / 7.38GiB 23.9MB / 35.4MB
flash-cloud-bench-publisher-1 3.85% 34.93MiB / 7.38GiB 18.5MB / 27MB
flash-cloud-bench-simulator-1 3.12% 35.61MiB / 7.38GiB 19.2MB / 24.2MB
flash-cloud-bench-maintenance-1 20.21% 34.8MiB / 7.38GiB 325MB / 1.11GB
flash-cloud-bench-pgbouncer-1 7.96% 2.898MiB / 7.38GiB 570MB / 569MB
flash-cloud-bench-postgres-1 66.78% 179.8MiB / 7.38GiB 200MB / 383MB
flash-cloud-bench-kafka-1 6.18% 995.6MiB / 7.38GiB 15.9MB / 13.5MB
flash-cloud-bench-prometheus-1 0.00% 95.93MiB / 7.38GiB 3.97MB / 576kB
Tue Sep  8 05:02:19 PM UTC 2026
flash-cloud-bench-api-1 75.85% 116.4MiB / 7.38GiB 2.52GB / 1.64GB
flash-cloud-bench-redis-1 18.18% 64.43MiB / 7.38GiB 1.24GB / 2.43GB
flash-cloud-bench-consumer-1 6.08% 34.86MiB / 7.38GiB 24.5MB / 36.3MB
flash-cloud-bench-publisher-1 3.87% 34.93MiB / 7.38GiB 18.9MB / 27.6MB
flash-cloud-bench-simulator-1 2.96% 35.61MiB / 7.38GiB 19.6MB / 24.7MB
flash-cloud-bench-maintenance-1 14.60% 34.8MiB / 7.38GiB 331MB / 1.13GB
flash-cloud-bench-pgbouncer-1 7.26% 2.883MiB / 7.38GiB 581MB / 580MB
flash-cloud-bench-postgres-1 80.01% 182.5MiB / 7.38GiB 204MB / 390MB
flash-cloud-bench-kafka-1 2.07% 995.7MiB / 7.38GiB 16.3MB / 13.8MB
flash-cloud-bench-prometheus-1 0.36% 95.93MiB / 7.38GiB 4.07MB / 590kB
Tue Sep  8 05:02:31 PM UTC 2026
flash-cloud-bench-api-1 74.26% 117MiB / 7.38GiB 2.58GB / 1.68GB
flash-cloud-bench-redis-1 15.41% 64.33MiB / 7.38GiB 1.27GB / 2.49GB
flash-cloud-bench-consumer-1 7.20% 34.86MiB / 7.38GiB 25.1MB / 37.2MB
flash-cloud-bench-publisher-1 5.16% 34.93MiB / 7.38GiB 19.3MB / 28.2MB
flash-cloud-bench-simulator-1 3.50% 35.61MiB / 7.38GiB 19.9MB / 25.2MB
flash-cloud-bench-maintenance-1 9.24% 34.8MiB / 7.38GiB 337MB / 1.15GB
flash-cloud-bench-pgbouncer-1 6.24% 2.898MiB / 7.38GiB 593MB / 591MB
flash-cloud-bench-postgres-1 91.66% 183MiB / 7.38GiB 209MB / 398MB
flash-cloud-bench-kafka-1 2.73% 995.8MiB / 7.38GiB 16.7MB / 14.2MB
flash-cloud-bench-prometheus-1 0.20% 95.93MiB / 7.38GiB 4.16MB / 601kB
Tue Sep  8 05:02:43 PM UTC 2026
flash-cloud-bench-api-1 106.68% 116.9MiB / 7.38GiB 2.65GB / 1.72GB
flash-cloud-bench-redis-1 24.04% 64.31MiB / 7.38GiB 1.3GB / 2.56GB
flash-cloud-bench-consumer-1 4.72% 34.86MiB / 7.38GiB 25.7MB / 38.1MB
flash-cloud-bench-publisher-1 3.67% 34.93MiB / 7.38GiB 19.8MB / 28.9MB
flash-cloud-bench-simulator-1 3.54% 35.61MiB / 7.38GiB 20.3MB / 25.6MB
flash-cloud-bench-maintenance-1 21.85% 34.8MiB / 7.38GiB 344MB / 1.18GB
flash-cloud-bench-pgbouncer-1 8.01% 2.895MiB / 7.38GiB 606MB / 604MB
flash-cloud-bench-postgres-1 58.41% 183.7MiB / 7.38GiB 213MB / 406MB
flash-cloud-bench-kafka-1 1.78% 995.8MiB / 7.38GiB 17.1MB / 14.5MB
flash-cloud-bench-prometheus-1 0.00% 95.93MiB / 7.38GiB 4.23MB / 611kB
Tue Sep  8 05:02:55 PM UTC 2026
flash-cloud-bench-api-1 80.68% 117.7MiB / 7.38GiB 2.72GB / 1.77GB
flash-cloud-bench-redis-1 14.74% 64.36MiB / 7.38GiB 1.32GB / 2.63GB
flash-cloud-bench-consumer-1 7.22% 34.86MiB / 7.38GiB 26.4MB / 39MB
flash-cloud-bench-publisher-1 4.22% 34.93MiB / 7.38GiB 20.2MB / 29.5MB
flash-cloud-bench-simulator-1 3.12% 35.61MiB / 7.38GiB 20.7MB / 26.1MB
flash-cloud-bench-maintenance-1 8.27% 34.8MiB / 7.38GiB 350MB / 1.2GB
flash-cloud-bench-pgbouncer-1 6.40% 2.891MiB / 7.38GiB 617MB / 615MB
flash-cloud-bench-postgres-1 93.42% 184.3MiB / 7.38GiB 217MB / 413MB
flash-cloud-bench-kafka-1 2.37% 995.9MiB / 7.38GiB 17.5MB / 14.9MB
flash-cloud-bench-prometheus-1 0.01% 95.93MiB / 7.38GiB 4.31MB / 623kB
Tue Sep  8 05:03:07 PM UTC 2026
flash-cloud-bench-api-1 81.80% 117.3MiB / 7.38GiB 2.79GB / 1.81GB
flash-cloud-bench-redis-1 23.71% 64.29MiB / 7.38GiB 1.35GB / 2.69GB
flash-cloud-bench-consumer-1 9.46% 34.86MiB / 7.38GiB 27MB / 39.9MB
flash-cloud-bench-publisher-1 4.38% 34.93MiB / 7.38GiB 20.6MB / 30MB
flash-cloud-bench-simulator-1 2.88% 35.61MiB / 7.38GiB 21.1MB / 26.6MB
flash-cloud-bench-maintenance-1 22.49% 34.85MiB / 7.38GiB 357MB / 1.22GB
flash-cloud-bench-pgbouncer-1 8.44% 2.887MiB / 7.38GiB 629MB / 628MB
flash-cloud-bench-postgres-1 60.68% 184.8MiB / 7.38GiB 222MB / 422MB
flash-cloud-bench-kafka-1 1.82% 996.2MiB / 7.38GiB 17.9MB / 15.2MB
flash-cloud-bench-prometheus-1 0.00% 95.94MiB / 7.38GiB 4.4MB / 634kB
Tue Sep  8 05:03:19 PM UTC 2026
flash-cloud-bench-api-1 71.47% 117.5MiB / 7.38GiB 2.85GB / 1.85GB
flash-cloud-bench-redis-1 8.64% 64.45MiB / 7.38GiB 1.37GB / 2.75GB
flash-cloud-bench-consumer-1 4.86% 34.86MiB / 7.38GiB 27.6MB / 40.8MB
flash-cloud-bench-publisher-1 5.41% 34.93MiB / 7.38GiB 21MB / 30.7MB
flash-cloud-bench-simulator-1 3.41% 35.61MiB / 7.38GiB 21.4MB / 27MB
flash-cloud-bench-maintenance-1 4.05% 34.85MiB / 7.38GiB 363MB / 1.24GB
flash-cloud-bench-pgbouncer-1 5.57% 2.887MiB / 7.38GiB 640MB / 638MB
flash-cloud-bench-postgres-1 109.89% 187.4MiB / 7.38GiB 226MB / 428MB
flash-cloud-bench-kafka-1 2.52% 996MiB / 7.38GiB 18.3MB / 15.5MB
flash-cloud-bench-prometheus-1 0.01% 95.94MiB / 7.38GiB 4.48MB / 646kB
Tue Sep  8 05:03:31 PM UTC 2026
flash-cloud-bench-api-1 103.47% 118.8MiB / 7.38GiB 2.92GB / 1.9GB
flash-cloud-bench-redis-1 14.69% 64.34MiB / 7.38GiB 1.4GB / 2.82GB
flash-cloud-bench-consumer-1 7.43% 34.86MiB / 7.38GiB 28.2MB / 41.7MB
flash-cloud-bench-publisher-1 4.18% 34.93MiB / 7.38GiB 21.5MB / 31.3MB
flash-cloud-bench-simulator-1 3.25% 35.61MiB / 7.38GiB 21.8MB / 27.5MB
flash-cloud-bench-maintenance-1 12.11% 34.85MiB / 7.38GiB 370MB / 1.27GB
flash-cloud-bench-pgbouncer-1 6.62% 2.914MiB / 7.38GiB 653MB / 651MB
flash-cloud-bench-postgres-1 84.59% 188MiB / 7.38GiB 230MB / 438MB
flash-cloud-bench-kafka-1 2.15% 996.1MiB / 7.38GiB 18.7MB / 15.9MB
flash-cloud-bench-prometheus-1 0.01% 95.94MiB / 7.38GiB 4.54MB / 655kB
Tue Sep  8 05:03:43 PM UTC 2026
flash-cloud-bench-api-1 84.59% 118.7MiB / 7.38GiB 2.99GB / 1.94GB
flash-cloud-bench-redis-1 22.79% 64.42MiB / 7.38GiB 1.42GB / 2.89GB
flash-cloud-bench-consumer-1 9.24% 34.87MiB / 7.38GiB 28.8MB / 42.6MB
flash-cloud-bench-publisher-1 3.89% 34.93MiB / 7.38GiB 21.9MB / 31.9MB
flash-cloud-bench-simulator-1 3.29% 35.61MiB / 7.38GiB 22.2MB / 28MB
flash-cloud-bench-maintenance-1 21.62% 34.85MiB / 7.38GiB 377MB / 1.29GB
flash-cloud-bench-pgbouncer-1 8.28% 2.898MiB / 7.38GiB 665MB / 663MB
flash-cloud-bench-postgres-1 61.02% 189MiB / 7.38GiB 235MB / 445MB
flash-cloud-bench-kafka-1 2.14% 997.2MiB / 7.38GiB 19.1MB / 16.2MB
flash-cloud-bench-prometheus-1 0.20% 95.94MiB / 7.38GiB 4.64MB / 668kB
Tue Sep  8 05:03:55 PM UTC 2026
flash-cloud-bench-api-1 80.13% 118.7MiB / 7.38GiB 3.06GB / 1.98GB
flash-cloud-bench-redis-1 10.12% 64.26MiB / 7.38GiB 1.45GB / 2.96GB
flash-cloud-bench-consumer-1 8.58% 34.88MiB / 7.38GiB 29.4MB / 43.5MB
flash-cloud-bench-publisher-1 6.06% 34.93MiB / 7.38GiB 22.3MB / 32.6MB
flash-cloud-bench-simulator-1 3.17% 35.61MiB / 7.38GiB 22.5MB / 28.5MB
flash-cloud-bench-maintenance-1 3.67% 34.86MiB / 7.38GiB 383MB / 1.31GB
flash-cloud-bench-pgbouncer-1 5.53% 2.887MiB / 7.38GiB 676MB / 674MB
flash-cloud-bench-postgres-1 110.64% 189.5MiB / 7.38GiB 239MB / 453MB
flash-cloud-bench-kafka-1 4.05% 997.5MiB / 7.38GiB 19.5MB / 16.6MB
flash-cloud-bench-prometheus-1 0.03% 95.94MiB / 7.38GiB 4.71MB / 679kB
Tue Sep  8 05:04:08 PM UTC 2026
flash-cloud-bench-api-1 75.36% 118.8MiB / 7.38GiB 3.13GB / 2.03GB
flash-cloud-bench-redis-1 19.10% 64.33MiB / 7.38GiB 1.48GB / 3.03GB
flash-cloud-bench-consumer-1 6.80% 34.88MiB / 7.38GiB 30MB / 44.4MB
flash-cloud-bench-publisher-1 4.09% 34.93MiB / 7.38GiB 22.8MB / 33.2MB
flash-cloud-bench-simulator-1 3.33% 35.61MiB / 7.38GiB 22.9MB / 28.9MB
flash-cloud-bench-maintenance-1 17.21% 34.85MiB / 7.38GiB 390MB / 1.33GB
flash-cloud-bench-pgbouncer-1 7.56% 2.918MiB / 7.38GiB 689MB / 687MB
flash-cloud-bench-postgres-1 78.68% 190MiB / 7.38GiB 243MB / 461MB
flash-cloud-bench-kafka-1 2.05% 997.6MiB / 7.38GiB 19.9MB / 16.9MB
flash-cloud-bench-prometheus-1 0.38% 95.95MiB / 7.38GiB 4.82MB / 692kB
Tue Sep  8 05:04:20 PM UTC 2026
flash-cloud-bench-api-1 97.93% 118.9MiB / 7.38GiB 3.21GB / 2.08GB
flash-cloud-bench-redis-1 18.72% 64.27MiB / 7.38GiB 1.5GB / 3.1GB
flash-cloud-bench-consumer-1 6.61% 34.88MiB / 7.38GiB 30.6MB / 45.3MB
flash-cloud-bench-publisher-1 4.50% 34.93MiB / 7.38GiB 23.2MB / 33.8MB
flash-cloud-bench-simulator-1 3.08% 35.61MiB / 7.38GiB 23.3MB / 29.4MB
flash-cloud-bench-maintenance-1 15.73% 34.85MiB / 7.38GiB 397MB / 1.36GB
flash-cloud-bench-pgbouncer-1 7.50% 2.902MiB / 7.38GiB 701MB / 700MB
flash-cloud-bench-postgres-1 82.18% 192.5MiB / 7.38GiB 248MB / 470MB
flash-cloud-bench-kafka-1 3.03% 997.9MiB / 7.38GiB 20.3MB / 17.2MB
flash-cloud-bench-prometheus-1 0.01% 95.95MiB / 7.38GiB 4.88MB / 701kB
Tue Sep  8 05:04:32 PM UTC 2026
flash-cloud-bench-api-1 75.73% 118.6MiB / 7.38GiB 3.28GB / 2.12GB
flash-cloud-bench-redis-1 15.10% 64.36MiB / 7.38GiB 1.53GB / 3.16GB
flash-cloud-bench-consumer-1 6.30% 34.88MiB / 7.38GiB 31.3MB / 46.2MB
flash-cloud-bench-publisher-1 3.87% 34.93MiB / 7.38GiB 23.6MB / 34.4MB
flash-cloud-bench-simulator-1 3.24% 35.61MiB / 7.38GiB 23.7MB / 29.9MB
flash-cloud-bench-maintenance-1 12.67% 34.85MiB / 7.38GiB 404MB / 1.38GB
flash-cloud-bench-pgbouncer-1 6.81% 2.879MiB / 7.38GiB 713MB / 712MB
flash-cloud-bench-postgres-1 88.59% 192.9MiB / 7.38GiB 252MB / 478MB
flash-cloud-bench-kafka-1 2.31% 998MiB / 7.38GiB 20.7MB / 17.6MB
flash-cloud-bench-prometheus-1 0.21% 95.94MiB / 7.38GiB 4.98MB / 712kB
Tue Sep  8 05:04:44 PM UTC 2026
flash-cloud-bench-api-1 77.92% 118.7MiB / 7.38GiB 3.34GB / 2.17GB
flash-cloud-bench-redis-1 9.94% 64.24MiB / 7.38GiB 1.56GB / 3.23GB
flash-cloud-bench-consumer-1 5.93% 34.89MiB / 7.38GiB 31.8MB / 47MB
flash-cloud-bench-publisher-1 4.90% 34.93MiB / 7.38GiB 24.1MB / 35.1MB
flash-cloud-bench-simulator-1 3.11% 35.61MiB / 7.38GiB 24MB / 30.3MB
flash-cloud-bench-maintenance-1 3.54% 34.85MiB / 7.38GiB 410MB / 1.4GB
flash-cloud-bench-pgbouncer-1 5.07% 2.895MiB / 7.38GiB 726MB / 724MB
flash-cloud-bench-postgres-1 108.98% 193.4MiB / 7.38GiB 257MB / 486MB
flash-cloud-bench-kafka-1 2.52% 998.2MiB / 7.38GiB 21.1MB / 17.9MB
flash-cloud-bench-prometheus-1 0.01% 95.96MiB / 7.38GiB 5.05MB / 725kB
Tue Sep  8 05:04:56 PM UTC 2026
flash-cloud-bench-api-1 78.17% 119MiB / 7.38GiB 3.41GB / 2.21GB
flash-cloud-bench-redis-1 23.35% 64.27MiB / 7.38GiB 1.58GB / 3.3GB
flash-cloud-bench-consumer-1 5.69% 34.9MiB / 7.38GiB 32.5MB / 48MB
flash-cloud-bench-publisher-1 3.49% 34.93MiB / 7.38GiB 24.5MB / 35.7MB
flash-cloud-bench-simulator-1 3.12% 35.61MiB / 7.38GiB 24.4MB / 30.8MB
flash-cloud-bench-maintenance-1 23.06% 34.85MiB / 7.38GiB 418MB / 1.43GB
flash-cloud-bench-pgbouncer-1 8.83% 2.902MiB / 7.38GiB 738MB / 736MB
flash-cloud-bench-postgres-1 60.51% 194MiB / 7.38GiB 261MB / 494MB
flash-cloud-bench-kafka-1 1.86% 998.4MiB / 7.38GiB 21.5MB / 18.3MB
flash-cloud-bench-prometheus-1 0.18% 95.96MiB / 7.38GiB 5.15MB / 736kB
Tue Sep  8 05:05:08 PM UTC 2026
flash-cloud-bench-api-1 73.14% 119MiB / 7.38GiB 3.48GB / 2.26GB
flash-cloud-bench-redis-1 14.95% 64.24MiB / 7.38GiB 1.61GB / 3.36GB
flash-cloud-bench-consumer-1 6.04% 34.91MiB / 7.38GiB 33.1MB / 48.9MB
flash-cloud-bench-publisher-1 4.36% 34.93MiB / 7.38GiB 24.9MB / 36.3MB
flash-cloud-bench-simulator-1 3.44% 35.61MiB / 7.38GiB 24.8MB / 31.3MB
flash-cloud-bench-maintenance-1 13.80% 34.85MiB / 7.38GiB 424MB / 1.45GB
flash-cloud-bench-pgbouncer-1 6.92% 2.895MiB / 7.38GiB 750MB / 748MB
flash-cloud-bench-postgres-1 81.73% 194.4MiB / 7.38GiB 265MB / 502MB
flash-cloud-bench-kafka-1 2.10% 998.4MiB / 7.38GiB 21.9MB / 18.6MB
flash-cloud-bench-prometheus-1 0.00% 95.97MiB / 7.38GiB 5.22MB / 745kB
Tue Sep  8 05:05:20 PM UTC 2026
flash-cloud-bench-api-1 75.67% 119.4MiB / 7.38GiB 3.55GB / 2.3GB
flash-cloud-bench-redis-1 19.73% 64.33MiB / 7.38GiB 1.64GB / 3.43GB
flash-cloud-bench-consumer-1 6.51% 34.91MiB / 7.38GiB 33.6MB / 49.7MB
flash-cloud-bench-publisher-1 3.87% 34.93MiB / 7.38GiB 25.3MB / 36.9MB
flash-cloud-bench-simulator-1 3.40% 35.61MiB / 7.38GiB 25.2MB / 31.8MB
flash-cloud-bench-maintenance-1 17.49% 34.85MiB / 7.38GiB 431MB / 1.47GB
flash-cloud-bench-pgbouncer-1 7.45% 2.898MiB / 7.38GiB 762MB / 760MB
flash-cloud-bench-postgres-1 74.10% 197.4MiB / 7.38GiB 270MB / 510MB
flash-cloud-bench-kafka-1 2.22% 998.5MiB / 7.38GiB 22.3MB / 18.9MB
flash-cloud-bench-prometheus-1 0.01% 95.97MiB / 7.38GiB 5.29MB / 757kB
Tue Sep  8 05:05:32 PM UTC 2026
flash-cloud-bench-api-1 72.41% 119.4MiB / 7.38GiB 3.62GB / 2.35GB
flash-cloud-bench-redis-1 8.82% 64.4MiB / 7.38GiB 1.66GB / 3.5GB
flash-cloud-bench-consumer-1 7.15% 34.91MiB / 7.38GiB 34.3MB / 50.7MB
flash-cloud-bench-publisher-1 4.73% 34.93MiB / 7.38GiB 25.8MB / 37.5MB
flash-cloud-bench-simulator-1 3.21% 35.62MiB / 7.38GiB 25.5MB / 32.2MB
flash-cloud-bench-maintenance-1 3.63% 34.85MiB / 7.38GiB 437MB / 1.5GB
flash-cloud-bench-pgbouncer-1 5.09% 2.895MiB / 7.38GiB 774MB / 772MB
flash-cloud-bench-postgres-1 104.26% 197.9MiB / 7.38GiB 274MB / 518MB
flash-cloud-bench-kafka-1 2.49% 998.9MiB / 7.38GiB 22.7MB / 19.3MB
flash-cloud-bench-prometheus-1 0.22% 95.97MiB / 7.38GiB 5.39MB / 768kB
Tue Sep  8 05:05:44 PM UTC 2026
flash-cloud-bench-api-1 104.93% 118.9MiB / 7.38GiB 3.69GB / 2.39GB
flash-cloud-bench-redis-1 12.70% 64.35MiB / 7.38GiB 1.69GB / 3.57GB
flash-cloud-bench-consumer-1 7.43% 34.91MiB / 7.38GiB 34.9MB / 51.6MB
flash-cloud-bench-publisher-1 4.34% 34.93MiB / 7.38GiB 26.2MB / 38.1MB
flash-cloud-bench-simulator-1 3.04% 35.62MiB / 7.38GiB 25.9MB / 32.7MB
flash-cloud-bench-maintenance-1 8.77% 35.1MiB / 7.38GiB 444MB / 1.52GB
flash-cloud-bench-pgbouncer-1 6.22% 2.902MiB / 7.38GiB 786MB / 785MB
flash-cloud-bench-postgres-1 92.19% 198.3MiB / 7.38GiB 278MB / 526MB
flash-cloud-bench-kafka-1 2.47% 998.9MiB / 7.38GiB 23.1MB / 19.6MB
flash-cloud-bench-prometheus-1 0.14% 95.97MiB / 7.38GiB 5.46MB / 781kB
Tue Sep  8 05:05:57 PM UTC 2026
flash-cloud-bench-api-1 78.00% 117.9MiB / 7.38GiB 3.76GB / 2.44GB
flash-cloud-bench-redis-1 14.69% 64.34MiB / 7.38GiB 1.71GB / 3.64GB
flash-cloud-bench-consumer-1 6.19% 34.93MiB / 7.38GiB 35.5MB / 52.5MB
flash-cloud-bench-publisher-1 4.09% 34.94MiB / 7.38GiB 26.6MB / 38.8MB
flash-cloud-bench-simulator-1 3.04% 35.62MiB / 7.38GiB 26.3MB / 33.2MB
flash-cloud-bench-maintenance-1 10.97% 34.85MiB / 7.38GiB 451MB / 1.54GB
flash-cloud-bench-pgbouncer-1 6.59% 2.887MiB / 7.38GiB 799MB / 797MB
flash-cloud-bench-postgres-1 86.08% 198.7MiB / 7.38GiB 283MB / 534MB
flash-cloud-bench-kafka-1 2.06% 999.3MiB / 7.38GiB 23.5MB / 20MB
flash-cloud-bench-prometheus-1 0.22% 95.98MiB / 7.38GiB 5.56MB / 792kB
Tue Sep  8 05:06:09 PM UTC 2026
flash-cloud-bench-api-1 76.27% 118.3MiB / 7.38GiB 3.83GB / 2.48GB
flash-cloud-bench-redis-1 16.20% 64.39MiB / 7.38GiB 1.74GB / 3.7GB
flash-cloud-bench-consumer-1 6.19% 34.93MiB / 7.38GiB 36.2MB / 53.4MB
flash-cloud-bench-publisher-1 3.71% 34.94MiB / 7.38GiB 27.1MB / 39.4MB
flash-cloud-bench-simulator-1 3.23% 35.62MiB / 7.38GiB 26.7MB / 33.6MB
flash-cloud-bench-maintenance-1 12.36% 34.86MiB / 7.38GiB 458MB / 1.57GB
flash-cloud-bench-pgbouncer-1 6.33% 2.879MiB / 7.38GiB 811MB / 809MB
flash-cloud-bench-postgres-1 85.51% 199.2MiB / 7.38GiB 287MB / 543MB
flash-cloud-bench-kafka-1 2.15% 999.4MiB / 7.38GiB 23.9MB / 20.3MB
flash-cloud-bench-prometheus-1 0.36% 95.97MiB / 7.38GiB 5.63MB / 804kB
Tue Sep  8 05:06:21 PM UTC 2026
flash-cloud-bench-api-1 80.14% 118.1MiB / 7.38GiB 3.9GB / 2.53GB
flash-cloud-bench-redis-1 17.65% 64.4MiB / 7.38GiB 1.77GB / 3.77GB
flash-cloud-bench-consumer-1 6.26% 34.93MiB / 7.38GiB 36.8MB / 54.3MB
flash-cloud-bench-publisher-1 4.49% 34.94MiB / 7.38GiB 27.5MB / 40MB
flash-cloud-bench-simulator-1 3.27% 35.62MiB / 7.38GiB 27MB / 34.1MB
flash-cloud-bench-maintenance-1 16.27% 34.85MiB / 7.38GiB 465MB / 1.59GB
flash-cloud-bench-pgbouncer-1 7.76% 2.895MiB / 7.38GiB 823MB / 821MB
flash-cloud-bench-postgres-1 77.00% 201.6MiB / 7.38GiB 292MB / 551MB
flash-cloud-bench-kafka-1 2.07% 999.4MiB / 7.38GiB 24.3MB / 20.7MB
flash-cloud-bench-prometheus-1 0.21% 95.97MiB / 7.38GiB 5.73MB / 815kB
Tue Sep  8 05:06:33 PM UTC 2026
flash-cloud-bench-api-1 113.58% 118.5MiB / 7.38GiB 3.98GB / 2.57GB
flash-cloud-bench-redis-1 11.42% 64.45MiB / 7.38GiB 1.79GB / 3.84GB
flash-cloud-bench-consumer-1 7.32% 34.93MiB / 7.38GiB 37.4MB / 55.3MB
flash-cloud-bench-publisher-1 5.35% 34.94MiB / 7.38GiB 27.9MB / 40.6MB
flash-cloud-bench-simulator-1 3.20% 35.62MiB / 7.38GiB 27.4MB / 34.6MB
flash-cloud-bench-maintenance-1 5.75% 34.85MiB / 7.38GiB 471MB / 1.61GB
flash-cloud-bench-pgbouncer-1 6.00% 2.895MiB / 7.38GiB 835MB / 833MB
flash-cloud-bench-postgres-1 97.25% 201.9MiB / 7.38GiB 296MB / 559MB
flash-cloud-bench-kafka-1 2.71% 999.6MiB / 7.38GiB 24.7MB / 21MB
flash-cloud-bench-prometheus-1 0.00% 95.97MiB / 7.38GiB 5.79MB / 824kB
Tue Sep  8 05:06:45 PM UTC 2026
flash-cloud-bench-api-1 79.74% 118.2MiB / 7.38GiB 4.05GB / 2.62GB
flash-cloud-bench-redis-1 23.51% 64.37MiB / 7.38GiB 1.82GB / 3.91GB
flash-cloud-bench-consumer-1 4.63% 34.93MiB / 7.38GiB 38MB / 56.1MB
flash-cloud-bench-publisher-1 3.33% 34.94MiB / 7.38GiB 28.3MB / 41.2MB
flash-cloud-bench-simulator-1 2.82% 35.62MiB / 7.38GiB 27.8MB / 35.1MB
flash-cloud-bench-maintenance-1 22.98% 34.85MiB / 7.38GiB 478MB / 1.64GB
flash-cloud-bench-pgbouncer-1 8.22% 2.879MiB / 7.38GiB 848MB / 846MB
flash-cloud-bench-postgres-1 60.26% 202.3MiB / 7.38GiB 300MB / 567MB
flash-cloud-bench-kafka-1 1.72% 999.6MiB / 7.38GiB 25.1MB / 21.3MB
flash-cloud-bench-prometheus-1 0.01% 95.97MiB / 7.38GiB 5.87MB / 837kB
Tue Sep  8 05:06:57 PM UTC 2026
flash-cloud-bench-api-1 79.73% 118.1MiB / 7.38GiB 4.12GB / 2.66GB
flash-cloud-bench-redis-1 11.62% 64.31MiB / 7.38GiB 1.85GB / 3.99GB
flash-cloud-bench-consumer-1 6.48% 35.18MiB / 7.38GiB 38.6MB / 57.1MB
flash-cloud-bench-publisher-1 4.24% 34.94MiB / 7.38GiB 28.8MB / 41.9MB
flash-cloud-bench-simulator-1 3.24% 35.62MiB / 7.38GiB 28.1MB / 35.5MB
flash-cloud-bench-maintenance-1 6.97% 34.85MiB / 7.38GiB 485MB / 1.66GB
flash-cloud-bench-pgbouncer-1 6.07% 2.918MiB / 7.38GiB 859MB / 857MB
flash-cloud-bench-postgres-1 95.26% 202.6MiB / 7.38GiB 305MB / 575MB
flash-cloud-bench-kafka-1 2.21% 999.9MiB / 7.38GiB 25.5MB / 21.7MB
flash-cloud-bench-prometheus-1 0.20% 95.97MiB / 7.38GiB 5.96MB / 847kB
Tue Sep  8 05:07:09 PM UTC 2026
flash-cloud-bench-api-1 77.08% 118.4MiB / 7.38GiB 4.19GB / 2.71GB
flash-cloud-bench-redis-1 23.03% 64.4MiB / 7.38GiB 1.88GB / 4.06GB
flash-cloud-bench-consumer-1 5.80% 34.93MiB / 7.38GiB 39.2MB / 58MB
flash-cloud-bench-publisher-1 4.43% 34.94MiB / 7.38GiB 29.2MB / 42.5MB
flash-cloud-bench-simulator-1 2.98% 35.62MiB / 7.38GiB 28.5MB / 36MB
flash-cloud-bench-maintenance-1 23.02% 34.86MiB / 7.38GiB 492MB / 1.68GB
flash-cloud-bench-pgbouncer-1 8.65% 2.879MiB / 7.38GiB 872MB / 870MB
flash-cloud-bench-postgres-1 66.04% 203.2MiB / 7.38GiB 309MB / 584MB
flash-cloud-bench-kafka-1 2.33% 1000MiB / 7.38GiB 25.9MB / 22MB
flash-cloud-bench-prometheus-1 0.00% 95.97MiB / 7.38GiB 6.04MB / 860kB
Tue Sep  8 05:07:21 PM UTC 2026
flash-cloud-bench-api-1 107.80% 118.4MiB / 7.38GiB 4.26GB / 2.75GB
flash-cloud-bench-redis-1 10.49% 64.38MiB / 7.38GiB 1.9GB / 4.12GB
flash-cloud-bench-consumer-1 6.80% 34.93MiB / 7.38GiB 39.8MB / 58.9MB
flash-cloud-bench-publisher-1 4.39% 34.94MiB / 7.38GiB 29.6MB / 43.1MB
flash-cloud-bench-simulator-1 3.31% 35.62MiB / 7.38GiB 28.9MB / 36.4MB
flash-cloud-bench-maintenance-1 4.04% 34.86MiB / 7.38GiB 498MB / 1.7GB
flash-cloud-bench-pgbouncer-1 5.16% 2.902MiB / 7.38GiB 884MB / 882MB
flash-cloud-bench-postgres-1 105.88% 205.4MiB / 7.38GiB 313MB / 591MB
flash-cloud-bench-kafka-1 2.19% 1000MiB / 7.38GiB 26.3MB / 22.4MB
flash-cloud-bench-prometheus-1 0.20% 95.97MiB / 7.38GiB 6.14MB / 871kB
Tue Sep  8 05:07:33 PM UTC 2026
flash-cloud-bench-api-1 80.21% 118.2MiB / 7.38GiB 4.34GB / 2.8GB
flash-cloud-bench-redis-1 22.36% 64.2MiB / 7.38GiB 1.93GB / 4.19GB
flash-cloud-bench-consumer-1 4.83% 34.93MiB / 7.38GiB 40.4MB / 59.8MB
flash-cloud-bench-publisher-1 3.75% 34.94MiB / 7.38GiB 30.1MB / 43.7MB
flash-cloud-bench-simulator-1 2.98% 35.62MiB / 7.38GiB 29.2MB / 36.9MB
flash-cloud-bench-maintenance-1 23.32% 34.86MiB / 7.38GiB 505MB / 1.73GB
flash-cloud-bench-pgbouncer-1 8.41% 2.902MiB / 7.38GiB 896MB / 894MB
flash-cloud-bench-postgres-1 66.56% 206.1MiB / 7.38GiB 318MB / 599MB
flash-cloud-bench-kafka-1 7.64% 1002MiB / 7.38GiB 26.7MB / 22.7MB
flash-cloud-bench-prometheus-1 0.13% 95.97MiB / 7.38GiB 6.21MB / 883kB
Tue Sep  8 05:07:46 PM UTC 2026
flash-cloud-bench-api-1 109.87% 118.4MiB / 7.38GiB 4.41GB / 2.85GB
flash-cloud-bench-redis-1 10.81% 64.43MiB / 7.38GiB 1.95GB / 4.26GB
flash-cloud-bench-consumer-1 7.17% 34.93MiB / 7.38GiB 41.1MB / 60.7MB
flash-cloud-bench-publisher-1 4.30% 34.94MiB / 7.38GiB 30.5MB / 44.3MB
flash-cloud-bench-simulator-1 2.83% 35.62MiB / 7.38GiB 29.6MB / 37.4MB
flash-cloud-bench-maintenance-1 5.37% 34.86MiB / 7.38GiB 511MB / 1.75GB
flash-cloud-bench-pgbouncer-1 5.96% 2.902MiB / 7.38GiB 908MB / 906MB
flash-cloud-bench-postgres-1 100.13% 206.6MiB / 7.38GiB 322MB / 607MB
flash-cloud-bench-kafka-1 45.96% 1.009GiB / 7.38GiB 27.1MB / 23.1MB
flash-cloud-bench-prometheus-1 0.04% 95.97MiB / 7.38GiB 6.28MB / 892kB
Tue Sep  8 05:07:58 PM UTC 2026
flash-cloud-bench-api-1 68.18% 118.8MiB / 7.38GiB 4.48GB / 2.89GB
flash-cloud-bench-redis-1 8.29% 64.47MiB / 7.38GiB 1.97GB / 4.33GB
flash-cloud-bench-consumer-1 6.41% 34.93MiB / 7.38GiB 41.7MB / 61.6MB
flash-cloud-bench-publisher-1 5.93% 34.94MiB / 7.38GiB 30.9MB / 45MB
flash-cloud-bench-simulator-1 2.73% 35.63MiB / 7.38GiB 30MB / 37.8MB
flash-cloud-bench-maintenance-1 2.90% 34.86MiB / 7.38GiB 516MB / 1.77GB
flash-cloud-bench-pgbouncer-1 5.43% 2.879MiB / 7.38GiB 918MB / 916MB
flash-cloud-bench-postgres-1 75.01% 207.9MiB / 7.38GiB 326MB / 614MB
flash-cloud-bench-kafka-1 55.31% 1.012GiB / 7.38GiB 27.5MB / 23.4MB
flash-cloud-bench-prometheus-1 0.32% 95.98MiB / 7.38GiB 6.38MB / 906kB
Tue Sep  8 05:08:10 PM UTC 2026
flash-cloud-bench-api-1 75.56% 120.6MiB / 7.38GiB 4.53GB / 2.93GB
flash-cloud-bench-redis-1 14.57% 64.32MiB / 7.38GiB 2GB / 4.39GB
flash-cloud-bench-consumer-1 6.33% 34.93MiB / 7.38GiB 42.3MB / 62.5MB
flash-cloud-bench-publisher-1 4.47% 34.94MiB / 7.38GiB 31.4MB / 45.6MB
flash-cloud-bench-simulator-1 2.72% 35.62MiB / 7.38GiB 30.4MB / 38.4MB
flash-cloud-bench-maintenance-1 10.91% 34.85MiB / 7.38GiB 523MB / 1.79GB
flash-cloud-bench-pgbouncer-1 6.72% 2.887MiB / 7.38GiB 929MB / 927MB
flash-cloud-bench-postgres-1 82.41% 207.3MiB / 7.38GiB 330MB / 621MB
flash-cloud-bench-kafka-1 42.10% 1.003GiB / 7.38GiB 27.9MB / 23.8MB
flash-cloud-bench-prometheus-1 0.02% 95.98MiB / 7.38GiB 6.45MB / 915kB
Tue Sep  8 05:08:22 PM UTC 2026
flash-cloud-bench-api-1 80.05% 119.7MiB / 7.38GiB 4.61GB / 2.98GB
flash-cloud-bench-redis-1 18.44% 64.38MiB / 7.38GiB 2.02GB / 4.46GB
flash-cloud-bench-consumer-1 5.60% 34.93MiB / 7.38GiB 42.9MB / 63.4MB
flash-cloud-bench-publisher-1 4.13% 34.95MiB / 7.38GiB 31.8MB / 46.2MB
flash-cloud-bench-simulator-1 2.71% 35.62MiB / 7.38GiB 30.8MB / 38.8MB
flash-cloud-bench-maintenance-1 14.14% 34.85MiB / 7.38GiB 529MB / 1.81GB
flash-cloud-bench-pgbouncer-1 6.89% 2.887MiB / 7.38GiB 942MB / 939MB
flash-cloud-bench-postgres-1 65.18% 209.9MiB / 7.38GiB 335MB / 629MB
flash-cloud-bench-kafka-1 102.09% 1.023GiB / 7.38GiB 28.3MB / 24.1MB
flash-cloud-bench-prometheus-1 0.20% 95.98MiB / 7.38GiB 6.54MB / 926kB
Tue Sep  8 05:08:34 PM UTC 2026
flash-cloud-bench-api-1 76.66% 119.8MiB / 7.38GiB 4.68GB / 3.02GB
flash-cloud-bench-redis-1 9.99% 64.22MiB / 7.38GiB 2.05GB / 4.52GB
flash-cloud-bench-consumer-1 7.05% 34.93MiB / 7.38GiB 43.5MB / 64.3MB
flash-cloud-bench-publisher-1 5.15% 34.95MiB / 7.38GiB 32.2MB / 46.8MB
flash-cloud-bench-simulator-1 3.20% 35.62MiB / 7.38GiB 31.1MB / 39.3MB
flash-cloud-bench-maintenance-1 3.41% 34.85MiB / 7.38GiB 536MB / 1.83GB
flash-cloud-bench-pgbouncer-1 5.77% 2.898MiB / 7.38GiB 953MB / 951MB
flash-cloud-bench-postgres-1 96.52% 210.4MiB / 7.38GiB 339MB / 637MB
flash-cloud-bench-kafka-1 151.32% 1.032GiB / 7.38GiB 28.7MB / 24.4MB
flash-cloud-bench-prometheus-1 0.01% 95.98MiB / 7.38GiB 6.62MB / 939kB
Tue Sep  8 05:08:46 PM UTC 2026
flash-cloud-bench-api-1 75.29% 119.8MiB / 7.38GiB 4.75GB / 3.07GB
flash-cloud-bench-redis-1 19.24% 64.43MiB / 7.38GiB 2.08GB / 4.59GB
flash-cloud-bench-consumer-1 5.64% 34.94MiB / 7.38GiB 44.1MB / 65.2MB
flash-cloud-bench-publisher-1 3.80% 34.95MiB / 7.38GiB 32.7MB / 47.5MB
flash-cloud-bench-simulator-1 2.74% 35.62MiB / 7.38GiB 31.5MB / 39.8MB
flash-cloud-bench-maintenance-1 17.51% 34.85MiB / 7.38GiB 543MB / 1.86GB
flash-cloud-bench-pgbouncer-1 7.83% 2.898MiB / 7.38GiB 966MB / 964MB
flash-cloud-bench-postgres-1 100.92% 210.8MiB / 7.38GiB 343MB / 645MB
flash-cloud-bench-kafka-1 166.81% 1.045GiB / 7.38GiB 29.1MB / 24.8MB
flash-cloud-bench-prometheus-1 0.23% 95.98MiB / 7.38GiB 6.71MB / 950kB
Tue Sep  8 05:08:58 PM UTC 2026
flash-cloud-bench-api-1 96.81% 119.8MiB / 7.38GiB 4.82GB / 3.11GB
flash-cloud-bench-redis-1 8.99% 64.34MiB / 7.38GiB 2.1GB / 4.66GB
flash-cloud-bench-consumer-1 6.05% 34.93MiB / 7.38GiB 44.7MB / 66.1MB
flash-cloud-bench-publisher-1 4.26% 34.95MiB / 7.38GiB 33.1MB / 48.1MB
flash-cloud-bench-simulator-1 2.86% 35.62MiB / 7.38GiB 31.9MB / 40.2MB
flash-cloud-bench-maintenance-1 4.80% 34.85MiB / 7.38GiB 549MB / 1.88GB
flash-cloud-bench-pgbouncer-1 7.75% 2.887MiB / 7.38GiB 977MB / 975MB
flash-cloud-bench-postgres-1 89.43% 211.4MiB / 7.38GiB 348MB / 653MB
flash-cloud-bench-kafka-1 95.61% 1002MiB / 7.38GiB 29.6MB / 25.1MB
flash-cloud-bench-prometheus-1 0.15% 95.98MiB / 7.38GiB 6.79MB / 962kB
Tue Sep  8 05:09:11 PM UTC 2026
flash-cloud-bench-api-1 76.71% 119.8MiB / 7.38GiB 4.89GB / 3.16GB
flash-cloud-bench-redis-1 12.66% 64.28MiB / 7.38GiB 2.13GB / 4.73GB
flash-cloud-bench-consumer-1 7.83% 34.93MiB / 7.38GiB 45.3MB / 67MB
flash-cloud-bench-publisher-1 4.99% 34.95MiB / 7.38GiB 33.5MB / 48.7MB
flash-cloud-bench-simulator-1 2.95% 35.63MiB / 7.38GiB 32.2MB / 40.7MB
flash-cloud-bench-maintenance-1 8.35% 34.85MiB / 7.38GiB 556MB / 1.9GB
flash-cloud-bench-pgbouncer-1 6.30% 2.879MiB / 7.38GiB 990MB / 987MB
flash-cloud-bench-postgres-1 91.74% 211.8MiB / 7.38GiB 352MB / 661MB
flash-cloud-bench-kafka-1 51.58% 1002MiB / 7.38GiB 30MB / 25.5MB
flash-cloud-bench-prometheus-1 0.01% 95.98MiB / 7.38GiB 6.86MB / 971kB
Tue Sep  8 05:09:23 PM UTC 2026
flash-cloud-bench-api-1 83.24% 119.8MiB / 7.38GiB 4.96GB / 3.2GB
flash-cloud-bench-redis-1 23.63% 64.63MiB / 7.38GiB 2.16GB / 4.8GB
flash-cloud-bench-consumer-1 4.98% 34.93MiB / 7.38GiB 45.9MB / 67.9MB
flash-cloud-bench-publisher-1 4.94% 34.95MiB / 7.38GiB 33.9MB / 49.3MB
flash-cloud-bench-simulator-1 3.31% 35.62MiB / 7.38GiB 32.6MB / 41.2MB
flash-cloud-bench-maintenance-1 22.93% 34.85MiB / 7.38GiB 563MB / 1.93GB
flash-cloud-bench-pgbouncer-1 8.21% 2.879MiB / 7.38GiB 1GB / 1GB
flash-cloud-bench-postgres-1 60.45% 214.3MiB / 7.38GiB 357MB / 670MB
flash-cloud-bench-kafka-1 12.60% 1002MiB / 7.38GiB 30.4MB / 25.8MB
flash-cloud-bench-prometheus-1 0.40% 95.98MiB / 7.38GiB 6.96MB / 985kB
Tue Sep  8 05:09:35 PM UTC 2026
flash-cloud-bench-api-1 74.33% 119.7MiB / 7.38GiB 5.03GB / 3.24GB
flash-cloud-bench-redis-1 22.33% 64.31MiB / 7.38GiB 2.18GB / 4.86GB
flash-cloud-bench-consumer-1 5.69% 34.93MiB / 7.38GiB 46.6MB / 68.8MB
flash-cloud-bench-publisher-1 3.39% 34.95MiB / 7.38GiB 34.4MB / 49.9MB
flash-cloud-bench-simulator-1 3.24% 35.62MiB / 7.38GiB 33MB / 41.7MB
flash-cloud-bench-maintenance-1 20.55% 34.85MiB / 7.38GiB 570MB / 1.95GB
flash-cloud-bench-pgbouncer-1 7.96% 2.902MiB / 7.38GiB 1.01GB / 1.01GB
flash-cloud-bench-postgres-1 66.00% 214.7MiB / 7.38GiB 361MB / 678MB
flash-cloud-bench-kafka-1 3.20% 1002MiB / 7.38GiB 30.8MB / 26.2MB
flash-cloud-bench-prometheus-1 0.05% 95.98MiB / 7.38GiB 7.03MB / 994kB
Tue Sep  8 05:09:47 PM UTC 2026
flash-cloud-bench-api-1 76.33% 119.7MiB / 7.38GiB 5.1GB / 3.29GB
flash-cloud-bench-redis-1 21.55% 64.41MiB / 7.38GiB 2.21GB / 4.93GB
flash-cloud-bench-consumer-1 11.09% 34.93MiB / 7.38GiB 47.2MB / 69.7MB
flash-cloud-bench-publisher-1 3.56% 34.95MiB / 7.38GiB 34.8MB / 50.6MB
flash-cloud-bench-simulator-1 3.02% 35.62MiB / 7.38GiB 33.4MB / 42.1MB
flash-cloud-bench-maintenance-1 19.26% 34.86MiB / 7.38GiB 577MB / 1.97GB
flash-cloud-bench-pgbouncer-1 7.39% 2.879MiB / 7.38GiB 1.03GB / 1.02GB
flash-cloud-bench-postgres-1 69.25% 215MiB / 7.38GiB 365MB / 686MB
flash-cloud-bench-kafka-1 2.00% 1002MiB / 7.38GiB 31.2MB / 26.5MB
flash-cloud-bench-prometheus-1 0.23% 95.98MiB / 7.38GiB 7.12MB / 1MB
Tue Sep  8 05:09:59 PM UTC 2026
flash-cloud-bench-api-1 76.23% 119.8MiB / 7.38GiB 5.17GB / 3.34GB
flash-cloud-bench-redis-1 22.13% 64.3MiB / 7.38GiB 2.24GB / 5GB
flash-cloud-bench-consumer-1 4.93% 34.93MiB / 7.38GiB 47.8MB / 70.6MB
flash-cloud-bench-publisher-1 4.25% 34.95MiB / 7.38GiB 35.2MB / 51.2MB
flash-cloud-bench-simulator-1 3.35% 35.62MiB / 7.38GiB 33.7MB / 42.6MB
flash-cloud-bench-maintenance-1 22.65% 34.85MiB / 7.38GiB 584MB / 2GB
flash-cloud-bench-pgbouncer-1 8.65% 2.918MiB / 7.38GiB 1.04GB / 1.04GB
flash-cloud-bench-postgres-1 61.36% 215.9MiB / 7.38GiB 370MB / 695MB
flash-cloud-bench-kafka-1 19.46% 1002MiB / 7.38GiB 31.5MB / 26.8MB
flash-cloud-bench-prometheus-1 0.01% 96.02MiB / 7.38GiB 7.2MB / 1.02MB
Tue Sep  8 05:10:11 PM UTC 2026
flash-cloud-bench-api-1 78.42% 119.9MiB / 7.38GiB 5.25GB / 3.38GB
flash-cloud-bench-redis-1 23.05% 64.38MiB / 7.38GiB 2.26GB / 5.07GB
flash-cloud-bench-consumer-1 5.79% 34.93MiB / 7.38GiB 48.4MB / 71.5MB
flash-cloud-bench-publisher-1 3.30% 34.95MiB / 7.38GiB 35.7MB / 51.8MB
flash-cloud-bench-simulator-1 2.72% 35.62MiB / 7.38GiB 34.1MB / 43.1MB
flash-cloud-bench-maintenance-1 22.75% 34.85MiB / 7.38GiB 591MB / 2.02GB
flash-cloud-bench-pgbouncer-1 8.42% 2.883MiB / 7.38GiB 1.05GB / 1.05GB
flash-cloud-bench-postgres-1 62.75% 216.3MiB / 7.38GiB 374MB / 703MB
flash-cloud-bench-kafka-1 1.76% 1002MiB / 7.38GiB 32MB / 27.2MB
flash-cloud-bench-prometheus-1 0.01% 96.03MiB / 7.38GiB 7.27MB / 1.03MB
Tue Sep  8 05:10:23 PM UTC 2026
flash-cloud-bench-api-1 103.79% 132.8MiB / 7.38GiB 5.31GB / 3.43GB
flash-cloud-bench-redis-1 12.24% 64.36MiB / 7.38GiB 2.29GB / 5.14GB
flash-cloud-bench-consumer-1 6.77% 34.93MiB / 7.38GiB 49MB / 72.4MB
flash-cloud-bench-publisher-1 4.06% 34.96MiB / 7.38GiB 36.1MB / 52.4MB
flash-cloud-bench-simulator-1 3.62% 35.62MiB / 7.38GiB 34.5MB / 43.5MB
flash-cloud-bench-maintenance-1 5.85% 34.85MiB / 7.38GiB 597MB / 2.04GB
flash-cloud-bench-pgbouncer-1 5.47% 2.887MiB / 7.38GiB 1.06GB / 1.06GB
flash-cloud-bench-postgres-1 100.91% 219.1MiB / 7.38GiB 379MB / 710MB
flash-cloud-bench-kafka-1 2.17% 1002MiB / 7.38GiB 32.4MB / 27.5MB
flash-cloud-bench-prometheus-1 0.15% 96.03MiB / 7.38GiB 7.37MB / 1.04MB
Tue Sep  8 05:10:35 PM UTC 2026
flash-cloud-bench-api-1 79.35% 119.9MiB / 7.38GiB 5.38GB / 3.47GB
flash-cloud-bench-redis-1 25.24% 64.34MiB / 7.38GiB 2.32GB / 5.2GB
flash-cloud-bench-consumer-1 5.80% 35.21MiB / 7.38GiB 49.6MB / 73.3MB
flash-cloud-bench-publisher-1 4.76% 34.95MiB / 7.38GiB 36.5MB / 53MB
flash-cloud-bench-simulator-1 3.22% 35.62MiB / 7.38GiB 34.9MB / 44MB
flash-cloud-bench-maintenance-1 21.70% 34.85MiB / 7.38GiB 604MB / 2.07GB
flash-cloud-bench-pgbouncer-1 8.45% 2.898MiB / 7.38GiB 1.08GB / 1.07GB
flash-cloud-bench-postgres-1 69.58% 219.3MiB / 7.38GiB 383MB / 719MB
flash-cloud-bench-kafka-1 1.98% 1002MiB / 7.38GiB 32.8MB / 27.9MB
flash-cloud-bench-prometheus-1 0.05% 96.03MiB / 7.38GiB 7.44MB / 1.05MB
Tue Sep  8 05:10:48 PM UTC 2026
flash-cloud-bench-api-1 82.43% 119.8MiB / 7.38GiB 5.45GB / 3.52GB
flash-cloud-bench-redis-1 12.85% 64.44MiB / 7.38GiB 2.34GB / 5.27GB
flash-cloud-bench-consumer-1 6.65% 34.93MiB / 7.38GiB 50.2MB / 74.2MB
flash-cloud-bench-publisher-1 4.40% 34.95MiB / 7.38GiB 36.9MB / 53.7MB
flash-cloud-bench-simulator-1 3.42% 35.62MiB / 7.38GiB 35.2MB / 44.5MB
flash-cloud-bench-maintenance-1 3.86% 34.85MiB / 7.38GiB 610MB / 2.09GB
flash-cloud-bench-pgbouncer-1 5.11% 2.895MiB / 7.38GiB 1.09GB / 1.09GB
flash-cloud-bench-postgres-1 108.87% 219.7MiB / 7.38GiB 387MB / 727MB
flash-cloud-bench-kafka-1 2.16% 1002MiB / 7.38GiB 33.2MB / 28.2MB
flash-cloud-bench-prometheus-1 0.00% 96.03MiB / 7.38GiB 7.53MB / 1.06MB
Tue Sep  8 05:11:00 PM UTC 2026
flash-cloud-bench-api-1 79.78% 119.9MiB / 7.38GiB 5.52GB / 3.56GB
flash-cloud-bench-redis-1 25.39% 64.5MiB / 7.38GiB 2.37GB / 5.34GB
flash-cloud-bench-consumer-1 6.08% 34.93MiB / 7.38GiB 50.8MB / 75.1MB
flash-cloud-bench-publisher-1 3.77% 34.95MiB / 7.38GiB 37.4MB / 54.3MB
flash-cloud-bench-simulator-1 3.48% 35.62MiB / 7.38GiB 35.6MB / 45MB
flash-cloud-bench-maintenance-1 22.39% 34.85MiB / 7.38GiB 618MB / 2.12GB
flash-cloud-bench-pgbouncer-1 8.30% 2.879MiB / 7.38GiB 1.1GB / 1.1GB
flash-cloud-bench-postgres-1 65.31% 220.3MiB / 7.38GiB 392MB / 735MB
flash-cloud-bench-kafka-1 3.41% 1002MiB / 7.38GiB 33.6MB / 28.6MB
flash-cloud-bench-prometheus-1 0.01% 96.03MiB / 7.38GiB 7.61MB / 1.07MB
Tue Sep  8 05:11:12 PM UTC 2026
flash-cloud-bench-api-1 103.17% 119.8MiB / 7.38GiB 5.59GB / 3.6GB
flash-cloud-bench-redis-1 11.62% 64.39MiB / 7.38GiB 2.4GB / 5.41GB
flash-cloud-bench-consumer-1 8.64% 34.93MiB / 7.38GiB 51.5MB / 76MB
flash-cloud-bench-publisher-1 5.10% 34.96MiB / 7.38GiB 37.8MB / 54.9MB
flash-cloud-bench-simulator-1 2.88% 35.63MiB / 7.38GiB 36MB / 45.4MB
flash-cloud-bench-maintenance-1 3.60% 34.86MiB / 7.38GiB 624MB / 2.14GB
flash-cloud-bench-pgbouncer-1 5.27% 2.902MiB / 7.38GiB 1.11GB / 1.11GB
flash-cloud-bench-postgres-1 108.31% 220.6MiB / 7.38GiB 396MB / 743MB
flash-cloud-bench-kafka-1 2.49% 1002MiB / 7.38GiB 34MB / 28.9MB
flash-cloud-bench-prometheus-1 0.20% 96.04MiB / 7.38GiB 7.7MB / 1.08MB
Tue Sep  8 05:11:24 PM UTC 2026
flash-cloud-bench-api-1 81.76% 119.9MiB / 7.38GiB 5.66GB / 3.65GB
flash-cloud-bench-redis-1 25.29% 64.36MiB / 7.38GiB 2.42GB / 5.48GB
flash-cloud-bench-consumer-1 6.60% 34.93MiB / 7.38GiB 52.1MB / 76.9MB
flash-cloud-bench-publisher-1 3.81% 34.96MiB / 7.38GiB 38.2MB / 55.5MB
flash-cloud-bench-simulator-1 3.47% 35.62MiB / 7.38GiB 36.4MB / 45.9MB
flash-cloud-bench-maintenance-1 22.61% 34.86MiB / 7.38GiB 631MB / 2.16GB
flash-cloud-bench-pgbouncer-1 8.62% 2.895MiB / 7.38GiB 1.12GB / 1.12GB
flash-cloud-bench-postgres-1 60.39% 221.6MiB / 7.38GiB 401MB / 752MB
flash-cloud-bench-kafka-1 1.95% 1002MiB / 7.38GiB 34.4MB / 29.2MB
flash-cloud-bench-prometheus-1 0.36% 96.04MiB / 7.38GiB 7.78MB / 1.1MB
Tue Sep  8 05:11:36 PM UTC 2026
flash-cloud-bench-api-1 71.31% 120MiB / 7.38GiB 5.73GB / 3.69GB
flash-cloud-bench-redis-1 12.89% 64.34MiB / 7.38GiB 2.45GB / 5.54GB
flash-cloud-bench-consumer-1 8.00% 34.93MiB / 7.38GiB 52.7MB / 77.9MB
flash-cloud-bench-publisher-1 4.81% 34.96MiB / 7.38GiB 38.6MB / 56.1MB
flash-cloud-bench-simulator-1 3.11% 35.62MiB / 7.38GiB 36.7MB / 46.4MB
flash-cloud-bench-maintenance-1 3.59% 34.86MiB / 7.38GiB 638MB / 2.18GB
flash-cloud-bench-pgbouncer-1 5.35% 2.898MiB / 7.38GiB 1.14GB / 1.13GB
flash-cloud-bench-postgres-1 103.81% 222MiB / 7.38GiB 405MB / 759MB
flash-cloud-bench-kafka-1 2.49% 1002MiB / 7.38GiB 34.8MB / 29.6MB
flash-cloud-bench-prometheus-1 0.18% 96.04MiB / 7.38GiB 7.87MB / 1.11MB
Tue Sep  8 05:11:48 PM UTC 2026
flash-cloud-bench-api-1 78.84% 118.8MiB / 7.38GiB 5.8GB / 3.74GB
flash-cloud-bench-redis-1 24.90% 64.47MiB / 7.38GiB 2.48GB / 5.61GB
flash-cloud-bench-consumer-1 5.47% 34.93MiB / 7.38GiB 53.3MB / 78.7MB
flash-cloud-bench-publisher-1 3.51% 34.96MiB / 7.38GiB 39.1MB / 56.7MB
flash-cloud-bench-simulator-1 3.26% 35.62MiB / 7.38GiB 37.1MB / 46.8MB
flash-cloud-bench-maintenance-1 22.80% 34.86MiB / 7.38GiB 645MB / 2.21GB
flash-cloud-bench-pgbouncer-1 8.25% 2.887MiB / 7.38GiB 1.15GB / 1.15GB
flash-cloud-bench-postgres-1 61.30% 222.6MiB / 7.38GiB 409MB / 768MB
flash-cloud-bench-kafka-1 1.79% 1002MiB / 7.38GiB 35.2MB / 29.9MB
flash-cloud-bench-prometheus-1 0.37% 96.04MiB / 7.38GiB 7.95MB / 1.12MB
Tue Sep  8 05:12:00 PM UTC 2026
flash-cloud-bench-api-1 104.42% 118.9MiB / 7.38GiB 5.88GB / 3.79GB
flash-cloud-bench-redis-1 12.07% 64.33MiB / 7.38GiB 2.5GB / 5.68GB
flash-cloud-bench-consumer-1 8.77% 34.93MiB / 7.38GiB 53.9MB / 79.7MB
flash-cloud-bench-publisher-1 5.75% 34.96MiB / 7.38GiB 39.5MB / 57.4MB
flash-cloud-bench-simulator-1 2.78% 35.62MiB / 7.38GiB 37.5MB / 47.3MB
flash-cloud-bench-maintenance-1 3.91% 34.86MiB / 7.38GiB 651MB / 2.23GB
flash-cloud-bench-pgbouncer-1 5.23% 2.887MiB / 7.38GiB 1.16GB / 1.16GB
flash-cloud-bench-postgres-1 101.00% 223MiB / 7.38GiB 414MB / 775MB
flash-cloud-bench-kafka-1 2.71% 1002MiB / 7.38GiB 35.6MB / 30.3MB
flash-cloud-bench-prometheus-1 0.01% 96.17MiB / 7.38GiB 8.02MB / 1.13MB
Tue Sep  8 05:12:12 PM UTC 2026
flash-cloud-bench-api-1 73.07% 118.9MiB / 7.38GiB 5.94GB / 3.83GB
flash-cloud-bench-redis-1 23.66% 64.38MiB / 7.38GiB 2.53GB / 5.75GB
flash-cloud-bench-consumer-1 6.13% 34.93MiB / 7.38GiB 54.5MB / 80.6MB
flash-cloud-bench-publisher-1 4.42% 34.96MiB / 7.38GiB 39.9MB / 58MB
flash-cloud-bench-simulator-1 3.48% 35.62MiB / 7.38GiB 37.9MB / 47.8MB
flash-cloud-bench-maintenance-1 21.08% 34.86MiB / 7.38GiB 658MB / 2.26GB
flash-cloud-bench-pgbouncer-1 8.35% 2.902MiB / 7.38GiB 1.17GB / 1.17GB
flash-cloud-bench-postgres-1 64.35% 223.5MiB / 7.38GiB 418MB / 784MB
flash-cloud-bench-kafka-1 2.08% 1002MiB / 7.38GiB 36MB / 30.6MB
flash-cloud-bench-prometheus-1 0.21% 96.17MiB / 7.38GiB 8.11MB / 1.14MB
Tue Sep  8 05:12:24 PM UTC 2026
flash-cloud-bench-api-1 74.71% 118.9MiB / 7.38GiB 6.02GB / 3.88GB
flash-cloud-bench-redis-1 15.67% 64.21MiB / 7.38GiB 2.55GB / 5.82GB
flash-cloud-bench-consumer-1 6.55% 34.93MiB / 7.38GiB 55.1MB / 81.5MB
flash-cloud-bench-publisher-1 4.55% 34.96MiB / 7.38GiB 40.4MB / 58.6MB
flash-cloud-bench-simulator-1 3.30% 35.62MiB / 7.38GiB 38.2MB / 48.3MB
flash-cloud-bench-maintenance-1 11.47% 34.86MiB / 7.38GiB 665MB / 2.28GB
flash-cloud-bench-pgbouncer-1 6.86% 2.902MiB / 7.38GiB 1.19GB / 1.18GB
flash-cloud-bench-postgres-1 86.68% 224.2MiB / 7.38GiB 422MB / 792MB
flash-cloud-bench-kafka-1 2.36% 1003MiB / 7.38GiB 36.4MB / 31MB
flash-cloud-bench-prometheus-1 0.13% 96.17MiB / 7.38GiB 8.19MB / 1.15MB
Tue Sep  8 05:12:37 PM UTC 2026
flash-cloud-bench-api-1 77.58% 119.1MiB / 7.38GiB 6.08GB / 3.92GB
flash-cloud-bench-redis-1 14.67% 64.31MiB / 7.38GiB 2.58GB / 5.88GB
flash-cloud-bench-consumer-1 5.20% 34.93MiB / 7.38GiB 55.8MB / 82.4MB
flash-cloud-bench-publisher-1 3.94% 34.96MiB / 7.38GiB 40.8MB / 59.2MB
flash-cloud-bench-simulator-1 3.13% 35.62MiB / 7.38GiB 38.6MB / 48.7MB
flash-cloud-bench-maintenance-1 20.77% 34.85MiB / 7.38GiB 672MB / 2.3GB
flash-cloud-bench-pgbouncer-1 7.65% 2.883MiB / 7.38GiB 1.2GB / 1.2GB
flash-cloud-bench-postgres-1 65.34% 224.2MiB / 7.38GiB 427MB / 800MB
flash-cloud-bench-kafka-1 1.91% 1003MiB / 7.38GiB 36.8MB / 31.3MB
flash-cloud-bench-prometheus-1 0.20% 96.18MiB / 7.38GiB 8.28MB / 1.16MB
Tue Sep  8 05:12:49 PM UTC 2026
flash-cloud-bench-api-1 75.36% 120.9MiB / 7.38GiB 6.14GB / 3.96GB
flash-cloud-bench-redis-1 19.11% 64.32MiB / 7.38GiB 2.61GB / 5.95GB
flash-cloud-bench-consumer-1 6.43% 34.93MiB / 7.38GiB 56.4MB / 83.3MB
flash-cloud-bench-publisher-1 4.64% 34.96MiB / 7.38GiB 41.2MB / 59.9MB
flash-cloud-bench-simulator-1 3.20% 35.62MiB / 7.38GiB 39MB / 49.2MB
flash-cloud-bench-maintenance-1 13.01% 34.86MiB / 7.38GiB 678MB / 2.32GB
flash-cloud-bench-pgbouncer-1 7.11% 2.887MiB / 7.38GiB 1.21GB / 1.21GB
flash-cloud-bench-postgres-1 79.23% 224.3MiB / 7.38GiB 431MB / 808MB
flash-cloud-bench-kafka-1 2.19% 1003MiB / 7.38GiB 37.2MB / 31.7MB
flash-cloud-bench-prometheus-1 0.01% 96.18MiB / 7.38GiB 8.36MB / 1.17MB
Tue Sep  8 05:13:01 PM UTC 2026
flash-cloud-bench-api-1 68.26% 119.2MiB / 7.38GiB 6.22GB / 4.01GB
flash-cloud-bench-redis-1 21.42% 64.41MiB / 7.38GiB 2.63GB / 6.02GB
flash-cloud-bench-consumer-1 6.44% 34.93MiB / 7.38GiB 57MB / 84.2MB
flash-cloud-bench-publisher-1 4.12% 34.96MiB / 7.38GiB 41.7MB / 60.5MB
flash-cloud-bench-simulator-1 3.44% 35.62MiB / 7.38GiB 39.4MB / 49.7MB
flash-cloud-bench-maintenance-1 18.25% 34.86MiB / 7.38GiB 685MB / 2.35GB
flash-cloud-bench-pgbouncer-1 7.61% 2.895MiB / 7.38GiB 1.22GB / 1.22GB
flash-cloud-bench-postgres-1 69.06% 224.3MiB / 7.38GiB 435MB / 816MB
flash-cloud-bench-kafka-1 2.06% 1003MiB / 7.38GiB 37.6MB / 32MB
flash-cloud-bench-prometheus-1 0.02% 96.18MiB / 7.38GiB 8.43MB / 1.18MB
Tue Sep  8 05:13:13 PM UTC 2026
flash-cloud-bench-api-1 81.33% 119.1MiB / 7.38GiB 6.29GB / 4.05GB
flash-cloud-bench-redis-1 18.13% 64.45MiB / 7.38GiB 2.66GB / 6.08GB
flash-cloud-bench-consumer-1 6.01% 34.93MiB / 7.38GiB 57.6MB / 85.1MB
flash-cloud-bench-publisher-1 4.35% 34.96MiB / 7.38GiB 42.1MB / 61.1MB
flash-cloud-bench-simulator-1 3.63% 35.62MiB / 7.38GiB 39.7MB / 50.1MB
flash-cloud-bench-maintenance-1 10.96% 34.86MiB / 7.38GiB 691MB / 2.37GB
flash-cloud-bench-pgbouncer-1 6.35% 2.895MiB / 7.38GiB 1.23GB / 1.23GB
flash-cloud-bench-postgres-1 86.81% 224.4MiB / 7.38GiB 440MB / 824MB
flash-cloud-bench-kafka-1 2.05% 1003MiB / 7.38GiB 38MB / 32.3MB
flash-cloud-bench-prometheus-1 0.35% 96.18MiB / 7.38GiB 8.53MB / 1.2MB
Tue Sep  8 05:13:25 PM UTC 2026
flash-cloud-bench-api-1 76.37% 119MiB / 7.38GiB 6.36GB / 4.1GB
flash-cloud-bench-redis-1 18.80% 64.31MiB / 7.38GiB 2.69GB / 6.15GB
flash-cloud-bench-consumer-1 6.03% 34.93MiB / 7.38GiB 58.2MB / 86MB
flash-cloud-bench-publisher-1 4.29% 34.96MiB / 7.38GiB 42.5MB / 61.7MB
flash-cloud-bench-simulator-1 3.23% 35.62MiB / 7.38GiB 40.1MB / 50.6MB
flash-cloud-bench-maintenance-1 13.06% 34.85MiB / 7.38GiB 698MB / 2.39GB
flash-cloud-bench-pgbouncer-1 6.80% 2.918MiB / 7.38GiB 1.25GB / 1.24GB
flash-cloud-bench-postgres-1 84.92% 224.1MiB / 7.38GiB 444MB / 832MB
flash-cloud-bench-kafka-1 2.05% 1003MiB / 7.38GiB 38.4MB / 32.7MB
flash-cloud-bench-prometheus-1 0.01% 96.18MiB / 7.38GiB 8.6MB / 1.21MB
Tue Sep  8 05:13:37 PM UTC 2026
flash-cloud-bench-api-1 85.16% 119.3MiB / 7.38GiB 6.44GB / 4.15GB
flash-cloud-bench-redis-1 16.30% 64.42MiB / 7.38GiB 2.71GB / 6.23GB
flash-cloud-bench-consumer-1 6.58% 34.93MiB / 7.38GiB 58.8MB / 86.9MB
flash-cloud-bench-publisher-1 4.66% 34.96MiB / 7.38GiB 42.9MB / 62.3MB
flash-cloud-bench-simulator-1 3.21% 35.62MiB / 7.38GiB 40.5MB / 51.1MB
flash-cloud-bench-maintenance-1 12.50% 34.86MiB / 7.38GiB 704MB / 2.41GB
flash-cloud-bench-pgbouncer-1 7.15% 2.891MiB / 7.38GiB 1.26GB / 1.25GB
flash-cloud-bench-postgres-1 89.33% 224.2MiB / 7.38GiB 448MB / 840MB
flash-cloud-bench-kafka-1 2.24% 1003MiB / 7.38GiB 38.8MB / 33MB
flash-cloud-bench-prometheus-1 0.20% 96.18MiB / 7.38GiB 8.69MB / 1.22MB
Tue Sep  8 05:13:49 PM UTC 2026
flash-cloud-bench-api-1 75.56% 119.2MiB / 7.38GiB 6.51GB / 4.19GB
flash-cloud-bench-redis-1 19.86% 64.29MiB / 7.38GiB 2.74GB / 6.29GB
flash-cloud-bench-consumer-1 6.39% 34.93MiB / 7.38GiB 59.4MB / 87.8MB
flash-cloud-bench-publisher-1 4.44% 34.96MiB / 7.38GiB 43.4MB / 63MB
flash-cloud-bench-simulator-1 3.05% 35.62MiB / 7.38GiB 40.8MB / 51.6MB
flash-cloud-bench-maintenance-1 17.53% 34.86MiB / 7.38GiB 711MB / 2.44GB
flash-cloud-bench-pgbouncer-1 7.52% 2.898MiB / 7.38GiB 1.27GB / 1.27GB
flash-cloud-bench-postgres-1 78.35% 224.2MiB / 7.38GiB 453MB / 848MB
flash-cloud-bench-kafka-1 2.97% 1003MiB / 7.38GiB 39.2MB / 33.4MB
flash-cloud-bench-prometheus-1 0.15% 96.18MiB / 7.38GiB 8.77MB / 1.23MB
Tue Sep  8 05:14:01 PM UTC 2026
flash-cloud-bench-api-1 81.54% 119.6MiB / 7.38GiB 6.58GB / 4.24GB
flash-cloud-bench-redis-1 20.38% 64.42MiB / 7.38GiB 2.77GB / 6.36GB
flash-cloud-bench-consumer-1 5.38% 34.93MiB / 7.38GiB 60MB / 88.7MB
flash-cloud-bench-publisher-1 4.75% 34.96MiB / 7.38GiB 43.8MB / 63.5MB
flash-cloud-bench-simulator-1 2.92% 35.62MiB / 7.38GiB 41.2MB / 52MB
flash-cloud-bench-maintenance-1 18.10% 34.86MiB / 7.38GiB 718MB / 2.46GB
flash-cloud-bench-pgbouncer-1 7.47% 2.891MiB / 7.38GiB 1.28GB / 1.28GB
flash-cloud-bench-postgres-1 76.33% 224.2MiB / 7.38GiB 457MB / 856MB
flash-cloud-bench-kafka-1 2.76% 1004MiB / 7.38GiB 39.6MB / 33.7MB
flash-cloud-bench-prometheus-1 0.20% 96.23MiB / 7.38GiB 8.86MB / 1.24MB
Tue Sep  8 05:14:13 PM UTC 2026
flash-cloud-bench-api-1 78.05% 121.8MiB / 7.38GiB 6.65GB / 4.28GB
flash-cloud-bench-redis-1 13.62% 64.2MiB / 7.38GiB 2.79GB / 6.43GB
flash-cloud-bench-consumer-1 6.19% 34.93MiB / 7.38GiB 60.7MB / 89.6MB
flash-cloud-bench-publisher-1 4.48% 34.96MiB / 7.38GiB 44.2MB / 64.2MB
flash-cloud-bench-simulator-1 3.22% 35.62MiB / 7.38GiB 41.6MB / 52.5MB
flash-cloud-bench-maintenance-1 11.59% 34.86MiB / 7.38GiB 725MB / 2.48GB
flash-cloud-bench-pgbouncer-1 6.85% 2.914MiB / 7.38GiB 1.29GB / 1.29GB
flash-cloud-bench-postgres-1 91.51% 224.3MiB / 7.38GiB 461MB / 864MB
flash-cloud-bench-kafka-1 2.02% 1004MiB / 7.38GiB 40MB / 34.1MB
flash-cloud-bench-prometheus-1 0.23% 96.27MiB / 7.38GiB 8.93MB / 1.25MB
Tue Sep  8 05:14:26 PM UTC 2026
flash-cloud-bench-api-1 79.01% 119.7MiB / 7.38GiB 6.72GB / 4.33GB
flash-cloud-bench-redis-1 19.92% 64.3MiB / 7.38GiB 2.82GB / 6.5GB
flash-cloud-bench-consumer-1 6.70% 34.93MiB / 7.38GiB 61.3MB / 90.5MB
flash-cloud-bench-publisher-1 4.38% 34.96MiB / 7.38GiB 44.7MB / 64.8MB
flash-cloud-bench-simulator-1 2.77% 35.62MiB / 7.38GiB 42MB / 53MB
flash-cloud-bench-maintenance-1 16.22% 34.9MiB / 7.38GiB 731MB / 2.51GB
flash-cloud-bench-pgbouncer-1 7.41% 2.883MiB / 7.38GiB 1.31GB / 1.3GB
flash-cloud-bench-postgres-1 78.69% 224.3MiB / 7.38GiB 466MB / 872MB
flash-cloud-bench-kafka-1 1.96% 1004MiB / 7.38GiB 40.4MB / 34.4MB
flash-cloud-bench-prometheus-1 0.03% 96.28MiB / 7.38GiB 9.01MB / 1.26MB
Tue Sep  8 05:14:38 PM UTC 2026
flash-cloud-bench-api-1 71.33% 119.4MiB / 7.38GiB 6.79GB / 4.37GB
flash-cloud-bench-redis-1 13.71% 64.4MiB / 7.38GiB 2.84GB / 6.57GB
flash-cloud-bench-consumer-1 6.01% 34.94MiB / 7.38GiB 61.9MB / 91.4MB
flash-cloud-bench-publisher-1 4.85% 34.96MiB / 7.38GiB 45.1MB / 65.5MB
flash-cloud-bench-simulator-1 3.23% 35.62MiB / 7.38GiB 42.3MB / 53.4MB
flash-cloud-bench-maintenance-1 12.02% 34.86MiB / 7.38GiB 738MB / 2.53GB
flash-cloud-bench-pgbouncer-1 6.73% 2.906MiB / 7.38GiB 1.32GB / 1.31GB
flash-cloud-bench-postgres-1 86.51% 224.3MiB / 7.38GiB 470MB / 880MB
flash-cloud-bench-kafka-1 2.08% 1004MiB / 7.38GiB 40.8MB / 34.7MB
flash-cloud-bench-prometheus-1 0.40% 96.27MiB / 7.38GiB 9.11MB / 1.28MB
Tue Sep  8 05:14:50 PM UTC 2026
flash-cloud-bench-api-1 81.93% 119.6MiB / 7.38GiB 6.86GB / 4.41GB
flash-cloud-bench-redis-1 23.04% 64.32MiB / 7.38GiB 2.87GB / 6.63GB
flash-cloud-bench-consumer-1 4.94% 34.94MiB / 7.38GiB 62.5MB / 92.3MB
flash-cloud-bench-publisher-1 3.15% 34.97MiB / 7.38GiB 45.5MB / 66.1MB
flash-cloud-bench-simulator-1 3.20% 35.62MiB / 7.38GiB 42.7MB / 53.9MB
flash-cloud-bench-maintenance-1 23.10% 34.86MiB / 7.38GiB 745MB / 2.55GB
flash-cloud-bench-pgbouncer-1 8.64% 2.906MiB / 7.38GiB 1.33GB / 1.33GB
flash-cloud-bench-postgres-1 62.14% 224.6MiB / 7.38GiB 475MB / 888MB
flash-cloud-bench-kafka-1 1.66% 1004MiB / 7.38GiB 41.2MB / 35.1MB
flash-cloud-bench-prometheus-1 0.01% 96.27MiB / 7.38GiB 9.18MB / 1.29MB
Tue Sep  8 05:15:02 PM UTC 2026
flash-cloud-bench-api-1 95.45% 131MiB / 7.38GiB 6.93GB / 4.46GB
flash-cloud-bench-redis-1 9.60% 64.47MiB / 7.38GiB 2.89GB / 6.7GB
flash-cloud-bench-consumer-1 6.93% 34.94MiB / 7.38GiB 63.1MB / 93.2MB
flash-cloud-bench-publisher-1 4.12% 34.97MiB / 7.38GiB 46MB / 66.7MB
flash-cloud-bench-simulator-1 3.15% 35.63MiB / 7.38GiB 43.1MB / 54.4MB
flash-cloud-bench-maintenance-1 3.63% 34.86MiB / 7.38GiB 751MB / 2.57GB
flash-cloud-bench-pgbouncer-1 5.13% 2.902MiB / 7.38GiB 1.34GB / 1.34GB
flash-cloud-bench-postgres-1 103.80% 224.4MiB / 7.38GiB 479MB / 895MB
flash-cloud-bench-kafka-1 2.61% 1004MiB / 7.38GiB 41.6MB / 35.4MB
flash-cloud-bench-prometheus-1 0.22% 96.27MiB / 7.38GiB 9.27MB / 1.3MB
Tue Sep  8 05:15:14 PM UTC 2026
flash-cloud-bench-api-1 78.44% 119.6MiB / 7.38GiB 6.99GB / 4.5GB
flash-cloud-bench-redis-1 23.05% 64.34MiB / 7.38GiB 2.92GB / 6.76GB
flash-cloud-bench-consumer-1 5.25% 34.94MiB / 7.38GiB 63.7MB / 94.1MB
flash-cloud-bench-publisher-1 3.75% 34.97MiB / 7.38GiB 46.4MB / 67.3MB
flash-cloud-bench-simulator-1 3.45% 35.62MiB / 7.38GiB 43.5MB / 54.9MB
flash-cloud-bench-maintenance-1 23.34% 34.86MiB / 7.38GiB 758MB / 2.6GB
flash-cloud-bench-pgbouncer-1 8.51% 2.898MiB / 7.38GiB 1.35GB / 1.35GB
flash-cloud-bench-postgres-1 60.86% 224.4MiB / 7.38GiB 483MB / 904MB
flash-cloud-bench-kafka-1 1.85% 1004MiB / 7.38GiB 42MB / 35.8MB
flash-cloud-bench-prometheus-1 0.36% 96.27MiB / 7.38GiB 9.35MB / 1.31MB
Tue Sep  8 05:15:26 PM UTC 2026
flash-cloud-bench-api-1 70.17% 119.4MiB / 7.38GiB 7.06GB / 4.54GB
flash-cloud-bench-redis-1 9.26% 64.39MiB / 7.38GiB 2.95GB / 6.83GB
flash-cloud-bench-consumer-1 8.20% 34.94MiB / 7.38GiB 64.3MB / 95MB
flash-cloud-bench-publisher-1 5.20% 34.97MiB / 7.38GiB 46.8MB / 67.9MB
flash-cloud-bench-simulator-1 3.01% 35.62MiB / 7.38GiB 43.8MB / 55.3MB
flash-cloud-bench-maintenance-1 4.62% 34.86MiB / 7.38GiB 764MB / 2.62GB
flash-cloud-bench-pgbouncer-1 5.31% 2.879MiB / 7.38GiB 1.37GB / 1.36GB
flash-cloud-bench-postgres-1 102.22% 224.4MiB / 7.38GiB 488MB / 912MB
flash-cloud-bench-kafka-1 2.42% 1004MiB / 7.38GiB 42.4MB / 36.1MB
flash-cloud-bench-prometheus-1 0.04% 96.27MiB / 7.38GiB 9.42MB / 1.32MB
Tue Sep  8 05:15:38 PM UTC 2026
flash-cloud-bench-api-1 80.55% 119.9MiB / 7.38GiB 7.12GB / 4.59GB
flash-cloud-bench-redis-1 15.23% 64.37MiB / 7.38GiB 2.97GB / 6.9GB
flash-cloud-bench-consumer-1 6.97% 34.94MiB / 7.38GiB 65MB / 96MB
flash-cloud-bench-publisher-1 4.48% 34.97MiB / 7.38GiB 47.3MB / 68.6MB
flash-cloud-bench-simulator-1 3.25% 35.62MiB / 7.38GiB 44.2MB / 55.8MB
flash-cloud-bench-maintenance-1 11.57% 34.86MiB / 7.38GiB 771MB / 2.64GB
flash-cloud-bench-pgbouncer-1 6.66% 2.918MiB / 7.38GiB 1.38GB / 1.38GB
flash-cloud-bench-postgres-1 80.13% 224.5MiB / 7.38GiB 492MB / 920MB
flash-cloud-bench-kafka-1 26.92% 1018MiB / 7.38GiB 42.9MB / 36.5MB
flash-cloud-bench-prometheus-1 0.14% 96.28MiB / 7.38GiB 9.52MB / 1.33MB
Tue Sep  8 05:15:50 PM UTC 2026
flash-cloud-bench-api-1 105.95% 119.7MiB / 7.38GiB 7.2GB / 4.63GB
flash-cloud-bench-redis-1 21.14% 64.43MiB / 7.38GiB 3GB / 6.96GB
flash-cloud-bench-consumer-1 5.80% 34.95MiB / 7.38GiB 65.6MB / 96.9MB
flash-cloud-bench-publisher-1 4.79% 34.97MiB / 7.38GiB 47.7MB / 69.2MB
flash-cloud-bench-simulator-1 3.08% 35.62MiB / 7.38GiB 44.6MB / 56.3MB
flash-cloud-bench-maintenance-1 20.13% 34.86MiB / 7.38GiB 778MB / 2.67GB
flash-cloud-bench-pgbouncer-1 8.57% 2.883MiB / 7.38GiB 1.39GB / 1.39GB
flash-cloud-bench-postgres-1 60.96% 224.5MiB / 7.38GiB 496MB / 928MB
flash-cloud-bench-kafka-1 31.99% 1022MiB / 7.38GiB 43.3MB / 36.8MB
flash-cloud-bench-prometheus-1 0.02% 96.28MiB / 7.38GiB 9.59MB / 1.34MB
Tue Sep  8 05:16:02 PM UTC 2026
flash-cloud-bench-api-1 79.60% 119.7MiB / 7.38GiB 7.27GB / 4.68GB
flash-cloud-bench-redis-1 11.05% 64.36MiB / 7.38GiB 3.03GB / 7.03GB
flash-cloud-bench-consumer-1 6.58% 34.95MiB / 7.38GiB 66.2MB / 97.8MB
flash-cloud-bench-publisher-1 5.20% 34.97MiB / 7.38GiB 48.1MB / 69.8MB
flash-cloud-bench-simulator-1 3.07% 35.62MiB / 7.38GiB 44.9MB / 56.7MB
flash-cloud-bench-maintenance-1 4.47% 34.86MiB / 7.38GiB 784MB / 2.69GB
flash-cloud-bench-pgbouncer-1 5.48% 2.898MiB / 7.38GiB 1.4GB / 1.4GB
flash-cloud-bench-postgres-1 95.69% 224.5MiB / 7.38GiB 501MB / 936MB
flash-cloud-bench-kafka-1 79.15% 1.02GiB / 7.38GiB 43.7MB / 37.2MB
flash-cloud-bench-prometheus-1 0.14% 96.33MiB / 7.38GiB 9.68MB / 1.35MB
Tue Sep  8 05:16:15 PM UTC 2026
flash-cloud-bench-api-1 73.04% 119.6MiB / 7.38GiB 7.33GB / 4.72GB
flash-cloud-bench-redis-1 19.77% 64.39MiB / 7.38GiB 3.05GB / 7.09GB
flash-cloud-bench-consumer-1 4.87% 34.95MiB / 7.38GiB 66.8MB / 98.7MB
flash-cloud-bench-publisher-1 3.36% 34.98MiB / 7.38GiB 48.5MB / 70.4MB
flash-cloud-bench-simulator-1 2.62% 35.62MiB / 7.38GiB 45.3MB / 57.2MB
flash-cloud-bench-maintenance-1 18.42% 34.86MiB / 7.38GiB 791MB / 2.71GB
flash-cloud-bench-pgbouncer-1 7.70% 2.898MiB / 7.38GiB 1.41GB / 1.41GB
flash-cloud-bench-postgres-1 52.59% 233.9MiB / 7.38GiB 505MB / 944MB
flash-cloud-bench-kafka-1 142.91% 1.031GiB / 7.38GiB 44.1MB / 37.5MB
flash-cloud-bench-prometheus-1 0.01% 96.33MiB / 7.38GiB 9.76MB / 1.37MB
Tue Sep  8 05:16:27 PM UTC 2026
flash-cloud-bench-api-1 70.61% 118.5MiB / 7.38GiB 7.4GB / 4.76GB
flash-cloud-bench-redis-1 14.07% 64.32MiB / 7.38GiB 3.08GB / 7.16GB
flash-cloud-bench-consumer-1 5.83% 34.95MiB / 7.38GiB 67.4MB / 99.6MB
flash-cloud-bench-publisher-1 4.05% 34.97MiB / 7.38GiB 49MB / 71MB
flash-cloud-bench-simulator-1 2.84% 35.62MiB / 7.38GiB 45.7MB / 57.7MB
flash-cloud-bench-maintenance-1 11.82% 34.86MiB / 7.38GiB 797MB / 2.73GB
flash-cloud-bench-pgbouncer-1 7.06% 2.887MiB / 7.38GiB 1.43GB / 1.42GB
flash-cloud-bench-postgres-1 69.96% 224.4MiB / 7.38GiB 509MB / 952MB
flash-cloud-bench-kafka-1 163.01% 1.038GiB / 7.38GiB 44.5MB / 37.8MB
flash-cloud-bench-prometheus-1 0.21% 96.34MiB / 7.38GiB 9.85MB / 1.38MB
Tue Sep  8 05:16:39 PM UTC 2026
flash-cloud-bench-api-1 101.75% 118.7MiB / 7.38GiB 7.47GB / 4.81GB
flash-cloud-bench-redis-1 9.45% 64.3MiB / 7.38GiB 3.1GB / 7.23GB
flash-cloud-bench-consumer-1 7.21% 34.95MiB / 7.38GiB 68MB / 100MB
flash-cloud-bench-publisher-1 4.72% 34.97MiB / 7.38GiB 49.4MB / 71.7MB
flash-cloud-bench-simulator-1 2.52% 35.62MiB / 7.38GiB 46.1MB / 58.2MB
flash-cloud-bench-maintenance-1 3.33% 34.86MiB / 7.38GiB 804MB / 2.76GB
flash-cloud-bench-pgbouncer-1 5.28% 3.129MiB / 7.38GiB 1.44GB / 1.43GB
flash-cloud-bench-postgres-1 86.94% 224.5MiB / 7.38GiB 514MB / 959MB
flash-cloud-bench-kafka-1 142.13% 1.047GiB / 7.38GiB 44.9MB / 38.2MB
flash-cloud-bench-prometheus-1 0.34% 96.34MiB / 7.38GiB 9.93MB / 1.39MB
Tue Sep  8 05:16:51 PM UTC 2026
flash-cloud-bench-api-1 78.71% 117.9MiB / 7.38GiB 7.54GB / 4.85GB
flash-cloud-bench-redis-1 18.80% 64.54MiB / 7.38GiB 3.13GB / 7.29GB
flash-cloud-bench-consumer-1 6.96% 34.95MiB / 7.38GiB 68.6MB / 101MB
flash-cloud-bench-publisher-1 3.40% 34.97MiB / 7.38GiB 49.9MB / 72.3MB
flash-cloud-bench-simulator-1 2.89% 35.62MiB / 7.38GiB 46.4MB / 58.6MB
flash-cloud-bench-maintenance-1 14.84% 34.86MiB / 7.38GiB 811MB / 2.78GB
flash-cloud-bench-pgbouncer-1 7.36% 2.902MiB / 7.38GiB 1.45GB / 1.45GB
flash-cloud-bench-postgres-1 78.62% 224.5MiB / 7.38GiB 518MB / 968MB
flash-cloud-bench-kafka-1 109.08% 1.024GiB / 7.38GiB 45.2MB / 38.5MB
flash-cloud-bench-prometheus-1 0.21% 96.34MiB / 7.38GiB 10MB / 1.4MB
Tue Sep  8 05:17:03 PM UTC 2026
flash-cloud-bench-api-1 80.88% 117.9MiB / 7.38GiB 7.61GB / 4.9GB
flash-cloud-bench-redis-1 11.04% 64.47MiB / 7.38GiB 3.16GB / 7.36GB
flash-cloud-bench-consumer-1 8.06% 34.96MiB / 7.38GiB 69.3MB / 102MB
flash-cloud-bench-publisher-1 5.51% 34.97MiB / 7.38GiB 50.3MB / 73MB
flash-cloud-bench-simulator-1 3.03% 35.62MiB / 7.38GiB 46.8MB / 59.1MB
flash-cloud-bench-maintenance-1 3.97% 34.86MiB / 7.38GiB 817MB / 2.8GB
flash-cloud-bench-pgbouncer-1 5.37% 2.898MiB / 7.38GiB 1.46GB / 1.46GB
flash-cloud-bench-postgres-1 104.44% 224.5MiB / 7.38GiB 522MB / 976MB
flash-cloud-bench-kafka-1 47.37% 1004MiB / 7.38GiB 45.7MB / 38.9MB
flash-cloud-bench-prometheus-1 0.00% 96.34MiB / 7.38GiB 10.1MB / 1.41MB
Tue Sep  8 05:17:15 PM UTC 2026
flash-cloud-bench-api-1 74.07% 118.3MiB / 7.38GiB 7.68GB / 4.94GB
flash-cloud-bench-redis-1 14.64% 64.37MiB / 7.38GiB 3.18GB / 7.43GB
flash-cloud-bench-consumer-1 7.10% 34.96MiB / 7.38GiB 69.9MB / 103MB
flash-cloud-bench-publisher-1 4.28% 34.97MiB / 7.38GiB 50.7MB / 73.6MB
flash-cloud-bench-simulator-1 2.55% 35.62MiB / 7.38GiB 47.2MB / 59.6MB
flash-cloud-bench-maintenance-1 11.32% 34.86MiB / 7.38GiB 824MB / 2.82GB
flash-cloud-bench-pgbouncer-1 6.46% 2.895MiB / 7.38GiB 1.47GB / 1.47GB
flash-cloud-bench-postgres-1 147.46% 244.1MiB / 7.38GiB 527MB / 984MB
flash-cloud-bench-kafka-1 3.44% 1004MiB / 7.38GiB 46.1MB / 39.2MB
flash-cloud-bench-prometheus-1 0.06% 96.34MiB / 7.38GiB 10.2MB / 1.42MB
Tue Sep  8 05:17:27 PM UTC 2026
flash-cloud-bench-api-1 93.85% 118.3MiB / 7.38GiB 7.76GB / 4.99GB
flash-cloud-bench-redis-1 22.15% 64.43MiB / 7.38GiB 3.21GB / 7.51GB
flash-cloud-bench-consumer-1 5.29% 34.96MiB / 7.38GiB 70.5MB / 104MB
flash-cloud-bench-publisher-1 4.32% 34.97MiB / 7.38GiB 51.2MB / 74.2MB
flash-cloud-bench-simulator-1 2.63% 35.62MiB / 7.38GiB 47.5MB / 60MB
flash-cloud-bench-maintenance-1 22.69% 34.86MiB / 7.38GiB 831MB / 2.85GB
flash-cloud-bench-pgbouncer-1 8.56% 2.887MiB / 7.38GiB 1.49GB / 1.48GB
flash-cloud-bench-postgres-1 65.70% 224.6MiB / 7.38GiB 531MB / 992MB
flash-cloud-bench-kafka-1 2.33% 1004MiB / 7.38GiB 46.5MB / 39.6MB
flash-cloud-bench-prometheus-1 0.23% 96.34MiB / 7.38GiB 10.3MB / 1.43MB
Tue Sep  8 05:17:40 PM UTC 2026
flash-cloud-bench-api-1 81.15% 118.1MiB / 7.38GiB 7.83GB / 5.04GB
flash-cloud-bench-redis-1 19.02% 64.44MiB / 7.38GiB 3.24GB / 7.58GB
flash-cloud-bench-consumer-1 6.08% 34.96MiB / 7.38GiB 71.1MB / 105MB
flash-cloud-bench-publisher-1 4.57% 34.97MiB / 7.38GiB 51.6MB / 74.9MB
flash-cloud-bench-simulator-1 3.42% 35.62MiB / 7.38GiB 47.9MB / 60.5MB
flash-cloud-bench-maintenance-1 15.26% 34.86MiB / 7.38GiB 837MB / 2.87GB
flash-cloud-bench-pgbouncer-1 7.21% 2.895MiB / 7.38GiB 1.5GB / 1.5GB
flash-cloud-bench-postgres-1 82.47% 224.6MiB / 7.38GiB 535MB / 1e+03MB
flash-cloud-bench-kafka-1 89.86% 1005MiB / 7.38GiB 46.9MB / 39.9MB
flash-cloud-bench-prometheus-1 0.02% 96.34MiB / 7.38GiB 10.3MB / 1.45MB
Tue Sep  8 05:17:52 PM UTC 2026
flash-cloud-bench-api-1 76.40% 118.1MiB / 7.38GiB 7.9GB / 5.08GB
flash-cloud-bench-redis-1 21.82% 64.36MiB / 7.38GiB 3.26GB / 7.64GB
flash-cloud-bench-consumer-1 4.86% 34.96MiB / 7.38GiB 71.7MB / 106MB
flash-cloud-bench-publisher-1 4.00% 34.98MiB / 7.38GiB 52MB / 75.5MB
flash-cloud-bench-simulator-1 3.32% 35.62MiB / 7.38GiB 48.3MB / 61MB
flash-cloud-bench-maintenance-1 22.90% 34.86MiB / 7.38GiB 844MB / 2.89GB
flash-cloud-bench-pgbouncer-1 8.72% 2.898MiB / 7.38GiB 1.51GB / 1.51GB
flash-cloud-bench-postgres-1 67.15% 224.6MiB / 7.38GiB 540MB / 1.01GB
flash-cloud-bench-kafka-1 1.86% 1005MiB / 7.38GiB 47.3MB / 40.3MB
flash-cloud-bench-prometheus-1 1.03% 96.34MiB / 7.38GiB 10.4MB / 1.46MB
Tue Sep  8 05:18:04 PM UTC 2026
flash-cloud-bench-api-1 74.97% 118MiB / 7.38GiB 7.97GB / 5.13GB
flash-cloud-bench-redis-1 9.34% 64.37MiB / 7.38GiB 3.29GB / 7.71GB
flash-cloud-bench-consumer-1 7.26% 34.96MiB / 7.38GiB 72.3MB / 107MB
flash-cloud-bench-publisher-1 4.76% 34.97MiB / 7.38GiB 52.4MB / 76.1MB
flash-cloud-bench-simulator-1 3.21% 35.62MiB / 7.38GiB 48.7MB / 61.5MB
flash-cloud-bench-maintenance-1 5.04% 34.86MiB / 7.38GiB 850MB / 2.91GB
flash-cloud-bench-pgbouncer-1 5.70% 2.879MiB / 7.38GiB 1.52GB / 1.52GB
flash-cloud-bench-postgres-1 101.05% 224.6MiB / 7.38GiB 544MB / 1.02GB
flash-cloud-bench-kafka-1 2.40% 1005MiB / 7.38GiB 47.7MB / 40.6MB
flash-cloud-bench-prometheus-1 0.01% 96.35MiB / 7.38GiB 10.5MB / 1.47MB
Tue Sep  8 05:18:16 PM UTC 2026
flash-cloud-bench-api-1 74.86% 118MiB / 7.38GiB 8.04GB / 5.17GB
flash-cloud-bench-redis-1 22.33% 64.51MiB / 7.38GiB 3.31GB / 7.78GB
flash-cloud-bench-consumer-1 5.16% 34.98MiB / 7.38GiB 72.9MB / 108MB
flash-cloud-bench-publisher-1 4.66% 34.97MiB / 7.38GiB 52.9MB / 76.8MB
flash-cloud-bench-simulator-1 3.28% 35.62MiB / 7.38GiB 49.1MB / 61.9MB
flash-cloud-bench-maintenance-1 22.58% 34.86MiB / 7.38GiB 857MB / 2.94GB
flash-cloud-bench-pgbouncer-1 8.47% 2.895MiB / 7.38GiB 1.53GB / 1.53GB
flash-cloud-bench-postgres-1 67.90% 224.6MiB / 7.38GiB 549MB / 1.02GB
flash-cloud-bench-kafka-1 1.84% 1005MiB / 7.38GiB 48.1MB / 40.9MB
flash-cloud-bench-prometheus-1 0.04% 96.35MiB / 7.38GiB 10.6MB / 1.48MB
Tue Sep  8 05:18:28 PM UTC 2026
flash-cloud-bench-api-1 79.92% 118MiB / 7.38GiB 8.11GB / 5.21GB
flash-cloud-bench-redis-1 11.45% 64.38MiB / 7.38GiB 3.34GB / 7.84GB
flash-cloud-bench-consumer-1 5.26% 34.98MiB / 7.38GiB 73.5MB / 109MB
flash-cloud-bench-publisher-1 4.97% 34.98MiB / 7.38GiB 53.3MB / 77.4MB
flash-cloud-bench-simulator-1 3.45% 35.62MiB / 7.38GiB 49.4MB / 62.4MB
flash-cloud-bench-maintenance-1 5.45% 34.86MiB / 7.38GiB 863MB / 2.96GB
flash-cloud-bench-pgbouncer-1 5.74% 2.898MiB / 7.38GiB 1.55GB / 1.54GB
flash-cloud-bench-postgres-1 100.73% 224.6MiB / 7.38GiB 553MB / 1.03GB
flash-cloud-bench-kafka-1 2.51% 1005MiB / 7.38GiB 48.5MB / 41.3MB
flash-cloud-bench-prometheus-1 0.36% 96.35MiB / 7.38GiB 10.7MB / 1.49MB
Tue Sep  8 05:18:40 PM UTC 2026
flash-cloud-bench-api-1 81.34% 118.1MiB / 7.38GiB 8.17GB / 5.26GB
flash-cloud-bench-redis-1 22.89% 64.29MiB / 7.38GiB 3.37GB / 7.91GB
flash-cloud-bench-consumer-1 5.64% 34.98MiB / 7.38GiB 74.2MB / 110MB
flash-cloud-bench-publisher-1 4.25% 34.98MiB / 7.38GiB 53.8MB / 78MB
flash-cloud-bench-simulator-1 3.36% 35.62MiB / 7.38GiB 49.8MB / 62.9MB
flash-cloud-bench-maintenance-1 22.34% 34.86MiB / 7.38GiB 871MB / 2.99GB
flash-cloud-bench-pgbouncer-1 8.67% 2.895MiB / 7.38GiB 1.56GB / 1.56GB
flash-cloud-bench-postgres-1 61.22% 224.7MiB / 7.38GiB 557MB / 1.04GB
flash-cloud-bench-kafka-1 2.00% 1005MiB / 7.38GiB 48.9MB / 41.6MB
flash-cloud-bench-prometheus-1 0.01% 96.35MiB / 7.38GiB 10.7MB / 1.5MB
Tue Sep  8 05:18:52 PM UTC 2026
flash-cloud-bench-api-1 97.61% 128.4MiB / 7.38GiB 8.24GB / 5.3GB
flash-cloud-bench-redis-1 11.19% 64.39MiB / 7.38GiB 3.39GB / 7.98GB
flash-cloud-bench-consumer-1 7.04% 34.98MiB / 7.38GiB 74.8MB / 110MB
flash-cloud-bench-publisher-1 4.69% 34.97MiB / 7.38GiB 54.2MB / 78.6MB
flash-cloud-bench-simulator-1 3.29% 35.62MiB / 7.38GiB 50.2MB / 63.3MB
flash-cloud-bench-maintenance-1 4.03% 34.85MiB / 7.38GiB 877MB / 3.01GB
flash-cloud-bench-pgbouncer-1 5.19% 2.887MiB / 7.38GiB 1.57GB / 1.57GB
flash-cloud-bench-postgres-1 102.11% 224.8MiB / 7.38GiB 561MB / 1.05GB
flash-cloud-bench-kafka-1 2.32% 1005MiB / 7.38GiB 49.3MB / 42MB
flash-cloud-bench-prometheus-1 0.22% 96.36MiB / 7.38GiB 10.8MB / 1.51MB
Tue Sep  8 05:19:04 PM UTC 2026
flash-cloud-bench-api-1 70.28% 118.1MiB / 7.38GiB 8.31GB / 5.35GB
flash-cloud-bench-redis-1 21.03% 64.31MiB / 7.38GiB 3.42GB / 8.04GB
flash-cloud-bench-consumer-1 4.71% 34.98MiB / 7.38GiB 75.4MB / 111MB
flash-cloud-bench-publisher-1 3.39% 34.97MiB / 7.38GiB 54.6MB / 79.2MB
flash-cloud-bench-simulator-1 3.37% 35.62MiB / 7.38GiB 50.6MB / 63.8MB
flash-cloud-bench-maintenance-1 23.53% 34.86MiB / 7.38GiB 884MB / 3.03GB
flash-cloud-bench-pgbouncer-1 8.55% 2.91MiB / 7.38GiB 1.58GB / 1.58GB
flash-cloud-bench-postgres-1 60.97% 225MiB / 7.38GiB 566MB / 1.06GB
flash-cloud-bench-kafka-1 1.84% 1005MiB / 7.38GiB 49.7MB / 42.3MB
flash-cloud-bench-prometheus-1 0.13% 96.35MiB / 7.38GiB 10.9MB / 1.52MB
Tue Sep  8 05:19:16 PM UTC 2026
flash-cloud-bench-api-1 80.65% 118.2MiB / 7.38GiB 8.38GB / 5.39GB
flash-cloud-bench-redis-1 11.35% 64.19MiB / 7.38GiB 3.44GB / 8.11GB
flash-cloud-bench-consumer-1 7.40% 34.99MiB / 7.38GiB 76MB / 112MB
flash-cloud-bench-publisher-1 4.74% 34.97MiB / 7.38GiB 55.1MB / 79.8MB
flash-cloud-bench-simulator-1 2.82% 35.62MiB / 7.38GiB 50.9MB / 64.3MB
flash-cloud-bench-maintenance-1 6.45% 34.86MiB / 7.38GiB 890MB / 3.05GB
flash-cloud-bench-pgbouncer-1 7.21% 2.898MiB / 7.38GiB 1.59GB / 1.59GB
flash-cloud-bench-postgres-1 104.06% 224.6MiB / 7.38GiB 570MB / 1.06GB
flash-cloud-bench-kafka-1 2.35% 1005MiB / 7.38GiB 50.1MB / 42.7MB
flash-cloud-bench-prometheus-1 0.11% 96.35MiB / 7.38GiB 11MB / 1.54MB
Tue Sep  8 05:19:29 PM UTC 2026
flash-cloud-bench-api-1 76.49% 118.4MiB / 7.38GiB 8.44GB / 5.43GB
flash-cloud-bench-redis-1 20.23% 64.43MiB / 7.38GiB 3.47GB / 8.17GB
flash-cloud-bench-consumer-1 6.36% 34.98MiB / 7.38GiB 76.6MB / 113MB
flash-cloud-bench-publisher-1 4.18% 34.97MiB / 7.38GiB 55.5MB / 80.5MB
flash-cloud-bench-simulator-1 3.22% 35.62MiB / 7.38GiB 51.3MB / 64.7MB
flash-cloud-bench-maintenance-1 18.67% 34.86MiB / 7.38GiB 897MB / 3.08GB
flash-cloud-bench-pgbouncer-1 7.80% 2.895MiB / 7.38GiB 1.61GB / 1.6GB
flash-cloud-bench-postgres-1 72.09% 224.7MiB / 7.38GiB 575MB / 1.07GB
flash-cloud-bench-kafka-1 2.14% 1005MiB / 7.38GiB 50.5MB / 43MB
flash-cloud-bench-prometheus-1 0.01% 96.35MiB / 7.38GiB 11.1MB / 1.55MB
Tue Sep  8 05:19:41 PM UTC 2026
flash-cloud-bench-api-1 104.80% 118.4MiB / 7.38GiB 8.51GB / 5.47GB
flash-cloud-bench-redis-1 22.82% 64.41MiB / 7.38GiB 3.5GB / 8.23GB
flash-cloud-bench-consumer-1 7.53% 34.98MiB / 7.38GiB 77.2MB / 114MB
flash-cloud-bench-publisher-1 4.35% 34.98MiB / 7.38GiB 55.9MB / 81.1MB
flash-cloud-bench-simulator-1 2.98% 35.62MiB / 7.38GiB 51.7MB / 65.2MB
flash-cloud-bench-maintenance-1 3.54% 34.86MiB / 7.38GiB 903MB / 3.1GB
flash-cloud-bench-pgbouncer-1 5.16% 2.887MiB / 7.38GiB 1.62GB / 1.62GB
flash-cloud-bench-postgres-1 102.83% 225MiB / 7.38GiB 579MB / 1.08GB
flash-cloud-bench-kafka-1 2.33% 1005MiB / 7.38GiB 50.9MB / 43.3MB
flash-cloud-bench-prometheus-1 0.28% 96.35MiB / 7.38GiB 11.2MB / 1.56MB
Tue Sep  8 05:19:53 PM UTC 2026
flash-cloud-bench-api-1 83.44% 118.4MiB / 7.38GiB 8.58GB / 5.52GB
flash-cloud-bench-redis-1 23.78% 64.41MiB / 7.38GiB 3.52GB / 8.3GB
flash-cloud-bench-consumer-1 5.47% 34.98MiB / 7.38GiB 77.8MB / 115MB
flash-cloud-bench-publisher-1 3.90% 34.97MiB / 7.38GiB 56.3MB / 81.7MB
flash-cloud-bench-simulator-1 3.54% 35.62MiB / 7.38GiB 52MB / 65.7MB
flash-cloud-bench-maintenance-1 10.90% 34.86MiB / 7.38GiB 910MB / 3.12GB
flash-cloud-bench-pgbouncer-1 8.37% 2.914MiB / 7.38GiB 1.63GB / 1.63GB
flash-cloud-bench-postgres-1 63.34% 224.8MiB / 7.38GiB 583MB / 1.09GB
flash-cloud-bench-kafka-1 1.77% 1005MiB / 7.38GiB 51.3MB / 43.7MB
flash-cloud-bench-prometheus-1 0.40% 96.57MiB / 7.38GiB 11.3MB / 1.57MB
Tue Sep  8 05:20:05 PM UTC 2026
flash-cloud-bench-api-1 81.11% 118.5MiB / 7.38GiB 8.65GB / 5.56GB
flash-cloud-bench-redis-1 18.37% 64.36MiB / 7.38GiB 3.55GB / 8.37GB
flash-cloud-bench-consumer-1 6.32% 34.98MiB / 7.38GiB 78.4MB / 116MB
flash-cloud-bench-publisher-1 4.59% 34.98MiB / 7.38GiB 56.8MB / 82.3MB
flash-cloud-bench-simulator-1 3.48% 35.62MiB / 7.38GiB 52.4MB / 66.2MB
flash-cloud-bench-maintenance-1 12.82% 34.86MiB / 7.38GiB 917MB / 3.14GB
flash-cloud-bench-pgbouncer-1 7.14% 2.879MiB / 7.38GiB 1.64GB / 1.64GB
flash-cloud-bench-postgres-1 87.50% 224.8MiB / 7.38GiB 588MB / 1.1GB
flash-cloud-bench-kafka-1 2.16% 1005MiB / 7.38GiB 51.7MB / 44MB
flash-cloud-bench-prometheus-1 0.01% 96.58MiB / 7.38GiB 11.3MB / 1.58MB
Tue Sep  8 05:20:17 PM UTC 2026
flash-cloud-bench-api-1 81.18% 118.6MiB / 7.38GiB 8.72GB / 5.61GB
flash-cloud-bench-redis-1 25.62% 64.44MiB / 7.38GiB 3.58GB / 8.44GB
flash-cloud-bench-consumer-1 7.10% 34.98MiB / 7.38GiB 79.1MB / 117MB
flash-cloud-bench-publisher-1 3.74% 34.98MiB / 7.38GiB 57.2MB / 82.9MB
flash-cloud-bench-simulator-1 3.09% 35.62MiB / 7.38GiB 52.8MB / 66.6MB
flash-cloud-bench-maintenance-1 20.31% 34.86MiB / 7.38GiB 924MB / 3.17GB
flash-cloud-bench-pgbouncer-1 7.68% 2.895MiB / 7.38GiB 1.65GB / 1.65GB
flash-cloud-bench-postgres-1 70.42% 224.8MiB / 7.38GiB 592MB / 1.1GB
flash-cloud-bench-kafka-1 2.54% 1005MiB / 7.38GiB 52.1MB / 44.4MB
flash-cloud-bench-prometheus-1 0.21% 96.62MiB / 7.38GiB 11.4MB / 1.59MB
Tue Sep  8 05:20:29 PM UTC 2026
flash-cloud-bench-api-1 105.71% 118.2MiB / 7.38GiB 8.79GB / 5.65GB
flash-cloud-bench-redis-1 14.08% 64.37MiB / 7.38GiB 3.6GB / 8.5GB
flash-cloud-bench-consumer-1 6.09% 34.98MiB / 7.38GiB 79.7MB / 118MB
flash-cloud-bench-publisher-1 4.15% 34.98MiB / 7.38GiB 57.6MB / 83.6MB
flash-cloud-bench-simulator-1 2.78% 35.62MiB / 7.38GiB 53.2MB / 67.1MB
flash-cloud-bench-maintenance-1 9.27% 34.86MiB / 7.38GiB 930MB / 3.19GB
flash-cloud-bench-pgbouncer-1 6.31% 2.895MiB / 7.38GiB 1.67GB / 1.66GB
flash-cloud-bench-postgres-1 94.48% 224.9MiB / 7.38GiB 596MB / 1.11GB
flash-cloud-bench-kafka-1 2.00% 1006MiB / 7.38GiB 52.5MB / 44.7MB
flash-cloud-bench-prometheus-1 0.37% 96.69MiB / 7.38GiB 11.5MB / 1.6MB
Tue Sep  8 05:20:41 PM UTC 2026
flash-cloud-bench-api-1 88.09% 118.5MiB / 7.38GiB 8.86GB / 5.7GB
flash-cloud-bench-redis-1 21.73% 64.41MiB / 7.38GiB 3.63GB / 8.57GB
flash-cloud-bench-consumer-1 9.69% 34.98MiB / 7.38GiB 80.3MB / 119MB
flash-cloud-bench-publisher-1 4.47% 34.98MiB / 7.38GiB 58.1MB / 84.2MB
flash-cloud-bench-simulator-1 3.02% 35.62MiB / 7.38GiB 53.5MB / 67.6MB
flash-cloud-bench-maintenance-1 14.77% 34.85MiB / 7.38GiB 937MB / 3.21GB
flash-cloud-bench-pgbouncer-1 7.34% 2.902MiB / 7.38GiB 1.68GB / 1.68GB
flash-cloud-bench-postgres-1 83.90% 224.9MiB / 7.38GiB 601MB / 1.12GB
flash-cloud-bench-kafka-1 2.14% 1006MiB / 7.38GiB 52.9MB / 45.1MB
flash-cloud-bench-prometheus-1 0.02% 96.68MiB / 7.38GiB 11.6MB / 1.61MB
Tue Sep  8 05:20:53 PM UTC 2026
flash-cloud-bench-api-1 82.24% 118.4MiB / 7.38GiB 8.93GB / 5.74GB
flash-cloud-bench-redis-1 13.20% 64.4MiB / 7.38GiB 3.65GB / 8.64GB
flash-cloud-bench-consumer-1 9.24% 34.98MiB / 7.38GiB 80.9MB / 120MB
flash-cloud-bench-publisher-1 4.62% 34.98MiB / 7.38GiB 58.5MB / 84.8MB
flash-cloud-bench-simulator-1 3.03% 35.62MiB / 7.38GiB 53.9MB / 68.1MB
flash-cloud-bench-maintenance-1 5.39% 34.86MiB / 7.38GiB 943MB / 3.24GB
flash-cloud-bench-pgbouncer-1 5.52% 2.879MiB / 7.38GiB 1.69GB / 1.69GB
flash-cloud-bench-postgres-1 105.55% 225MiB / 7.38GiB 605MB / 1.13GB
flash-cloud-bench-kafka-1 2.21% 1006MiB / 7.38GiB 53.3MB / 45.4MB
flash-cloud-bench-prometheus-1 0.25% 96.69MiB / 7.38GiB 11.7MB / 1.63MB
Tue Sep  8 05:21:05 PM UTC 2026
flash-cloud-bench-api-1 82.07% 118.4MiB / 7.38GiB 9GB / 5.79GB
flash-cloud-bench-redis-1 25.50% 64.32MiB / 7.38GiB 3.68GB / 8.71GB
flash-cloud-bench-consumer-1 5.49% 34.98MiB / 7.38GiB 81.5MB / 120MB
flash-cloud-bench-publisher-1 3.24% 34.98MiB / 7.38GiB 58.9MB / 85.5MB
flash-cloud-bench-simulator-1 3.45% 35.62MiB / 7.38GiB 54.3MB / 68.5MB
flash-cloud-bench-maintenance-1 22.34% 34.86MiB / 7.38GiB 950MB / 3.26GB
flash-cloud-bench-pgbouncer-1 8.51% 2.902MiB / 7.38GiB 1.7GB / 1.7GB
flash-cloud-bench-postgres-1 59.73% 225MiB / 7.38GiB 609MB / 1.14GB
flash-cloud-bench-kafka-1 1.68% 1006MiB / 7.38GiB 53.8MB / 45.7MB
flash-cloud-bench-prometheus-1 0.04% 96.69MiB / 7.38GiB 11.7MB / 1.64MB
Tue Sep  8 05:21:18 PM UTC 2026
flash-cloud-bench-api-1 108.34% 118.5MiB / 7.38GiB 9.07GB / 5.83GB
flash-cloud-bench-redis-1 14.36% 64.36MiB / 7.38GiB 3.71GB / 8.77GB
flash-cloud-bench-consumer-1 4.94% 34.98MiB / 7.38GiB 82.1MB / 121MB
flash-cloud-bench-publisher-1 5.52% 34.98MiB / 7.38GiB 59.4MB / 86.1MB
flash-cloud-bench-simulator-1 3.06% 35.62MiB / 7.38GiB 54.7MB / 69MB
flash-cloud-bench-maintenance-1 6.94% 34.86MiB / 7.38GiB 957MB / 3.28GB
flash-cloud-bench-pgbouncer-1 5.95% 2.891MiB / 7.38GiB 1.71GB / 1.71GB
flash-cloud-bench-postgres-1 96.03% 224.9MiB / 7.38GiB 614MB / 1.14GB
flash-cloud-bench-kafka-1 2.30% 1006MiB / 7.38GiB 54.2MB / 46.1MB
flash-cloud-bench-prometheus-1 0.36% 96.7MiB / 7.38GiB 11.8MB / 1.65MB
Tue Sep  8 05:21:30 PM UTC 2026
flash-cloud-bench-api-1 77.58% 118.4MiB / 7.38GiB 9.13GB / 5.87GB
flash-cloud-bench-redis-1 25.15% 64.28MiB / 7.38GiB 3.73GB / 8.84GB
flash-cloud-bench-consumer-1 6.95% 34.98MiB / 7.38GiB 82.7MB / 122MB
flash-cloud-bench-publisher-1 3.33% 34.98MiB / 7.38GiB 59.8MB / 86.7MB
flash-cloud-bench-simulator-1 3.04% 35.62MiB / 7.38GiB 55MB / 69.5MB
flash-cloud-bench-maintenance-1 22.91% 34.86MiB / 7.38GiB 964MB / 3.3GB
flash-cloud-bench-pgbouncer-1 8.29% 2.902MiB / 7.38GiB 1.73GB / 1.72GB
flash-cloud-bench-postgres-1 60.57% 225MiB / 7.38GiB 618MB / 1.15GB
flash-cloud-bench-kafka-1 1.71% 1006MiB / 7.38GiB 54.6MB / 46.4MB
flash-cloud-bench-prometheus-1 0.01% 96.7MiB / 7.38GiB 11.9MB / 1.66MB
Tue Sep  8 05:21:42 PM UTC 2026
flash-cloud-bench-api-1 77.38% 118.5MiB / 7.38GiB 9.21GB / 5.92GB
flash-cloud-bench-redis-1 12.49% 64.38MiB / 7.38GiB 3.76GB / 8.91GB
flash-cloud-bench-consumer-1 7.24% 34.98MiB / 7.38GiB 83.4MB / 123MB
flash-cloud-bench-publisher-1 4.06% 34.98MiB / 7.38GiB 60.2MB / 87.3MB
flash-cloud-bench-simulator-1 3.26% 35.62MiB / 7.38GiB 55.4MB / 69.9MB
flash-cloud-bench-maintenance-1 3.82% 34.86MiB / 7.38GiB 970MB / 3.33GB
flash-cloud-bench-pgbouncer-1 5.14% 2.879MiB / 7.38GiB 1.74GB / 1.74GB
flash-cloud-bench-postgres-1 103.30% 225MiB / 7.38GiB 622MB / 1.16GB
flash-cloud-bench-kafka-1 2.11% 1006MiB / 7.38GiB 55MB / 46.8MB
flash-cloud-bench-prometheus-1 0.35% 96.7MiB / 7.38GiB 12MB / 1.67MB
Tue Sep  8 05:21:54 PM UTC 2026
flash-cloud-bench-api-1 73.87% 118.4MiB / 7.38GiB 9.28GB / 5.96GB
flash-cloud-bench-redis-1 24.01% 64.23MiB / 7.38GiB 3.79GB / 8.97GB
flash-cloud-bench-consumer-1 7.29% 34.98MiB / 7.38GiB 84MB / 124MB
flash-cloud-bench-publisher-1 3.86% 34.98MiB / 7.38GiB 60.7MB / 87.9MB
flash-cloud-bench-simulator-1 3.45% 35.62MiB / 7.38GiB 55.7MB / 70.4MB
flash-cloud-bench-maintenance-1 23.18% 34.86MiB / 7.38GiB 977MB / 3.35GB
flash-cloud-bench-pgbouncer-1 8.75% 2.902MiB / 7.38GiB 1.75GB / 1.75GB
flash-cloud-bench-postgres-1 61.53% 225.3MiB / 7.38GiB 627MB / 1.17GB
flash-cloud-bench-kafka-1 1.95% 1006MiB / 7.38GiB 55.4MB / 47.1MB
flash-cloud-bench-prometheus-1 0.01% 96.75MiB / 7.38GiB 12.1MB / 1.68MB
Tue Sep  8 05:22:06 PM UTC 2026
flash-cloud-bench-api-1 82.29% 118.4MiB / 7.38GiB 9.34GB / 6.01GB
flash-cloud-bench-redis-1 14.42% 64.32MiB / 7.38GiB 3.81GB / 9.04GB
flash-cloud-bench-consumer-1 7.43% 34.98MiB / 7.38GiB 84.6MB / 125MB
flash-cloud-bench-publisher-1 4.78% 34.98MiB / 7.38GiB 61.1MB / 88.6MB
flash-cloud-bench-simulator-1 3.27% 35.62MiB / 7.38GiB 56.2MB / 70.9MB
flash-cloud-bench-maintenance-1 6.68% 34.86MiB / 7.38GiB 983MB / 3.37GB
flash-cloud-bench-pgbouncer-1 6.24% 2.902MiB / 7.38GiB 1.76GB / 1.76GB
flash-cloud-bench-postgres-1 97.31% 225.1MiB / 7.38GiB 631MB / 1.18GB
flash-cloud-bench-kafka-1 2.27% 1006MiB / 7.38GiB 55.8MB / 47.5MB
flash-cloud-bench-prometheus-1 0.06% 96.75MiB / 7.38GiB 12.1MB / 1.69MB
Tue Sep  8 05:22:18 PM UTC 2026
flash-cloud-bench-api-1 74.95% 118.5MiB / 7.38GiB 9.41GB / 6.05GB
flash-cloud-bench-redis-1 16.23% 64.58MiB / 7.38GiB 3.84GB / 9.1GB
flash-cloud-bench-consumer-1 8.33% 34.98MiB / 7.38GiB 85.2MB / 126MB
flash-cloud-bench-publisher-1 5.27% 34.98MiB / 7.38GiB 61.5MB / 89.2MB
flash-cloud-bench-simulator-1 3.48% 35.62MiB / 7.38GiB 56.5MB / 71.4MB
flash-cloud-bench-maintenance-1 10.52% 34.86MiB / 7.38GiB 990MB / 3.39GB
flash-cloud-bench-pgbouncer-1 6.45% 2.879MiB / 7.38GiB 1.77GB / 1.77GB
flash-cloud-bench-postgres-1 89.86% 224.9MiB / 7.38GiB 635MB / 1.18GB
flash-cloud-bench-kafka-1 2.34% 1006MiB / 7.38GiB 56.2MB / 47.8MB
flash-cloud-bench-prometheus-1 0.00% 96.75MiB / 7.38GiB 12.2MB / 1.7MB
Tue Sep  8 05:22:30 PM UTC 2026
flash-cloud-bench-api-1 74.46% 118.7MiB / 7.38GiB 9.48GB / 6.09GB
flash-cloud-bench-redis-1 23.69% 64.41MiB / 7.38GiB 3.86GB / 9.17GB
flash-cloud-bench-consumer-1 7.49% 34.98MiB / 7.38GiB 85.8MB / 127MB
flash-cloud-bench-publisher-1 3.71% 34.98MiB / 7.38GiB 62MB / 89.9MB
flash-cloud-bench-simulator-1 2.98% 35.64MiB / 7.38GiB 56.9MB / 71.8MB
flash-cloud-bench-maintenance-1 23.08% 34.86MiB / 7.38GiB 996MB / 3.42GB
flash-cloud-bench-pgbouncer-1 8.55% 2.898MiB / 7.38GiB 1.79GB / 1.78GB
flash-cloud-bench-postgres-1 60.84% 224.9MiB / 7.38GiB 640MB / 1.19GB
flash-cloud-bench-kafka-1 1.85% 1006MiB / 7.38GiB 56.6MB / 48.2MB
flash-cloud-bench-prometheus-1 0.01% 96.76MiB / 7.38GiB 12.3MB / 1.71MB
Tue Sep  8 05:22:42 PM UTC 2026
flash-cloud-bench-api-1 74.73% 118.5MiB / 7.38GiB 9.54GB / 6.13GB
flash-cloud-bench-redis-1 13.67% 64.52MiB / 7.38GiB 3.89GB / 9.24GB
flash-cloud-bench-consumer-1 10.53% 34.99MiB / 7.38GiB 86.4MB / 128MB
flash-cloud-bench-publisher-1 4.47% 34.98MiB / 7.38GiB 62.4MB / 90.5MB
flash-cloud-bench-simulator-1 3.43% 35.62MiB / 7.38GiB 57.3MB / 72.3MB
flash-cloud-bench-maintenance-1 6.49% 34.86MiB / 7.38GiB 1GB / 3.44GB
flash-cloud-bench-pgbouncer-1 6.01% 2.918MiB / 7.38GiB 1.8GB / 1.8GB
flash-cloud-bench-postgres-1 94.89% 225.2MiB / 7.38GiB 644MB / 1.2GB
flash-cloud-bench-kafka-1 2.26% 1006MiB / 7.38GiB 57MB / 48.5MB
flash-cloud-bench-prometheus-1 0.23% 96.77MiB / 7.38GiB 12.4MB / 1.73MB
Tue Sep  8 05:22:54 PM UTC 2026
flash-cloud-bench-api-1 74.92% 118.5MiB / 7.38GiB 9.61GB / 6.18GB
flash-cloud-bench-redis-1 19.54% 65.26MiB / 7.38GiB 3.92GB / 9.3GB
flash-cloud-bench-consumer-1 7.16% 34.98MiB / 7.38GiB 87MB / 129MB
flash-cloud-bench-publisher-1 4.06% 34.98MiB / 7.38GiB 62.8MB / 91.1MB
flash-cloud-bench-simulator-1 3.05% 35.62MiB / 7.38GiB 57.6MB / 72.8MB
flash-cloud-bench-maintenance-1 16.41% 34.86MiB / 7.38GiB 1.01GB / 3.46GB
flash-cloud-bench-pgbouncer-1 7.18% 2.883MiB / 7.38GiB 1.81GB / 1.81GB
flash-cloud-bench-postgres-1 76.18% 225MiB / 7.38GiB 648MB / 1.21GB
flash-cloud-bench-kafka-1 2.25% 1006MiB / 7.38GiB 57.4MB / 48.8MB
flash-cloud-bench-prometheus-1 0.14% 96.77MiB / 7.38GiB 12.5MB / 1.74MB
Tue Sep  8 05:23:07 PM UTC 2026
flash-cloud-bench-api-1 71.59% 118.6MiB / 7.38GiB 9.68GB / 6.23GB
flash-cloud-bench-redis-1 19.57% 64.45MiB / 7.38GiB 3.94GB / 9.37GB
flash-cloud-bench-consumer-1 5.45% 34.98MiB / 7.38GiB 87.6MB / 129MB
flash-cloud-bench-publisher-1 3.59% 34.98MiB / 7.38GiB 63.3MB / 91.7MB
flash-cloud-bench-simulator-1 3.24% 35.62MiB / 7.38GiB 58MB / 73.2MB
flash-cloud-bench-maintenance-1 19.60% 34.86MiB / 7.38GiB 1.02GB / 3.49GB
flash-cloud-bench-pgbouncer-1 5.94% 2.914MiB / 7.38GiB 1.82GB / 1.82GB
flash-cloud-bench-postgres-1 67.98% 225MiB / 7.38GiB 653MB / 1.22GB
flash-cloud-bench-kafka-1 1.83% 1006MiB / 7.38GiB 57.8MB / 49.2MB
flash-cloud-bench-prometheus-1 0.00% 96.77MiB / 7.38GiB 12.6MB / 1.75MB
Tue Sep  8 05:23:19 PM UTC 2026
flash-cloud-bench-api-1 80.65% 118.5MiB / 7.38GiB 9.75GB / 6.27GB
flash-cloud-bench-redis-1 22.97% 64.38MiB / 7.38GiB 3.97GB / 9.43GB
flash-cloud-bench-consumer-1 5.80% 34.98MiB / 7.38GiB 88.2MB / 130MB
flash-cloud-bench-publisher-1 3.91% 34.98MiB / 7.38GiB 63.7MB / 92.3MB
flash-cloud-bench-simulator-1 3.16% 35.62MiB / 7.38GiB 58.4MB / 73.7MB
flash-cloud-bench-maintenance-1 20.80% 34.86MiB / 7.38GiB 1.02GB / 3.51GB
flash-cloud-bench-pgbouncer-1 8.17% 2.895MiB / 7.38GiB 1.83GB / 1.83GB
flash-cloud-bench-postgres-1 71.66% 225.1MiB / 7.38GiB 657MB / 1.22GB
flash-cloud-bench-kafka-1 1.92% 1006MiB / 7.38GiB 58.2MB / 49.5MB
flash-cloud-bench-prometheus-1 0.39% 96.77MiB / 7.38GiB 12.7MB / 1.76MB
Tue Sep  8 05:23:31 PM UTC 2026
flash-cloud-bench-api-1 112.73% 118.6MiB / 7.38GiB 9.82GB / 6.31GB
flash-cloud-bench-redis-1 23.47% 64.37MiB / 7.38GiB 3.99GB / 9.5GB
flash-cloud-bench-consumer-1 9.21% 34.98MiB / 7.38GiB 88.9MB / 131MB
flash-cloud-bench-publisher-1 3.89% 34.98MiB / 7.38GiB 64.2MB / 93MB
flash-cloud-bench-simulator-1 3.24% 35.62MiB / 7.38GiB 58.8MB / 74.2MB
flash-cloud-bench-maintenance-1 21.39% 34.86MiB / 7.38GiB 1.03GB / 3.53GB
flash-cloud-bench-pgbouncer-1 8.59% 2.898MiB / 7.38GiB 1.85GB / 1.84GB
flash-cloud-bench-postgres-1 64.67% 225.2MiB / 7.38GiB 661MB / 1.23GB
flash-cloud-bench-kafka-1 14.50% 1007MiB / 7.38GiB 58.6MB / 49.9MB
flash-cloud-bench-prometheus-1 0.01% 96.77MiB / 7.38GiB 12.7MB / 1.77MB
Tue Sep  8 05:23:43 PM UTC 2026
flash-cloud-bench-api-1 73.49% 118.6MiB / 7.38GiB 9.9GB / 6.36GB
flash-cloud-bench-redis-1 12.52% 64.52MiB / 7.38GiB 4.02GB / 9.58GB
flash-cloud-bench-consumer-1 7.02% 34.98MiB / 7.38GiB 89.5MB / 132MB
flash-cloud-bench-publisher-1 5.33% 34.98MiB / 7.38GiB 64.6MB / 93.6MB
flash-cloud-bench-simulator-1 3.42% 35.62MiB / 7.38GiB 59.1MB / 74.7MB
flash-cloud-bench-maintenance-1 8.06% 34.86MiB / 7.38GiB 1.04GB / 3.55GB
flash-cloud-bench-pgbouncer-1 5.87% 2.879MiB / 7.38GiB 1.86GB / 1.86GB
flash-cloud-bench-postgres-1 92.80% 225.2MiB / 7.38GiB 666MB / 1.24GB
flash-cloud-bench-kafka-1 57.81% 1.017GiB / 7.38GiB 59MB / 50.2MB
flash-cloud-bench-prometheus-1 0.00% 96.77MiB / 7.38GiB 12.8MB / 1.78MB
Tue Sep  8 05:23:55 PM UTC 2026
flash-cloud-bench-api-1 74.72% 118.6MiB / 7.38GiB 9.97GB / 6.41GB
flash-cloud-bench-redis-1 14.87% 64.29MiB / 7.38GiB 4.04GB / 9.64GB
flash-cloud-bench-consumer-1 6.96% 34.98MiB / 7.38GiB 90.1MB / 133MB
flash-cloud-bench-publisher-1 4.15% 34.98MiB / 7.38GiB 65MB / 94.3MB
flash-cloud-bench-simulator-1 3.16% 35.62MiB / 7.38GiB 59.5MB / 75.1MB
flash-cloud-bench-maintenance-1 11.36% 34.86MiB / 7.38GiB 1.04GB / 3.58GB
flash-cloud-bench-pgbouncer-1 6.79% 2.887MiB / 7.38GiB 1.87GB / 1.87GB
flash-cloud-bench-postgres-1 78.43% 225.3MiB / 7.38GiB 670MB / 1.25GB
flash-cloud-bench-kafka-1 115.55% 1.027GiB / 7.38GiB 59.4MB / 50.6MB
flash-cloud-bench-prometheus-1 0.04% 96.84MiB / 7.38GiB 12.9MB / 1.79MB
Tue Sep  8 05:24:07 PM UTC 2026
flash-cloud-bench-api-1 77.54% 118.6MiB / 7.38GiB 10GB / 6.45GB
flash-cloud-bench-redis-1 8.85% 64.39MiB / 7.38GiB 4.07GB / 9.71GB
flash-cloud-bench-consumer-1 5.15% 34.99MiB / 7.38GiB 90.7MB / 134MB
flash-cloud-bench-publisher-1 4.08% 34.98MiB / 7.38GiB 65.4MB / 94.8MB
flash-cloud-bench-simulator-1 3.27% 35.63MiB / 7.38GiB 59.9MB / 75.6MB
flash-cloud-bench-maintenance-1 22.96% 34.86MiB / 7.38GiB 1.05GB / 3.6GB
flash-cloud-bench-pgbouncer-1 8.61% 2.895MiB / 7.38GiB 1.88GB / 1.88GB
flash-cloud-bench-postgres-1 97.63% 225.3MiB / 7.38GiB 674MB / 1.26GB
flash-cloud-bench-kafka-1 11.86% 1007MiB / 7.38GiB 59.8MB / 50.9MB
flash-cloud-bench-prometheus-1 0.24% 96.84MiB / 7.38GiB 13MB / 1.81MB
Tue Sep  8 05:24:19 PM UTC 2026
flash-cloud-bench-api-1 29.70% 118.6MiB / 7.38GiB 10.1GB / 6.49GB
flash-cloud-bench-redis-1 9.55% 64.37MiB / 7.38GiB 4.1GB / 9.76GB
flash-cloud-bench-consumer-1 6.82% 34.98MiB / 7.38GiB 91.3MB / 135MB
flash-cloud-bench-publisher-1 2.00% 34.98MiB / 7.38GiB 65.9MB / 95.5MB
flash-cloud-bench-simulator-1 2.56% 35.62MiB / 7.38GiB 60.3MB / 76.1MB
flash-cloud-bench-maintenance-1 17.02% 34.86MiB / 7.38GiB 1.06GB / 3.62GB
flash-cloud-bench-pgbouncer-1 5.54% 2.879MiB / 7.38GiB 1.89GB / 1.89GB
flash-cloud-bench-postgres-1 55.34% 225.2MiB / 7.38GiB 679MB / 1.26GB
flash-cloud-bench-kafka-1 151.44% 1.051GiB / 7.38GiB 60.2MB / 51.2MB
flash-cloud-bench-prometheus-1 0.14% 96.84MiB / 7.38GiB 13.1MB / 1.82MB
Tue Sep  8 05:24:31 PM UTC 2026
flash-cloud-bench-api-1 0.54% 118MiB / 7.38GiB 10.1GB / 6.49GB
flash-cloud-bench-redis-1 1.13% 64.02MiB / 7.38GiB 4.12GB / 9.76GB
flash-cloud-bench-consumer-1 5.58% 34.98MiB / 7.38GiB 91.6MB / 135MB
flash-cloud-bench-publisher-1 3.49% 34.98MiB / 7.38GiB 66.2MB / 95.9MB
flash-cloud-bench-simulator-1 3.07% 35.62MiB / 7.38GiB 60.6MB / 76.5MB
flash-cloud-bench-maintenance-1 4.57% 34.86MiB / 7.38GiB 1.06GB / 3.65GB
flash-cloud-bench-pgbouncer-1 3.46% 3.379MiB / 7.38GiB 1.91GB / 1.9GB
flash-cloud-bench-postgres-1 96.59% 225.3MiB / 7.38GiB 682MB / 1.27GB
flash-cloud-bench-kafka-1 26.40% 1006MiB / 7.38GiB 60.4MB / 51.4MB
flash-cloud-bench-prometheus-1 0.18% 96.84MiB / 7.38GiB 13.2MB / 1.83MB
Tue Sep  8 05:24:43 PM UTC 2026
flash-cloud-bench-api-1 0.10% 118MiB / 7.38GiB 10.1GB / 6.49GB
flash-cloud-bench-redis-1 12.70% 63.9MiB / 7.38GiB 4.14GB / 9.76GB
flash-cloud-bench-consumer-1 8.78% 34.98MiB / 7.38GiB 91.9MB / 136MB
flash-cloud-bench-publisher-1 3.43% 34.98MiB / 7.38GiB 66.5MB / 96.4MB
flash-cloud-bench-simulator-1 3.29% 35.62MiB / 7.38GiB 61MB / 77MB
flash-cloud-bench-maintenance-1 21.37% 34.86MiB / 7.38GiB 1.07GB / 3.67GB
flash-cloud-bench-pgbouncer-1 6.41% 2.879MiB / 7.38GiB 1.92GB / 1.91GB
flash-cloud-bench-postgres-1 60.80% 225.3MiB / 7.38GiB 686MB / 1.28GB
flash-cloud-bench-kafka-1 1.08% 1006MiB / 7.38GiB 60.6MB / 51.6MB
flash-cloud-bench-prometheus-1 0.15% 96.84MiB / 7.38GiB 13.2MB / 1.84MB
Tue Sep  8 05:24:56 PM UTC 2026
flash-cloud-bench-api-1 0.55% 118MiB / 7.38GiB 10.1GB / 6.49GB
flash-cloud-bench-redis-1 11.50% 63.95MiB / 7.38GiB 4.17GB / 9.76GB
flash-cloud-bench-consumer-1 6.53% 34.99MiB / 7.38GiB 92.2MB / 136MB
flash-cloud-bench-publisher-1 2.14% 34.98MiB / 7.38GiB 66.8MB / 96.8MB
flash-cloud-bench-simulator-1 3.75% 35.62MiB / 7.38GiB 61.4MB / 77.5MB
flash-cloud-bench-maintenance-1 19.87% 34.86MiB / 7.38GiB 1.08GB / 3.7GB
flash-cloud-bench-pgbouncer-1 6.14% 2.895MiB / 7.38GiB 1.93GB / 1.93GB
flash-cloud-bench-postgres-1 65.24% 225.3MiB / 7.38GiB 689MB / 1.29GB
flash-cloud-bench-kafka-1 0.99% 1006MiB / 7.38GiB 60.8MB / 51.8MB
flash-cloud-bench-prometheus-1 0.04% 96.84MiB / 7.38GiB 13.3MB / 1.85MB
Tue Sep  8 05:25:08 PM UTC 2026
flash-cloud-bench-api-1 0.10% 118.1MiB / 7.38GiB 10.1GB / 6.49GB
flash-cloud-bench-redis-1 0.44% 63.93MiB / 7.38GiB 4.19GB / 9.76GB
flash-cloud-bench-consumer-1 6.18% 34.98MiB / 7.38GiB 92.5MB / 137MB
flash-cloud-bench-publisher-1 3.61% 34.98MiB / 7.38GiB 67.1MB / 97.3MB
flash-cloud-bench-simulator-1 3.70% 35.64MiB / 7.38GiB 61.8MB / 78MB
flash-cloud-bench-maintenance-1 4.21% 34.86MiB / 7.38GiB 1.09GB / 3.72GB
flash-cloud-bench-pgbouncer-1 3.37% 2.895MiB / 7.38GiB 1.94GB / 1.94GB
flash-cloud-bench-postgres-1 97.82% 225.3MiB / 7.38GiB 693MB / 1.3GB
flash-cloud-bench-kafka-1 1.61% 1006MiB / 7.38GiB 61.1MB / 51.9MB
flash-cloud-bench-prometheus-1 0.00% 96.85MiB / 7.38GiB 13.4MB / 1.86MB
Tue Sep  8 05:25:20 PM UTC 2026
flash-cloud-bench-api-1 0.10% 118.1MiB / 7.38GiB 10.1GB / 6.49GB
flash-cloud-bench-redis-1 5.13% 63.97MiB / 7.38GiB 4.21GB / 9.76GB
flash-cloud-bench-consumer-1 13.07% 34.98MiB / 7.38GiB 92.8MB / 137MB
flash-cloud-bench-publisher-1 2.77% 34.98MiB / 7.38GiB 67.4MB / 97.7MB
flash-cloud-bench-simulator-1 3.67% 35.62MiB / 7.38GiB 62.1MB / 78.5MB
flash-cloud-bench-maintenance-1 12.94% 34.86MiB / 7.38GiB 1.09GB / 3.75GB
flash-cloud-bench-pgbouncer-1 5.40% 2.879MiB / 7.38GiB 1.95GB / 1.95GB
flash-cloud-bench-postgres-1 79.66% 225.2MiB / 7.38GiB 697MB / 1.3GB
flash-cloud-bench-kafka-1 1.42% 1006MiB / 7.38GiB 61.3MB / 52.1MB
flash-cloud-bench-prometheus-1 0.01% 96.85MiB / 7.38GiB 13.5MB / 1.87MB
Tue Sep  8 05:25:32 PM UTC 2026
flash-cloud-bench-api-1 0.10% 118.1MiB / 7.38GiB 10.1GB / 6.49GB
flash-cloud-bench-redis-1 9.14% 64.02MiB / 7.38GiB 4.24GB / 9.76GB
flash-cloud-bench-consumer-1 11.09% 34.98MiB / 7.38GiB 93.2MB / 138MB
flash-cloud-bench-publisher-1 2.71% 34.98MiB / 7.38GiB 67.8MB / 98.1MB
flash-cloud-bench-simulator-1 3.50% 35.62MiB / 7.38GiB 62.5MB / 78.9MB
flash-cloud-bench-maintenance-1 18.43% 34.86MiB / 7.38GiB 1.1GB / 3.77GB
flash-cloud-bench-pgbouncer-1 6.46% 2.879MiB / 7.38GiB 1.96GB / 1.96GB
flash-cloud-bench-postgres-1 68.16% 225.3MiB / 7.38GiB 700MB / 1.31GB
flash-cloud-bench-kafka-1 1.34% 1006MiB / 7.38GiB 61.5MB / 52.3MB
flash-cloud-bench-prometheus-1 0.00% 96.85MiB / 7.38GiB 13.6MB / 1.89MB
Tue Sep  8 05:25:44 PM UTC 2026
flash-cloud-bench-api-1 29.71% 118.1MiB / 7.38GiB 10.1GB / 6.49GB
flash-cloud-bench-redis-1 13.00% 63.9MiB / 7.38GiB 4.26GB / 9.76GB
flash-cloud-bench-consumer-1 6.61% 34.98MiB / 7.38GiB 93.5MB / 138MB
flash-cloud-bench-publisher-1 2.16% 34.98MiB / 7.38GiB 68.1MB / 98.6MB
flash-cloud-bench-simulator-1 3.53% 35.62MiB / 7.38GiB 62.9MB / 79.4MB
flash-cloud-bench-maintenance-1 21.82% 34.86MiB / 7.38GiB 1.11GB / 3.8GB
flash-cloud-bench-pgbouncer-1 6.70% 2.895MiB / 7.38GiB 1.97GB / 1.97GB
flash-cloud-bench-postgres-1 58.97% 225.3MiB / 7.38GiB 704MB / 1.32GB
flash-cloud-bench-kafka-1 1.19% 1006MiB / 7.38GiB 61.7MB / 52.5MB
flash-cloud-bench-prometheus-1 0.39% 96.85MiB / 7.38GiB 13.6MB / 1.9MB
Tue Sep  8 05:25:56 PM UTC 2026
flash-cloud-bench-api-1 0.52% 118.1MiB / 7.38GiB 10.1GB / 6.49GB
flash-cloud-bench-redis-1 11.47% 64.01MiB / 7.38GiB 4.28GB / 9.76GB
flash-cloud-bench-consumer-1 2.87% 34.98MiB / 7.38GiB 93.8MB / 139MB
flash-cloud-bench-publisher-1 2.47% 34.98MiB / 7.38GiB 68.4MB / 99MB
flash-cloud-bench-simulator-1 3.15% 35.62MiB / 7.38GiB 63.3MB / 79.9MB
flash-cloud-bench-maintenance-1 19.45% 34.86MiB / 7.38GiB 1.11GB / 3.82GB
flash-cloud-bench-pgbouncer-1 6.12% 2.879MiB / 7.38GiB 1.99GB / 1.98GB
flash-cloud-bench-postgres-1 63.86% 225.3MiB / 7.38GiB 708MB / 1.33GB
flash-cloud-bench-kafka-1 1.25% 1006MiB / 7.38GiB 61.9MB / 52.7MB
flash-cloud-bench-prometheus-1 0.04% 96.86MiB / 7.38GiB 13.7MB / 1.91MB
Tue Sep  8 05:26:08 PM UTC 2026
flash-cloud-bench-api-1 2.17% 118.1MiB / 7.38GiB 10.1GB / 6.49GB
flash-cloud-bench-redis-1 1.86% 63.97MiB / 7.38GiB 4.3GB / 9.76GB
flash-cloud-bench-consumer-1 7.19% 34.98MiB / 7.38GiB 94.1MB / 139MB
flash-cloud-bench-publisher-1 4.10% 34.98MiB / 7.38GiB 68.7MB / 99.5MB
flash-cloud-bench-simulator-1 4.04% 35.62MiB / 7.38GiB 63.6MB / 80.4MB
flash-cloud-bench-maintenance-1 7.29% 34.86MiB / 7.38GiB 1.12GB / 3.85GB
flash-cloud-bench-pgbouncer-1 4.37% 2.895MiB / 7.38GiB 2GB / 1.99GB
flash-cloud-bench-postgres-1 93.00% 225.3MiB / 7.38GiB 711MB / 1.34GB
flash-cloud-bench-kafka-1 1.83% 1006MiB / 7.38GiB 62.2MB / 52.9MB
flash-cloud-bench-prometheus-1 0.00% 96.86MiB / 7.38GiB 13.8MB / 1.92MB
Tue Sep  8 05:26:20 PM UTC 2026
flash-cloud-bench-api-1 2.18% 118.1MiB / 7.38GiB 10.1GB / 6.49GB
flash-cloud-bench-redis-1 7.11% 64.05MiB / 7.38GiB 4.33GB / 9.76GB
flash-cloud-bench-consumer-1 0.34% 34.98MiB / 7.38GiB 94.3MB / 139MB
flash-cloud-bench-publisher-1 0.76% 34.98MiB / 7.38GiB 69MB / 99.9MB
flash-cloud-bench-simulator-1 4.16% 35.62MiB / 7.38GiB 64MB / 80.8MB
flash-cloud-bench-maintenance-1 11.13% 34.86MiB / 7.38GiB 1.13GB / 3.87GB
flash-cloud-bench-pgbouncer-1 3.78% 2.879MiB / 7.38GiB 2.01GB / 2GB
flash-cloud-bench-postgres-1 9.30% 225.3MiB / 7.38GiB 715MB / 1.34GB
flash-cloud-bench-kafka-1 0.63% 1006MiB / 7.38GiB 62.3MB / 53MB
flash-cloud-bench-prometheus-1 0.01% 96.86MiB / 7.38GiB 13.9MB / 1.93MB
Tue Sep  8 05:26:32 PM UTC 2026
flash-cloud-bench-api-1 31.22% 118.1MiB / 7.38GiB 10.1GB / 6.49GB
flash-cloud-bench-redis-1 10.21% 63.86MiB / 7.38GiB 4.35GB / 9.76GB
flash-cloud-bench-consumer-1 0.26% 34.98MiB / 7.38GiB 94.3MB / 139MB
flash-cloud-bench-publisher-1 0.98% 34.98MiB / 7.38GiB 69.1MB / 100MB
flash-cloud-bench-simulator-1 4.05% 35.62MiB / 7.38GiB 64.4MB / 81.3MB
flash-cloud-bench-maintenance-1 15.08% 34.86MiB / 7.38GiB 1.14GB / 3.9GB
flash-cloud-bench-pgbouncer-1 4.44% 2.895MiB / 7.38GiB 2.02GB / 2.01GB
flash-cloud-bench-postgres-1 15.79% 225.3MiB / 7.38GiB 718MB / 1.35GB
flash-cloud-bench-kafka-1 0.54% 1006MiB / 7.38GiB 62.3MB / 53MB
flash-cloud-bench-prometheus-1 0.21% 96.86MiB / 7.38GiB 14MB / 1.94MB
Tue Sep  8 05:26:44 PM UTC 2026
flash-cloud-bench-api-1 2.20% 118.2MiB / 7.38GiB 10.1GB / 6.5GB
flash-cloud-bench-redis-1 12.53% 63.62MiB / 7.38GiB 4.37GB / 9.76GB
flash-cloud-bench-consumer-1 0.25% 34.98MiB / 7.38GiB 94.3MB / 139MB
flash-cloud-bench-publisher-1 0.72% 34.98MiB / 7.38GiB 69.2MB / 100MB
flash-cloud-bench-simulator-1 3.86% 35.62MiB / 7.38GiB 64.8MB / 81.8MB
flash-cloud-bench-maintenance-1 18.09% 34.86MiB / 7.38GiB 1.14GB / 3.92GB
flash-cloud-bench-pgbouncer-1 5.01% 2.895MiB / 7.38GiB 2.03GB / 2.02GB
flash-cloud-bench-postgres-1 8.68% 225.3MiB / 7.38GiB 720MB / 1.36GB
flash-cloud-bench-kafka-1 0.62% 1006MiB / 7.38GiB 62.3MB / 53MB
flash-cloud-bench-prometheus-1 0.04% 96.86MiB / 7.38GiB 14.1MB / 1.95MB
Tue Sep  8 05:26:56 PM UTC 2026
flash-cloud-bench-api-1 2.21% 118.2MiB / 7.38GiB 10.1GB / 6.5GB
flash-cloud-bench-redis-1 11.52% 63.59MiB / 7.38GiB 4.4GB / 9.77GB
flash-cloud-bench-consumer-1 0.43% 34.98MiB / 7.38GiB 94.4MB / 139MB
flash-cloud-bench-publisher-1 0.72% 34.98MiB / 7.38GiB 69.3MB / 100MB
flash-cloud-bench-simulator-1 3.96% 35.62MiB / 7.38GiB 65.1MB / 82.2MB
flash-cloud-bench-maintenance-1 17.40% 34.85MiB / 7.38GiB 1.15GB / 3.94GB
flash-cloud-bench-pgbouncer-1 4.84% 2.875MiB / 7.38GiB 2.03GB / 2.03GB
flash-cloud-bench-postgres-1 17.39% 225.3MiB / 7.38GiB 722MB / 1.36GB
flash-cloud-bench-kafka-1 0.57% 1006MiB / 7.38GiB 62.3MB / 53MB
flash-cloud-bench-prometheus-1 0.14% 96.87MiB / 7.38GiB 14.1MB / 1.97MB
Tue Sep  8 05:27:09 PM UTC 2026
flash-cloud-bench-api-1 0.09% 118.2MiB / 7.38GiB 10.1GB / 6.5GB
flash-cloud-bench-redis-1 25.50% 63.7MiB / 7.38GiB 4.42GB / 9.77GB
flash-cloud-bench-consumer-1 0.27% 34.99MiB / 7.38GiB 94.4MB / 139MB
flash-cloud-bench-publisher-1 0.75% 34.98MiB / 7.38GiB 69.4MB / 100MB
flash-cloud-bench-simulator-1 3.71% 35.62MiB / 7.38GiB 65.5MB / 82.7MB
flash-cloud-bench-maintenance-1 3.45% 34.86MiB / 7.38GiB 1.16GB / 3.97GB
flash-cloud-bench-pgbouncer-1 2.11% 2.875MiB / 7.38GiB 2.04GB / 2.04GB
flash-cloud-bench-postgres-1 10.39% 225.3MiB / 7.38GiB 724MB / 1.37GB
flash-cloud-bench-kafka-1 0.68% 1006MiB / 7.38GiB 62.3MB / 53MB
flash-cloud-bench-prometheus-1 0.01% 96.86MiB / 7.38GiB 14.2MB / 1.98MB
Tue Sep  8 05:27:21 PM UTC 2026
flash-cloud-bench-api-1 2.60% 118.2MiB / 7.38GiB 10.1GB / 6.5GB
flash-cloud-bench-redis-1 6.43% 63.76MiB / 7.38GiB 4.44GB / 9.77GB
flash-cloud-bench-consumer-1 0.59% 34.98MiB / 7.38GiB 94.4MB / 139MB
flash-cloud-bench-publisher-1 0.76% 34.98MiB / 7.38GiB 69.5MB / 101MB
flash-cloud-bench-simulator-1 4.02% 35.62MiB / 7.38GiB 65.9MB / 83.2MB
flash-cloud-bench-maintenance-1 9.75% 34.87MiB / 7.38GiB 1.16GB / 3.99GB
flash-cloud-bench-pgbouncer-1 3.42% 2.891MiB / 7.38GiB 2.05GB / 2.05GB
flash-cloud-bench-postgres-1 13.42% 225.2MiB / 7.38GiB 727MB / 1.38GB
flash-cloud-bench-kafka-1 0.58% 1006MiB / 7.38GiB 62.3MB / 53MB
flash-cloud-bench-prometheus-1 0.02% 96.87MiB / 7.38GiB 14.3MB / 1.99MB
Tue Sep  8 05:27:33 PM UTC 2026
flash-cloud-bench-api-1 2.22% 118.2MiB / 7.38GiB 10.1GB / 6.5GB
flash-cloud-bench-redis-1 16.04% 63.71MiB / 7.38GiB 4.47GB / 9.77GB
flash-cloud-bench-consumer-1 0.37% 34.98MiB / 7.38GiB 94.4MB / 139MB
flash-cloud-bench-publisher-1 1.03% 34.98MiB / 7.38GiB 69.6MB / 101MB
flash-cloud-bench-simulator-1 4.27% 35.62MiB / 7.38GiB 66.3MB / 83.7MB
flash-cloud-bench-maintenance-1 23.67% 34.87MiB / 7.38GiB 1.17GB / 4.02GB
flash-cloud-bench-pgbouncer-1 6.07% 2.898MiB / 7.38GiB 2.06GB / 2.06GB
flash-cloud-bench-postgres-1 14.97% 225.2MiB / 7.38GiB 729MB / 1.39GB
flash-cloud-bench-kafka-1 0.62% 1006MiB / 7.38GiB 62.4MB / 53MB
flash-cloud-bench-prometheus-1 0.00% 96.87MiB / 7.38GiB 14.4MB / 2MB
Tue Sep  8 05:27:45 PM UTC 2026
flash-cloud-bench-api-1 2.26% 118.2MiB / 7.38GiB 10.1GB / 6.5GB
flash-cloud-bench-redis-1 7.55% 63.59MiB / 7.38GiB 4.49GB / 9.77GB
flash-cloud-bench-consumer-1 0.40% 34.98MiB / 7.38GiB 94.4MB / 139MB
flash-cloud-bench-publisher-1 0.82% 34.98MiB / 7.38GiB 69.7MB / 101MB
flash-cloud-bench-simulator-1 3.26% 35.62MiB / 7.38GiB 66.7MB / 84.2MB
flash-cloud-bench-maintenance-1 11.49% 34.87MiB / 7.38GiB 1.18GB / 4.04GB
flash-cloud-bench-pgbouncer-1 3.64% 2.883MiB / 7.38GiB 2.07GB / 2.07GB
flash-cloud-bench-postgres-1 8.72% 225.2MiB / 7.38GiB 731MB / 1.39GB
flash-cloud-bench-kafka-1 85.31% 1.027GiB / 7.38GiB 62.4MB / 53MB
flash-cloud-bench-prometheus-1 0.04% 96.86MiB / 7.38GiB 14.5MB / 2.01MB
Tue Sep  8 05:27:57 PM UTC 2026
flash-cloud-bench-api-1 32.14% 118.2MiB / 7.38GiB 10.1GB / 6.5GB
flash-cloud-bench-redis-1 11.78% 63.68MiB / 7.38GiB 4.51GB / 9.77GB
flash-cloud-bench-consumer-1 0.55% 34.98MiB / 7.38GiB 94.4MB / 140MB
flash-cloud-bench-publisher-1 0.93% 34.98MiB / 7.38GiB 69.8MB / 101MB
flash-cloud-bench-simulator-1 2.86% 35.62MiB / 7.38GiB 67MB / 84.6MB
flash-cloud-bench-maintenance-1 17.72% 34.87MiB / 7.38GiB 1.18GB / 4.06GB
flash-cloud-bench-pgbouncer-1 5.10% 2.879MiB / 7.38GiB 2.08GB / 2.08GB
flash-cloud-bench-postgres-1 12.12% 225.2MiB / 7.38GiB 733MB / 1.4GB
flash-cloud-bench-kafka-1 187.83% 1.052GiB / 7.38GiB 62.4MB / 53MB
flash-cloud-bench-prometheus-1 0.19% 96.9MiB / 7.38GiB 14.6MB / 2.02MB
Tue Sep  8 05:28:09 PM UTC 2026
flash-cloud-bench-api-1 2.26% 118.2MiB / 7.38GiB 10.1GB / 6.5GB
flash-cloud-bench-redis-1 31.64% 63.69MiB / 7.38GiB 4.53GB / 9.77GB
flash-cloud-bench-consumer-1 0.24% 34.98MiB / 7.38GiB 94.4MB / 140MB
flash-cloud-bench-publisher-1 0.80% 34.98MiB / 7.38GiB 70MB / 101MB
flash-cloud-bench-simulator-1 3.87% 35.62MiB / 7.38GiB 67.4MB / 85.1MB
flash-cloud-bench-maintenance-1 3.50% 34.87MiB / 7.38GiB 1.19GB / 4.09GB
flash-cloud-bench-pgbouncer-1 2.10% 2.895MiB / 7.38GiB 2.09GB / 2.08GB
flash-cloud-bench-postgres-1 5.18% 225.2MiB / 7.38GiB 736MB / 1.41GB
flash-cloud-bench-kafka-1 55.66% 1006MiB / 7.38GiB 62.4MB / 53MB
flash-cloud-bench-prometheus-1 0.32% 96.91MiB / 7.38GiB 14.6MB / 2.03MB
Tue Sep  8 05:28:21 PM UTC 2026
flash-cloud-bench-api-1 2.59% 118.9MiB / 7.38GiB 10.1GB / 6.5GB
flash-cloud-bench-redis-1 7.68% 63.94MiB / 7.38GiB 4.56GB / 9.77GB
flash-cloud-bench-consumer-1 0.42% 34.98MiB / 7.38GiB 94.4MB / 140MB
flash-cloud-bench-publisher-1 0.73% 34.98MiB / 7.38GiB 70.1MB / 101MB
flash-cloud-bench-simulator-1 4.12% 35.62MiB / 7.38GiB 67.8MB / 85.6MB
flash-cloud-bench-maintenance-1 11.68% 34.87MiB / 7.38GiB 1.2GB / 4.11GB
flash-cloud-bench-pgbouncer-1 3.73% 2.883MiB / 7.38GiB 2.1GB / 2.09GB
flash-cloud-bench-postgres-1 8.87% 225.2MiB / 7.38GiB 738MB / 1.41GB
flash-cloud-bench-kafka-1 0.48% 1006MiB / 7.38GiB 62.4MB / 53MB
flash-cloud-bench-prometheus-1 0.01% 96.91MiB / 7.38GiB 14.7MB / 2.04MB
Tue Sep  8 05:28:33 PM UTC 2026
flash-cloud-bench-api-1 4.14% 90.77MiB / 7.38GiB 10.1GB / 6.5GB
flash-cloud-bench-redis-1 9.01% 63.76MiB / 7.38GiB 4.58GB / 9.77GB
flash-cloud-bench-consumer-1 0.29% 34.99MiB / 7.38GiB 94.4MB / 140MB
flash-cloud-bench-publisher-1 0.98% 34.98MiB / 7.38GiB 70.2MB / 101MB
flash-cloud-bench-simulator-1 4.24% 35.62MiB / 7.38GiB 68.2MB / 86.1MB
flash-cloud-bench-maintenance-1 19.77% 34.87MiB / 7.38GiB 1.2GB / 4.14GB
flash-cloud-bench-pgbouncer-1 5.31% 2.879MiB / 7.38GiB 2.11GB / 2.1GB
flash-cloud-bench-postgres-1 12.66% 222.5MiB / 7.38GiB 740MB / 1.42GB
flash-cloud-bench-kafka-1 0.53% 1007MiB / 7.38GiB 62.4MB / 53MB
flash-cloud-bench-prometheus-1 0.35% 96.91MiB / 7.38GiB 14.8MB / 2.06MB
Tue Sep  8 05:28:45 PM UTC 2026
flash-cloud-bench-api-1 21.92% 90.77MiB / 7.38GiB 10.1GB / 6.5GB
flash-cloud-bench-redis-1 3.48% 63.66MiB / 7.38GiB 4.6GB / 9.77GB
flash-cloud-bench-consumer-1 0.33% 34.99MiB / 7.38GiB 94.4MB / 140MB
flash-cloud-bench-publisher-1 0.74% 34.98MiB / 7.38GiB 70.3MB / 102MB
flash-cloud-bench-simulator-1 3.95% 35.62MiB / 7.38GiB 68.6MB / 86.5MB
flash-cloud-bench-maintenance-1 3.14% 34.87MiB / 7.38GiB 1.21GB / 4.16GB
flash-cloud-bench-pgbouncer-1 2.17% 2.898MiB / 7.38GiB 2.12GB / 2.11GB
flash-cloud-bench-postgres-1 4.66% 222.6MiB / 7.38GiB 742MB / 1.43GB
flash-cloud-bench-kafka-1 0.55% 1007MiB / 7.38GiB 62.4MB / 53MB
flash-cloud-bench-prometheus-1 0.01% 96.91MiB / 7.38GiB 14.9MB / 2.07MB
Tue Sep  8 05:28:57 PM UTC 2026
flash-cloud-bench-api-1 0.09% 90.77MiB / 7.38GiB 10.1GB / 6.5GB
flash-cloud-bench-redis-1 9.15% 63.64MiB / 7.38GiB 4.62GB / 9.77GB
flash-cloud-bench-consumer-1 0.37% 34.99MiB / 7.38GiB 94.4MB / 140MB
flash-cloud-bench-publisher-1 1.01% 34.98MiB / 7.38GiB 70.4MB / 102MB
flash-cloud-bench-simulator-1 4.22% 35.62MiB / 7.38GiB 68.9MB / 87MB
flash-cloud-bench-maintenance-1 10.92% 34.87MiB / 7.38GiB 1.22GB / 4.18GB
flash-cloud-bench-pgbouncer-1 3.61% 2.898MiB / 7.38GiB 2.12GB / 2.12GB
flash-cloud-bench-postgres-1 8.04% 222.6MiB / 7.38GiB 744MB / 1.43GB
flash-cloud-bench-kafka-1 0.48% 1007MiB / 7.38GiB 62.4MB / 53MB
flash-cloud-bench-prometheus-1 0.18% 96.91MiB / 7.38GiB 15MB / 2.08MB
Tue Sep  8 05:29:09 PM UTC 2026
flash-cloud-bench-api-1 0.09% 90.77MiB / 7.38GiB 10.1GB / 6.5GB
flash-cloud-bench-redis-1 6.59% 63.67MiB / 7.38GiB 4.65GB / 9.77GB
flash-cloud-bench-consumer-1 0.31% 34.99MiB / 7.38GiB 94.4MB / 140MB
flash-cloud-bench-publisher-1 0.74% 34.98MiB / 7.38GiB 70.5MB / 102MB
flash-cloud-bench-simulator-1 3.75% 35.62MiB / 7.38GiB 69.3MB / 87.5MB
flash-cloud-bench-maintenance-1 7.60% 34.87MiB / 7.38GiB 1.22GB / 4.21GB
flash-cloud-bench-pgbouncer-1 2.91% 2.883MiB / 7.38GiB 2.13GB / 2.13GB
flash-cloud-bench-postgres-1 6.61% 222.5MiB / 7.38GiB 746MB / 1.44GB
flash-cloud-bench-kafka-1 0.60% 1007MiB / 7.38GiB 62.4MB / 53MB
flash-cloud-bench-prometheus-1 0.02% 96.91MiB / 7.38GiB 15MB / 2.09MB
Tue Sep  8 05:29:21 PM UTC 2026
flash-cloud-bench-api-1 13.63% 101.2MiB / 7.38GiB 10.1GB / 6.5GB
flash-cloud-bench-redis-1 16.17% 63.69MiB / 7.38GiB 4.67GB / 9.77GB
flash-cloud-bench-consumer-1 0.57% 34.99MiB / 7.38GiB 94.4MB / 140MB
flash-cloud-bench-publisher-1 0.80% 34.98MiB / 7.38GiB 70.6MB / 102MB
flash-cloud-bench-simulator-1 3.86% 35.62MiB / 7.38GiB 69.7MB / 88MB
flash-cloud-bench-maintenance-1 21.32% 34.87MiB / 7.38GiB 1.23GB / 4.23GB
flash-cloud-bench-pgbouncer-1 5.78% 2.883MiB / 7.38GiB 2.14GB / 2.14GB
flash-cloud-bench-postgres-1 13.46% 222.5MiB / 7.38GiB 748MB / 1.45GB
flash-cloud-bench-kafka-1 0.59% 1007MiB / 7.38GiB 62.4MB / 53MB
flash-cloud-bench-prometheus-1 0.01% 96.91MiB / 7.38GiB 15.1MB / 2.1MB
Tue Sep  8 05:29:34 PM UTC 2026
flash-cloud-bench-api-1 0.10% 90.77MiB / 7.38GiB 10.1GB / 6.5GB
flash-cloud-bench-redis-1 15.77% 63.67MiB / 7.38GiB 4.69GB / 9.77GB
flash-cloud-bench-consumer-1 0.23% 34.99MiB / 7.38GiB 94.4MB / 140MB
flash-cloud-bench-publisher-1 0.78% 34.98MiB / 7.38GiB 70.7MB / 102MB
flash-cloud-bench-simulator-1 4.00% 35.62MiB / 7.38GiB 70.1MB / 88.5MB
flash-cloud-bench-maintenance-1 20.34% 34.87MiB / 7.38GiB 1.24GB / 4.26GB
flash-cloud-bench-pgbouncer-1 5.56% 2.879MiB / 7.38GiB 2.15GB / 2.15GB
flash-cloud-bench-postgres-1 13.40% 222.6MiB / 7.38GiB 750MB / 1.46GB
flash-cloud-bench-kafka-1 0.55% 1007MiB / 7.38GiB 62.4MB / 53MB
flash-cloud-bench-prometheus-1 0.22% 96.91MiB / 7.38GiB 15.2MB / 2.11MB
Tue Sep  8 05:29:46 PM UTC 2026
flash-cloud-bench-api-1 0.10% 90.77MiB / 7.38GiB 10.1GB / 6.5GB
flash-cloud-bench-redis-1 8.63% 63.68MiB / 7.38GiB 4.72GB / 9.77GB
flash-cloud-bench-consumer-1 0.46% 34.99MiB / 7.38GiB 94.4MB / 140MB
flash-cloud-bench-publisher-1 0.75% 34.98MiB / 7.38GiB 70.8MB / 102MB
flash-cloud-bench-simulator-1 3.94% 35.62MiB / 7.38GiB 70.4MB / 88.9MB
flash-cloud-bench-maintenance-1 10.24% 35.12MiB / 7.38GiB 1.24GB / 4.28GB
flash-cloud-bench-pgbouncer-1 3.47% 2.895MiB / 7.38GiB 2.16GB / 2.16GB
flash-cloud-bench-postgres-1 13.26% 222.6MiB / 7.38GiB 752MB / 1.46GB
flash-cloud-bench-kafka-1 0.48% 1007MiB / 7.38GiB 62.4MB / 53MB
flash-cloud-bench-prometheus-1 0.21% 96.91MiB / 7.38GiB 15.3MB / 2.13MB
Tue Sep  8 05:29:58 PM UTC 2026
flash-cloud-bench-api-1 0.08% 90.77MiB / 7.38GiB 10.1GB / 6.5GB
flash-cloud-bench-redis-1 4.49% 63.64MiB / 7.38GiB 4.74GB / 9.77GB
flash-cloud-bench-consumer-1 0.17% 34.99MiB / 7.38GiB 94.4MB / 140MB
flash-cloud-bench-publisher-1 0.98% 34.98MiB / 7.38GiB 70.9MB / 102MB
flash-cloud-bench-simulator-1 4.20% 35.62MiB / 7.38GiB 70.8MB / 89.4MB
flash-cloud-bench-maintenance-1 4.64% 34.87MiB / 7.38GiB 1.25GB / 4.3GB
flash-cloud-bench-pgbouncer-1 2.36% 2.895MiB / 7.38GiB 2.17GB / 2.17GB
flash-cloud-bench-postgres-1 10.49% 222.6MiB / 7.38GiB 754MB / 1.47GB
flash-cloud-bench-kafka-1 0.48% 1007MiB / 7.38GiB 62.4MB / 53MB
flash-cloud-bench-prometheus-1 0.00% 97.02MiB / 7.38GiB 15.4MB / 2.14MB
Tue Sep  8 05:30:10 PM UTC 2026
flash-cloud-bench-api-1 29.37% 90.77MiB / 7.38GiB 10.1GB / 6.5GB
flash-cloud-bench-redis-1 13.18% 63.68MiB / 7.38GiB 4.76GB / 9.77GB
flash-cloud-bench-consumer-1 0.28% 34.99MiB / 7.38GiB 94.4MB / 140MB
flash-cloud-bench-publisher-1 0.80% 34.98MiB / 7.38GiB 71.1MB / 103MB
flash-cloud-bench-simulator-1 3.48% 35.62MiB / 7.38GiB 71.2MB / 89.9MB
flash-cloud-bench-maintenance-1 16.32% 34.87MiB / 7.38GiB 1.26GB / 4.33GB
flash-cloud-bench-pgbouncer-1 4.55% 2.879MiB / 7.38GiB 2.18GB / 2.18GB
flash-cloud-bench-postgres-1 15.91% 222.5MiB / 7.38GiB 756MB / 1.48GB
flash-cloud-bench-kafka-1 0.64% 1007MiB / 7.38GiB 62.4MB / 53.1MB
flash-cloud-bench-prometheus-1 0.01% 97.02MiB / 7.38GiB 15.5MB / 2.15MB
Tue Sep  8 05:30:22 PM UTC 2026
flash-cloud-bench-api-1 0.09% 90.77MiB / 7.38GiB 10.1GB / 6.5GB
flash-cloud-bench-redis-1 15.49% 63.66MiB / 7.38GiB 4.78GB / 9.77GB
flash-cloud-bench-consumer-1 0.31% 34.99MiB / 7.38GiB 94.5MB / 140MB
flash-cloud-bench-publisher-1 0.74% 34.98MiB / 7.38GiB 71.2MB / 103MB
flash-cloud-bench-simulator-1 4.05% 35.62MiB / 7.38GiB 71.6MB / 90.4MB
flash-cloud-bench-maintenance-1 20.45% 34.87MiB / 7.38GiB 1.26GB / 4.35GB
flash-cloud-bench-pgbouncer-1 5.77% 2.879MiB / 7.38GiB 2.19GB / 2.18GB
flash-cloud-bench-postgres-1 19.14% 222.5MiB / 7.38GiB 758MB / 1.48GB
flash-cloud-bench-kafka-1 0.53% 1007MiB / 7.38GiB 62.4MB / 53.1MB
flash-cloud-bench-prometheus-1 0.22% 97.02MiB / 7.38GiB 15.5MB / 2.16MB
Tue Sep  8 05:30:34 PM UTC 2026
flash-cloud-bench-api-1 0.10% 90.77MiB / 7.38GiB 10.1GB / 6.5GB
flash-cloud-bench-redis-1 9.17% 63.65MiB / 7.38GiB 4.81GB / 9.77GB
flash-cloud-bench-consumer-1 0.36% 34.99MiB / 7.38GiB 94.5MB / 140MB
flash-cloud-bench-publisher-1 0.77% 34.98MiB / 7.38GiB 71.3MB / 103MB
flash-cloud-bench-simulator-1 4.08% 35.62MiB / 7.38GiB 72MB / 90.8MB
flash-cloud-bench-maintenance-1 12.03% 34.87MiB / 7.38GiB 1.27GB / 4.38GB
flash-cloud-bench-pgbouncer-1 4.09% 2.875MiB / 7.38GiB 2.2GB / 2.19GB
flash-cloud-bench-postgres-1 15.22% 222.5MiB / 7.38GiB 760MB / 1.49GB
flash-cloud-bench-kafka-1 0.95% 1007MiB / 7.38GiB 62.4MB / 53.1MB
flash-cloud-bench-prometheus-1 0.39% 97.02MiB / 7.38GiB 15.6MB / 2.17MB
Tue Sep  8 05:30:46 PM UTC 2026
flash-cloud-bench-api-1 0.50% 90.77MiB / 7.38GiB 10.1GB / 6.5GB
flash-cloud-bench-redis-1 13.62% 63.66MiB / 7.38GiB 4.83GB / 9.77GB
flash-cloud-bench-consumer-1 0.60% 34.99MiB / 7.38GiB 94.5MB / 140MB
flash-cloud-bench-publisher-1 0.76% 34.98MiB / 7.38GiB 71.4MB / 103MB
flash-cloud-bench-simulator-1 3.84% 35.62MiB / 7.38GiB 72.3MB / 91.3MB
flash-cloud-bench-maintenance-1 16.61% 34.87MiB / 7.38GiB 1.28GB / 4.4GB
flash-cloud-bench-pgbouncer-1 4.82% 2.895MiB / 7.38GiB 2.21GB / 2.2GB
flash-cloud-bench-postgres-1 10.86% 222.6MiB / 7.38GiB 762MB / 1.5GB
flash-cloud-bench-kafka-1 0.51% 1007MiB / 7.38GiB 62.4MB / 53.1MB
flash-cloud-bench-prometheus-1 0.03% 97.02MiB / 7.38GiB 15.7MB / 2.18MB
Tue Sep  8 05:30:58 PM UTC 2026
flash-cloud-bench-api-1 17.66% 101.8MiB / 7.38GiB 10.1GB / 6.5GB
flash-cloud-bench-redis-1 8.02% 63.68MiB / 7.38GiB 4.85GB / 9.77GB
flash-cloud-bench-consumer-1 0.14% 34.99MiB / 7.38GiB 94.5MB / 140MB
flash-cloud-bench-publisher-1 0.81% 34.98MiB / 7.38GiB 71.5MB / 103MB
flash-cloud-bench-simulator-1 3.93% 35.62MiB / 7.38GiB 72.7MB / 91.7MB
flash-cloud-bench-maintenance-1 16.87% 34.87MiB / 7.38GiB 1.28GB / 4.42GB
flash-cloud-bench-pgbouncer-1 3.25% 2.898MiB / 7.38GiB 2.21GB / 2.21GB
flash-cloud-bench-postgres-1 7.23% 222.6MiB / 7.38GiB 764MB / 1.5GB
flash-cloud-bench-kafka-1 0.48% 1007MiB / 7.38GiB 62.4MB / 53.1MB
flash-cloud-bench-prometheus-1 0.00% 97.02MiB / 7.38GiB 15.8MB / 2.19MB
Tue Sep  8 05:31:10 PM UTC 2026
flash-cloud-bench-api-1 0.08% 90.77MiB / 7.38GiB 10.1GB / 6.5GB
flash-cloud-bench-redis-1 14.40% 63.61MiB / 7.38GiB 4.87GB / 9.77GB
flash-cloud-bench-consumer-1 0.24% 34.99MiB / 7.38GiB 94.5MB / 140MB
flash-cloud-bench-publisher-1 0.83% 34.98MiB / 7.38GiB 71.6MB / 103MB
flash-cloud-bench-simulator-1 3.36% 35.62MiB / 7.38GiB 73.1MB / 92.3MB
flash-cloud-bench-maintenance-1 18.56% 34.87MiB / 7.38GiB 1.29GB / 4.45GB
flash-cloud-bench-pgbouncer-1 5.27% 2.879MiB / 7.38GiB 2.22GB / 2.22GB
flash-cloud-bench-postgres-1 12.21% 222.5MiB / 7.38GiB 766MB / 1.51GB
flash-cloud-bench-kafka-1 54.65% 1.018GiB / 7.38GiB 62.4MB / 53.1MB
flash-cloud-bench-prometheus-1 0.01% 97.03MiB / 7.38GiB 15.9MB / 2.21MB
Tue Sep  8 05:31:22 PM UTC 2026
flash-cloud-bench-api-1 0.11% 90.77MiB / 7.38GiB 10.1GB / 6.5GB
flash-cloud-bench-redis-1 14.94% 65.23MiB / 7.38GiB 4.9GB / 9.77GB
flash-cloud-bench-consumer-1 0.23% 34.99MiB / 7.38GiB 94.5MB / 140MB
flash-cloud-bench-publisher-1 1.17% 34.98MiB / 7.38GiB 71.7MB / 103MB
flash-cloud-bench-simulator-1 3.17% 35.62MiB / 7.38GiB 73.5MB / 92.7MB
flash-cloud-bench-maintenance-1 20.57% 34.87MiB / 7.38GiB 1.3GB / 4.47GB
flash-cloud-bench-pgbouncer-1 5.67% 2.879MiB / 7.38GiB 2.23GB / 2.23GB
flash-cloud-bench-postgres-1 13.23% 222.5MiB / 7.38GiB 768MB / 1.52GB
flash-cloud-bench-kafka-1 190.12% 1.05GiB / 7.38GiB 62.4MB / 53.1MB
flash-cloud-bench-prometheus-1 0.21% 97.03MiB / 7.38GiB 16MB / 2.22MB
Tue Sep  8 05:31:34 PM UTC 2026
flash-cloud-bench-api-1 26.89% 103.7MiB / 7.38GiB 10.1GB / 6.5GB
flash-cloud-bench-redis-1 2.80% 63.66MiB / 7.38GiB 4.92GB / 9.77GB
flash-cloud-bench-consumer-1 0.26% 34.99MiB / 7.38GiB 94.5MB / 140MB
flash-cloud-bench-publisher-1 0.84% 34.98MiB / 7.38GiB 71.8MB / 104MB
flash-cloud-bench-simulator-1 3.59% 35.62MiB / 7.38GiB 73.8MB / 93.2MB
flash-cloud-bench-maintenance-1 5.07% 34.87MiB / 7.38GiB 1.3GB / 4.49GB
flash-cloud-bench-pgbouncer-1 2.48% 2.879MiB / 7.38GiB 2.24GB / 2.24GB
flash-cloud-bench-postgres-1 5.83% 222.5MiB / 7.38GiB 770MB / 1.53GB
flash-cloud-bench-kafka-1 71.13% 1007MiB / 7.38GiB 62.5MB / 53.1MB
flash-cloud-bench-prometheus-1 0.14% 97.04MiB / 7.38GiB 16MB / 2.23MB
Tue Sep  8 05:31:46 PM UTC 2026
flash-cloud-bench-api-1 0.09% 90.77MiB / 7.38GiB 10.1GB / 6.5GB
flash-cloud-bench-redis-1 11.25% 63.65MiB / 7.38GiB 4.94GB / 9.77GB
flash-cloud-bench-consumer-1 0.59% 34.99MiB / 7.38GiB 94.5MB / 140MB
flash-cloud-bench-publisher-1 0.83% 34.98MiB / 7.38GiB 71.9MB / 104MB
flash-cloud-bench-simulator-1 3.93% 35.62MiB / 7.38GiB 74.2MB / 93.7MB
flash-cloud-bench-maintenance-1 17.66% 34.87MiB / 7.38GiB 1.31GB / 4.52GB
flash-cloud-bench-pgbouncer-1 5.08% 2.879MiB / 7.38GiB 2.25GB / 2.25GB
flash-cloud-bench-postgres-1 12.18% 222.5MiB / 7.38GiB 772MB / 1.53GB
flash-cloud-bench-kafka-1 158.06% 1.052GiB / 7.38GiB 62.5MB / 53.1MB
flash-cloud-bench-prometheus-1 0.13% 97.04MiB / 7.38GiB 16.1MB / 2.24MB
Tue Sep  8 05:31:59 PM UTC 2026
flash-cloud-bench-api-1 0.10% 90.77MiB / 7.38GiB 10.1GB / 6.5GB
flash-cloud-bench-redis-1 11.55% 63.66MiB / 7.38GiB 4.96GB / 9.77GB
flash-cloud-bench-consumer-1 0.32% 34.99MiB / 7.38GiB 94.5MB / 140MB
flash-cloud-bench-publisher-1 1.01% 34.98MiB / 7.38GiB 72MB / 104MB
flash-cloud-bench-simulator-1 3.89% 35.62MiB / 7.38GiB 74.6MB / 94.2MB
flash-cloud-bench-maintenance-1 17.20% 34.87MiB / 7.38GiB 1.32GB / 4.54GB
flash-cloud-bench-pgbouncer-1 4.81% 2.879MiB / 7.38GiB 2.26GB / 2.26GB
flash-cloud-bench-postgres-1 16.15% 222.5MiB / 7.38GiB 774MB / 1.54GB
flash-cloud-bench-kafka-1 0.58% 1007MiB / 7.38GiB 62.5MB / 53.1MB
flash-cloud-bench-prometheus-1 0.01% 97.19MiB / 7.38GiB 16.2MB / 2.25MB
Tue Sep  8 05:32:11 PM UTC 2026
flash-cloud-bench-api-1 0.09% 90.77MiB / 7.38GiB 10.1GB / 6.5GB
flash-cloud-bench-redis-1 11.53% 63.67MiB / 7.38GiB 4.99GB / 9.77GB
flash-cloud-bench-consumer-1 0.55% 34.99MiB / 7.38GiB 94.5MB / 140MB
flash-cloud-bench-publisher-1 0.79% 34.98MiB / 7.38GiB 72.1MB / 104MB
flash-cloud-bench-simulator-1 4.13% 35.63MiB / 7.38GiB 75MB / 94.7MB
flash-cloud-bench-maintenance-1 17.27% 34.87MiB / 7.38GiB 1.32GB / 4.57GB
flash-cloud-bench-pgbouncer-1 4.97% 2.891MiB / 7.38GiB 2.27GB / 2.26GB
flash-cloud-bench-postgres-1 11.68% 222.6MiB / 7.38GiB 776MB / 1.55GB
flash-cloud-bench-kafka-1 0.59% 1007MiB / 7.38GiB 62.5MB / 53.1MB
flash-cloud-bench-prometheus-1 0.18% 97.19MiB / 7.38GiB 16.3MB / 2.26MB
Tue Sep  8 05:32:23 PM UTC 2026
flash-cloud-bench-api-1 0.09% 90.77MiB / 7.38GiB 10.1GB / 6.5GB
flash-cloud-bench-redis-1 7.21% 63.69MiB / 7.38GiB 5.01GB / 9.77GB
flash-cloud-bench-consumer-1 0.36% 34.99MiB / 7.38GiB 94.5MB / 140MB
flash-cloud-bench-publisher-1 1.05% 34.98MiB / 7.38GiB 72.3MB / 104MB
flash-cloud-bench-simulator-1 4.17% 35.62MiB / 7.38GiB 75.4MB / 95.1MB
flash-cloud-bench-maintenance-1 11.50% 34.87MiB / 7.38GiB 1.33GB / 4.59GB
flash-cloud-bench-pgbouncer-1 3.82% 2.898MiB / 7.38GiB 2.28GB / 2.27GB
flash-cloud-bench-postgres-1 8.60% 222.6MiB / 7.38GiB 778MB / 1.55GB
flash-cloud-bench-kafka-1 0.61% 1007MiB / 7.38GiB 62.5MB / 53.1MB
flash-cloud-bench-prometheus-1 0.34% 97.2MiB / 7.38GiB 16.4MB / 2.28MB
Tue Sep  8 05:32:35 PM UTC 2026
flash-cloud-bench-api-1 4.38% 90.77MiB / 7.38GiB 10.1GB / 6.5GB
flash-cloud-bench-redis-1 0.38% 63.67MiB / 7.38GiB 5.03GB / 9.77GB
flash-cloud-bench-consumer-1 0.23% 34.99MiB / 7.38GiB 94.5MB / 140MB
flash-cloud-bench-publisher-1 0.74% 34.98MiB / 7.38GiB 72.4MB / 104MB
flash-cloud-bench-simulator-1 3.76% 35.62MiB / 7.38GiB 75.7MB / 95.6MB
flash-cloud-bench-maintenance-1 1.61% 34.87MiB / 7.38GiB 1.34GB / 4.61GB
flash-cloud-bench-pgbouncer-1 1.68% 2.879MiB / 7.38GiB 2.29GB / 2.28GB
flash-cloud-bench-postgres-1 3.54% 219.9MiB / 7.38GiB 780MB / 1.56GB
flash-cloud-bench-kafka-1 0.62% 1007MiB / 7.38GiB 62.5MB / 53.1MB
flash-cloud-bench-prometheus-1 0.03% 97.19MiB / 7.38GiB 16.4MB / 2.29MB
Tue Sep  8 05:32:47 PM UTC 2026
flash-cloud-bench-api-1 0.10% 90.77MiB / 7.38GiB 10.1GB / 6.5GB
flash-cloud-bench-redis-1 9.44% 63.65MiB / 7.38GiB 5.05GB / 9.77GB
flash-cloud-bench-consumer-1 0.24% 34.99MiB / 7.38GiB 94.5MB / 140MB
flash-cloud-bench-publisher-1 0.78% 34.98MiB / 7.38GiB 72.5MB / 104MB
flash-cloud-bench-simulator-1 4.11% 35.62MiB / 7.38GiB 76.1MB / 96.1MB
flash-cloud-bench-maintenance-1 14.54% 34.87MiB / 7.38GiB 1.34GB / 4.64GB
flash-cloud-bench-pgbouncer-1 4.40% 2.879MiB / 7.38GiB 2.3GB / 2.29GB
flash-cloud-bench-postgres-1 10.19% 219.9MiB / 7.38GiB 782MB / 1.57GB
flash-cloud-bench-kafka-1 0.56% 1007MiB / 7.38GiB 62.5MB / 53.1MB
flash-cloud-bench-prometheus-1 0.19% 97.2MiB / 7.38GiB 16.5MB / 2.3MB
Tue Sep  8 05:32:59 PM UTC 2026
flash-cloud-bench-api-1 0.09% 90.77MiB / 7.38GiB 10.1GB / 6.5GB
flash-cloud-bench-redis-1 12.61% 63.67MiB / 7.38GiB 5.08GB / 9.77GB
flash-cloud-bench-consumer-1 0.19% 34.99MiB / 7.38GiB 94.5MB / 140MB
flash-cloud-bench-publisher-1 0.76% 34.98MiB / 7.38GiB 72.6MB / 105MB
flash-cloud-bench-simulator-1 3.90% 35.62MiB / 7.38GiB 76.5MB / 96.6MB
flash-cloud-bench-maintenance-1 18.73% 34.87MiB / 7.38GiB 1.35GB / 4.66GB
flash-cloud-bench-pgbouncer-1 5.28% 2.875MiB / 7.38GiB 2.3GB / 2.3GB
flash-cloud-bench-postgres-1 17.72% 219.9MiB / 7.38GiB 784MB / 1.57GB
flash-cloud-bench-kafka-1 0.63% 1007MiB / 7.38GiB 62.5MB / 53.1MB
flash-cloud-bench-prometheus-1 0.34% 97.2MiB / 7.38GiB 16.6MB / 2.31MB
Tue Sep  8 05:33:11 PM UTC 2026
flash-cloud-bench-api-1 0.51% 90.77MiB / 7.38GiB 10.1GB / 6.5GB
flash-cloud-bench-redis-1 5.31% 63.67MiB / 7.38GiB 5.1GB / 9.77GB
flash-cloud-bench-consumer-1 0.39% 34.99MiB / 7.38GiB 94.5MB / 140MB
flash-cloud-bench-publisher-1 0.68% 34.98MiB / 7.38GiB 72.7MB / 105MB
flash-cloud-bench-simulator-1 4.02% 35.62MiB / 7.38GiB 76.9MB / 97MB
flash-cloud-bench-maintenance-1 8.45% 34.87MiB / 7.38GiB 1.36GB / 4.69GB
flash-cloud-bench-pgbouncer-1 3.22% 2.891MiB / 7.38GiB 2.31GB / 2.31GB
flash-cloud-bench-postgres-1 12.47% 219.9MiB / 7.38GiB 786MB / 1.58GB
flash-cloud-bench-kafka-1 0.60% 1007MiB / 7.38GiB 62.5MB / 53.1MB
flash-cloud-bench-prometheus-1 0.18% 97.2MiB / 7.38GiB 16.7MB / 2.32MB
Tue Sep  8 05:33:23 PM UTC 2026
flash-cloud-bench-api-1 0.10% 90.77MiB / 7.38GiB 10.1GB / 6.5GB
flash-cloud-bench-redis-1 2.30% 63.69MiB / 7.38GiB 5.12GB / 9.77GB
flash-cloud-bench-consumer-1 0.37% 34.99MiB / 7.38GiB 94.5MB / 140MB
flash-cloud-bench-publisher-1 1.01% 34.98MiB / 7.38GiB 72.8MB / 105MB
flash-cloud-bench-simulator-1 3.83% 35.62MiB / 7.38GiB 77.2MB / 97.5MB
flash-cloud-bench-maintenance-1 4.96% 34.87MiB / 7.38GiB 1.36GB / 4.71GB
flash-cloud-bench-pgbouncer-1 2.51% 2.887MiB / 7.38GiB 2.32GB / 2.32GB
flash-cloud-bench-postgres-1 10.71% 219.9MiB / 7.38GiB 788MB / 1.59GB
flash-cloud-bench-kafka-1 0.61% 1007MiB / 7.38GiB 62.5MB / 53.1MB
flash-cloud-bench-prometheus-1 0.32% 97.2MiB / 7.38GiB 16.8MB / 2.33MB
Tue Sep  8 05:33:35 PM UTC 2026
flash-cloud-bench-api-1 0.08% 90.77MiB / 7.38GiB 10.1GB / 6.5GB
flash-cloud-bench-redis-1 0.38% 63.64MiB / 7.38GiB 5.14GB / 9.77GB
flash-cloud-bench-consumer-1 0.36% 34.99MiB / 7.38GiB 94.5MB / 140MB
flash-cloud-bench-publisher-1 0.65% 34.98MiB / 7.38GiB 72.9MB / 105MB
flash-cloud-bench-simulator-1 3.57% 35.62MiB / 7.38GiB 77.6MB / 98MB
flash-cloud-bench-maintenance-1 1.65% 34.87MiB / 7.38GiB 1.37GB / 4.73GB
flash-cloud-bench-pgbouncer-1 1.73% 2.887MiB / 7.38GiB 2.33GB / 2.33GB
flash-cloud-bench-postgres-1 9.17% 217.4MiB / 7.38GiB 790MB / 1.6GB
flash-cloud-bench-kafka-1 0.61% 1007MiB / 7.38GiB 62.5MB / 53.1MB
flash-cloud-bench-prometheus-1 0.03% 97.2MiB / 7.38GiB 16.9MB / 2.34MB
Tue Sep  8 05:33:47 PM UTC 2026
flash-cloud-bench-api-1 29.20% 90.77MiB / 7.38GiB 10.1GB / 6.5GB
flash-cloud-bench-redis-1 2.16% 63.61MiB / 7.38GiB 5.17GB / 9.77GB
flash-cloud-bench-consumer-1 0.37% 34.99MiB / 7.38GiB 94.6MB / 140MB
flash-cloud-bench-publisher-1 1.02% 34.98MiB / 7.38GiB 73MB / 105MB
flash-cloud-bench-simulator-1 3.87% 35.62MiB / 7.38GiB 78MB / 98.5MB
flash-cloud-bench-maintenance-1 4.34% 34.87MiB / 7.38GiB 1.38GB / 4.76GB
flash-cloud-bench-pgbouncer-1 2.27% 2.871MiB / 7.38GiB 2.34GB / 2.34GB
flash-cloud-bench-postgres-1 10.22% 217.1MiB / 7.38GiB 792MB / 1.6GB
flash-cloud-bench-kafka-1 0.49% 1007MiB / 7.38GiB 62.5MB / 53.1MB
flash-cloud-bench-prometheus-1 0.19% 97.2MiB / 7.38GiB 16.9MB / 2.35MB
Tue Sep  8 05:33:59 PM UTC 2026
flash-cloud-bench-api-1 0.09% 90.77MiB / 7.38GiB 10.1GB / 6.5GB
flash-cloud-bench-redis-1 12.72% 63.63MiB / 7.38GiB 5.19GB / 9.77GB
flash-cloud-bench-consumer-1 0.38% 34.99MiB / 7.38GiB 94.6MB / 140MB
flash-cloud-bench-publisher-1 0.73% 34.98MiB / 7.38GiB 73.1MB / 105MB
flash-cloud-bench-simulator-1 3.98% 35.62MiB / 7.38GiB 78.4MB / 98.9MB
flash-cloud-bench-maintenance-1 18.56% 34.87MiB / 7.38GiB 1.38GB / 4.78GB
flash-cloud-bench-pgbouncer-1 5.07% 2.867MiB / 7.38GiB 2.35GB / 2.35GB
flash-cloud-bench-postgres-1 11.82% 217.1MiB / 7.38GiB 794MB / 1.61GB
flash-cloud-bench-kafka-1 0.60% 1007MiB / 7.38GiB 62.5MB / 53.1MB
flash-cloud-bench-prometheus-1 0.13% 97.2MiB / 7.38GiB 17MB / 2.37MB
Tue Sep  8 05:34:11 PM UTC 2026
flash-cloud-bench-api-1 0.53% 90.77MiB / 7.38GiB 10.1GB / 6.5GB
flash-cloud-bench-redis-1 0.91% 63.64MiB / 7.38GiB 5.21GB / 9.77GB
flash-cloud-bench-consumer-1 0.51% 34.99MiB / 7.38GiB 94.6MB / 140MB
flash-cloud-bench-publisher-1 0.70% 34.98MiB / 7.38GiB 73.2MB / 105MB
flash-cloud-bench-simulator-1 4.21% 35.62MiB / 7.38GiB 78.8MB / 99.4MB
flash-cloud-bench-maintenance-1 2.55% 34.87MiB / 7.38GiB 1.39GB / 4.81GB
flash-cloud-bench-pgbouncer-1 2.02% 2.871MiB / 7.38GiB 2.36GB / 2.36GB
flash-cloud-bench-postgres-1 4.27% 217.1MiB / 7.38GiB 796MB / 1.62GB
flash-cloud-bench-kafka-1 0.54% 1007MiB / 7.38GiB 62.5MB / 53.1MB
flash-cloud-bench-prometheus-1 0.00% 97.21MiB / 7.38GiB 17.1MB / 2.38MB
Tue Sep  8 05:34:24 PM UTC 2026
flash-cloud-bench-api-1 0.09% 90.77MiB / 7.38GiB 10.1GB / 6.5GB
flash-cloud-bench-redis-1 2.12% 63.66MiB / 7.38GiB 5.23GB / 9.77GB
flash-cloud-bench-consumer-1 0.17% 34.99MiB / 7.38GiB 94.6MB / 140MB
flash-cloud-bench-publisher-1 0.71% 34.98MiB / 7.38GiB 73.4MB / 106MB
flash-cloud-bench-simulator-1 4.25% 35.62MiB / 7.38GiB 79.1MB / 99.9MB
flash-cloud-bench-maintenance-1 4.70% 34.87MiB / 7.38GiB 1.4GB / 4.83GB
flash-cloud-bench-pgbouncer-1 2.43% 2.879MiB / 7.38GiB 2.37GB / 2.36GB
flash-cloud-bench-postgres-1 5.19% 211.7MiB / 7.38GiB 798MB / 1.62GB
flash-cloud-bench-kafka-1 0.55% 1007MiB / 7.38GiB 62.5MB / 53.1MB
flash-cloud-bench-prometheus-1 0.21% 97.2MiB / 7.38GiB 17.2MB / 2.39MB
Tue Sep  8 05:34:36 PM UTC 2026
flash-cloud-bench-api-1 29.44% 90.77MiB / 7.38GiB 10.1GB / 6.5GB
flash-cloud-bench-redis-1 5.69% 63.7MiB / 7.38GiB 5.26GB / 9.77GB
flash-cloud-bench-consumer-1 0.57% 34.99MiB / 7.38GiB 94.6MB / 140MB
flash-cloud-bench-publisher-1 0.74% 34.98MiB / 7.38GiB 73.5MB / 106MB
flash-cloud-bench-simulator-1 3.83% 35.62MiB / 7.38GiB 79.5MB / 100MB
flash-cloud-bench-maintenance-1 9.23% 34.87MiB / 7.38GiB 1.4GB / 4.85GB
flash-cloud-bench-pgbouncer-1 3.32% 2.879MiB / 7.38GiB 2.38GB / 2.37GB
flash-cloud-bench-postgres-1 7.97% 211.7MiB / 7.38GiB 800MB / 1.63GB
flash-cloud-bench-kafka-1 1.90% 1010MiB / 7.38GiB 62.5MB / 53.1MB
flash-cloud-bench-prometheus-1 0.03% 97.21MiB / 7.38GiB 17.3MB / 2.4MB
Tue Sep  8 05:34:48 PM UTC 2026
flash-cloud-bench-api-1 0.10% 90.77MiB / 7.38GiB 10.1GB / 6.5GB
flash-cloud-bench-redis-1 13.50% 63.64MiB / 7.38GiB 5.28GB / 9.77GB
flash-cloud-bench-consumer-1 0.39% 34.99MiB / 7.38GiB 94.6MB / 140MB
flash-cloud-bench-publisher-1 0.76% 34.98MiB / 7.38GiB 73.6MB / 106MB
flash-cloud-bench-simulator-1 3.96% 35.62MiB / 7.38GiB 79.9MB / 101MB
flash-cloud-bench-maintenance-1 17.47% 34.87MiB / 7.38GiB 1.41GB / 4.88GB
flash-cloud-bench-pgbouncer-1 4.96% 2.879MiB / 7.38GiB 2.39GB / 2.38GB
flash-cloud-bench-postgres-1 11.76% 211.7MiB / 7.38GiB 802MB / 1.64GB
flash-cloud-bench-kafka-1 0.59% 1007MiB / 7.38GiB 62.5MB / 53.1MB
flash-cloud-bench-prometheus-1 0.00% 97.21MiB / 7.38GiB 17.4MB / 2.41MB
Tue Sep  8 05:34:59 PM UTC 2026
flash-cloud-bench-api-1 0.09% 90.77MiB / 7.38GiB 10.1GB / 6.5GB
flash-cloud-bench-redis-1 7.34% 63.65MiB / 7.38GiB 5.3GB / 9.77GB
flash-cloud-bench-consumer-1 0.31% 34.99MiB / 7.38GiB 94.6MB / 140MB
flash-cloud-bench-publisher-1 0.77% 34.98MiB / 7.38GiB 73.7MB / 106MB
flash-cloud-bench-simulator-1 3.70% 35.62MiB / 7.38GiB 80.2MB / 101MB
flash-cloud-bench-maintenance-1 8.62% 34.86MiB / 7.38GiB 1.42GB / 4.9GB
flash-cloud-bench-pgbouncer-1 3.19% 2.863MiB / 7.38GiB 2.39GB / 2.39GB
flash-cloud-bench-postgres-1 9.02% 211.7MiB / 7.38GiB 804MB / 1.64GB
flash-cloud-bench-kafka-1 30.67% 1024MiB / 7.38GiB 62.5MB / 53.1MB
flash-cloud-bench-prometheus-1 0.33% 97.21MiB / 7.38GiB 17.4MB / 2.42MB
Tue Sep  8 05:35:11 PM UTC 2026
flash-cloud-bench-api-1 0.54% 90.77MiB / 7.38GiB 10.1GB / 6.5GB
flash-cloud-bench-redis-1 1.60% 63.71MiB / 7.38GiB 5.32GB / 9.77GB
flash-cloud-bench-consumer-1 0.50% 34.99MiB / 7.38GiB 94.6MB / 140MB
flash-cloud-bench-publisher-1 0.89% 34.98MiB / 7.38GiB 73.8MB / 106MB
flash-cloud-bench-simulator-1 3.28% 35.62MiB / 7.38GiB 80.6MB / 102MB
flash-cloud-bench-maintenance-1 19.34% 34.87MiB / 7.38GiB 1.42GB / 4.93GB
flash-cloud-bench-pgbouncer-1 5.45% 2.859MiB / 7.38GiB 2.4GB / 2.4GB
flash-cloud-bench-postgres-1 18.04% 211.7MiB / 7.38GiB 806MB / 1.65GB
flash-cloud-bench-kafka-1 166.50% 1.039GiB / 7.38GiB 62.5MB / 53.1MB
flash-cloud-bench-prometheus-1 0.19% 97.21MiB / 7.38GiB 17.5MB / 2.43MB
Tue Sep  8 05:35:23 PM UTC 2026
flash-cloud-bench-api-1 29.36% 90.77MiB / 7.38GiB 10.1GB / 6.5GB
flash-cloud-bench-redis-1 14.28% 63.71MiB / 7.38GiB 5.35GB / 9.77GB
flash-cloud-bench-consumer-1 0.21% 34.99MiB / 7.38GiB 94.6MB / 140MB
flash-cloud-bench-publisher-1 1.22% 34.98MiB / 7.38GiB 73.9MB / 106MB
flash-cloud-bench-simulator-1 3.54% 35.62MiB / 7.38GiB 81MB / 102MB
flash-cloud-bench-maintenance-1 18.72% 34.86MiB / 7.38GiB 1.43GB / 4.95GB
flash-cloud-bench-pgbouncer-1 5.08% 2.875MiB / 7.38GiB 2.41GB / 2.41GB
flash-cloud-bench-postgres-1 17.38% 211.7MiB / 7.38GiB 808MB / 1.66GB
flash-cloud-bench-kafka-1 111.91% 1007MiB / 7.38GiB 62.5MB / 53.1MB
flash-cloud-bench-prometheus-1 0.00% 97.22MiB / 7.38GiB 17.6MB / 2.44MB
Tue Sep  8 05:35:35 PM UTC 2026
flash-cloud-bench-api-1 0.09% 90.77MiB / 7.38GiB 10.1GB / 6.5GB
flash-cloud-bench-redis-1 2.59% 63.67MiB / 7.38GiB 5.37GB / 9.77GB
flash-cloud-bench-consumer-1 0.31% 34.99MiB / 7.38GiB 94.6MB / 140MB
flash-cloud-bench-publisher-1 0.73% 34.98MiB / 7.38GiB 74MB / 106MB
flash-cloud-bench-simulator-1 4.13% 35.62MiB / 7.38GiB 81.4MB / 103MB
flash-cloud-bench-maintenance-1 1.68% 34.87MiB / 7.38GiB 1.44GB / 4.97GB
flash-cloud-bench-pgbouncer-1 1.79% 2.875MiB / 7.38GiB 2.42GB / 2.42GB
flash-cloud-bench-postgres-1 9.41% 211.7MiB / 7.38GiB 810MB / 1.67GB
flash-cloud-bench-kafka-1 1.18% 1007MiB / 7.38GiB 62.6MB / 53.1MB
flash-cloud-bench-prometheus-1 0.01% 97.22MiB / 7.38GiB 17.7MB / 2.46MB
