2026-09-08T04:29:36Z
{"BlockIO":"0B / 1.95MB","CPUPerc":"0.60%","Container":"52f53808ea58","ID":"52f53808ea58","MemPerc":"1.01%","MemUsage":"76.1MiB / 7.38GiB","Name":"flash-cloud-bench-api-1","NetIO":"37.7MB / 41.7MB","PIDs":"7"}
{"BlockIO":"0B / 0B","CPUPerc":"0.58%","Container":"facf8315afea","ID":"facf8315afea","MemPerc":"0.46%","MemUsage":"34.55MiB / 7.38GiB","Name":"flash-cloud-bench-consumer-1","NetIO":"201kB / 371kB","PIDs":"7"}
{"BlockIO":"0B / 0B","CPUPerc":"0.68%","Container":"d790ff1ba173","ID":"d790ff1ba173","MemPerc":"0.46%","MemUsage":"34.57MiB / 7.38GiB","Name":"flash-cloud-bench-publisher-1","NetIO":"3.27MB / 4.24MB","PIDs":"7"}
{"BlockIO":"0B / 0B","CPUPerc":"3.96%","Container":"e0a44f45bbd7","ID":"e0a44f45bbd7","MemPerc":"0.48%","MemUsage":"36.05MiB / 7.38GiB","Name":"flash-cloud-bench-simulator-1","NetIO":"11.2MB / 14.2MB","PIDs":"10"}
{"BlockIO":"0B / 0B","CPUPerc":"2.31%","Container":"a66f27ba8092","ID":"a66f27ba8092","MemPerc":"0.46%","MemUsage":"34.7MiB / 7.38GiB","Name":"flash-cloud-bench-maintenance-1","NetIO":"50.7MB / 167MB","PIDs":"6"}
{"BlockIO":"0B / 8.19kB","CPUPerc":"1.93%","Container":"6fea00feedc4","ID":"6fea00feedc4","MemPerc":"0.02%","MemUsage":"1.824MiB / 7.38GiB","Name":"flash-cloud-bench-pgbouncer-1","NetIO":"101MB / 99.9MB","PIDs":"1"}
{"BlockIO":"0B / 437MB","CPUPerc":"3.88%","Container":"d440893966b4","ID":"d440893966b4","MemPerc":"1.53%","MemUsage":"115.8MiB / 7.38GiB","Name":"flash-cloud-bench-postgres-1","NetIO":"41.3MB / 77.1MB","PIDs":"13"}
{"BlockIO":"0B / 28.2MB","CPUPerc":"2.59%","Container":"073fcaf844bb","ID":"073fcaf844bb","MemPerc":"0.68%","MemUsage":"51.3MiB / 7.38GiB","Name":"flash-cloud-bench-redis-1","NetIO":"187MB / 28.3MB","PIDs":"6"}
{"BlockIO":"0B / 6.51MB","CPUPerc":"1.46%","Container":"562ac1217807","ID":"562ac1217807","MemPerc":"5.79%","MemUsage":"437.2MiB / 7.38GiB","Name":"flash-cloud-bench-kafka-1","NetIO":"171kB / 117kB","PIDs":"100"}
{"BlockIO":"0B / 463kB","CPUPerc":"0.05%","Container":"bc21247794d5","ID":"bc21247794d5","MemPerc":"0.31%","MemUsage":"23.06MiB / 7.38GiB","Name":"flash-cloud-bench-prometheus-1","NetIO":"2.41MB / 336kB","PIDs":"10"}
2026-09-08T04:29:46Z
{"BlockIO":"0B / 1.97MB","CPUPerc":"9.59%","Container":"52f53808ea58","ID":"52f53808ea58","MemPerc":"1.01%","MemUsage":"76.38MiB / 7.38GiB","Name":"flash-cloud-bench-api-1","NetIO":"39.4MB / 43.3MB","PIDs":"7"}
{"BlockIO":"0B / 0B","CPUPerc":"0.59%","Container":"facf8315afea","ID":"facf8315afea","MemPerc":"0.46%","MemUsage":"34.54MiB / 7.38GiB","Name":"flash-cloud-bench-consumer-1","NetIO":"205kB / 381kB","PIDs":"7"}
{"BlockIO":"0B / 0B","CPUPerc":"0.74%","Container":"d790ff1ba173","ID":"d790ff1ba173","MemPerc":"0.46%","MemUsage":"34.57MiB / 7.38GiB","Name":"flash-cloud-bench-publisher-1","NetIO":"3.36MB / 4.36MB","PIDs":"7"}
{"BlockIO":"0B / 0B","CPUPerc":"4.11%","Container":"e0a44f45bbd7","ID":"e0a44f45bbd7","MemPerc":"0.48%","MemUsage":"36.04MiB / 7.38GiB","Name":"flash-cloud-bench-simulator-1","NetIO":"11.5MB / 14.6MB","PIDs":"10"}
{"BlockIO":"0B / 0B","CPUPerc":"1.76%","Container":"a66f27ba8092","ID":"a66f27ba8092","MemPerc":"0.46%","MemUsage":"34.7MiB / 7.38GiB","Name":"flash-cloud-bench-maintenance-1","NetIO":"50.9MB / 167MB","PIDs":"6"}
{"BlockIO":"0B / 8.19kB","CPUPerc":"1.84%","Container":"6fea00feedc4","ID":"6fea00feedc4","MemPerc":"0.02%","MemUsage":"1.57MiB / 7.38GiB","Name":"flash-cloud-bench-pgbouncer-1","NetIO":"103MB / 101MB","PIDs":"1"}
{"BlockIO":"0B / 439MB","CPUPerc":"9.76%","Container":"d440893966b4","ID":"d440893966b4","MemPerc":"1.53%","MemUsage":"115.8MiB / 7.38GiB","Name":"flash-cloud-bench-postgres-1","NetIO":"42.4MB / 77.8MB","PIDs":"13"}
{"BlockIO":"0B / 28.2MB","CPUPerc":"1.78%","Container":"073fcaf844bb","ID":"073fcaf844bb","MemPerc":"0.68%","MemUsage":"51.23MiB / 7.38GiB","Name":"flash-cloud-bench-redis-1","NetIO":"188MB / 29.9MB","PIDs":"6"}
{"BlockIO":"0B / 6.66MB","CPUPerc":"1.17%","Container":"562ac1217807","ID":"562ac1217807","MemPerc":"5.79%","MemUsage":"437.3MiB / 7.38GiB","Name":"flash-cloud-bench-kafka-1","NetIO":"175kB / 120kB","PIDs":"100"}
{"BlockIO":"0B / 463kB","CPUPerc":"0.05%","Container":"bc21247794d5","ID":"bc21247794d5","MemPerc":"0.31%","MemUsage":"23.06MiB / 7.38GiB","Name":"flash-cloud-bench-prometheus-1","NetIO":"2.49MB / 346kB","PIDs":"10"}
2026-09-08T04:29:56Z
{"BlockIO":"0B / 2.02MB","CPUPerc":"9.09%","Container":"52f53808ea58","ID":"52f53808ea58","MemPerc":"1.01%","MemUsage":"76.16MiB / 7.38GiB","Name":"flash-cloud-bench-api-1","NetIO":"49.8MB / 50MB","PIDs":"7"}
{"BlockIO":"0B / 0B","CPUPerc":"0.63%","Container":"facf8315afea","ID":"facf8315afea","MemPerc":"0.46%","MemUsage":"34.55MiB / 7.38GiB","Name":"flash-cloud-bench-consumer-1","NetIO":"210kB / 391kB","PIDs":"7"}
{"BlockIO":"0B / 0B","CPUPerc":"0.72%","Container":"d790ff1ba173","ID":"d790ff1ba173","MemPerc":"0.46%","MemUsage":"34.56MiB / 7.38GiB","Name":"flash-cloud-bench-publisher-1","NetIO":"3.46MB / 4.48MB","PIDs":"7"}
{"BlockIO":"0B / 0B","CPUPerc":"3.70%","Container":"e0a44f45bbd7","ID":"e0a44f45bbd7","MemPerc":"0.48%","MemUsage":"36.05MiB / 7.38GiB","Name":"flash-cloud-bench-simulator-1","NetIO":"11.8MB / 14.9MB","PIDs":"10"}
{"BlockIO":"0B / 0B","CPUPerc":"2.34%","Container":"a66f27ba8092","ID":"a66f27ba8092","MemPerc":"0.46%","MemUsage":"34.71MiB / 7.38GiB","Name":"flash-cloud-bench-maintenance-1","NetIO":"61.8MB / 206MB","PIDs":"6"}
{"BlockIO":"0B / 8.19kB","CPUPerc":"1.96%","Container":"6fea00feedc4","ID":"6fea00feedc4","MemPerc":"0.02%","MemUsage":"1.578MiB / 7.38GiB","Name":"flash-cloud-bench-pgbouncer-1","NetIO":"116MB / 115MB","PIDs":"1"}
{"BlockIO":"0B / 449MB","CPUPerc":"4.10%","Container":"d440893966b4","ID":"d440893966b4","MemPerc":"1.53%","MemUsage":"115.8MiB / 7.38GiB","Name":"flash-cloud-bench-postgres-1","NetIO":"45.1MB / 88.8MB","PIDs":"13"}
{"BlockIO":"0B / 28.2MB","CPUPerc":"1.75%","Container":"073fcaf844bb","ID":"073fcaf844bb","MemPerc":"0.68%","MemUsage":"51.42MiB / 7.38GiB","Name":"flash-cloud-bench-redis-1","NetIO":"225MB / 40.4MB","PIDs":"6"}
{"BlockIO":"0B / 6.82MB","CPUPerc":"0.64%","Container":"562ac1217807","ID":"562ac1217807","MemPerc":"5.79%","MemUsage":"437.4MiB / 7.38GiB","Name":"flash-cloud-bench-kafka-1","NetIO":"179kB / 124kB","PIDs":"100"}
{"BlockIO":"0B / 504kB","CPUPerc":"0.82%","Container":"bc21247794d5","ID":"bc21247794d5","MemPerc":"0.31%","MemUsage":"23.1MiB / 7.38GiB","Name":"flash-cloud-bench-prometheus-1","NetIO":"2.57MB / 355kB","PIDs":"10"}
2026-09-08T04:30:06Z
{"BlockIO":"0B / 2.06MB","CPUPerc":"9.90%","Container":"52f53808ea58","ID":"52f53808ea58","MemPerc":"1.01%","MemUsage":"76.16MiB / 7.38GiB","Name":"flash-cloud-bench-api-1","NetIO":"60.3MB / 56.8MB","PIDs":"7"}
{"BlockIO":"0B / 0B","CPUPerc":"0.36%","Container":"facf8315afea","ID":"facf8315afea","MemPerc":"0.46%","MemUsage":"34.55MiB / 7.38GiB","Name":"flash-cloud-bench-consumer-1","NetIO":"214kB / 398kB","PIDs":"7"}
{"BlockIO":"0B / 0B","CPUPerc":"0.78%","Container":"d790ff1ba173","ID":"d790ff1ba173","MemPerc":"0.46%","MemUsage":"34.56MiB / 7.38GiB","Name":"flash-cloud-bench-publisher-1","NetIO":"3.55MB / 4.6MB","PIDs":"7"}
{"BlockIO":"0B / 0B","CPUPerc":"4.28%","Container":"e0a44f45bbd7","ID":"e0a44f45bbd7","MemPerc":"0.48%","MemUsage":"36.04MiB / 7.38GiB","Name":"flash-cloud-bench-simulator-1","NetIO":"12.2MB / 15.3MB","PIDs":"10"}
{"BlockIO":"0B / 0B","CPUPerc":"1.53%","Container":"a66f27ba8092","ID":"a66f27ba8092","MemPerc":"0.46%","MemUsage":"34.71MiB / 7.38GiB","Name":"flash-cloud-bench-maintenance-1","NetIO":"62MB / 207MB","PIDs":"6"}
{"BlockIO":"0B / 8.19kB","CPUPerc":"1.77%","Container":"6fea00feedc4","ID":"6fea00feedc4","MemPerc":"0.02%","MemUsage":"1.566MiB / 7.38GiB","Name":"flash-cloud-bench-pgbouncer-1","NetIO":"117MB / 116MB","PIDs":"1"}
{"BlockIO":"0B / 451MB","CPUPerc":"4.03%","Container":"d440893966b4","ID":"d440893966b4","MemPerc":"1.53%","MemUsage":"115.8MiB / 7.38GiB","Name":"flash-cloud-bench-postgres-1","NetIO":"46.2MB / 89.4MB","PIDs":"13"}
{"BlockIO":"0B / 28.2MB","CPUPerc":"4.08%","Container":"073fcaf844bb","ID":"073fcaf844bb","MemPerc":"0.68%","MemUsage":"51.14MiB / 7.38GiB","Name":"flash-cloud-bench-redis-1","NetIO":"226MB / 50.8MB","PIDs":"6"}
{"BlockIO":"0B / 6.98MB","CPUPerc":"0.66%","Container":"562ac1217807","ID":"562ac1217807","MemPerc":"5.79%","MemUsage":"437.6MiB / 7.38GiB","Name":"flash-cloud-bench-kafka-1","NetIO":"183kB / 126kB","PIDs":"100"}
{"BlockIO":"0B / 504kB","CPUPerc":"0.19%","Container":"bc21247794d5","ID":"bc21247794d5","MemPerc":"0.31%","MemUsage":"23.16MiB / 7.38GiB","Name":"flash-cloud-bench-prometheus-1","NetIO":"2.68MB / 367kB","PIDs":"10"}
2026-09-08T04:30:17Z
{"BlockIO":"0B / 2.12MB","CPUPerc":"6.83%","Container":"52f53808ea58","ID":"52f53808ea58","MemPerc":"1.01%","MemUsage":"76.38MiB / 7.38GiB","Name":"flash-cloud-bench-api-1","NetIO":"65.3MB / 60.8MB","PIDs":"9"}
{"BlockIO":"0B / 0B","CPUPerc":"0.47%","Container":"facf8315afea","ID":"facf8315afea","MemPerc":"0.46%","MemUsage":"34.58MiB / 7.38GiB","Name":"flash-cloud-bench-consumer-1","NetIO":"239kB / 440kB","PIDs":"7"}
{"BlockIO":"0B / 0B","CPUPerc":"1.26%","Container":"d790ff1ba173","ID":"d790ff1ba173","MemPerc":"0.46%","MemUsage":"34.57MiB / 7.38GiB","Name":"flash-cloud-bench-publisher-1","NetIO":"3.66MB / 4.75MB","PIDs":"7"}
{"BlockIO":"0B / 0B","CPUPerc":"3.28%","Container":"e0a44f45bbd7","ID":"e0a44f45bbd7","MemPerc":"0.48%","MemUsage":"36.04MiB / 7.38GiB","Name":"flash-cloud-bench-simulator-1","NetIO":"12.4MB / 15.7MB","PIDs":"10"}
{"BlockIO":"0B / 0B","CPUPerc":"3.08%","Container":"a66f27ba8092","ID":"a66f27ba8092","MemPerc":"0.46%","MemUsage":"34.7MiB / 7.38GiB","Name":"flash-cloud-bench-maintenance-1","NetIO":"72.9MB / 246MB","PIDs":"6"}
{"BlockIO":"0B / 8.19kB","CPUPerc":"2.53%","Container":"6fea00feedc4","ID":"6fea00feedc4","MemPerc":"0.02%","MemUsage":"1.578MiB / 7.38GiB","Name":"flash-cloud-bench-pgbouncer-1","NetIO":"131MB / 130MB","PIDs":"1"}
{"BlockIO":"0B / 462MB","CPUPerc":"10.86%","Container":"d440893966b4","ID":"d440893966b4","MemPerc":"1.53%","MemUsage":"116MiB / 7.38GiB","Name":"flash-cloud-bench-postgres-1","NetIO":"49.2MB / 101MB","PIDs":"13"}
{"BlockIO":"0B / 28.2MB","CPUPerc":"0.80%","Container":"073fcaf844bb","ID":"073fcaf844bb","MemPerc":"0.68%","MemUsage":"51.46MiB / 7.38GiB","Name":"flash-cloud-bench-redis-1","NetIO":"263MB / 55.8MB","PIDs":"6"}
{"BlockIO":"0B / 7.11MB","CPUPerc":"7.05%","Container":"562ac1217807","ID":"562ac1217807","MemPerc":"5.80%","MemUsage":"438MiB / 7.38GiB","Name":"flash-cloud-bench-kafka-1","NetIO":"203kB / 141kB","PIDs":"100"}
{"BlockIO":"0B / 504kB","CPUPerc":"0.00%","Container":"bc21247794d5","ID":"bc21247794d5","MemPerc":"0.31%","MemUsage":"23.17MiB / 7.38GiB","Name":"flash-cloud-bench-prometheus-1","NetIO":"2.76MB / 376kB","PIDs":"10"}
2026-09-08T04:30:27Z
{"BlockIO":"0B / 2.18MB","CPUPerc":"7.91%","Container":"52f53808ea58","ID":"52f53808ea58","MemPerc":"1.01%","MemUsage":"76.57MiB / 7.38GiB","Name":"flash-cloud-bench-api-1","NetIO":"66.3MB / 62.6MB","PIDs":"9"}
{"BlockIO":"0B / 0B","CPUPerc":"2.71%","Container":"facf8315afea","ID":"facf8315afea","MemPerc":"0.46%","MemUsage":"34.61MiB / 7.38GiB","Name":"flash-cloud-bench-consumer-1","NetIO":"282kB / 509kB","PIDs":"7"}
{"BlockIO":"0B / 0B","CPUPerc":"1.67%","Container":"d790ff1ba173","ID":"d790ff1ba173","MemPerc":"0.46%","MemUsage":"34.59MiB / 7.38GiB","Name":"flash-cloud-bench-publisher-1","NetIO":"3.8MB / 4.94MB","PIDs":"7"}
{"BlockIO":"0B / 0B","CPUPerc":"3.70%","Container":"e0a44f45bbd7","ID":"e0a44f45bbd7","MemPerc":"0.48%","MemUsage":"36.04MiB / 7.38GiB","Name":"flash-cloud-bench-simulator-1","NetIO":"12.8MB / 16.1MB","PIDs":"10"}
{"BlockIO":"0B / 0B","CPUPerc":"2.70%","Container":"a66f27ba8092","ID":"a66f27ba8092","MemPerc":"0.46%","MemUsage":"34.71MiB / 7.38GiB","Name":"flash-cloud-bench-maintenance-1","NetIO":"73.3MB / 246MB","PIDs":"6"}
{"BlockIO":"0B / 8.19kB","CPUPerc":"2.71%","Container":"6fea00feedc4","ID":"6fea00feedc4","MemPerc":"0.02%","MemUsage":"1.578MiB / 7.38GiB","Name":"flash-cloud-bench-pgbouncer-1","NetIO":"133MB / 132MB","PIDs":"1"}
{"BlockIO":"0B / 465MB","CPUPerc":"6.31%","Container":"d440893966b4","ID":"d440893966b4","MemPerc":"1.54%","MemUsage":"116.2MiB / 7.38GiB","Name":"flash-cloud-bench-postgres-1","NetIO":"50.6MB / 101MB","PIDs":"13"}
{"BlockIO":"0B / 28.2MB","CPUPerc":"1.03%","Container":"073fcaf844bb","ID":"073fcaf844bb","MemPerc":"0.68%","MemUsage":"51.19MiB / 7.38GiB","Name":"flash-cloud-bench-redis-1","NetIO":"264MB / 56.6MB","PIDs":"6"}
{"BlockIO":"0B / 7.2MB","CPUPerc":"149.45%","Container":"562ac1217807","ID":"562ac1217807","MemPerc":"6.51%","MemUsage":"491.9MiB / 7.38GiB","Name":"flash-cloud-bench-kafka-1","NetIO":"237kB / 168kB","PIDs":"124"}
{"BlockIO":"0B / 541kB","CPUPerc":"0.00%","Container":"bc21247794d5","ID":"bc21247794d5","MemPerc":"0.31%","MemUsage":"23.17MiB / 7.38GiB","Name":"flash-cloud-bench-prometheus-1","NetIO":"2.84MB / 385kB","PIDs":"10"}
2026-09-08T04:30:37Z
{"BlockIO":"0B / 2.26MB","CPUPerc":"7.56%","Container":"52f53808ea58","ID":"52f53808ea58","MemPerc":"1.01%","MemUsage":"76.68MiB / 7.38GiB","Name":"flash-cloud-bench-api-1","NetIO":"67.4MB / 64.4MB","PIDs":"9"}
{"BlockIO":"0B / 0B","CPUPerc":"0.72%","Container":"facf8315afea","ID":"facf8315afea","MemPerc":"0.46%","MemUsage":"34.64MiB / 7.38GiB","Name":"flash-cloud-bench-consumer-1","NetIO":"326kB / 578kB","PIDs":"7"}
{"BlockIO":"0B / 0B","CPUPerc":"1.51%","Container":"d790ff1ba173","ID":"d790ff1ba173","MemPerc":"0.46%","MemUsage":"34.61MiB / 7.38GiB","Name":"flash-cloud-bench-publisher-1","NetIO":"3.94MB / 5.13MB","PIDs":"7"}
{"BlockIO":"0B / 0B","CPUPerc":"3.94%","Container":"e0a44f45bbd7","ID":"e0a44f45bbd7","MemPerc":"0.48%","MemUsage":"36.04MiB / 7.38GiB","Name":"flash-cloud-bench-simulator-1","NetIO":"13.1MB / 16.5MB","PIDs":"10"}
{"BlockIO":"0B / 0B","CPUPerc":"2.69%","Container":"a66f27ba8092","ID":"a66f27ba8092","MemPerc":"0.46%","MemUsage":"34.72MiB / 7.38GiB","Name":"flash-cloud-bench-maintenance-1","NetIO":"84.2MB / 285MB","PIDs":"6"}
{"BlockIO":"0B / 8.19kB","CPUPerc":"2.53%","Container":"6fea00feedc4","ID":"6fea00feedc4","MemPerc":"0.02%","MemUsage":"1.582MiB / 7.38GiB","Name":"flash-cloud-bench-pgbouncer-1","NetIO":"147MB / 146MB","PIDs":"1"}
{"BlockIO":"0B / 476MB","CPUPerc":"5.92%","Container":"d440893966b4","ID":"d440893966b4","MemPerc":"1.54%","MemUsage":"116.5MiB / 7.38GiB","Name":"flash-cloud-bench-postgres-1","NetIO":"53.7MB / 113MB","PIDs":"13"}
{"BlockIO":"0B / 56.4MB","CPUPerc":"3.22%","Container":"073fcaf844bb","ID":"073fcaf844bb","MemPerc":"0.68%","MemUsage":"51.52MiB / 7.38GiB","Name":"flash-cloud-bench-redis-1","NetIO":"302MB / 57.7MB","PIDs":"6"}
{"BlockIO":"0B / 7.47MB","CPUPerc":"1.57%","Container":"562ac1217807","ID":"562ac1217807","MemPerc":"5.81%","MemUsage":"439.3MiB / 7.38GiB","Name":"flash-cloud-bench-kafka-1","NetIO":"272kB / 195kB","PIDs":"100"}
{"BlockIO":"0B / 541kB","CPUPerc":"0.00%","Container":"bc21247794d5","ID":"bc21247794d5","MemPerc":"0.31%","MemUsage":"23.17MiB / 7.38GiB","Name":"flash-cloud-bench-prometheus-1","NetIO":"2.92MB / 395kB","PIDs":"10"}
2026-09-08T04:30:47Z
{"BlockIO":"0B / 2.36MB","CPUPerc":"36.91%","Container":"52f53808ea58","ID":"52f53808ea58","MemPerc":"1.02%","MemUsage":"76.72MiB / 7.38GiB","Name":"flash-cloud-bench-api-1","NetIO":"69.3MB / 66.9MB","PIDs":"9"}
{"BlockIO":"0B / 0B","CPUPerc":"0.73%","Container":"facf8315afea","ID":"facf8315afea","MemPerc":"0.46%","MemUsage":"34.66MiB / 7.38GiB","Name":"flash-cloud-bench-consumer-1","NetIO":"363kB / 637kB","PIDs":"7"}
{"BlockIO":"0B / 0B","CPUPerc":"1.55%","Container":"d790ff1ba173","ID":"d790ff1ba173","MemPerc":"0.46%","MemUsage":"34.61MiB / 7.38GiB","Name":"flash-cloud-bench-publisher-1","NetIO":"4.08MB / 5.31MB","PIDs":"7"}
{"BlockIO":"0B / 0B","CPUPerc":"3.85%","Container":"e0a44f45bbd7","ID":"e0a44f45bbd7","MemPerc":"0.48%","MemUsage":"36.04MiB / 7.38GiB","Name":"flash-cloud-bench-simulator-1","NetIO":"13.4MB / 16.9MB","PIDs":"10"}
{"BlockIO":"0B / 0B","CPUPerc":"2.94%","Container":"a66f27ba8092","ID":"a66f27ba8092","MemPerc":"0.46%","MemUsage":"34.72MiB / 7.38GiB","Name":"flash-cloud-bench-maintenance-1","NetIO":"84.6MB / 286MB","PIDs":"6"}
{"BlockIO":"0B / 8.19kB","CPUPerc":"2.47%","Container":"6fea00feedc4","ID":"6fea00feedc4","MemPerc":"0.02%","MemUsage":"1.57MiB / 7.38GiB","Name":"flash-cloud-bench-pgbouncer-1","NetIO":"149MB / 148MB","PIDs":"1"}
{"BlockIO":"0B / 480MB","CPUPerc":"7.76%","Container":"d440893966b4","ID":"d440893966b4","MemPerc":"1.55%","MemUsage":"116.9MiB / 7.38GiB","Name":"flash-cloud-bench-postgres-1","NetIO":"55.2MB / 113MB","PIDs":"13"}
{"BlockIO":"0B / 56.4MB","CPUPerc":"1.06%","Container":"073fcaf844bb","ID":"073fcaf844bb","MemPerc":"0.68%","MemUsage":"51.13MiB / 7.38GiB","Name":"flash-cloud-bench-redis-1","NetIO":"303MB / 59.2MB","PIDs":"6"}
{"BlockIO":"0B / 7.6MB","CPUPerc":"1.77%","Container":"562ac1217807","ID":"562ac1217807","MemPerc":"5.82%","MemUsage":"440.1MiB / 7.38GiB","Name":"flash-cloud-bench-kafka-1","NetIO":"306kB / 220kB","PIDs":"100"}
{"BlockIO":"0B / 541kB","CPUPerc":"0.00%","Container":"bc21247794d5","ID":"bc21247794d5","MemPerc":"0.31%","MemUsage":"23.18MiB / 7.38GiB","Name":"flash-cloud-bench-prometheus-1","NetIO":"3MB / 405kB","PIDs":"10"}
2026-09-08T04:30:57Z
{"BlockIO":"0B / 2.43MB","CPUPerc":"8.20%","Container":"52f53808ea58","ID":"52f53808ea58","MemPerc":"1.01%","MemUsage":"76.7MiB / 7.38GiB","Name":"flash-cloud-bench-api-1","NetIO":"71.3MB / 69.1MB","PIDs":"9"}
{"BlockIO":"0B / 0B","CPUPerc":"18.13%","Container":"facf8315afea","ID":"facf8315afea","MemPerc":"0.46%","MemUsage":"34.69MiB / 7.38GiB","Name":"flash-cloud-bench-consumer-1","NetIO":"409kB / 711kB","PIDs":"7"}
{"BlockIO":"0B / 0B","CPUPerc":"1.30%","Container":"d790ff1ba173","ID":"d790ff1ba173","MemPerc":"0.46%","MemUsage":"34.62MiB / 7.38GiB","Name":"flash-cloud-bench-publisher-1","NetIO":"4.22MB / 5.5MB","PIDs":"7"}
{"BlockIO":"0B / 0B","CPUPerc":"3.70%","Container":"e0a44f45bbd7","ID":"e0a44f45bbd7","MemPerc":"0.48%","MemUsage":"36.04MiB / 7.38GiB","Name":"flash-cloud-bench-simulator-1","NetIO":"13.7MB / 17.3MB","PIDs":"10"}
{"BlockIO":"0B / 0B","CPUPerc":"2.52%","Container":"a66f27ba8092","ID":"a66f27ba8092","MemPerc":"0.46%","MemUsage":"34.74MiB / 7.38GiB","Name":"flash-cloud-bench-maintenance-1","NetIO":"95.5MB / 325MB","PIDs":"6"}
{"BlockIO":"0B / 8.19kB","CPUPerc":"2.36%","Container":"6fea00feedc4","ID":"6fea00feedc4","MemPerc":"0.02%","MemUsage":"1.586MiB / 7.38GiB","Name":"flash-cloud-bench-pgbouncer-1","NetIO":"163MB / 162MB","PIDs":"1"}
{"BlockIO":"0B / 491MB","CPUPerc":"10.71%","Container":"d440893966b4","ID":"d440893966b4","MemPerc":"1.55%","MemUsage":"117.2MiB / 7.38GiB","Name":"flash-cloud-bench-postgres-1","NetIO":"58.1MB / 125MB","PIDs":"13"}
{"BlockIO":"0B / 56.4MB","CPUPerc":"1.01%","Container":"073fcaf844bb","ID":"073fcaf844bb","MemPerc":"0.68%","MemUsage":"51.49MiB / 7.38GiB","Name":"flash-cloud-bench-redis-1","NetIO":"341MB / 61.2MB","PIDs":"6"}
{"BlockIO":"0B / 7.73MB","CPUPerc":"1.37%","Container":"562ac1217807","ID":"562ac1217807","MemPerc":"5.83%","MemUsage":"440.4MiB / 7.38GiB","Name":"flash-cloud-bench-kafka-1","NetIO":"339kB / 246kB","PIDs":"100"}
{"BlockIO":"0B / 578kB","CPUPerc":"0.00%","Container":"bc21247794d5","ID":"bc21247794d5","MemPerc":"0.31%","MemUsage":"23.2MiB / 7.38GiB","Name":"flash-cloud-bench-prometheus-1","NetIO":"3.08MB / 414kB","PIDs":"10"}
2026-09-08T04:31:07Z
{"BlockIO":"0B / 2.55MB","CPUPerc":"8.17%","Container":"52f53808ea58","ID":"52f53808ea58","MemPerc":"1.02%","MemUsage":"76.85MiB / 7.38GiB","Name":"flash-cloud-bench-api-1","NetIO":"73.5MB / 71.7MB","PIDs":"10"}
{"BlockIO":"0B / 0B","CPUPerc":"0.46%","Container":"facf8315afea","ID":"facf8315afea","MemPerc":"0.46%","MemUsage":"34.71MiB / 7.38GiB","Name":"flash-cloud-bench-consumer-1","NetIO":"450kB / 777kB","PIDs":"7"}
{"BlockIO":"0B / 0B","CPUPerc":"1.33%","Container":"d790ff1ba173","ID":"d790ff1ba173","MemPerc":"0.46%","MemUsage":"34.62MiB / 7.38GiB","Name":"flash-cloud-bench-publisher-1","NetIO":"4.36MB / 5.69MB","PIDs":"7"}
{"BlockIO":"0B / 0B","CPUPerc":"3.87%","Container":"e0a44f45bbd7","ID":"e0a44f45bbd7","MemPerc":"0.48%","MemUsage":"36.04MiB / 7.38GiB","Name":"flash-cloud-bench-simulator-1","NetIO":"14.1MB / 17.7MB","PIDs":"10"}
{"BlockIO":"0B / 0B","CPUPerc":"2.46%","Container":"a66f27ba8092","ID":"a66f27ba8092","MemPerc":"0.46%","MemUsage":"34.74MiB / 7.38GiB","Name":"flash-cloud-bench-maintenance-1","NetIO":"95.8MB / 325MB","PIDs":"6"}
{"BlockIO":"0B / 8.19kB","CPUPerc":"2.33%","Container":"6fea00feedc4","ID":"6fea00feedc4","MemPerc":"0.02%","MemUsage":"1.574MiB / 7.38GiB","Name":"flash-cloud-bench-pgbouncer-1","NetIO":"165MB / 164MB","PIDs":"1"}
{"BlockIO":"0B / 494MB","CPUPerc":"5.62%","Container":"d440893966b4","ID":"d440893966b4","MemPerc":"1.55%","MemUsage":"117.4MiB / 7.38GiB","Name":"flash-cloud-bench-postgres-1","NetIO":"59.6MB / 125MB","PIDs":"13"}
{"BlockIO":"0B / 56.4MB","CPUPerc":"3.29%","Container":"073fcaf844bb","ID":"073fcaf844bb","MemPerc":"0.68%","MemUsage":"51.31MiB / 7.38GiB","Name":"flash-cloud-bench-redis-1","NetIO":"342MB / 63.1MB","PIDs":"6"}
{"BlockIO":"0B / 7.93MB","CPUPerc":"1.55%","Container":"562ac1217807","ID":"562ac1217807","MemPerc":"5.83%","MemUsage":"440.7MiB / 7.38GiB","Name":"flash-cloud-bench-kafka-1","NetIO":"373kB / 272kB","PIDs":"100"}
{"BlockIO":"0B / 578kB","CPUPerc":"0.23%","Container":"bc21247794d5","ID":"bc21247794d5","MemPerc":"0.31%","MemUsage":"23.25MiB / 7.38GiB","Name":"flash-cloud-bench-prometheus-1","NetIO":"3.16MB / 424kB","PIDs":"10"}
2026-09-08T04:31:17Z
{"BlockIO":"0B / 2.66MB","CPUPerc":"8.64%","Container":"52f53808ea58","ID":"52f53808ea58","MemPerc":"1.02%","MemUsage":"76.87MiB / 7.38GiB","Name":"flash-cloud-bench-api-1","NetIO":"76.3MB / 74.6MB","PIDs":"9"}
{"BlockIO":"0B / 0B","CPUPerc":"0.67%","Container":"facf8315afea","ID":"facf8315afea","MemPerc":"0.46%","MemUsage":"34.71MiB / 7.38GiB","Name":"flash-cloud-bench-consumer-1","NetIO":"493kB / 846kB","PIDs":"7"}
{"BlockIO":"0B / 0B","CPUPerc":"1.44%","Container":"d790ff1ba173","ID":"d790ff1ba173","MemPerc":"0.46%","MemUsage":"34.63MiB / 7.38GiB","Name":"flash-cloud-bench-publisher-1","NetIO":"4.5MB / 5.87MB","PIDs":"7"}
{"BlockIO":"0B / 0B","CPUPerc":"3.88%","Container":"e0a44f45bbd7","ID":"e0a44f45bbd7","MemPerc":"0.48%","MemUsage":"36.04MiB / 7.38GiB","Name":"flash-cloud-bench-simulator-1","NetIO":"14.4MB / 18.1MB","PIDs":"10"}
{"BlockIO":"0B / 0B","CPUPerc":"2.82%","Container":"a66f27ba8092","ID":"a66f27ba8092","MemPerc":"0.46%","MemUsage":"34.73MiB / 7.38GiB","Name":"flash-cloud-bench-maintenance-1","NetIO":"107MB / 365MB","PIDs":"6"}
{"BlockIO":"0B / 8.19kB","CPUPerc":"2.45%","Container":"6fea00feedc4","ID":"6fea00feedc4","MemPerc":"0.02%","MemUsage":"1.566MiB / 7.38GiB","Name":"flash-cloud-bench-pgbouncer-1","NetIO":"179MB / 178MB","PIDs":"1"}
{"BlockIO":"0B / 506MB","CPUPerc":"5.74%","Container":"d440893966b4","ID":"d440893966b4","MemPerc":"1.55%","MemUsage":"117.5MiB / 7.38GiB","Name":"flash-cloud-bench-postgres-1","NetIO":"62.6MB / 137MB","PIDs":"13"}
{"BlockIO":"0B / 56.4MB","CPUPerc":"1.16%","Container":"073fcaf844bb","ID":"073fcaf844bb","MemPerc":"0.68%","MemUsage":"51.55MiB / 7.38GiB","Name":"flash-cloud-bench-redis-1","NetIO":"380MB / 65.8MB","PIDs":"6"}
{"BlockIO":"0B / 8.28MB","CPUPerc":"2.20%","Container":"562ac1217807","ID":"562ac1217807","MemPerc":"5.83%","MemUsage":"440.8MiB / 7.38GiB","Name":"flash-cloud-bench-kafka-1","NetIO":"407kB / 299kB","PIDs":"100"}
{"BlockIO":"0B / 578kB","CPUPerc":"0.22%","Container":"bc21247794d5","ID":"bc21247794d5","MemPerc":"0.31%","MemUsage":"23.25MiB / 7.38GiB","Name":"flash-cloud-bench-prometheus-1","NetIO":"3.25MB / 433kB","PIDs":"10"}
2026-09-08T04:31:27Z
{"BlockIO":"0B / 2.79MB","CPUPerc":"8.35%","Container":"52f53808ea58","ID":"52f53808ea58","MemPerc":"1.02%","MemUsage":"76.88MiB / 7.38GiB","Name":"flash-cloud-bench-api-1","NetIO":"79.1MB / 77.3MB","PIDs":"9"}
{"BlockIO":"0B / 0B","CPUPerc":"16.65%","Container":"facf8315afea","ID":"facf8315afea","MemPerc":"0.46%","MemUsage":"34.71MiB / 7.38GiB","Name":"flash-cloud-bench-consumer-1","NetIO":"535kB / 913kB","PIDs":"7"}
{"BlockIO":"0B / 0B","CPUPerc":"1.74%","Container":"d790ff1ba173","ID":"d790ff1ba173","MemPerc":"0.46%","MemUsage":"34.65MiB / 7.38GiB","Name":"flash-cloud-bench-publisher-1","NetIO":"4.64MB / 6.06MB","PIDs":"7"}
{"BlockIO":"0B / 0B","CPUPerc":"4.01%","Container":"e0a44f45bbd7","ID":"e0a44f45bbd7","MemPerc":"0.48%","MemUsage":"36.04MiB / 7.38GiB","Name":"flash-cloud-bench-simulator-1","NetIO":"14.7MB / 18.5MB","PIDs":"10"}
{"BlockIO":"0B / 0B","CPUPerc":"2.61%","Container":"a66f27ba8092","ID":"a66f27ba8092","MemPerc":"0.46%","MemUsage":"34.73MiB / 7.38GiB","Name":"flash-cloud-bench-maintenance-1","NetIO":"107MB / 365MB","PIDs":"6"}
{"BlockIO":"0B / 8.19kB","CPUPerc":"2.33%","Container":"6fea00feedc4","ID":"6fea00feedc4","MemPerc":"0.02%","MemUsage":"1.586MiB / 7.38GiB","Name":"flash-cloud-bench-pgbouncer-1","NetIO":"181MB / 180MB","PIDs":"1"}
{"BlockIO":"0B / 509MB","CPUPerc":"11.00%","Container":"d440893966b4","ID":"d440893966b4","MemPerc":"1.59%","MemUsage":"119.9MiB / 7.38GiB","Name":"flash-cloud-bench-postgres-1","NetIO":"64MB / 138MB","PIDs":"14"}
{"BlockIO":"0B / 56.4MB","CPUPerc":"1.11%","Container":"073fcaf844bb","ID":"073fcaf844bb","MemPerc":"0.68%","MemUsage":"51.26MiB / 7.38GiB","Name":"flash-cloud-bench-redis-1","NetIO":"381MB / 68.3MB","PIDs":"6"}
{"BlockIO":"0B / 8.56MB","CPUPerc":"2.00%","Container":"562ac1217807","ID":"562ac1217807","MemPerc":"5.84%","MemUsage":"441.2MiB / 7.38GiB","Name":"flash-cloud-bench-kafka-1","NetIO":"441kB / 325kB","PIDs":"100"}
{"BlockIO":"0B / 618kB","CPUPerc":"0.23%","Container":"bc21247794d5","ID":"bc21247794d5","MemPerc":"0.31%","MemUsage":"23.25MiB / 7.38GiB","Name":"flash-cloud-bench-prometheus-1","NetIO":"3.33MB / 443kB","PIDs":"10"}
2026-09-08T04:31:37Z
{"BlockIO":"0B / 2.91MB","CPUPerc":"8.68%","Container":"52f53808ea58","ID":"52f53808ea58","MemPerc":"1.02%","MemUsage":"76.93MiB / 7.38GiB","Name":"flash-cloud-bench-api-1","NetIO":"82.3MB / 80.4MB","PIDs":"9"}
{"BlockIO":"0B / 0B","CPUPerc":"0.54%","Container":"facf8315afea","ID":"facf8315afea","MemPerc":"0.46%","MemUsage":"34.71MiB / 7.38GiB","Name":"flash-cloud-bench-consumer-1","NetIO":"577kB / 979kB","PIDs":"7"}
{"BlockIO":"0B / 0B","CPUPerc":"1.46%","Container":"d790ff1ba173","ID":"d790ff1ba173","MemPerc":"0.46%","MemUsage":"34.65MiB / 7.38GiB","Name":"flash-cloud-bench-publisher-1","NetIO":"4.78MB / 6.25MB","PIDs":"7"}
{"BlockIO":"0B / 0B","CPUPerc":"4.38%","Container":"e0a44f45bbd7","ID":"e0a44f45bbd7","MemPerc":"0.48%","MemUsage":"36.04MiB / 7.38GiB","Name":"flash-cloud-bench-simulator-1","NetIO":"15MB / 18.9MB","PIDs":"10"}
{"BlockIO":"0B / 0B","CPUPerc":"2.28%","Container":"a66f27ba8092","ID":"a66f27ba8092","MemPerc":"0.46%","MemUsage":"34.75MiB / 7.38GiB","Name":"flash-cloud-bench-maintenance-1","NetIO":"118MB / 404MB","PIDs":"6"}
{"BlockIO":"0B / 8.19kB","CPUPerc":"2.26%","Container":"6fea00feedc4","ID":"6fea00feedc4","MemPerc":"0.02%","MemUsage":"1.57MiB / 7.38GiB","Name":"flash-cloud-bench-pgbouncer-1","NetIO":"195MB / 194MB","PIDs":"1"}
{"BlockIO":"0B / 521MB","CPUPerc":"5.29%","Container":"d440893966b4","ID":"d440893966b4","MemPerc":"1.59%","MemUsage":"120MiB / 7.38GiB","Name":"flash-cloud-bench-postgres-1","NetIO":"67.1MB / 149MB","PIDs":"14"}
{"BlockIO":"0B / 84.7MB","CPUPerc":"3.46%","Container":"073fcaf844bb","ID":"073fcaf844bb","MemPerc":"0.68%","MemUsage":"51.59MiB / 7.38GiB","Name":"flash-cloud-bench-redis-1","NetIO":"418MB / 71.4MB","PIDs":"6"}
{"BlockIO":"0B / 8.83MB","CPUPerc":"1.30%","Container":"562ac1217807","ID":"562ac1217807","MemPerc":"5.84%","MemUsage":"441.3MiB / 7.38GiB","Name":"flash-cloud-bench-kafka-1","NetIO":"474kB / 350kB","PIDs":"100"}
{"BlockIO":"0B / 618kB","CPUPerc":"0.21%","Container":"bc21247794d5","ID":"bc21247794d5","MemPerc":"0.31%","MemUsage":"23.25MiB / 7.38GiB","Name":"flash-cloud-bench-prometheus-1","NetIO":"3.41MB / 452kB","PIDs":"10"}
2026-09-08T04:31:47Z
{"BlockIO":"0B / 3.05MB","CPUPerc":"9.98%","Container":"52f53808ea58","ID":"52f53808ea58","MemPerc":"1.02%","MemUsage":"76.98MiB / 7.38GiB","Name":"flash-cloud-bench-api-1","NetIO":"85.6MB / 83.5MB","PIDs":"10"}
{"BlockIO":"0B / 0B","CPUPerc":"0.51%","Container":"facf8315afea","ID":"facf8315afea","MemPerc":"0.46%","MemUsage":"34.71MiB / 7.38GiB","Name":"flash-cloud-bench-consumer-1","NetIO":"618kB / 1.05MB","PIDs":"7"}
{"BlockIO":"0B / 0B","CPUPerc":"1.63%","Container":"d790ff1ba173","ID":"d790ff1ba173","MemPerc":"0.46%","MemUsage":"34.66MiB / 7.38GiB","Name":"flash-cloud-bench-publisher-1","NetIO":"4.91MB / 6.43MB","PIDs":"7"}
{"BlockIO":"0B / 0B","CPUPerc":"3.55%","Container":"e0a44f45bbd7","ID":"e0a44f45bbd7","MemPerc":"0.48%","MemUsage":"36.04MiB / 7.38GiB","Name":"flash-cloud-bench-simulator-1","NetIO":"15.3MB / 19.3MB","PIDs":"10"}
{"BlockIO":"0B / 0B","CPUPerc":"2.72%","Container":"a66f27ba8092","ID":"a66f27ba8092","MemPerc":"0.46%","MemUsage":"34.75MiB / 7.38GiB","Name":"flash-cloud-bench-maintenance-1","NetIO":"118MB / 405MB","PIDs":"6"}
{"BlockIO":"0B / 8.19kB","CPUPerc":"2.39%","Container":"6fea00feedc4","ID":"6fea00feedc4","MemPerc":"0.02%","MemUsage":"1.582MiB / 7.38GiB","Name":"flash-cloud-bench-pgbouncer-1","NetIO":"197MB / 196MB","PIDs":"1"}
{"BlockIO":"0B / 524MB","CPUPerc":"8.50%","Container":"d440893966b4","ID":"d440893966b4","MemPerc":"1.59%","MemUsage":"120.2MiB / 7.38GiB","Name":"flash-cloud-bench-postgres-1","NetIO":"68.4MB / 150MB","PIDs":"14"}
{"BlockIO":"0B / 84.7MB","CPUPerc":"1.35%","Container":"073fcaf844bb","ID":"073fcaf844bb","MemPerc":"0.68%","MemUsage":"51.27MiB / 7.38GiB","Name":"flash-cloud-bench-redis-1","NetIO":"419MB / 74.4MB","PIDs":"6"}
{"BlockIO":"0B / 9.08MB","CPUPerc":"148.26%","Container":"562ac1217807","ID":"562ac1217807","MemPerc":"6.77%","MemUsage":"511.9MiB / 7.38GiB","Name":"flash-cloud-bench-kafka-1","NetIO":"508kB / 376kB","PIDs":"119"}
{"BlockIO":"0B / 618kB","CPUPerc":"0.25%","Container":"bc21247794d5","ID":"bc21247794d5","MemPerc":"0.31%","MemUsage":"23.25MiB / 7.38GiB","Name":"flash-cloud-bench-prometheus-1","NetIO":"3.5MB / 464kB","PIDs":"10"}
2026-09-08T04:31:58Z
{"BlockIO":"0B / 3.19MB","CPUPerc":"9.92%","Container":"52f53808ea58","ID":"52f53808ea58","MemPerc":"1.02%","MemUsage":"76.98MiB / 7.38GiB","Name":"flash-cloud-bench-api-1","NetIO":"89.9MB / 87.2MB","PIDs":"10"}
{"BlockIO":"0B / 0B","CPUPerc":"0.71%","Container":"facf8315afea","ID":"facf8315afea","MemPerc":"0.46%","MemUsage":"34.72MiB / 7.38GiB","Name":"flash-cloud-bench-consumer-1","NetIO":"657kB / 1.11MB","PIDs":"7"}
{"BlockIO":"0B / 0B","CPUPerc":"1.64%","Container":"d790ff1ba173","ID":"d790ff1ba173","MemPerc":"0.46%","MemUsage":"34.66MiB / 7.38GiB","Name":"flash-cloud-bench-publisher-1","NetIO":"5.04MB / 6.6MB","PIDs":"7"}
{"BlockIO":"0B / 0B","CPUPerc":"4.02%","Container":"e0a44f45bbd7","ID":"e0a44f45bbd7","MemPerc":"0.48%","MemUsage":"36.04MiB / 7.38GiB","Name":"flash-cloud-bench-simulator-1","NetIO":"15.6MB / 19.7MB","PIDs":"10"}
{"BlockIO":"0B / 0B","CPUPerc":"2.45%","Container":"a66f27ba8092","ID":"a66f27ba8092","MemPerc":"0.46%","MemUsage":"34.75MiB / 7.38GiB","Name":"flash-cloud-bench-maintenance-1","NetIO":"129MB / 444MB","PIDs":"6"}
{"BlockIO":"0B / 8.19kB","CPUPerc":"2.75%","Container":"6fea00feedc4","ID":"6fea00feedc4","MemPerc":"0.02%","MemUsage":"1.578MiB / 7.38GiB","Name":"flash-cloud-bench-pgbouncer-1","NetIO":"211MB / 210MB","PIDs":"1"}
{"BlockIO":"0B / 537MB","CPUPerc":"6.34%","Container":"d440893966b4","ID":"d440893966b4","MemPerc":"1.59%","MemUsage":"120.4MiB / 7.38GiB","Name":"flash-cloud-bench-postgres-1","NetIO":"71.5MB / 161MB","PIDs":"14"}
{"BlockIO":"0B / 84.7MB","CPUPerc":"1.44%","Container":"073fcaf844bb","ID":"073fcaf844bb","MemPerc":"0.68%","MemUsage":"51.68MiB / 7.38GiB","Name":"flash-cloud-bench-redis-1","NetIO":"457MB / 78.2MB","PIDs":"6"}
{"BlockIO":"0B / 9.28MB","CPUPerc":"10.41%","Container":"562ac1217807","ID":"562ac1217807","MemPerc":"5.87%","MemUsage":"443.4MiB / 7.38GiB","Name":"flash-cloud-bench-kafka-1","NetIO":"543kB / 403kB","PIDs":"103"}
{"BlockIO":"0B / 655kB","CPUPerc":"0.00%","Container":"bc21247794d5","ID":"bc21247794d5","MemPerc":"0.31%","MemUsage":"23.43MiB / 7.38GiB","Name":"flash-cloud-bench-prometheus-1","NetIO":"3.57MB / 471kB","PIDs":"10"}
2026-09-08T04:32:08Z
{"BlockIO":"0B / 3.35MB","CPUPerc":"10.00%","Container":"52f53808ea58","ID":"52f53808ea58","MemPerc":"1.02%","MemUsage":"77.03MiB / 7.38GiB","Name":"flash-cloud-bench-api-1","NetIO":"93.9MB / 90.6MB","PIDs":"10"}
{"BlockIO":"0B / 0B","CPUPerc":"0.71%","Container":"facf8315afea","ID":"facf8315afea","MemPerc":"0.46%","MemUsage":"34.72MiB / 7.38GiB","Name":"flash-cloud-bench-consumer-1","NetIO":"704kB / 1.18MB","PIDs":"7"}
{"BlockIO":"0B / 0B","CPUPerc":"1.82%","Container":"d790ff1ba173","ID":"d790ff1ba173","MemPerc":"0.46%","MemUsage":"34.66MiB / 7.38GiB","Name":"flash-cloud-bench-publisher-1","NetIO":"5.19MB / 6.81MB","PIDs":"7"}
{"BlockIO":"0B / 0B","CPUPerc":"3.64%","Container":"e0a44f45bbd7","ID":"e0a44f45bbd7","MemPerc":"0.48%","MemUsage":"36.04MiB / 7.38GiB","Name":"flash-cloud-bench-simulator-1","NetIO":"15.9MB / 20.1MB","PIDs":"10"}
{"BlockIO":"0B / 0B","CPUPerc":"3.08%","Container":"a66f27ba8092","ID":"a66f27ba8092","MemPerc":"0.46%","MemUsage":"34.75MiB / 7.38GiB","Name":"flash-cloud-bench-maintenance-1","NetIO":"130MB / 444MB","PIDs":"6"}
{"BlockIO":"0B / 8.19kB","CPUPerc":"2.34%","Container":"6fea00feedc4","ID":"6fea00feedc4","MemPerc":"0.02%","MemUsage":"1.578MiB / 7.38GiB","Name":"flash-cloud-bench-pgbouncer-1","NetIO":"213MB / 212MB","PIDs":"1"}
{"BlockIO":"0B / 540MB","CPUPerc":"11.17%","Container":"d440893966b4","ID":"d440893966b4","MemPerc":"1.59%","MemUsage":"120.5MiB / 7.38GiB","Name":"flash-cloud-bench-postgres-1","NetIO":"73.1MB / 162MB","PIDs":"14"}
{"BlockIO":"0B / 84.7MB","CPUPerc":"3.62%","Container":"073fcaf844bb","ID":"073fcaf844bb","MemPerc":"0.68%","MemUsage":"51.3MiB / 7.38GiB","Name":"flash-cloud-bench-redis-1","NetIO":"458MB / 82.3MB","PIDs":"6"}
{"BlockIO":"0B / 9.41MB","CPUPerc":"1.20%","Container":"562ac1217807","ID":"562ac1217807","MemPerc":"5.86%","MemUsage":"442.8MiB / 7.38GiB","Name":"flash-cloud-bench-kafka-1","NetIO":"577kB / 429kB","PIDs":"100"}
{"BlockIO":"0B / 655kB","CPUPerc":"0.00%","Container":"bc21247794d5","ID":"bc21247794d5","MemPerc":"0.31%","MemUsage":"23.45MiB / 7.38GiB","Name":"flash-cloud-bench-prometheus-1","NetIO":"3.65MB / 481kB","PIDs":"10"}
2026-09-08T04:32:18Z
{"BlockIO":"0B / 3.52MB","CPUPerc":"39.56%","Container":"52f53808ea58","ID":"52f53808ea58","MemPerc":"1.02%","MemUsage":"77.02MiB / 7.38GiB","Name":"flash-cloud-bench-api-1","NetIO":"98.7MB / 94.5MB","PIDs":"9"}
{"BlockIO":"0B / 0B","CPUPerc":"1.19%","Container":"facf8315afea","ID":"facf8315afea","MemPerc":"0.46%","MemUsage":"34.72MiB / 7.38GiB","Name":"flash-cloud-bench-consumer-1","NetIO":"769kB / 1.28MB","PIDs":"7"}
{"BlockIO":"0B / 0B","CPUPerc":"2.11%","Container":"d790ff1ba173","ID":"d790ff1ba173","MemPerc":"0.46%","MemUsage":"34.66MiB / 7.38GiB","Name":"flash-cloud-bench-publisher-1","NetIO":"5.35MB / 7.03MB","PIDs":"7"}
{"BlockIO":"0B / 0B","CPUPerc":"4.04%","Container":"e0a44f45bbd7","ID":"e0a44f45bbd7","MemPerc":"0.48%","MemUsage":"36.04MiB / 7.38GiB","Name":"flash-cloud-bench-simulator-1","NetIO":"16.2MB / 20.5MB","PIDs":"10"}
{"BlockIO":"0B / 0B","CPUPerc":"4.40%","Container":"a66f27ba8092","ID":"a66f27ba8092","MemPerc":"0.46%","MemUsage":"34.76MiB / 7.38GiB","Name":"flash-cloud-bench-maintenance-1","NetIO":"141MB / 484MB","PIDs":"6"}
{"BlockIO":"0B / 8.19kB","CPUPerc":"3.06%","Container":"6fea00feedc4","ID":"6fea00feedc4","MemPerc":"0.02%","MemUsage":"1.594MiB / 7.38GiB","Name":"flash-cloud-bench-pgbouncer-1","NetIO":"227MB / 226MB","PIDs":"1"}
{"BlockIO":"0B / 552MB","CPUPerc":"13.87%","Container":"d440893966b4","ID":"d440893966b4","MemPerc":"1.60%","MemUsage":"120.6MiB / 7.38GiB","Name":"flash-cloud-bench-postgres-1","NetIO":"76.2MB / 173MB","PIDs":"14"}
{"BlockIO":"0B / 84.7MB","CPUPerc":"3.77%","Container":"073fcaf844bb","ID":"073fcaf844bb","MemPerc":"0.68%","MemUsage":"51.62MiB / 7.38GiB","Name":"flash-cloud-bench-redis-1","NetIO":"496MB / 87MB","PIDs":"6"}
{"BlockIO":"0B / 9.54MB","CPUPerc":"1.82%","Container":"562ac1217807","ID":"562ac1217807","MemPerc":"5.87%","MemUsage":"443.3MiB / 7.38GiB","Name":"flash-cloud-bench-kafka-1","NetIO":"628kB / 469kB","PIDs":"100"}
{"BlockIO":"0B / 655kB","CPUPerc":"0.37%","Container":"bc21247794d5","ID":"bc21247794d5","MemPerc":"0.31%","MemUsage":"23.45MiB / 7.38GiB","Name":"flash-cloud-bench-prometheus-1","NetIO":"3.74MB / 494kB","PIDs":"10"}
2026-09-08T04:32:28Z
{"BlockIO":"0B / 3.69MB","CPUPerc":"39.80%","Container":"52f53808ea58","ID":"52f53808ea58","MemPerc":"1.03%","MemUsage":"77.84MiB / 7.38GiB","Name":"flash-cloud-bench-api-1","NetIO":"104MB / 98.5MB","PIDs":"16"}
{"BlockIO":"0B / 0B","CPUPerc":"0.96%","Container":"facf8315afea","ID":"facf8315afea","MemPerc":"0.46%","MemUsage":"34.73MiB / 7.38GiB","Name":"flash-cloud-bench-consumer-1","NetIO":"849kB / 1.41MB","PIDs":"7"}
{"BlockIO":"0B / 0B","CPUPerc":"1.99%","Container":"d790ff1ba173","ID":"d790ff1ba173","MemPerc":"0.46%","MemUsage":"34.66MiB / 7.38GiB","Name":"flash-cloud-bench-publisher-1","NetIO":"5.53MB / 7.27MB","PIDs":"7"}
{"BlockIO":"0B / 0B","CPUPerc":"4.14%","Container":"e0a44f45bbd7","ID":"e0a44f45bbd7","MemPerc":"0.48%","MemUsage":"36.04MiB / 7.38GiB","Name":"flash-cloud-bench-simulator-1","NetIO":"16.6MB / 20.9MB","PIDs":"10"}
{"BlockIO":"0B / 0B","CPUPerc":"3.82%","Container":"a66f27ba8092","ID":"a66f27ba8092","MemPerc":"0.46%","MemUsage":"34.76MiB / 7.38GiB","Name":"flash-cloud-bench-maintenance-1","NetIO":"141MB / 484MB","PIDs":"6"}
{"BlockIO":"0B / 8.19kB","CPUPerc":"2.79%","Container":"6fea00feedc4","ID":"6fea00feedc4","MemPerc":"0.02%","MemUsage":"1.582MiB / 7.38GiB","Name":"flash-cloud-bench-pgbouncer-1","NetIO":"230MB / 229MB","PIDs":"1"}
{"BlockIO":"0B / 556MB","CPUPerc":"12.68%","Container":"d440893966b4","ID":"d440893966b4","MemPerc":"1.60%","MemUsage":"120.8MiB / 7.38GiB","Name":"flash-cloud-bench-postgres-1","NetIO":"78MB / 174MB","PIDs":"14"}
{"BlockIO":"0B / 84.7MB","CPUPerc":"1.54%","Container":"073fcaf844bb","ID":"073fcaf844bb","MemPerc":"0.68%","MemUsage":"51.48MiB / 7.38GiB","Name":"flash-cloud-bench-redis-1","NetIO":"497MB / 91.7MB","PIDs":"6"}
{"BlockIO":"0B / 9.85MB","CPUPerc":"1.66%","Container":"562ac1217807","ID":"562ac1217807","MemPerc":"5.88%","MemUsage":"444.3MiB / 7.38GiB","Name":"flash-cloud-bench-kafka-1","NetIO":"692kB / 519kB","PIDs":"100"}
{"BlockIO":"0B / 655kB","CPUPerc":"0.00%","Container":"bc21247794d5","ID":"bc21247794d5","MemPerc":"0.31%","MemUsage":"23.45MiB / 7.38GiB","Name":"flash-cloud-bench-prometheus-1","NetIO":"3.81MB / 500kB","PIDs":"10"}
2026-09-08T04:32:38Z
{"BlockIO":"0B / 3.87MB","CPUPerc":"11.79%","Container":"52f53808ea58","ID":"52f53808ea58","MemPerc":"1.03%","MemUsage":"77.59MiB / 7.38GiB","Name":"flash-cloud-bench-api-1","NetIO":"109MB / 103MB","PIDs":"9"}
{"BlockIO":"0B / 0B","CPUPerc":"9.89%","Container":"facf8315afea","ID":"facf8315afea","MemPerc":"0.46%","MemUsage":"34.73MiB / 7.38GiB","Name":"flash-cloud-bench-consumer-1","NetIO":"928kB / 1.53MB","PIDs":"7"}
{"BlockIO":"0B / 0B","CPUPerc":"2.13%","Container":"d790ff1ba173","ID":"d790ff1ba173","MemPerc":"0.46%","MemUsage":"34.67MiB / 7.38GiB","Name":"flash-cloud-bench-publisher-1","NetIO":"5.7MB / 7.51MB","PIDs":"7"}
{"BlockIO":"0B / 0B","CPUPerc":"4.52%","Container":"e0a44f45bbd7","ID":"e0a44f45bbd7","MemPerc":"0.48%","MemUsage":"36.04MiB / 7.38GiB","Name":"flash-cloud-bench-simulator-1","NetIO":"16.9MB / 21.3MB","PIDs":"10"}
{"BlockIO":"0B / 0B","CPUPerc":"4.11%","Container":"a66f27ba8092","ID":"a66f27ba8092","MemPerc":"0.46%","MemUsage":"34.77MiB / 7.38GiB","Name":"flash-cloud-bench-maintenance-1","NetIO":"152MB / 524MB","PIDs":"6"}
{"BlockIO":"0B / 8.19kB","CPUPerc":"2.97%","Container":"6fea00feedc4","ID":"6fea00feedc4","MemPerc":"0.02%","MemUsage":"1.59MiB / 7.38GiB","Name":"flash-cloud-bench-pgbouncer-1","NetIO":"244MB / 243MB","PIDs":"1"}
{"BlockIO":"0B / 569MB","CPUPerc":"21.41%","Container":"d440893966b4","ID":"d440893966b4","MemPerc":"1.60%","MemUsage":"120.9MiB / 7.38GiB","Name":"flash-cloud-bench-postgres-1","NetIO":"81.1MB / 185MB","PIDs":"14"}
{"BlockIO":"0B / 113MB","CPUPerc":"1.80%","Container":"073fcaf844bb","ID":"073fcaf844bb","MemPerc":"0.68%","MemUsage":"51.67MiB / 7.38GiB","Name":"flash-cloud-bench-redis-1","NetIO":"535MB / 96.6MB","PIDs":"6"}
{"BlockIO":"0B / 9.99MB","CPUPerc":"1.36%","Container":"562ac1217807","ID":"562ac1217807","MemPerc":"5.88%","MemUsage":"444.4MiB / 7.38GiB","Name":"flash-cloud-bench-kafka-1","NetIO":"754kB / 567kB","PIDs":"100"}
{"BlockIO":"0B / 696kB","CPUPerc":"0.00%","Container":"bc21247794d5","ID":"bc21247794d5","MemPerc":"0.31%","MemUsage":"23.45MiB / 7.38GiB","Name":"flash-cloud-bench-prometheus-1","NetIO":"3.9MB / 509kB","PIDs":"10"}
2026-09-08T04:32:48Z
{"BlockIO":"0B / 4.06MB","CPUPerc":"10.75%","Container":"52f53808ea58","ID":"52f53808ea58","MemPerc":"1.03%","MemUsage":"77.6MiB / 7.38GiB","Name":"flash-cloud-bench-api-1","NetIO":"113MB / 106MB","PIDs":"9"}
{"BlockIO":"0B / 0B","CPUPerc":"1.30%","Container":"facf8315afea","ID":"facf8315afea","MemPerc":"0.46%","MemUsage":"34.73MiB / 7.38GiB","Name":"flash-cloud-bench-consumer-1","NetIO":"1.01MB / 1.66MB","PIDs":"7"}
{"BlockIO":"0B / 0B","CPUPerc":"2.33%","Container":"d790ff1ba173","ID":"d790ff1ba173","MemPerc":"0.46%","MemUsage":"34.67MiB / 7.38GiB","Name":"flash-cloud-bench-publisher-1","NetIO":"5.88MB / 7.74MB","PIDs":"7"}
{"BlockIO":"0B / 0B","CPUPerc":"3.93%","Container":"e0a44f45bbd7","ID":"e0a44f45bbd7","MemPerc":"0.48%","MemUsage":"36.04MiB / 7.38GiB","Name":"flash-cloud-bench-simulator-1","NetIO":"17.2MB / 21.7MB","PIDs":"10"}
{"BlockIO":"0B / 0B","CPUPerc":"3.94%","Container":"a66f27ba8092","ID":"a66f27ba8092","MemPerc":"0.46%","MemUsage":"34.76MiB / 7.38GiB","Name":"flash-cloud-bench-maintenance-1","NetIO":"153MB / 524MB","PIDs":"6"}
{"BlockIO":"0B / 8.19kB","CPUPerc":"3.00%","Container":"6fea00feedc4","ID":"6fea00feedc4","MemPerc":"0.02%","MemUsage":"1.586MiB / 7.38GiB","Name":"flash-cloud-bench-pgbouncer-1","NetIO":"247MB / 245MB","PIDs":"1"}
{"BlockIO":"0B / 574MB","CPUPerc":"16.18%","Container":"d440893966b4","ID":"d440893966b4","MemPerc":"1.60%","MemUsage":"121MiB / 7.38GiB","Name":"flash-cloud-bench-postgres-1","NetIO":"82.9MB / 186MB","PIDs":"14"}
{"BlockIO":"0B / 113MB","CPUPerc":"3.84%","Container":"073fcaf844bb","ID":"073fcaf844bb","MemPerc":"0.68%","MemUsage":"51.34MiB / 7.38GiB","Name":"flash-cloud-bench-redis-1","NetIO":"536MB / 101MB","PIDs":"6"}
{"BlockIO":"0B / 10.1MB","CPUPerc":"1.97%","Container":"562ac1217807","ID":"562ac1217807","MemPerc":"5.89%","MemUsage":"444.9MiB / 7.38GiB","Name":"flash-cloud-bench-kafka-1","NetIO":"818kB / 618kB","PIDs":"100"}
{"BlockIO":"0B / 696kB","CPUPerc":"0.00%","Container":"bc21247794d5","ID":"bc21247794d5","MemPerc":"0.31%","MemUsage":"23.45MiB / 7.38GiB","Name":"flash-cloud-bench-prometheus-1","NetIO":"3.98MB / 519kB","PIDs":"10"}
2026-09-08T04:32:58Z
{"BlockIO":"0B / 4.27MB","CPUPerc":"9.73%","Container":"52f53808ea58","ID":"52f53808ea58","MemPerc":"1.03%","MemUsage":"77.64MiB / 7.38GiB","Name":"flash-cloud-bench-api-1","NetIO":"119MB / 111MB","PIDs":"9"}
{"BlockIO":"0B / 0B","CPUPerc":"1.26%","Container":"facf8315afea","ID":"facf8315afea","MemPerc":"0.46%","MemUsage":"34.73MiB / 7.38GiB","Name":"flash-cloud-bench-consumer-1","NetIO":"1.09MB / 1.78MB","PIDs":"7"}
{"BlockIO":"0B / 0B","CPUPerc":"1.77%","Container":"d790ff1ba173","ID":"d790ff1ba173","MemPerc":"0.46%","MemUsage":"34.67MiB / 7.38GiB","Name":"flash-cloud-bench-publisher-1","NetIO":"6.05MB / 7.98MB","PIDs":"7"}
{"BlockIO":"0B / 0B","CPUPerc":"4.41%","Container":"e0a44f45bbd7","ID":"e0a44f45bbd7","MemPerc":"0.48%","MemUsage":"36.04MiB / 7.38GiB","Name":"flash-cloud-bench-simulator-1","NetIO":"17.5MB / 22.1MB","PIDs":"10"}
{"BlockIO":"0B / 0B","CPUPerc":"3.87%","Container":"a66f27ba8092","ID":"a66f27ba8092","MemPerc":"0.46%","MemUsage":"34.76MiB / 7.38GiB","Name":"flash-cloud-bench-maintenance-1","NetIO":"164MB / 564MB","PIDs":"6"}
{"BlockIO":"0B / 8.19kB","CPUPerc":"2.91%","Container":"6fea00feedc4","ID":"6fea00feedc4","MemPerc":"0.02%","MemUsage":"1.594MiB / 7.38GiB","Name":"flash-cloud-bench-pgbouncer-1","NetIO":"261MB / 260MB","PIDs":"1"}
{"BlockIO":"0B / 589MB","CPUPerc":"12.71%","Container":"d440893966b4","ID":"d440893966b4","MemPerc":"1.46%","MemUsage":"110.3MiB / 7.38GiB","Name":"flash-cloud-bench-postgres-1","NetIO":"86.1MB / 198MB","PIDs":"14"}
{"BlockIO":"0B / 113MB","CPUPerc":"1.50%","Container":"073fcaf844bb","ID":"073fcaf844bb","MemPerc":"0.68%","MemUsage":"51.63MiB / 7.38GiB","Name":"flash-cloud-bench-redis-1","NetIO":"573MB / 107MB","PIDs":"6"}
{"BlockIO":"0B / 10.4MB","CPUPerc":"2.29%","Container":"562ac1217807","ID":"562ac1217807","MemPerc":"5.91%","MemUsage":"446.4MiB / 7.38GiB","Name":"flash-cloud-bench-kafka-1","NetIO":"880kB / 667kB","PIDs":"100"}
{"BlockIO":"0B / 696kB","CPUPerc":"0.00%","Container":"bc21247794d5","ID":"bc21247794d5","MemPerc":"0.31%","MemUsage":"23.45MiB / 7.38GiB","Name":"flash-cloud-bench-prometheus-1","NetIO":"4.06MB / 528kB","PIDs":"10"}
2026-09-08T04:33:08Z
{"BlockIO":"0B / 4.47MB","CPUPerc":"10.19%","Container":"52f53808ea58","ID":"52f53808ea58","MemPerc":"1.03%","MemUsage":"77.66MiB / 7.38GiB","Name":"flash-cloud-bench-api-1","NetIO":"125MB / 115MB","PIDs":"9"}
{"BlockIO":"0B / 0B","CPUPerc":"14.75%","Container":"facf8315afea","ID":"facf8315afea","MemPerc":"0.46%","MemUsage":"34.73MiB / 7.38GiB","Name":"flash-cloud-bench-consumer-1","NetIO":"1.17MB / 1.91MB","PIDs":"7"}
{"BlockIO":"0B / 0B","CPUPerc":"2.41%","Container":"d790ff1ba173","ID":"d790ff1ba173","MemPerc":"0.46%","MemUsage":"34.67MiB / 7.38GiB","Name":"flash-cloud-bench-publisher-1","NetIO":"6.21MB / 8.2MB","PIDs":"7"}
{"BlockIO":"0B / 0B","CPUPerc":"3.92%","Container":"e0a44f45bbd7","ID":"e0a44f45bbd7","MemPerc":"0.48%","MemUsage":"36.04MiB / 7.38GiB","Name":"flash-cloud-bench-simulator-1","NetIO":"17.8MB / 22.5MB","PIDs":"10"}
{"BlockIO":"0B / 0B","CPUPerc":"3.78%","Container":"a66f27ba8092","ID":"a66f27ba8092","MemPerc":"0.46%","MemUsage":"34.76MiB / 7.38GiB","Name":"flash-cloud-bench-maintenance-1","NetIO":"164MB / 564MB","PIDs":"6"}
{"BlockIO":"0B / 8.19kB","CPUPerc":"2.93%","Container":"6fea00feedc4","ID":"6fea00feedc4","MemPerc":"0.02%","MemUsage":"1.582MiB / 7.38GiB","Name":"flash-cloud-bench-pgbouncer-1","NetIO":"263MB / 262MB","PIDs":"1"}
{"BlockIO":"0B / 592MB","CPUPerc":"16.69%","Container":"d440893966b4","ID":"d440893966b4","MemPerc":"1.51%","MemUsage":"114.1MiB / 7.38GiB","Name":"flash-cloud-bench-postgres-1","NetIO":"87.8MB / 199MB","PIDs":"16"}
{"BlockIO":"0B / 113MB","CPUPerc":"1.43%","Container":"073fcaf844bb","ID":"073fcaf844bb","MemPerc":"0.68%","MemUsage":"51.25MiB / 7.38GiB","Name":"flash-cloud-bench-redis-1","NetIO":"574MB / 112MB","PIDs":"6"}
{"BlockIO":"0B / 10.8MB","CPUPerc":"32.54%","Container":"562ac1217807","ID":"562ac1217807","MemPerc":"5.92%","MemUsage":"447.3MiB / 7.38GiB","Name":"flash-cloud-bench-kafka-1","NetIO":"943kB / 716kB","PIDs":"100"}
{"BlockIO":"0B / 745kB","CPUPerc":"0.15%","Container":"bc21247794d5","ID":"bc21247794d5","MemPerc":"0.31%","MemUsage":"23.46MiB / 7.38GiB","Name":"flash-cloud-bench-prometheus-1","NetIO":"4.15MB / 541kB","PIDs":"10"}
2026-09-08T04:33:18Z
{"BlockIO":"0B / 4.69MB","CPUPerc":"11.42%","Container":"52f53808ea58","ID":"52f53808ea58","MemPerc":"1.03%","MemUsage":"77.7MiB / 7.38GiB","Name":"flash-cloud-bench-api-1","NetIO":"133MB / 121MB","PIDs":"9"}
{"BlockIO":"0B / 0B","CPUPerc":"0.69%","Container":"facf8315afea","ID":"facf8315afea","MemPerc":"0.46%","MemUsage":"34.73MiB / 7.38GiB","Name":"flash-cloud-bench-consumer-1","NetIO":"1.22MB / 1.99MB","PIDs":"7"}
{"BlockIO":"0B / 0B","CPUPerc":"1.38%","Container":"d790ff1ba173","ID":"d790ff1ba173","MemPerc":"0.46%","MemUsage":"34.67MiB / 7.38GiB","Name":"flash-cloud-bench-publisher-1","NetIO":"6.38MB / 8.42MB","PIDs":"7"}
{"BlockIO":"0B / 0B","CPUPerc":"3.64%","Container":"e0a44f45bbd7","ID":"e0a44f45bbd7","MemPerc":"0.48%","MemUsage":"36.04MiB / 7.38GiB","Name":"flash-cloud-bench-simulator-1","NetIO":"18.1MB / 22.9MB","PIDs":"10"}
{"BlockIO":"0B / 0B","CPUPerc":"3.33%","Container":"a66f27ba8092","ID":"a66f27ba8092","MemPerc":"0.46%","MemUsage":"34.77MiB / 7.38GiB","Name":"flash-cloud-bench-maintenance-1","NetIO":"175MB / 603MB","PIDs":"6"}
{"BlockIO":"0B / 8.19kB","CPUPerc":"2.47%","Container":"6fea00feedc4","ID":"6fea00feedc4","MemPerc":"0.02%","MemUsage":"1.602MiB / 7.38GiB","Name":"flash-cloud-bench-pgbouncer-1","NetIO":"278MB / 276MB","PIDs":"1"}
{"BlockIO":"0B / 602MB","CPUPerc":"15.15%","Container":"d440893966b4","ID":"d440893966b4","MemPerc":"1.46%","MemUsage":"110.4MiB / 7.38GiB","Name":"flash-cloud-bench-postgres-1","NetIO":"90.7MB / 210MB","PIDs":"14"}
{"BlockIO":"0B / 113MB","CPUPerc":"4.30%","Container":"073fcaf844bb","ID":"073fcaf844bb","MemPerc":"0.68%","MemUsage":"51.69MiB / 7.38GiB","Name":"flash-cloud-bench-redis-1","NetIO":"612MB / 120MB","PIDs":"6"}
{"BlockIO":"0B / 11.1MB","CPUPerc":"114.97%","Container":"562ac1217807","ID":"562ac1217807","MemPerc":"6.54%","MemUsage":"493.9MiB / 7.38GiB","Name":"flash-cloud-bench-kafka-1","NetIO":"987kB / 749kB","PIDs":"121"}
{"BlockIO":"0B / 758kB","CPUPerc":"0.15%","Container":"bc21247794d5","ID":"bc21247794d5","MemPerc":"0.31%","MemUsage":"23.46MiB / 7.38GiB","Name":"flash-cloud-bench-prometheus-1","NetIO":"4.23MB / 551kB","PIDs":"10"}
2026-09-08T04:33:28Z
{"BlockIO":"0B / 4.92MB","CPUPerc":"10.47%","Container":"52f53808ea58","ID":"52f53808ea58","MemPerc":"1.03%","MemUsage":"77.61MiB / 7.38GiB","Name":"flash-cloud-bench-api-1","NetIO":"144MB / 128MB","PIDs":"7"}
{"BlockIO":"0B / 0B","CPUPerc":"0.47%","Container":"facf8315afea","ID":"facf8315afea","MemPerc":"0.46%","MemUsage":"34.73MiB / 7.38GiB","Name":"flash-cloud-bench-consumer-1","NetIO":"1.26MB / 2.06MB","PIDs":"7"}
{"BlockIO":"0B / 0B","CPUPerc":"1.26%","Container":"d790ff1ba173","ID":"d790ff1ba173","MemPerc":"0.46%","MemUsage":"34.67MiB / 7.38GiB","Name":"flash-cloud-bench-publisher-1","NetIO":"6.52MB / 8.61MB","PIDs":"7"}
{"BlockIO":"0B / 0B","CPUPerc":"4.17%","Container":"e0a44f45bbd7","ID":"e0a44f45bbd7","MemPerc":"0.48%","MemUsage":"36.04MiB / 7.38GiB","Name":"flash-cloud-bench-simulator-1","NetIO":"18.5MB / 23.3MB","PIDs":"10"}
{"BlockIO":"0B / 0B","CPUPerc":"3.40%","Container":"a66f27ba8092","ID":"a66f27ba8092","MemPerc":"0.46%","MemUsage":"34.77MiB / 7.38GiB","Name":"flash-cloud-bench-maintenance-1","NetIO":"176MB / 604MB","PIDs":"6"}
{"BlockIO":"0B / 8.19kB","CPUPerc":"2.46%","Container":"6fea00feedc4","ID":"6fea00feedc4","MemPerc":"0.02%","MemUsage":"1.578MiB / 7.38GiB","Name":"flash-cloud-bench-pgbouncer-1","NetIO":"280MB / 278MB","PIDs":"1"}
{"BlockIO":"0B / 604MB","CPUPerc":"15.05%","Container":"d440893966b4","ID":"d440893966b4","MemPerc":"1.46%","MemUsage":"110.4MiB / 7.38GiB","Name":"flash-cloud-bench-postgres-1","NetIO":"92.3MB / 211MB","PIDs":"14"}
{"BlockIO":"0B / 113MB","CPUPerc":"1.98%","Container":"073fcaf844bb","ID":"073fcaf844bb","MemPerc":"0.68%","MemUsage":"51.04MiB / 7.38GiB","Name":"flash-cloud-bench-redis-1","NetIO":"613MB / 131MB","PIDs":"6"}
{"BlockIO":"0B / 11.3MB","CPUPerc":"3.67%","Container":"562ac1217807","ID":"562ac1217807","MemPerc":"5.93%","MemUsage":"448.1MiB / 7.38GiB","Name":"flash-cloud-bench-kafka-1","NetIO":"1.02MB / 774kB","PIDs":"100"}
{"BlockIO":"0B / 770kB","CPUPerc":"0.23%","Container":"bc21247794d5","ID":"bc21247794d5","MemPerc":"0.31%","MemUsage":"23.46MiB / 7.38GiB","Name":"flash-cloud-bench-prometheus-1","NetIO":"4.31MB / 559kB","PIDs":"10"}
2026-09-08T04:33:38Z
{"BlockIO":"0B / 5.16MB","CPUPerc":"11.24%","Container":"52f53808ea58","ID":"52f53808ea58","MemPerc":"1.03%","MemUsage":"77.66MiB / 7.38GiB","Name":"flash-cloud-bench-api-1","NetIO":"154MB / 135MB","PIDs":"8"}
{"BlockIO":"0B / 0B","CPUPerc":"1.02%","Container":"facf8315afea","ID":"facf8315afea","MemPerc":"0.46%","MemUsage":"34.74MiB / 7.38GiB","Name":"flash-cloud-bench-consumer-1","NetIO":"1.31MB / 2.13MB","PIDs":"7"}
{"BlockIO":"0B / 0B","CPUPerc":"1.71%","Container":"d790ff1ba173","ID":"d790ff1ba173","MemPerc":"0.46%","MemUsage":"34.68MiB / 7.38GiB","Name":"flash-cloud-bench-publisher-1","NetIO":"6.65MB / 8.79MB","PIDs":"7"}
{"BlockIO":"0B / 0B","CPUPerc":"3.68%","Container":"e0a44f45bbd7","ID":"e0a44f45bbd7","MemPerc":"0.48%","MemUsage":"36.04MiB / 7.38GiB","Name":"flash-cloud-bench-simulator-1","NetIO":"18.8MB / 23.7MB","PIDs":"10"}
{"BlockIO":"0B / 0B","CPUPerc":"3.87%","Container":"a66f27ba8092","ID":"a66f27ba8092","MemPerc":"0.46%","MemUsage":"34.76MiB / 7.38GiB","Name":"flash-cloud-bench-maintenance-1","NetIO":"187MB / 643MB","PIDs":"6"}
{"BlockIO":"0B / 8.19kB","CPUPerc":"2.79%","Container":"6fea00feedc4","ID":"6fea00feedc4","MemPerc":"0.02%","MemUsage":"1.602MiB / 7.38GiB","Name":"flash-cloud-bench-pgbouncer-1","NetIO":"293MB / 292MB","PIDs":"1"}
{"BlockIO":"0B / 615MB","CPUPerc":"15.70%","Container":"d440893966b4","ID":"d440893966b4","MemPerc":"1.46%","MemUsage":"110.5MiB / 7.38GiB","Name":"flash-cloud-bench-postgres-1","NetIO":"95.2MB / 222MB","PIDs":"14"}
{"BlockIO":"0B / 141MB","CPUPerc":"1.81%","Container":"073fcaf844bb","ID":"073fcaf844bb","MemPerc":"0.68%","MemUsage":"51.26MiB / 7.38GiB","Name":"flash-cloud-bench-redis-1","NetIO":"650MB / 141MB","PIDs":"6"}
{"BlockIO":"0B / 11.6MB","CPUPerc":"2.04%","Container":"562ac1217807","ID":"562ac1217807","MemPerc":"5.93%","MemUsage":"448.4MiB / 7.38GiB","Name":"flash-cloud-bench-kafka-1","NetIO":"1.06MB / 802kB","PIDs":"100"}
{"BlockIO":"0B / 791kB","CPUPerc":"0.26%","Container":"bc21247794d5","ID":"bc21247794d5","MemPerc":"0.31%","MemUsage":"23.48MiB / 7.38GiB","Name":"flash-cloud-bench-prometheus-1","NetIO":"4.39MB / 568kB","PIDs":"10"}
2026-09-08T04:33:49Z
{"BlockIO":"0B / 5.4MB","CPUPerc":"15.58%","Container":"52f53808ea58","ID":"52f53808ea58","MemPerc":"1.03%","MemUsage":"77.78MiB / 7.38GiB","Name":"flash-cloud-bench-api-1","NetIO":"157MB / 138MB","PIDs":"10"}
{"BlockIO":"0B / 0B","CPUPerc":"1.57%","Container":"facf8315afea","ID":"facf8315afea","MemPerc":"0.46%","MemUsage":"34.75MiB / 7.38GiB","Name":"flash-cloud-bench-consumer-1","NetIO":"1.43MB / 2.32MB","PIDs":"7"}
{"BlockIO":"0B / 0B","CPUPerc":"2.48%","Container":"d790ff1ba173","ID":"d790ff1ba173","MemPerc":"0.46%","MemUsage":"34.7MiB / 7.38GiB","Name":"flash-cloud-bench-publisher-1","NetIO":"6.86MB / 9.09MB","PIDs":"7"}
{"BlockIO":"0B / 0B","CPUPerc":"3.87%","Container":"e0a44f45bbd7","ID":"e0a44f45bbd7","MemPerc":"0.48%","MemUsage":"36.04MiB / 7.38GiB","Name":"flash-cloud-bench-simulator-1","NetIO":"19.1MB / 24.1MB","PIDs":"10"}
{"BlockIO":"0B / 0B","CPUPerc":"7.77%","Container":"a66f27ba8092","ID":"a66f27ba8092","MemPerc":"0.46%","MemUsage":"34.77MiB / 7.38GiB","Name":"flash-cloud-bench-maintenance-1","NetIO":"188MB / 645MB","PIDs":"6"}
{"BlockIO":"0B / 8.19kB","CPUPerc":"4.13%","Container":"6fea00feedc4","ID":"6fea00feedc4","MemPerc":"0.02%","MemUsage":"1.602MiB / 7.38GiB","Name":"flash-cloud-bench-pgbouncer-1","NetIO":"297MB / 295MB","PIDs":"1"}
{"BlockIO":"0B / 621MB","CPUPerc":"21.82%","Container":"d440893966b4","ID":"d440893966b4","MemPerc":"1.46%","MemUsage":"110.7MiB / 7.38GiB","Name":"flash-cloud-bench-postgres-1","NetIO":"97.3MB / 224MB","PIDs":"14"}
{"BlockIO":"0B / 141MB","CPUPerc":"6.38%","Container":"073fcaf844bb","ID":"073fcaf844bb","MemPerc":"0.68%","MemUsage":"51.46MiB / 7.38GiB","Name":"flash-cloud-bench-redis-1","NetIO":"652MB / 144MB","PIDs":"6"}
{"BlockIO":"0B / 11.9MB","CPUPerc":"2.85%","Container":"562ac1217807","ID":"562ac1217807","MemPerc":"5.94%","MemUsage":"449MiB / 7.38GiB","Name":"flash-cloud-bench-kafka-1","NetIO":"1.15MB / 877kB","PIDs":"100"}
{"BlockIO":"0B / 803kB","CPUPerc":"0.38%","Container":"bc21247794d5","ID":"bc21247794d5","MemPerc":"0.31%","MemUsage":"23.54MiB / 7.38GiB","Name":"flash-cloud-bench-prometheus-1","NetIO":"4.48MB / 579kB","PIDs":"10"}
2026-09-08T04:33:59Z
{"BlockIO":"0B / 5.66MB","CPUPerc":"46.84%","Container":"52f53808ea58","ID":"52f53808ea58","MemPerc":"1.03%","MemUsage":"77.86MiB / 7.38GiB","Name":"flash-cloud-bench-api-1","NetIO":"163MB / 143MB","PIDs":"11"}
{"BlockIO":"0B / 0B","CPUPerc":"1.77%","Container":"facf8315afea","ID":"facf8315afea","MemPerc":"0.46%","MemUsage":"34.75MiB / 7.38GiB","Name":"flash-cloud-bench-consumer-1","NetIO":"1.55MB / 2.5MB","PIDs":"7"}
{"BlockIO":"0B / 0B","CPUPerc":"2.61%","Container":"d790ff1ba173","ID":"d790ff1ba173","MemPerc":"0.46%","MemUsage":"34.72MiB / 7.38GiB","Name":"flash-cloud-bench-publisher-1","NetIO":"7.08MB / 9.38MB","PIDs":"7"}
{"BlockIO":"0B / 0B","CPUPerc":"4.05%","Container":"e0a44f45bbd7","ID":"e0a44f45bbd7","MemPerc":"0.48%","MemUsage":"36.04MiB / 7.38GiB","Name":"flash-cloud-bench-simulator-1","NetIO":"19.4MB / 24.5MB","PIDs":"10"}
{"BlockIO":"0B / 0B","CPUPerc":"4.69%","Container":"a66f27ba8092","ID":"a66f27ba8092","MemPerc":"0.46%","MemUsage":"34.76MiB / 7.38GiB","Name":"flash-cloud-bench-maintenance-1","NetIO":"198MB / 683MB","PIDs":"6"}
{"BlockIO":"0B / 8.19kB","CPUPerc":"3.85%","Container":"6fea00feedc4","ID":"6fea00feedc4","MemPerc":"0.02%","MemUsage":"1.594MiB / 7.38GiB","Name":"flash-cloud-bench-pgbouncer-1","NetIO":"311MB / 310MB","PIDs":"1"}
{"BlockIO":"0B / 634MB","CPUPerc":"15.38%","Container":"d440893966b4","ID":"d440893966b4","MemPerc":"1.47%","MemUsage":"110.7MiB / 7.38GiB","Name":"flash-cloud-bench-postgres-1","NetIO":"101MB / 235MB","PIDs":"14"}
{"BlockIO":"0B / 141MB","CPUPerc":"2.06%","Container":"073fcaf844bb","ID":"073fcaf844bb","MemPerc":"0.68%","MemUsage":"51.33MiB / 7.38GiB","Name":"flash-cloud-bench-redis-1","NetIO":"690MB / 149MB","PIDs":"6"}
{"BlockIO":"0B / 12.1MB","CPUPerc":"3.30%","Container":"562ac1217807","ID":"562ac1217807","MemPerc":"5.95%","MemUsage":"449.6MiB / 7.38GiB","Name":"flash-cloud-bench-kafka-1","NetIO":"1.24MB / 950kB","PIDs":"100"}
{"BlockIO":"0B / 827kB","CPUPerc":"0.37%","Container":"bc21247794d5","ID":"bc21247794d5","MemPerc":"0.31%","MemUsage":"23.7MiB / 7.38GiB","Name":"flash-cloud-bench-prometheus-1","NetIO":"4.56MB / 588kB","PIDs":"10"}
2026-09-08T04:34:09Z
{"BlockIO":"0B / 5.92MB","CPUPerc":"47.17%","Container":"52f53808ea58","ID":"52f53808ea58","MemPerc":"1.03%","MemUsage":"77.87MiB / 7.38GiB","Name":"flash-cloud-bench-api-1","NetIO":"170MB / 149MB","PIDs":"10"}
{"BlockIO":"0B / 0B","CPUPerc":"1.65%","Container":"facf8315afea","ID":"facf8315afea","MemPerc":"0.46%","MemUsage":"34.75MiB / 7.38GiB","Name":"flash-cloud-bench-consumer-1","NetIO":"1.67MB / 2.68MB","PIDs":"7"}
{"BlockIO":"0B / 0B","CPUPerc":"2.48%","Container":"d790ff1ba173","ID":"d790ff1ba173","MemPerc":"0.46%","MemUsage":"34.74MiB / 7.38GiB","Name":"flash-cloud-bench-publisher-1","NetIO":"7.3MB / 9.68MB","PIDs":"7"}
{"BlockIO":"0B / 0B","CPUPerc":"3.40%","Container":"e0a44f45bbd7","ID":"e0a44f45bbd7","MemPerc":"0.48%","MemUsage":"36.04MiB / 7.38GiB","Name":"flash-cloud-bench-simulator-1","NetIO":"19.7MB / 24.9MB","PIDs":"10"}
{"BlockIO":"0B / 0B","CPUPerc":"11.15%","Container":"a66f27ba8092","ID":"a66f27ba8092","MemPerc":"0.46%","MemUsage":"34.77MiB / 7.38GiB","Name":"flash-cloud-bench-maintenance-1","NetIO":"199MB / 686MB","PIDs":"6"}
{"BlockIO":"0B / 8.19kB","CPUPerc":"4.61%","Container":"6fea00feedc4","ID":"6fea00feedc4","MemPerc":"0.02%","MemUsage":"1.582MiB / 7.38GiB","Name":"flash-cloud-bench-pgbouncer-1","NetIO":"315MB / 313MB","PIDs":"1"}
{"BlockIO":"0B / 640MB","CPUPerc":"17.20%","Container":"d440893966b4","ID":"d440893966b4","MemPerc":"1.47%","MemUsage":"110.9MiB / 7.38GiB","Name":"flash-cloud-bench-postgres-1","NetIO":"103MB / 237MB","PIDs":"14"}
{"BlockIO":"0B / 141MB","CPUPerc":"7.15%","Container":"073fcaf844bb","ID":"073fcaf844bb","MemPerc":"0.68%","MemUsage":"51.63MiB / 7.38GiB","Name":"flash-cloud-bench-redis-1","NetIO":"693MB / 156MB","PIDs":"6"}
{"BlockIO":"0B / 12.2MB","CPUPerc":"2.10%","Container":"562ac1217807","ID":"562ac1217807","MemPerc":"6.07%","MemUsage":"458.4MiB / 7.38GiB","Name":"flash-cloud-bench-kafka-1","NetIO":"1.34MB / 1.02MB","PIDs":"100"}
{"BlockIO":"0B / 836kB","CPUPerc":"0.37%","Container":"bc21247794d5","ID":"bc21247794d5","MemPerc":"0.31%","MemUsage":"23.72MiB / 7.38GiB","Name":"flash-cloud-bench-prometheus-1","NetIO":"4.64MB / 598kB","PIDs":"10"}
2026-09-08T04:34:19Z
{"BlockIO":"0B / 6.19MB","CPUPerc":"19.62%","Container":"52f53808ea58","ID":"52f53808ea58","MemPerc":"1.03%","MemUsage":"77.84MiB / 7.38GiB","Name":"flash-cloud-bench-api-1","NetIO":"179MB / 156MB","PIDs":"9"}
{"BlockIO":"0B / 0B","CPUPerc":"1.66%","Container":"facf8315afea","ID":"facf8315afea","MemPerc":"0.46%","MemUsage":"34.75MiB / 7.38GiB","Name":"flash-cloud-bench-consumer-1","NetIO":"1.79MB / 2.87MB","PIDs":"7"}
{"BlockIO":"0B / 0B","CPUPerc":"2.37%","Container":"d790ff1ba173","ID":"d790ff1ba173","MemPerc":"0.46%","MemUsage":"34.74MiB / 7.38GiB","Name":"flash-cloud-bench-publisher-1","NetIO":"7.51MB / 9.98MB","PIDs":"7"}
{"BlockIO":"0B / 0B","CPUPerc":"3.66%","Container":"e0a44f45bbd7","ID":"e0a44f45bbd7","MemPerc":"0.48%","MemUsage":"36.04MiB / 7.38GiB","Name":"flash-cloud-bench-simulator-1","NetIO":"20MB / 25.3MB","PIDs":"10"}
{"BlockIO":"0B / 0B","CPUPerc":"4.56%","Container":"a66f27ba8092","ID":"a66f27ba8092","MemPerc":"0.46%","MemUsage":"34.77MiB / 7.38GiB","Name":"flash-cloud-bench-maintenance-1","NetIO":"210MB / 724MB","PIDs":"6"}
{"BlockIO":"0B / 8.19kB","CPUPerc":"3.64%","Container":"6fea00feedc4","ID":"6fea00feedc4","MemPerc":"0.02%","MemUsage":"1.602MiB / 7.38GiB","Name":"flash-cloud-bench-pgbouncer-1","NetIO":"329MB / 328MB","PIDs":"1"}
{"BlockIO":"0B / 653MB","CPUPerc":"23.41%","Container":"d440893966b4","ID":"d440893966b4","MemPerc":"1.47%","MemUsage":"111.1MiB / 7.38GiB","Name":"flash-cloud-bench-postgres-1","NetIO":"106MB / 248MB","PIDs":"14"}
{"BlockIO":"0B / 141MB","CPUPerc":"4.78%","Container":"073fcaf844bb","ID":"073fcaf844bb","MemPerc":"0.68%","MemUsage":"51.33MiB / 7.38GiB","Name":"flash-cloud-bench-redis-1","NetIO":"730MB / 164MB","PIDs":"6"}
{"BlockIO":"0B / 12.6MB","CPUPerc":"2.64%","Container":"562ac1217807","ID":"562ac1217807","MemPerc":"6.07%","MemUsage":"458.5MiB / 7.38GiB","Name":"flash-cloud-bench-kafka-1","NetIO":"1.43MB / 1.1MB","PIDs":"100"}
{"BlockIO":"0B / 860kB","CPUPerc":"0.39%","Container":"bc21247794d5","ID":"bc21247794d5","MemPerc":"0.31%","MemUsage":"23.73MiB / 7.38GiB","Name":"flash-cloud-bench-prometheus-1","NetIO":"4.72MB / 607kB","PIDs":"10"}
2026-09-08T04:34:29Z
{"BlockIO":"0B / 6.48MB","CPUPerc":"18.76%","Container":"52f53808ea58","ID":"52f53808ea58","MemPerc":"1.03%","MemUsage":"77.91MiB / 7.38GiB","Name":"flash-cloud-bench-api-1","NetIO":"188MB / 163MB","PIDs":"10"}
{"BlockIO":"0B / 0B","CPUPerc":"1.33%","Container":"facf8315afea","ID":"facf8315afea","MemPerc":"0.46%","MemUsage":"34.75MiB / 7.38GiB","Name":"flash-cloud-bench-consumer-1","NetIO":"1.9MB / 3.05MB","PIDs":"7"}
{"BlockIO":"0B / 0B","CPUPerc":"2.17%","Container":"d790ff1ba173","ID":"d790ff1ba173","MemPerc":"0.46%","MemUsage":"34.75MiB / 7.38GiB","Name":"flash-cloud-bench-publisher-1","NetIO":"7.73MB / 10.3MB","PIDs":"7"}
{"BlockIO":"0B / 0B","CPUPerc":"3.89%","Container":"e0a44f45bbd7","ID":"e0a44f45bbd7","MemPerc":"0.48%","MemUsage":"36.04MiB / 7.38GiB","Name":"flash-cloud-bench-simulator-1","NetIO":"20.3MB / 25.7MB","PIDs":"10"}
{"BlockIO":"0B / 0B","CPUPerc":"18.16%","Container":"a66f27ba8092","ID":"a66f27ba8092","MemPerc":"0.46%","MemUsage":"34.77MiB / 7.38GiB","Name":"flash-cloud-bench-maintenance-1","NetIO":"212MB / 727MB","PIDs":"6"}
{"BlockIO":"0B / 8.19kB","CPUPerc":"6.14%","Container":"6fea00feedc4","ID":"6fea00feedc4","MemPerc":"0.02%","MemUsage":"1.582MiB / 7.38GiB","Name":"flash-cloud-bench-pgbouncer-1","NetIO":"333MB / 331MB","PIDs":"1"}
{"BlockIO":"0B / 659MB","CPUPerc":"23.33%","Container":"d440893966b4","ID":"d440893966b4","MemPerc":"1.47%","MemUsage":"111.1MiB / 7.38GiB","Name":"flash-cloud-bench-postgres-1","NetIO":"108MB / 250MB","PIDs":"14"}
{"BlockIO":"0B / 141MB","CPUPerc":"12.49%","Container":"073fcaf844bb","ID":"073fcaf844bb","MemPerc":"0.68%","MemUsage":"51.62MiB / 7.38GiB","Name":"flash-cloud-bench-redis-1","NetIO":"734MB / 173MB","PIDs":"6"}
{"BlockIO":"0B / 12.8MB","CPUPerc":"2.32%","Container":"562ac1217807","ID":"562ac1217807","MemPerc":"6.07%","MemUsage":"458.6MiB / 7.38GiB","Name":"flash-cloud-bench-kafka-1","NetIO":"1.52MB / 1.17MB","PIDs":"100"}
{"BlockIO":"0B / 868kB","CPUPerc":"0.39%","Container":"bc21247794d5","ID":"bc21247794d5","MemPerc":"0.36%","MemUsage":"27.2MiB / 7.38GiB","Name":"flash-cloud-bench-prometheus-1","NetIO":"4.8MB / 617kB","PIDs":"10"}
2026-09-08T04:34:39Z
{"BlockIO":"0B / 6.76MB","CPUPerc":"18.25%","Container":"52f53808ea58","ID":"52f53808ea58","MemPerc":"1.03%","MemUsage":"77.91MiB / 7.38GiB","Name":"flash-cloud-bench-api-1","NetIO":"199MB / 171MB","PIDs":"10"}
{"BlockIO":"0B / 0B","CPUPerc":"2.75%","Container":"facf8315afea","ID":"facf8315afea","MemPerc":"0.46%","MemUsage":"34.76MiB / 7.38GiB","Name":"flash-cloud-bench-consumer-1","NetIO":"2.02MB / 3.23MB","PIDs":"7"}
{"BlockIO":"0B / 0B","CPUPerc":"2.23%","Container":"d790ff1ba173","ID":"d790ff1ba173","MemPerc":"0.46%","MemUsage":"34.77MiB / 7.38GiB","Name":"flash-cloud-bench-publisher-1","NetIO":"7.94MB / 10.6MB","PIDs":"7"}
{"BlockIO":"0B / 0B","CPUPerc":"4.08%","Container":"e0a44f45bbd7","ID":"e0a44f45bbd7","MemPerc":"0.48%","MemUsage":"36.04MiB / 7.38GiB","Name":"flash-cloud-bench-simulator-1","NetIO":"20.6MB / 26MB","PIDs":"10"}
{"BlockIO":"0B / 0B","CPUPerc":"4.67%","Container":"a66f27ba8092","ID":"a66f27ba8092","MemPerc":"0.46%","MemUsage":"34.76MiB / 7.38GiB","Name":"flash-cloud-bench-maintenance-1","NetIO":"222MB / 764MB","PIDs":"6"}
{"BlockIO":"0B / 8.19kB","CPUPerc":"3.66%","Container":"6fea00feedc4","ID":"6fea00feedc4","MemPerc":"0.02%","MemUsage":"1.602MiB / 7.38GiB","Name":"flash-cloud-bench-pgbouncer-1","NetIO":"347MB / 345MB","PIDs":"1"}
{"BlockIO":"0B / 672MB","CPUPerc":"17.86%","Container":"d440893966b4","ID":"d440893966b4","MemPerc":"1.47%","MemUsage":"111.2MiB / 7.38GiB","Name":"flash-cloud-bench-postgres-1","NetIO":"112MB / 260MB","PIDs":"14"}
{"BlockIO":"0B / 169MB","CPUPerc":"2.19%","Container":"073fcaf844bb","ID":"073fcaf844bb","MemPerc":"0.68%","MemUsage":"51.34MiB / 7.38GiB","Name":"flash-cloud-bench-redis-1","NetIO":"770MB / 183MB","PIDs":"6"}
{"BlockIO":"0B / 13MB","CPUPerc":"190.42%","Container":"562ac1217807","ID":"562ac1217807","MemPerc":"6.94%","MemUsage":"524.8MiB / 7.38GiB","Name":"flash-cloud-bench-kafka-1","NetIO":"1.62MB / 1.25MB","PIDs":"124"}
{"BlockIO":"0B / 897kB","CPUPerc":"0.00%","Container":"bc21247794d5","ID":"bc21247794d5","MemPerc":"0.36%","MemUsage":"27.2MiB / 7.38GiB","Name":"flash-cloud-bench-prometheus-1","NetIO":"4.88MB / 626kB","PIDs":"10"}
2026-09-08T04:34:49Z
{"BlockIO":"0B / 7.07MB","CPUPerc":"18.84%","Container":"52f53808ea58","ID":"52f53808ea58","MemPerc":"1.03%","MemUsage":"78.02MiB / 7.38GiB","Name":"flash-cloud-bench-api-1","NetIO":"209MB / 178MB","PIDs":"11"}
{"BlockIO":"0B / 0B","CPUPerc":"1.74%","Container":"facf8315afea","ID":"facf8315afea","MemPerc":"0.46%","MemUsage":"34.77MiB / 7.38GiB","Name":"flash-cloud-bench-consumer-1","NetIO":"2.14MB / 3.41MB","PIDs":"7"}
{"BlockIO":"0B / 0B","CPUPerc":"2.28%","Container":"d790ff1ba173","ID":"d790ff1ba173","MemPerc":"0.46%","MemUsage":"34.79MiB / 7.38GiB","Name":"flash-cloud-bench-publisher-1","NetIO":"8.15MB / 10.9MB","PIDs":"7"}
{"BlockIO":"0B / 0B","CPUPerc":"3.86%","Container":"e0a44f45bbd7","ID":"e0a44f45bbd7","MemPerc":"0.48%","MemUsage":"36.04MiB / 7.38GiB","Name":"flash-cloud-bench-simulator-1","NetIO":"21MB / 26.5MB","PIDs":"10"}
{"BlockIO":"0B / 0B","CPUPerc":"21.97%","Container":"a66f27ba8092","ID":"a66f27ba8092","MemPerc":"0.46%","MemUsage":"34.77MiB / 7.38GiB","Name":"flash-cloud-bench-maintenance-1","NetIO":"223MB / 769MB","PIDs":"6"}
{"BlockIO":"0B / 8.19kB","CPUPerc":"6.91%","Container":"6fea00feedc4","ID":"6fea00feedc4","MemPerc":"0.02%","MemUsage":"1.582MiB / 7.38GiB","Name":"flash-cloud-bench-pgbouncer-1","NetIO":"351MB / 349MB","PIDs":"1"}
{"BlockIO":"0B / 679MB","CPUPerc":"25.10%","Container":"d440893966b4","ID":"d440893966b4","MemPerc":"1.47%","MemUsage":"111.4MiB / 7.38GiB","Name":"flash-cloud-bench-postgres-1","NetIO":"114MB / 263MB","PIDs":"14"}
{"BlockIO":"0B / 169MB","CPUPerc":"17.40%","Container":"073fcaf844bb","ID":"073fcaf844bb","MemPerc":"0.68%","MemUsage":"51.67MiB / 7.38GiB","Name":"flash-cloud-bench-redis-1","NetIO":"775MB / 193MB","PIDs":"6"}
{"BlockIO":"0B / 13.4MB","CPUPerc":"1.81%","Container":"562ac1217807","ID":"562ac1217807","MemPerc":"6.07%","MemUsage":"458.8MiB / 7.38GiB","Name":"flash-cloud-bench-kafka-1","NetIO":"1.71MB / 1.32MB","PIDs":"100"}
{"BlockIO":"0B / 918kB","CPUPerc":"0.19%","Container":"bc21247794d5","ID":"bc21247794d5","MemPerc":"0.36%","MemUsage":"27.21MiB / 7.38GiB","Name":"flash-cloud-bench-prometheus-1","NetIO":"4.96MB / 635kB","PIDs":"10"}
2026-09-08T04:34:59Z
{"BlockIO":"0B / 7.37MB","CPUPerc":"18.94%","Container":"52f53808ea58","ID":"52f53808ea58","MemPerc":"1.03%","MemUsage":"78.03MiB / 7.38GiB","Name":"flash-cloud-bench-api-1","NetIO":"219MB / 186MB","PIDs":"10"}
{"BlockIO":"0B / 0B","CPUPerc":"1.70%","Container":"facf8315afea","ID":"facf8315afea","MemPerc":"0.46%","MemUsage":"34.78MiB / 7.38GiB","Name":"flash-cloud-bench-consumer-1","NetIO":"2.26MB / 3.6MB","PIDs":"7"}
{"BlockIO":"0B / 0B","CPUPerc":"2.38%","Container":"d790ff1ba173","ID":"d790ff1ba173","MemPerc":"0.46%","MemUsage":"34.8MiB / 7.38GiB","Name":"flash-cloud-bench-publisher-1","NetIO":"8.36MB / 11.2MB","PIDs":"7"}
{"BlockIO":"0B / 0B","CPUPerc":"3.66%","Container":"e0a44f45bbd7","ID":"e0a44f45bbd7","MemPerc":"0.48%","MemUsage":"36.04MiB / 7.38GiB","Name":"flash-cloud-bench-simulator-1","NetIO":"21.3MB / 26.9MB","PIDs":"10"}
{"BlockIO":"0B / 0B","CPUPerc":"4.55%","Container":"a66f27ba8092","ID":"a66f27ba8092","MemPerc":"0.46%","MemUsage":"34.76MiB / 7.38GiB","Name":"flash-cloud-bench-maintenance-1","NetIO":"234MB / 804MB","PIDs":"6"}
{"BlockIO":"0B / 8.19kB","CPUPerc":"3.60%","Container":"6fea00feedc4","ID":"6fea00feedc4","MemPerc":"0.02%","MemUsage":"1.586MiB / 7.38GiB","Name":"flash-cloud-bench-pgbouncer-1","NetIO":"364MB / 363MB","PIDs":"1"}
{"BlockIO":"0B / 691MB","CPUPerc":"20.07%","Container":"d440893966b4","ID":"d440893966b4","MemPerc":"1.48%","MemUsage":"111.5MiB / 7.38GiB","Name":"flash-cloud-bench-postgres-1","NetIO":"117MB / 273MB","PIDs":"14"}
{"BlockIO":"0B / 169MB","CPUPerc":"2.47%","Container":"073fcaf844bb","ID":"073fcaf844bb","MemPerc":"0.68%","MemUsage":"51.34MiB / 7.38GiB","Name":"flash-cloud-bench-redis-1","NetIO":"810MB / 203MB","PIDs":"6"}
{"BlockIO":"0B / 13.8MB","CPUPerc":"17.15%","Container":"562ac1217807","ID":"562ac1217807","MemPerc":"6.07%","MemUsage":"459MiB / 7.38GiB","Name":"flash-cloud-bench-kafka-1","NetIO":"1.8MB / 1.4MB","PIDs":"100"}
{"BlockIO":"0B / 930kB","CPUPerc":"0.15%","Container":"bc21247794d5","ID":"bc21247794d5","MemPerc":"0.36%","MemUsage":"27.21MiB / 7.38GiB","Name":"flash-cloud-bench-prometheus-1","NetIO":"5.05MB / 645kB","PIDs":"10"}
2026-09-08T04:35:09Z
{"BlockIO":"0B / 7.62MB","CPUPerc":"17.69%","Container":"52f53808ea58","ID":"52f53808ea58","MemPerc":"1.03%","MemUsage":"78.08MiB / 7.38GiB","Name":"flash-cloud-bench-api-1","NetIO":"228MB / 192MB","PIDs":"10"}
{"BlockIO":"0B / 0B","CPUPerc":"1.79%","Container":"facf8315afea","ID":"facf8315afea","MemPerc":"0.46%","MemUsage":"34.79MiB / 7.38GiB","Name":"flash-cloud-bench-consumer-1","NetIO":"2.38MB / 3.78MB","PIDs":"7"}
{"BlockIO":"0B / 0B","CPUPerc":"2.60%","Container":"d790ff1ba173","ID":"d790ff1ba173","MemPerc":"0.46%","MemUsage":"34.82MiB / 7.38GiB","Name":"flash-cloud-bench-publisher-1","NetIO":"8.58MB / 11.4MB","PIDs":"7"}
{"BlockIO":"0B / 0B","CPUPerc":"3.44%","Container":"e0a44f45bbd7","ID":"e0a44f45bbd7","MemPerc":"0.48%","MemUsage":"36.04MiB / 7.38GiB","Name":"flash-cloud-bench-simulator-1","NetIO":"21.6MB / 27.3MB","PIDs":"10"}
{"BlockIO":"0B / 0B","CPUPerc":"25.64%","Container":"a66f27ba8092","ID":"a66f27ba8092","MemPerc":"0.46%","MemUsage":"34.77MiB / 7.38GiB","Name":"flash-cloud-bench-maintenance-1","NetIO":"235MB / 810MB","PIDs":"6"}
{"BlockIO":"0B / 8.19kB","CPUPerc":"7.57%","Container":"6fea00feedc4","ID":"6fea00feedc4","MemPerc":"0.02%","MemUsage":"1.605MiB / 7.38GiB","Name":"flash-cloud-bench-pgbouncer-1","NetIO":"369MB / 367MB","PIDs":"1"}
{"BlockIO":"0B / 697MB","CPUPerc":"24.02%","Container":"d440893966b4","ID":"d440893966b4","MemPerc":"1.48%","MemUsage":"111.6MiB / 7.38GiB","Name":"flash-cloud-bench-postgres-1","NetIO":"119MB / 276MB","PIDs":"14"}
{"BlockIO":"0B / 169MB","CPUPerc":"18.02%","Container":"073fcaf844bb","ID":"073fcaf844bb","MemPerc":"0.68%","MemUsage":"51.66MiB / 7.38GiB","Name":"flash-cloud-bench-redis-1","NetIO":"816MB / 212MB","PIDs":"6"}
{"BlockIO":"0B / 14.1MB","CPUPerc":"1.58%","Container":"562ac1217807","ID":"562ac1217807","MemPerc":"6.08%","MemUsage":"459.2MiB / 7.38GiB","Name":"flash-cloud-bench-kafka-1","NetIO":"1.9MB / 1.47MB","PIDs":"100"}
{"BlockIO":"0B / 950kB","CPUPerc":"0.00%","Container":"bc21247794d5","ID":"bc21247794d5","MemPerc":"0.36%","MemUsage":"27.21MiB / 7.38GiB","Name":"flash-cloud-bench-prometheus-1","NetIO":"5.13MB / 654kB","PIDs":"10"}
2026-09-08T04:35:19Z
{"BlockIO":"0B / 7.95MB","CPUPerc":"46.88%","Container":"52f53808ea58","ID":"52f53808ea58","MemPerc":"1.03%","MemUsage":"78.08MiB / 7.38GiB","Name":"flash-cloud-bench-api-1","NetIO":"237MB / 199MB","PIDs":"10"}
{"BlockIO":"0B / 0B","CPUPerc":"1.13%","Container":"facf8315afea","ID":"facf8315afea","MemPerc":"0.46%","MemUsage":"34.79MiB / 7.38GiB","Name":"flash-cloud-bench-consumer-1","NetIO":"2.47MB / 3.92MB","PIDs":"7"}
{"BlockIO":"0B / 0B","CPUPerc":"2.04%","Container":"d790ff1ba173","ID":"d790ff1ba173","MemPerc":"0.46%","MemUsage":"34.82MiB / 7.38GiB","Name":"flash-cloud-bench-publisher-1","NetIO":"8.76MB / 11.7MB","PIDs":"7"}
{"BlockIO":"0B / 0B","CPUPerc":"3.98%","Container":"e0a44f45bbd7","ID":"e0a44f45bbd7","MemPerc":"0.48%","MemUsage":"36.04MiB / 7.38GiB","Name":"flash-cloud-bench-simulator-1","NetIO":"21.9MB / 27.7MB","PIDs":"10"}
{"BlockIO":"0B / 0B","CPUPerc":"3.45%","Container":"a66f27ba8092","ID":"a66f27ba8092","MemPerc":"0.46%","MemUsage":"34.77MiB / 7.38GiB","Name":"flash-cloud-bench-maintenance-1","NetIO":"245MB / 845MB","PIDs":"6"}
{"BlockIO":"0B / 8.19kB","CPUPerc":"3.02%","Container":"6fea00feedc4","ID":"6fea00feedc4","MemPerc":"0.02%","MemUsage":"1.605MiB / 7.38GiB","Name":"flash-cloud-bench-pgbouncer-1","NetIO":"382MB / 381MB","PIDs":"1"}
{"BlockIO":"0B / 709MB","CPUPerc":"7.63%","Container":"d440893966b4","ID":"d440893966b4","MemPerc":"1.48%","MemUsage":"111.7MiB / 7.38GiB","Name":"flash-cloud-bench-postgres-1","NetIO":"123MB / 286MB","PIDs":"14"}
{"BlockIO":"0B / 169MB","CPUPerc":"4.54%","Container":"073fcaf844bb","ID":"073fcaf844bb","MemPerc":"0.68%","MemUsage":"51.32MiB / 7.38GiB","Name":"flash-cloud-bench-redis-1","NetIO":"850MB / 221MB","PIDs":"6"}
{"BlockIO":"0B / 14.5MB","CPUPerc":"1.24%","Container":"562ac1217807","ID":"562ac1217807","MemPerc":"6.08%","MemUsage":"459.4MiB / 7.38GiB","Name":"flash-cloud-bench-kafka-1","NetIO":"1.97MB / 1.52MB","PIDs":"100"}
{"BlockIO":"0B / 963kB","CPUPerc":"0.00%","Container":"bc21247794d5","ID":"bc21247794d5","MemPerc":"0.36%","MemUsage":"27.22MiB / 7.38GiB","Name":"flash-cloud-bench-prometheus-1","NetIO":"5.21MB / 664kB","PIDs":"10"}
2026-09-08T04:35:30Z
{"BlockIO":"0B / 8.35MB","CPUPerc":"18.99%","Container":"52f53808ea58","ID":"52f53808ea58","MemPerc":"1.03%","MemUsage":"78.1MiB / 7.38GiB","Name":"flash-cloud-bench-api-1","NetIO":"248MB / 208MB","PIDs":"10"}
{"BlockIO":"0B / 0B","CPUPerc":"1.21%","Container":"facf8315afea","ID":"facf8315afea","MemPerc":"0.46%","MemUsage":"34.79MiB / 7.38GiB","Name":"flash-cloud-bench-consumer-1","NetIO":"2.55MB / 4.05MB","PIDs":"7"}
{"BlockIO":"0B / 0B","CPUPerc":"2.15%","Container":"d790ff1ba173","ID":"d790ff1ba173","MemPerc":"0.46%","MemUsage":"34.82MiB / 7.38GiB","Name":"flash-cloud-bench-publisher-1","NetIO":"8.95MB / 12MB","PIDs":"7"}
{"BlockIO":"0B / 0B","CPUPerc":"3.44%","Container":"e0a44f45bbd7","ID":"e0a44f45bbd7","MemPerc":"0.48%","MemUsage":"36.04MiB / 7.38GiB","Name":"flash-cloud-bench-simulator-1","NetIO":"22.2MB / 28.1MB","PIDs":"10"}
{"BlockIO":"0B / 0B","CPUPerc":"30.49%","Container":"a66f27ba8092","ID":"a66f27ba8092","MemPerc":"0.46%","MemUsage":"34.77MiB / 7.38GiB","Name":"flash-cloud-bench-maintenance-1","NetIO":"247MB / 851MB","PIDs":"6"}
{"BlockIO":"0B / 8.19kB","CPUPerc":"8.08%","Container":"6fea00feedc4","ID":"6fea00feedc4","MemPerc":"0.02%","MemUsage":"1.59MiB / 7.38GiB","Name":"flash-cloud-bench-pgbouncer-1","NetIO":"386MB / 385MB","PIDs":"1"}
{"BlockIO":"0B / 712MB","CPUPerc":"7.35%","Container":"d440893966b4","ID":"d440893966b4","MemPerc":"1.48%","MemUsage":"111.7MiB / 7.38GiB","Name":"flash-cloud-bench-postgres-1","NetIO":"124MB / 287MB","PIDs":"14"}
{"BlockIO":"0B / 169MB","CPUPerc":"21.62%","Container":"073fcaf844bb","ID":"073fcaf844bb","MemPerc":"0.68%","MemUsage":"51.66MiB / 7.38GiB","Name":"flash-cloud-bench-redis-1","NetIO":"857MB / 230MB","PIDs":"6"}
{"BlockIO":"0B / 14.7MB","CPUPerc":"28.04%","Container":"562ac1217807","ID":"562ac1217807","MemPerc":"6.17%","MemUsage":"466.1MiB / 7.38GiB","Name":"flash-cloud-bench-kafka-1","NetIO":"2.03MB / 1.58MB","PIDs":"100"}
{"BlockIO":"0B / 987kB","CPUPerc":"0.00%","Container":"bc21247794d5","ID":"bc21247794d5","MemPerc":"0.36%","MemUsage":"27.23MiB / 7.38GiB","Name":"flash-cloud-bench-prometheus-1","NetIO":"5.29MB / 673kB","PIDs":"10"}
2026-09-08T04:35:40Z
{"BlockIO":"0B / 8.7MB","CPUPerc":"49.00%","Container":"52f53808ea58","ID":"52f53808ea58","MemPerc":"1.03%","MemUsage":"78.14MiB / 7.38GiB","Name":"flash-cloud-bench-api-1","NetIO":"259MB / 216MB","PIDs":"11"}
{"BlockIO":"0B / 0B","CPUPerc":"2.06%","Container":"facf8315afea","ID":"facf8315afea","MemPerc":"0.46%","MemUsage":"34.79MiB / 7.38GiB","Name":"flash-cloud-bench-consumer-1","NetIO":"2.64MB / 4.19MB","PIDs":"7"}
{"BlockIO":"0B / 0B","CPUPerc":"2.76%","Container":"d790ff1ba173","ID":"d790ff1ba173","MemPerc":"0.46%","MemUsage":"34.82MiB / 7.38GiB","Name":"flash-cloud-bench-publisher-1","NetIO":"9.14MB / 12.2MB","PIDs":"7"}
{"BlockIO":"0B / 0B","CPUPerc":"3.92%","Container":"e0a44f45bbd7","ID":"e0a44f45bbd7","MemPerc":"0.48%","MemUsage":"36.04MiB / 7.38GiB","Name":"flash-cloud-bench-simulator-1","NetIO":"22.6MB / 28.5MB","PIDs":"10"}
{"BlockIO":"0B / 0B","CPUPerc":"5.57%","Container":"a66f27ba8092","ID":"a66f27ba8092","MemPerc":"0.46%","MemUsage":"34.76MiB / 7.38GiB","Name":"flash-cloud-bench-maintenance-1","NetIO":"257MB / 885MB","PIDs":"6"}
{"BlockIO":"0B / 8.19kB","CPUPerc":"4.08%","Container":"6fea00feedc4","ID":"6fea00feedc4","MemPerc":"0.02%","MemUsage":"1.586MiB / 7.38GiB","Name":"flash-cloud-bench-pgbouncer-1","NetIO":"399MB / 398MB","PIDs":"1"}
{"BlockIO":"0B / 725MB","CPUPerc":"25.41%","Container":"d440893966b4","ID":"d440893966b4","MemPerc":"1.48%","MemUsage":"111.9MiB / 7.38GiB","Name":"flash-cloud-bench-postgres-1","NetIO":"128MB / 299MB","PIDs":"14"}
{"BlockIO":"0B / 198MB","CPUPerc":"2.61%","Container":"073fcaf844bb","ID":"073fcaf844bb","MemPerc":"0.68%","MemUsage":"51.39MiB / 7.38GiB","Name":"flash-cloud-bench-redis-1","NetIO":"890MB / 241MB","PIDs":"6"}
{"BlockIO":"0B / 14.9MB","CPUPerc":"2.23%","Container":"562ac1217807","ID":"562ac1217807","MemPerc":"6.08%","MemUsage":"459.6MiB / 7.38GiB","Name":"flash-cloud-bench-kafka-1","NetIO":"2.11MB / 1.63MB","PIDs":"100"}
{"BlockIO":"0B / 999kB","CPUPerc":"0.00%","Container":"bc21247794d5","ID":"bc21247794d5","MemPerc":"0.36%","MemUsage":"27.23MiB / 7.38GiB","Name":"flash-cloud-bench-prometheus-1","NetIO":"5.37MB / 683kB","PIDs":"10"}
2026-09-08T04:35:50Z
{"BlockIO":"0B / 9.04MB","CPUPerc":"50.31%","Container":"52f53808ea58","ID":"52f53808ea58","MemPerc":"1.04%","MemUsage":"78.4MiB / 7.38GiB","Name":"flash-cloud-bench-api-1","NetIO":"270MB / 224MB","PIDs":"11"}
{"BlockIO":"0B / 0B","CPUPerc":"6.82%","Container":"facf8315afea","ID":"facf8315afea","MemPerc":"0.46%","MemUsage":"34.8MiB / 7.38GiB","Name":"flash-cloud-bench-consumer-1","NetIO":"2.8MB / 4.43MB","PIDs":"7"}
{"BlockIO":"0B / 0B","CPUPerc":"2.99%","Container":"d790ff1ba173","ID":"d790ff1ba173","MemPerc":"0.46%","MemUsage":"34.83MiB / 7.38GiB","Name":"flash-cloud-bench-publisher-1","NetIO":"9.4MB / 12.6MB","PIDs":"7"}
{"BlockIO":"0B / 0B","CPUPerc":"3.27%","Container":"e0a44f45bbd7","ID":"e0a44f45bbd7","MemPerc":"0.48%","MemUsage":"36.05MiB / 7.38GiB","Name":"flash-cloud-bench-simulator-1","NetIO":"22.9MB / 28.9MB","PIDs":"10"}
{"BlockIO":"0B / 0B","CPUPerc":"29.61%","Container":"a66f27ba8092","ID":"a66f27ba8092","MemPerc":"0.46%","MemUsage":"34.77MiB / 7.38GiB","Name":"flash-cloud-bench-maintenance-1","NetIO":"259MB / 891MB","PIDs":"6"}
{"BlockIO":"0B / 8.19kB","CPUPerc":"8.21%","Container":"6fea00feedc4","ID":"6fea00feedc4","MemPerc":"0.02%","MemUsage":"1.598MiB / 7.38GiB","Name":"flash-cloud-bench-pgbouncer-1","NetIO":"404MB / 403MB","PIDs":"1"}
{"BlockIO":"0B / 732MB","CPUPerc":"32.40%","Container":"d440893966b4","ID":"d440893966b4","MemPerc":"1.48%","MemUsage":"112MiB / 7.38GiB","Name":"flash-cloud-bench-postgres-1","NetIO":"130MB / 301MB","PIDs":"14"}
{"BlockIO":"0B / 198MB","CPUPerc":"23.45%","Container":"073fcaf844bb","ID":"073fcaf844bb","MemPerc":"0.68%","MemUsage":"51.67MiB / 7.38GiB","Name":"flash-cloud-bench-redis-1","NetIO":"897MB / 251MB","PIDs":"6"}
{"BlockIO":"0B / 15MB","CPUPerc":"28.23%","Container":"562ac1217807","ID":"562ac1217807","MemPerc":"6.12%","MemUsage":"462.5MiB / 7.38GiB","Name":"flash-cloud-bench-kafka-1","NetIO":"2.23MB / 1.73MB","PIDs":"101"}
{"BlockIO":"0B / 1.02MB","CPUPerc":"0.00%","Container":"bc21247794d5","ID":"bc21247794d5","MemPerc":"0.36%","MemUsage":"27.23MiB / 7.38GiB","Name":"flash-cloud-bench-prometheus-1","NetIO":"5.45MB / 692kB","PIDs":"10"}
2026-09-08T04:36:00Z
{"BlockIO":"0B / 9.33MB","CPUPerc":"20.39%","Container":"52f53808ea58","ID":"52f53808ea58","MemPerc":"1.03%","MemUsage":"78.16MiB / 7.38GiB","Name":"flash-cloud-bench-api-1","NetIO":"280MB / 231MB","PIDs":"11"}
{"BlockIO":"0B / 0B","CPUPerc":"2.30%","Container":"facf8315afea","ID":"facf8315afea","MemPerc":"0.46%","MemUsage":"34.8MiB / 7.38GiB","Name":"flash-cloud-bench-consumer-1","NetIO":"2.96MB / 4.67MB","PIDs":"7"}
{"BlockIO":"0B / 0B","CPUPerc":"3.05%","Container":"d790ff1ba173","ID":"d790ff1ba173","MemPerc":"0.46%","MemUsage":"34.83MiB / 7.38GiB","Name":"flash-cloud-bench-publisher-1","NetIO":"9.63MB / 12.9MB","PIDs":"7"}
{"BlockIO":"0B / 0B","CPUPerc":"3.46%","Container":"e0a44f45bbd7","ID":"e0a44f45bbd7","MemPerc":"0.48%","MemUsage":"36.04MiB / 7.38GiB","Name":"flash-cloud-bench-simulator-1","NetIO":"23.2MB / 29.3MB","PIDs":"10"}
{"BlockIO":"0B / 0B","CPUPerc":"5.37%","Container":"a66f27ba8092","ID":"a66f27ba8092","MemPerc":"0.46%","MemUsage":"34.76MiB / 7.38GiB","Name":"flash-cloud-bench-maintenance-1","NetIO":"269MB / 925MB","PIDs":"6"}
{"BlockIO":"0B / 8.19kB","CPUPerc":"4.16%","Container":"6fea00feedc4","ID":"6fea00feedc4","MemPerc":"0.02%","MemUsage":"1.594MiB / 7.38GiB","Name":"flash-cloud-bench-pgbouncer-1","NetIO":"418MB / 416MB","PIDs":"1"}
{"BlockIO":"0B / 744MB","CPUPerc":"30.03%","Container":"d440893966b4","ID":"d440893966b4","MemPerc":"1.48%","MemUsage":"112.1MiB / 7.38GiB","Name":"flash-cloud-bench-postgres-1","NetIO":"134MB / 312MB","PIDs":"14"}
{"BlockIO":"0B / 198MB","CPUPerc":"2.72%","Container":"073fcaf844bb","ID":"073fcaf844bb","MemPerc":"0.68%","MemUsage":"51.46MiB / 7.38GiB","Name":"flash-cloud-bench-redis-1","NetIO":"930MB / 263MB","PIDs":"6"}
{"BlockIO":"0B / 15.4MB","CPUPerc":"157.86%","Container":"562ac1217807","ID":"562ac1217807","MemPerc":"7.03%","MemUsage":"530.9MiB / 7.38GiB","Name":"flash-cloud-bench-kafka-1","NetIO":"2.35MB / 1.83MB","PIDs":"119"}
{"BlockIO":"0B / 1.03MB","CPUPerc":"0.04%","Container":"bc21247794d5","ID":"bc21247794d5","MemPerc":"0.36%","MemUsage":"27.25MiB / 7.38GiB","Name":"flash-cloud-bench-prometheus-1","NetIO":"5.53MB / 701kB","PIDs":"10"}
2026-09-08T04:36:10Z
{"BlockIO":"0B / 9.78MB","CPUPerc":"21.75%","Container":"52f53808ea58","ID":"52f53808ea58","MemPerc":"1.03%","MemUsage":"78.19MiB / 7.38GiB","Name":"flash-cloud-bench-api-1","NetIO":"295MB / 242MB","PIDs":"11"}
{"BlockIO":"0B / 0B","CPUPerc":"9.05%","Container":"facf8315afea","ID":"facf8315afea","MemPerc":"0.46%","MemUsage":"34.8MiB / 7.38GiB","Name":"flash-cloud-bench-consumer-1","NetIO":"3.12MB / 4.9MB","PIDs":"7"}
{"BlockIO":"0B / 0B","CPUPerc":"2.34%","Container":"d790ff1ba173","ID":"d790ff1ba173","MemPerc":"0.46%","MemUsage":"34.83MiB / 7.38GiB","Name":"flash-cloud-bench-publisher-1","NetIO":"9.88MB / 13.3MB","PIDs":"7"}
{"BlockIO":"0B / 0B","CPUPerc":"3.71%","Container":"e0a44f45bbd7","ID":"e0a44f45bbd7","MemPerc":"0.48%","MemUsage":"36.04MiB / 7.38GiB","Name":"flash-cloud-bench-simulator-1","NetIO":"23.5MB / 29.6MB","PIDs":"10"}
{"BlockIO":"0B / 0B","CPUPerc":"35.32%","Container":"a66f27ba8092","ID":"a66f27ba8092","MemPerc":"0.46%","MemUsage":"34.76MiB / 7.38GiB","Name":"flash-cloud-bench-maintenance-1","NetIO":"271MB / 933MB","PIDs":"6"}
{"BlockIO":"0B / 8.19kB","CPUPerc":"9.24%","Container":"6fea00feedc4","ID":"6fea00feedc4","MemPerc":"0.02%","MemUsage":"1.582MiB / 7.38GiB","Name":"flash-cloud-bench-pgbouncer-1","NetIO":"423MB / 421MB","PIDs":"1"}
{"BlockIO":"0B / 751MB","CPUPerc":"37.87%","Container":"d440893966b4","ID":"d440893966b4","MemPerc":"1.49%","MemUsage":"112.2MiB / 7.38GiB","Name":"flash-cloud-bench-postgres-1","NetIO":"136MB / 315MB","PIDs":"14"}
{"BlockIO":"0B / 198MB","CPUPerc":"25.52%","Container":"073fcaf844bb","ID":"073fcaf844bb","MemPerc":"0.68%","MemUsage":"51.74MiB / 7.38GiB","Name":"flash-cloud-bench-redis-1","NetIO":"938MB / 276MB","PIDs":"6"}
{"BlockIO":"0B / 15.8MB","CPUPerc":"1.41%","Container":"562ac1217807","ID":"562ac1217807","MemPerc":"6.09%","MemUsage":"460.2MiB / 7.38GiB","Name":"flash-cloud-bench-kafka-1","NetIO":"2.47MB / 1.93MB","PIDs":"100"}
{"BlockIO":"0B / 1.05MB","CPUPerc":"0.03%","Container":"bc21247794d5","ID":"bc21247794d5","MemPerc":"0.36%","MemUsage":"27.25MiB / 7.38GiB","Name":"flash-cloud-bench-prometheus-1","NetIO":"5.62MB / 711kB","PIDs":"10"}
2026-09-08T04:36:20Z
{"BlockIO":"0B / 10.2MB","CPUPerc":"20.97%","Container":"52f53808ea58","ID":"52f53808ea58","MemPerc":"1.04%","MemUsage":"78.23MiB / 7.38GiB","Name":"flash-cloud-bench-api-1","NetIO":"309MB / 251MB","PIDs":"11"}
{"BlockIO":"0B / 0B","CPUPerc":"2.03%","Container":"facf8315afea","ID":"facf8315afea","MemPerc":"0.46%","MemUsage":"34.82MiB / 7.38GiB","Name":"flash-cloud-bench-consumer-1","NetIO":"3.27MB / 5.14MB","PIDs":"7"}
{"BlockIO":"0B / 0B","CPUPerc":"2.90%","Container":"d790ff1ba173","ID":"d790ff1ba173","MemPerc":"0.46%","MemUsage":"34.84MiB / 7.38GiB","Name":"flash-cloud-bench-publisher-1","NetIO":"10.1MB / 13.6MB","PIDs":"7"}
{"BlockIO":"0B / 0B","CPUPerc":"3.68%","Container":"e0a44f45bbd7","ID":"e0a44f45bbd7","MemPerc":"0.48%","MemUsage":"36.04MiB / 7.38GiB","Name":"flash-cloud-bench-simulator-1","NetIO":"23.8MB / 30.1MB","PIDs":"10"}
{"BlockIO":"0B / 0B","CPUPerc":"5.38%","Container":"a66f27ba8092","ID":"a66f27ba8092","MemPerc":"0.46%","MemUsage":"34.77MiB / 7.38GiB","Name":"flash-cloud-bench-maintenance-1","NetIO":"281MB / 966MB","PIDs":"6"}
{"BlockIO":"0B / 8.19kB","CPUPerc":"3.95%","Container":"6fea00feedc4","ID":"6fea00feedc4","MemPerc":"0.02%","MemUsage":"1.582MiB / 7.38GiB","Name":"flash-cloud-bench-pgbouncer-1","NetIO":"436MB / 434MB","PIDs":"1"}
{"BlockIO":"0B / 763MB","CPUPerc":"25.56%","Container":"d440893966b4","ID":"d440893966b4","MemPerc":"1.49%","MemUsage":"112.3MiB / 7.38GiB","Name":"flash-cloud-bench-postgres-1","NetIO":"139MB / 325MB","PIDs":"14"}
{"BlockIO":"0B / 198MB","CPUPerc":"5.12%","Container":"073fcaf844bb","ID":"073fcaf844bb","MemPerc":"0.68%","MemUsage":"51.3MiB / 7.38GiB","Name":"flash-cloud-bench-redis-1","NetIO":"970MB / 289MB","PIDs":"6"}
{"BlockIO":"0B / 16.1MB","CPUPerc":"1.58%","Container":"562ac1217807","ID":"562ac1217807","MemPerc":"6.09%","MemUsage":"460.3MiB / 7.38GiB","Name":"flash-cloud-bench-kafka-1","NetIO":"2.59MB / 2.02MB","PIDs":"100"}
{"BlockIO":"0B / 1.06MB","CPUPerc":"0.00%","Container":"bc21247794d5","ID":"bc21247794d5","MemPerc":"0.36%","MemUsage":"27.26MiB / 7.38GiB","Name":"flash-cloud-bench-prometheus-1","NetIO":"5.7MB / 721kB","PIDs":"10"}
2026-09-08T04:36:30Z
{"BlockIO":"0B / 10.5MB","CPUPerc":"20.25%","Container":"52f53808ea58","ID":"52f53808ea58","MemPerc":"1.04%","MemUsage":"78.26MiB / 7.38GiB","Name":"flash-cloud-bench-api-1","NetIO":"323MB / 261MB","PIDs":"10"}
{"BlockIO":"0B / 0B","CPUPerc":"1.70%","Container":"facf8315afea","ID":"facf8315afea","MemPerc":"0.46%","MemUsage":"34.82MiB / 7.38GiB","Name":"flash-cloud-bench-consumer-1","NetIO":"3.43MB / 5.38MB","PIDs":"7"}
{"BlockIO":"0B / 0B","CPUPerc":"2.35%","Container":"d790ff1ba173","ID":"d790ff1ba173","MemPerc":"0.46%","MemUsage":"34.83MiB / 7.38GiB","Name":"flash-cloud-bench-publisher-1","NetIO":"10.4MB / 13.9MB","PIDs":"7"}
{"BlockIO":"0B / 0B","CPUPerc":"3.71%","Container":"e0a44f45bbd7","ID":"e0a44f45bbd7","MemPerc":"0.48%","MemUsage":"36.04MiB / 7.38GiB","Name":"flash-cloud-bench-simulator-1","NetIO":"24.1MB / 30.5MB","PIDs":"10"}
{"BlockIO":"0B / 0B","CPUPerc":"36.00%","Container":"a66f27ba8092","ID":"a66f27ba8092","MemPerc":"0.46%","MemUsage":"34.77MiB / 7.38GiB","Name":"flash-cloud-bench-maintenance-1","NetIO":"283MB / 974MB","PIDs":"6"}
{"BlockIO":"0B / 8.19kB","CPUPerc":"9.29%","Container":"6fea00feedc4","ID":"6fea00feedc4","MemPerc":"0.02%","MemUsage":"1.598MiB / 7.38GiB","Name":"flash-cloud-bench-pgbouncer-1","NetIO":"441MB / 440MB","PIDs":"1"}
{"BlockIO":"0B / 769MB","CPUPerc":"31.62%","Container":"d440893966b4","ID":"d440893966b4","MemPerc":"1.49%","MemUsage":"112.4MiB / 7.38GiB","Name":"flash-cloud-bench-postgres-1","NetIO":"142MB / 328MB","PIDs":"14"}
{"BlockIO":"0B / 198MB","CPUPerc":"25.91%","Container":"073fcaf844bb","ID":"073fcaf844bb","MemPerc":"0.68%","MemUsage":"51.73MiB / 7.38GiB","Name":"flash-cloud-bench-redis-1","NetIO":"978MB / 303MB","PIDs":"6"}
{"BlockIO":"0B / 16.4MB","CPUPerc":"1.33%","Container":"562ac1217807","ID":"562ac1217807","MemPerc":"6.09%","MemUsage":"460.3MiB / 7.38GiB","Name":"flash-cloud-bench-kafka-1","NetIO":"2.71MB / 2.12MB","PIDs":"100"}
{"BlockIO":"0B / 1.09MB","CPUPerc":"0.00%","Container":"bc21247794d5","ID":"bc21247794d5","MemPerc":"0.36%","MemUsage":"27.27MiB / 7.38GiB","Name":"flash-cloud-bench-prometheus-1","NetIO":"5.78MB / 730kB","PIDs":"10"}
2026-09-08T04:36:40Z
{"BlockIO":"0B / 10.9MB","CPUPerc":"1.32%","Container":"52f53808ea58","ID":"52f53808ea58","MemPerc":"1.04%","MemUsage":"78.25MiB / 7.38GiB","Name":"flash-cloud-bench-api-1","NetIO":"335MB / 269MB","PIDs":"10"}
{"BlockIO":"0B / 0B","CPUPerc":"9.13%","Container":"facf8315afea","ID":"facf8315afea","MemPerc":"0.46%","MemUsage":"34.83MiB / 7.38GiB","Name":"flash-cloud-bench-consumer-1","NetIO":"3.57MB / 5.6MB","PIDs":"7"}
{"BlockIO":"0B / 0B","CPUPerc":"2.07%","Container":"d790ff1ba173","ID":"d790ff1ba173","MemPerc":"0.46%","MemUsage":"34.83MiB / 7.38GiB","Name":"flash-cloud-bench-publisher-1","NetIO":"10.6MB / 14.2MB","PIDs":"7"}
{"BlockIO":"0B / 0B","CPUPerc":"3.95%","Container":"e0a44f45bbd7","ID":"e0a44f45bbd7","MemPerc":"0.48%","MemUsage":"36.04MiB / 7.38GiB","Name":"flash-cloud-bench-simulator-1","NetIO":"24.4MB / 30.9MB","PIDs":"10"}
{"BlockIO":"0B / 0B","CPUPerc":"4.13%","Container":"a66f27ba8092","ID":"a66f27ba8092","MemPerc":"0.46%","MemUsage":"34.77MiB / 7.38GiB","Name":"flash-cloud-bench-maintenance-1","NetIO":"292MB / 1.01GB","PIDs":"6"}
{"BlockIO":"0B / 8.19kB","CPUPerc":"3.15%","Container":"6fea00feedc4","ID":"6fea00feedc4","MemPerc":"0.02%","MemUsage":"1.598MiB / 7.38GiB","Name":"flash-cloud-bench-pgbouncer-1","NetIO":"454MB / 453MB","PIDs":"1"}
{"BlockIO":"0B / 781MB","CPUPerc":"31.44%","Container":"d440893966b4","ID":"d440893966b4","MemPerc":"1.49%","MemUsage":"112.5MiB / 7.38GiB","Name":"flash-cloud-bench-postgres-1","NetIO":"145MB / 338MB","PIDs":"14"}
{"BlockIO":"0B / 226MB","CPUPerc":"0.61%","Container":"073fcaf844bb","ID":"073fcaf844bb","MemPerc":"0.68%","MemUsage":"51.27MiB / 7.38GiB","Name":"flash-cloud-bench-redis-1","NetIO":"1.01GB / 315MB","PIDs":"6"}
{"BlockIO":"0B / 16.5MB","CPUPerc":"1.69%","Container":"562ac1217807","ID":"562ac1217807","MemPerc":"6.09%","MemUsage":"460.5MiB / 7.38GiB","Name":"flash-cloud-bench-kafka-1","NetIO":"2.82MB / 2.21MB","PIDs":"100"}
{"BlockIO":"0B / 1.1MB","CPUPerc":"0.00%","Container":"bc21247794d5","ID":"bc21247794d5","MemPerc":"0.36%","MemUsage":"27.26MiB / 7.38GiB","Name":"flash-cloud-bench-prometheus-1","NetIO":"5.86MB / 740kB","PIDs":"10"}
2026-09-08T04:36:50Z
{"BlockIO":"0B / 11.3MB","CPUPerc":"0.09%","Container":"52f53808ea58","ID":"52f53808ea58","MemPerc":"1.03%","MemUsage":"78.2MiB / 7.38GiB","Name":"flash-cloud-bench-api-1","NetIO":"335MB / 270MB","PIDs":"8"}
{"BlockIO":"0B / 0B","CPUPerc":"11.45%","Container":"facf8315afea","ID":"facf8315afea","MemPerc":"0.46%","MemUsage":"34.83MiB / 7.38GiB","Name":"flash-cloud-bench-consumer-1","NetIO":"3.65MB / 5.72MB","PIDs":"7"}
{"BlockIO":"0B / 0B","CPUPerc":"1.58%","Container":"d790ff1ba173","ID":"d790ff1ba173","MemPerc":"0.46%","MemUsage":"34.83MiB / 7.38GiB","Name":"flash-cloud-bench-publisher-1","NetIO":"10.8MB / 14.5MB","PIDs":"7"}
{"BlockIO":"0B / 0B","CPUPerc":"3.80%","Container":"e0a44f45bbd7","ID":"e0a44f45bbd7","MemPerc":"0.48%","MemUsage":"36.04MiB / 7.38GiB","Name":"flash-cloud-bench-simulator-1","NetIO":"24.8MB / 31.2MB","PIDs":"10"}
{"BlockIO":"0B / 0B","CPUPerc":"32.09%","Container":"a66f27ba8092","ID":"a66f27ba8092","MemPerc":"0.46%","MemUsage":"34.77MiB / 7.38GiB","Name":"flash-cloud-bench-maintenance-1","NetIO":"295MB / 1.01GB","PIDs":"6"}
{"BlockIO":"0B / 8.19kB","CPUPerc":"8.09%","Container":"6fea00feedc4","ID":"6fea00feedc4","MemPerc":"0.02%","MemUsage":"1.586MiB / 7.38GiB","Name":"flash-cloud-bench-pgbouncer-1","NetIO":"459MB / 457MB","PIDs":"1"}
{"BlockIO":"0B / 786MB","CPUPerc":"37.86%","Container":"d440893966b4","ID":"d440893966b4","MemPerc":"1.49%","MemUsage":"112.8MiB / 7.38GiB","Name":"flash-cloud-bench-postgres-1","NetIO":"147MB / 341MB","PIDs":"14"}
{"BlockIO":"0B / 226MB","CPUPerc":"23.61%","Container":"073fcaf844bb","ID":"073fcaf844bb","MemPerc":"0.68%","MemUsage":"51.58MiB / 7.38GiB","Name":"flash-cloud-bench-redis-1","NetIO":"1.02GB / 315MB","PIDs":"6"}
{"BlockIO":"0B / 16.7MB","CPUPerc":"1.01%","Container":"562ac1217807","ID":"562ac1217807","MemPerc":"6.09%","MemUsage":"460.6MiB / 7.38GiB","Name":"flash-cloud-bench-kafka-1","NetIO":"2.88MB / 2.25MB","PIDs":"100"}
{"BlockIO":"0B / 1.12MB","CPUPerc":"0.03%","Container":"bc21247794d5","ID":"bc21247794d5","MemPerc":"0.36%","MemUsage":"27.26MiB / 7.38GiB","Name":"flash-cloud-bench-prometheus-1","NetIO":"5.94MB / 749kB","PIDs":"10"}
2026-09-08T04:37:00Z
{"BlockIO":"0B / 11.8MB","CPUPerc":"1.84%","Container":"52f53808ea58","ID":"52f53808ea58","MemPerc":"1.03%","MemUsage":"78.18MiB / 7.38GiB","Name":"flash-cloud-bench-api-1","NetIO":"335MB / 271MB","PIDs":"7"}
{"BlockIO":"0B / 0B","CPUPerc":"1.04%","Container":"facf8315afea","ID":"facf8315afea","MemPerc":"0.46%","MemUsage":"34.84MiB / 7.38GiB","Name":"flash-cloud-bench-consumer-1","NetIO":"3.73MB / 5.85MB","PIDs":"7"}
{"BlockIO":"0B / 0B","CPUPerc":"1.76%","Container":"d790ff1ba173","ID":"d790ff1ba173","MemPerc":"0.46%","MemUsage":"34.83MiB / 7.38GiB","Name":"flash-cloud-bench-publisher-1","NetIO":"10.9MB / 14.7MB","PIDs":"7"}
{"BlockIO":"0B / 0B","CPUPerc":"3.83%","Container":"e0a44f45bbd7","ID":"e0a44f45bbd7","MemPerc":"0.48%","MemUsage":"36.04MiB / 7.38GiB","Name":"flash-cloud-bench-simulator-1","NetIO":"25.1MB / 31.6MB","PIDs":"10"}
{"BlockIO":"0B / 0B","CPUPerc":"4.21%","Container":"a66f27ba8092","ID":"a66f27ba8092","MemPerc":"0.46%","MemUsage":"34.77MiB / 7.38GiB","Name":"flash-cloud-bench-maintenance-1","NetIO":"304MB / 1.05GB","PIDs":"6"}
{"BlockIO":"0B / 8.19kB","CPUPerc":"2.95%","Container":"6fea00feedc4","ID":"6fea00feedc4","MemPerc":"0.02%","MemUsage":"1.582MiB / 7.38GiB","Name":"flash-cloud-bench-pgbouncer-1","NetIO":"471MB / 469MB","PIDs":"1"}
{"BlockIO":"0B / 795MB","CPUPerc":"25.85%","Container":"d440893966b4","ID":"d440893966b4","MemPerc":"1.49%","MemUsage":"112.6MiB / 7.38GiB","Name":"flash-cloud-bench-postgres-1","NetIO":"150MB / 350MB","PIDs":"14"}
{"BlockIO":"0B / 226MB","CPUPerc":"0.59%","Container":"073fcaf844bb","ID":"073fcaf844bb","MemPerc":"0.68%","MemUsage":"51.22MiB / 7.38GiB","Name":"flash-cloud-bench-redis-1","NetIO":"1.05GB / 315MB","PIDs":"6"}
{"BlockIO":"0B / 17.1MB","CPUPerc":"1.01%","Container":"562ac1217807","ID":"562ac1217807","MemPerc":"6.10%","MemUsage":"460.6MiB / 7.38GiB","Name":"flash-cloud-bench-kafka-1","NetIO":"2.95MB / 2.3MB","PIDs":"100"}
{"BlockIO":"0B / 1.13MB","CPUPerc":"0.00%","Container":"bc21247794d5","ID":"bc21247794d5","MemPerc":"0.36%","MemUsage":"27.27MiB / 7.38GiB","Name":"flash-cloud-bench-prometheus-1","NetIO":"6.02MB / 759kB","PIDs":"10"}
2026-09-08T04:37:11Z
{"BlockIO":"0B / 12.1MB","CPUPerc":"29.41%","Container":"52f53808ea58","ID":"52f53808ea58","MemPerc":"1.03%","MemUsage":"78.18MiB / 7.38GiB","Name":"flash-cloud-bench-api-1","NetIO":"335MB / 271MB","PIDs":"7"}
{"BlockIO":"0B / 0B","CPUPerc":"1.91%","Container":"facf8315afea","ID":"facf8315afea","MemPerc":"0.46%","MemUsage":"34.85MiB / 7.38GiB","Name":"flash-cloud-bench-consumer-1","NetIO":"3.81MB / 5.98MB","PIDs":"7"}
{"BlockIO":"0B / 0B","CPUPerc":"1.83%","Container":"d790ff1ba173","ID":"d790ff1ba173","MemPerc":"0.46%","MemUsage":"34.83MiB / 7.38GiB","Name":"flash-cloud-bench-publisher-1","NetIO":"11.1MB / 15MB","PIDs":"7"}
{"BlockIO":"0B / 0B","CPUPerc":"3.21%","Container":"e0a44f45bbd7","ID":"e0a44f45bbd7","MemPerc":"0.48%","MemUsage":"36.04MiB / 7.38GiB","Name":"flash-cloud-bench-simulator-1","NetIO":"25.4MB / 32MB","PIDs":"10"}
{"BlockIO":"0B / 0B","CPUPerc":"32.19%","Container":"a66f27ba8092","ID":"a66f27ba8092","MemPerc":"0.46%","MemUsage":"34.77MiB / 7.38GiB","Name":"flash-cloud-bench-maintenance-1","NetIO":"307MB / 1.06GB","PIDs":"6"}
{"BlockIO":"0B / 8.19kB","CPUPerc":"8.11%","Container":"6fea00feedc4","ID":"6fea00feedc4","MemPerc":"0.02%","MemUsage":"1.582MiB / 7.38GiB","Name":"flash-cloud-bench-pgbouncer-1","NetIO":"476MB / 475MB","PIDs":"1"}
{"BlockIO":"0B / 800MB","CPUPerc":"37.85%","Container":"d440893966b4","ID":"d440893966b4","MemPerc":"1.49%","MemUsage":"112.5MiB / 7.38GiB","Name":"flash-cloud-bench-postgres-1","NetIO":"152MB / 353MB","PIDs":"14"}
{"BlockIO":"0B / 226MB","CPUPerc":"21.38%","Container":"073fcaf844bb","ID":"073fcaf844bb","MemPerc":"0.69%","MemUsage":"51.82MiB / 7.38GiB","Name":"flash-cloud-bench-redis-1","NetIO":"1.06GB / 315MB","PIDs":"6"}
{"BlockIO":"0B / 17.3MB","CPUPerc":"7.75%","Container":"562ac1217807","ID":"562ac1217807","MemPerc":"6.10%","MemUsage":"460.7MiB / 7.38GiB","Name":"flash-cloud-bench-kafka-1","NetIO":"3.01MB / 2.35MB","PIDs":"100"}
{"BlockIO":"0B / 1.16MB","CPUPerc":"0.25%","Container":"bc21247794d5","ID":"bc21247794d5","MemPerc":"0.36%","MemUsage":"27.29MiB / 7.38GiB","Name":"flash-cloud-bench-prometheus-1","NetIO":"6.14MB / 770kB","PIDs":"10"}
2026-09-08T04:37:21Z
{"BlockIO":"0B / 12.6MB","CPUPerc":"31.51%","Container":"52f53808ea58","ID":"52f53808ea58","MemPerc":"1.03%","MemUsage":"78.2MiB / 7.38GiB","Name":"flash-cloud-bench-api-1","NetIO":"335MB / 272MB","PIDs":"7"}
{"BlockIO":"0B / 0B","CPUPerc":"1.89%","Container":"facf8315afea","ID":"facf8315afea","MemPerc":"0.46%","MemUsage":"34.85MiB / 7.38GiB","Name":"flash-cloud-bench-consumer-1","NetIO":"3.89MB / 6.11MB","PIDs":"7"}
{"BlockIO":"0B / 0B","CPUPerc":"2.19%","Container":"d790ff1ba173","ID":"d790ff1ba173","MemPerc":"0.46%","MemUsage":"34.84MiB / 7.38GiB","Name":"flash-cloud-bench-publisher-1","NetIO":"11.3MB / 15.2MB","PIDs":"7"}
{"BlockIO":"0B / 0B","CPUPerc":"3.68%","Container":"e0a44f45bbd7","ID":"e0a44f45bbd7","MemPerc":"0.48%","MemUsage":"36.04MiB / 7.38GiB","Name":"flash-cloud-bench-simulator-1","NetIO":"25.7MB / 32.4MB","PIDs":"10"}
{"BlockIO":"0B / 0B","CPUPerc":"4.05%","Container":"a66f27ba8092","ID":"a66f27ba8092","MemPerc":"0.46%","MemUsage":"34.77MiB / 7.38GiB","Name":"flash-cloud-bench-maintenance-1","NetIO":"316MB / 1.09GB","PIDs":"6"}
{"BlockIO":"0B / 8.19kB","CPUPerc":"3.26%","Container":"6fea00feedc4","ID":"6fea00feedc4","MemPerc":"0.02%","MemUsage":"1.598MiB / 7.38GiB","Name":"flash-cloud-bench-pgbouncer-1","NetIO":"488MB / 486MB","PIDs":"1"}
{"BlockIO":"0B / 809MB","CPUPerc":"25.30%","Container":"d440893966b4","ID":"d440893966b4","MemPerc":"1.49%","MemUsage":"112.6MiB / 7.38GiB","Name":"flash-cloud-bench-postgres-1","NetIO":"155MB / 362MB","PIDs":"14"}
{"BlockIO":"0B / 226MB","CPUPerc":"1.44%","Container":"073fcaf844bb","ID":"073fcaf844bb","MemPerc":"0.70%","MemUsage":"52.8MiB / 7.38GiB","Name":"flash-cloud-bench-redis-1","NetIO":"1.09GB / 315MB","PIDs":"12"}
{"BlockIO":"0B / 17.6MB","CPUPerc":"75.30%","Container":"562ac1217807","ID":"562ac1217807","MemPerc":"6.10%","MemUsage":"461MiB / 7.38GiB","Name":"flash-cloud-bench-kafka-1","NetIO":"3.07MB / 2.4MB","PIDs":"100"}
{"BlockIO":"0B / 1.16MB","CPUPerc":"0.00%","Container":"bc21247794d5","ID":"bc21247794d5","MemPerc":"0.36%","MemUsage":"27.45MiB / 7.38GiB","Name":"flash-cloud-bench-prometheus-1","NetIO":"6.19MB / 778kB","PIDs":"10"}
2026-09-08T04:37:31Z
EOF
2026-09-08T04:37:41Z
{"BlockIO":"0B / 0B","CPUPerc":"0.57%","Container":"fc95d9093f80","ID":"fc95d9093f80","MemPerc":"0.67%","MemUsage":"50.94MiB / 7.38GiB","Name":"flash-cloud-bench-redis-1","NetIO":"37.4MB / 281kB","PIDs":"6"}
{"BlockIO":"0B / 13.5MB","CPUPerc":"1.85%","Container":"52f53808ea58","ID":"52f53808ea58","MemPerc":"1.04%","MemUsage":"78.26MiB / 7.38GiB","Name":"flash-cloud-bench-api-1","NetIO":"335MB / 273MB","PIDs":"7"}
{"BlockIO":"0B / 0B","CPUPerc":"1.44%","Container":"facf8315afea","ID":"facf8315afea","MemPerc":"0.46%","MemUsage":"34.85MiB / 7.38GiB","Name":"flash-cloud-bench-consumer-1","NetIO":"4.05MB / 6.36MB","PIDs":"7"}
{"BlockIO":"0B / 0B","CPUPerc":"2.01%","Container":"d790ff1ba173","ID":"d790ff1ba173","MemPerc":"0.46%","MemUsage":"34.84MiB / 7.38GiB","Name":"flash-cloud-bench-publisher-1","NetIO":"11.6MB / 15.7MB","PIDs":"7"}
{"BlockIO":"0B / 0B","CPUPerc":"4.05%","Container":"e0a44f45bbd7","ID":"e0a44f45bbd7","MemPerc":"0.48%","MemUsage":"36.04MiB / 7.38GiB","Name":"flash-cloud-bench-simulator-1","NetIO":"26.3MB / 33.2MB","PIDs":"10"}
{"BlockIO":"0B / 0B","CPUPerc":"3.98%","Container":"a66f27ba8092","ID":"a66f27ba8092","MemPerc":"0.47%","MemUsage":"35.64MiB / 7.38GiB","Name":"flash-cloud-bench-maintenance-1","NetIO":"327MB / 1.13GB","PIDs":"6"}
{"BlockIO":"0B / 8.19kB","CPUPerc":"2.98%","Container":"6fea00feedc4","ID":"6fea00feedc4","MemPerc":"0.02%","MemUsage":"1.598MiB / 7.38GiB","Name":"flash-cloud-bench-pgbouncer-1","NetIO":"504MB / 503MB","PIDs":"1"}
{"BlockIO":"0B / 822MB","CPUPerc":"20.67%","Container":"d440893966b4","ID":"d440893966b4","MemPerc":"1.49%","MemUsage":"112.6MiB / 7.38GiB","Name":"flash-cloud-bench-postgres-1","NetIO":"160MB / 375MB","PIDs":"14"}
{"BlockIO":"0B / 18.2MB","CPUPerc":"1.19%","Container":"562ac1217807","ID":"562ac1217807","MemPerc":"6.12%","MemUsage":"462.1MiB / 7.38GiB","Name":"flash-cloud-bench-kafka-1","NetIO":"3.2MB / 2.5MB","PIDs":"100"}
{"BlockIO":"0B / 1.19MB","CPUPerc":"0.23%","Container":"bc21247794d5","ID":"bc21247794d5","MemPerc":"0.36%","MemUsage":"27.53MiB / 7.38GiB","Name":"flash-cloud-bench-prometheus-1","NetIO":"6.38MB / 798kB","PIDs":"10"}
2026-09-08T04:37:51Z
{"BlockIO":"0B / 0B","CPUPerc":"14.48%","Container":"fc95d9093f80","ID":"fc95d9093f80","MemPerc":"0.68%","MemUsage":"51.24MiB / 7.38GiB","Name":"flash-cloud-bench-redis-1","NetIO":"40.9MB / 337kB","PIDs":"6"}
{"BlockIO":"0B / 14MB","CPUPerc":"1.84%","Container":"52f53808ea58","ID":"52f53808ea58","MemPerc":"1.04%","MemUsage":"78.27MiB / 7.38GiB","Name":"flash-cloud-bench-api-1","NetIO":"335MB / 274MB","PIDs":"7"}
{"BlockIO":"0B / 0B","CPUPerc":"3.54%","Container":"facf8315afea","ID":"facf8315afea","MemPerc":"0.46%","MemUsage":"34.85MiB / 7.38GiB","Name":"flash-cloud-bench-consumer-1","NetIO":"4.13MB / 6.48MB","PIDs":"7"}
{"BlockIO":"0B / 0B","CPUPerc":"1.36%","Container":"d790ff1ba173","ID":"d790ff1ba173","MemPerc":"0.46%","MemUsage":"34.84MiB / 7.38GiB","Name":"flash-cloud-bench-publisher-1","NetIO":"11.8MB / 15.9MB","PIDs":"7"}
{"BlockIO":"0B / 0B","CPUPerc":"3.52%","Container":"e0a44f45bbd7","ID":"e0a44f45bbd7","MemPerc":"0.48%","MemUsage":"36.04MiB / 7.38GiB","Name":"flash-cloud-bench-simulator-1","NetIO":"26.6MB / 33.6MB","PIDs":"10"}
{"BlockIO":"0B / 0B","CPUPerc":"19.46%","Container":"a66f27ba8092","ID":"a66f27ba8092","MemPerc":"0.47%","MemUsage":"35.64MiB / 7.38GiB","Name":"flash-cloud-bench-maintenance-1","NetIO":"329MB / 1.13GB","PIDs":"6"}
{"BlockIO":"0B / 8.19kB","CPUPerc":"5.68%","Container":"6fea00feedc4","ID":"6fea00feedc4","MemPerc":"0.02%","MemUsage":"1.582MiB / 7.38GiB","Name":"flash-cloud-bench-pgbouncer-1","NetIO":"508MB / 506MB","PIDs":"1"}
{"BlockIO":"0B / 826MB","CPUPerc":"28.18%","Container":"d440893966b4","ID":"d440893966b4","MemPerc":"1.49%","MemUsage":"112.9MiB / 7.38GiB","Name":"flash-cloud-bench-postgres-1","NetIO":"162MB / 377MB","PIDs":"14"}
{"BlockIO":"0B / 18.5MB","CPUPerc":"0.92%","Container":"562ac1217807","ID":"562ac1217807","MemPerc":"6.13%","MemUsage":"463.1MiB / 7.38GiB","Name":"flash-cloud-bench-kafka-1","NetIO":"3.26MB / 2.55MB","PIDs":"100"}
{"BlockIO":"0B / 1.19MB","CPUPerc":"0.04%","Container":"bc21247794d5","ID":"bc21247794d5","MemPerc":"0.36%","MemUsage":"27.53MiB / 7.38GiB","Name":"flash-cloud-bench-prometheus-1","NetIO":"6.43MB / 806kB","PIDs":"10"}
2026-09-08T04:38:01Z
{"BlockIO":"0B / 0B","CPUPerc":"2.76%","Container":"fc95d9093f80","ID":"fc95d9093f80","MemPerc":"0.67%","MemUsage":"51.01MiB / 7.38GiB","Name":"flash-cloud-bench-redis-1","NetIO":"75.1MB / 567kB","PIDs":"6"}
{"BlockIO":"0B / 14.4MB","CPUPerc":"1.85%","Container":"52f53808ea58","ID":"52f53808ea58","MemPerc":"1.04%","MemUsage":"78.28MiB / 7.38GiB","Name":"flash-cloud-bench-api-1","NetIO":"335MB / 274MB","PIDs":"7"}
{"BlockIO":"0B / 0B","CPUPerc":"1.40%","Container":"facf8315afea","ID":"facf8315afea","MemPerc":"0.46%","MemUsage":"34.85MiB / 7.38GiB","Name":"flash-cloud-bench-consumer-1","NetIO":"4.21MB / 6.61MB","PIDs":"7"}
{"BlockIO":"0B / 0B","CPUPerc":"1.94%","Container":"d790ff1ba173","ID":"d790ff1ba173","MemPerc":"0.46%","MemUsage":"34.84MiB / 7.38GiB","Name":"flash-cloud-bench-publisher-1","NetIO":"12MB / 16.1MB","PIDs":"7"}
{"BlockIO":"0B / 0B","CPUPerc":"4.02%","Container":"e0a44f45bbd7","ID":"e0a44f45bbd7","MemPerc":"0.48%","MemUsage":"36.04MiB / 7.38GiB","Name":"flash-cloud-bench-simulator-1","NetIO":"26.9MB / 34MB","PIDs":"10"}
{"BlockIO":"0B / 0B","CPUPerc":"3.76%","Container":"a66f27ba8092","ID":"a66f27ba8092","MemPerc":"0.47%","MemUsage":"35.64MiB / 7.38GiB","Name":"flash-cloud-bench-maintenance-1","NetIO":"339MB / 1.17GB","PIDs":"6"}
{"BlockIO":"0B / 8.19kB","CPUPerc":"2.97%","Container":"6fea00feedc4","ID":"6fea00feedc4","MemPerc":"0.02%","MemUsage":"1.598MiB / 7.38GiB","Name":"flash-cloud-bench-pgbouncer-1","NetIO":"521MB / 519MB","PIDs":"1"}
{"BlockIO":"0B / 836MB","CPUPerc":"25.15%","Container":"d440893966b4","ID":"d440893966b4","MemPerc":"1.49%","MemUsage":"112.7MiB / 7.38GiB","Name":"flash-cloud-bench-postgres-1","NetIO":"165MB / 387MB","PIDs":"14"}
{"BlockIO":"0B / 18.8MB","CPUPerc":"1.14%","Container":"562ac1217807","ID":"562ac1217807","MemPerc":"6.14%","MemUsage":"463.7MiB / 7.38GiB","Name":"flash-cloud-bench-kafka-1","NetIO":"3.33MB / 2.6MB","PIDs":"100"}
{"BlockIO":"0B / 1.19MB","CPUPerc":"0.22%","Container":"bc21247794d5","ID":"bc21247794d5","MemPerc":"0.37%","MemUsage":"27.64MiB / 7.38GiB","Name":"flash-cloud-bench-prometheus-1","NetIO":"6.55MB / 817kB","PIDs":"10"}
2026-09-08T04:38:11Z
{"BlockIO":"0B / 0B","CPUPerc":"2.75%","Container":"fc95d9093f80","ID":"fc95d9093f80","MemPerc":"0.68%","MemUsage":"51.02MiB / 7.38GiB","Name":"flash-cloud-bench-redis-1","NetIO":"75.4MB / 597kB","PIDs":"6"}
{"BlockIO":"0B / 14.8MB","CPUPerc":"0.11%","Container":"52f53808ea58","ID":"52f53808ea58","MemPerc":"1.04%","MemUsage":"78.28MiB / 7.38GiB","Name":"flash-cloud-bench-api-1","NetIO":"335MB / 275MB","PIDs":"7"}
{"BlockIO":"0B / 0B","CPUPerc":"1.20%","Container":"facf8315afea","ID":"facf8315afea","MemPerc":"0.46%","MemUsage":"34.85MiB / 7.38GiB","Name":"flash-cloud-bench-consumer-1","NetIO":"4.28MB / 6.72MB","PIDs":"7"}
{"BlockIO":"0B / 0B","CPUPerc":"1.81%","Container":"d790ff1ba173","ID":"d790ff1ba173","MemPerc":"0.46%","MemUsage":"34.84MiB / 7.38GiB","Name":"flash-cloud-bench-publisher-1","NetIO":"12.2MB / 16.4MB","PIDs":"7"}
{"BlockIO":"0B / 0B","CPUPerc":"4.91%","Container":"e0a44f45bbd7","ID":"e0a44f45bbd7","MemPerc":"0.48%","MemUsage":"36.08MiB / 7.38GiB","Name":"flash-cloud-bench-simulator-1","NetIO":"27.3MB / 34.4MB","PIDs":"10"}
{"BlockIO":"0B / 0B","CPUPerc":"4.89%","Container":"a66f27ba8092","ID":"a66f27ba8092","MemPerc":"0.47%","MemUsage":"35.64MiB / 7.38GiB","Name":"flash-cloud-bench-maintenance-1","NetIO":"340MB / 1.17GB","PIDs":"6"}
{"BlockIO":"0B / 0B","CPUPerc":"0.00%","Container":"ce9730e2aa37","ID":"ce9730e2aa37","MemPerc":"0.00%","MemUsage":"0B / 0B","Name":"flash-cloud-bench-migrate-1","NetIO":"0B / 0B","PIDs":"0"}
{"BlockIO":"0B / 8.19kB","CPUPerc":"6.43%","Container":"6fea00feedc4","ID":"6fea00feedc4","MemPerc":"0.02%","MemUsage":"1.598MiB / 7.38GiB","Name":"flash-cloud-bench-pgbouncer-1","NetIO":"524MB / 523MB","PIDs":"1"}
{"BlockIO":"0B / 840MB","CPUPerc":"33.04%","Container":"d440893966b4","ID":"d440893966b4","MemPerc":"1.49%","MemUsage":"112.8MiB / 7.38GiB","Name":"flash-cloud-bench-postgres-1","NetIO":"166MB / 389MB","PIDs":"14"}
{"BlockIO":"0B / 19.2MB","CPUPerc":"1.29%","Container":"562ac1217807","ID":"562ac1217807","MemPerc":"6.16%","MemUsage":"465.2MiB / 7.38GiB","Name":"flash-cloud-bench-kafka-1","NetIO":"3.39MB / 2.65MB","PIDs":"100"}
{"BlockIO":"0B / 1.25MB","CPUPerc":"0.02%","Container":"bc21247794d5","ID":"bc21247794d5","MemPerc":"0.37%","MemUsage":"27.68MiB / 7.38GiB","Name":"flash-cloud-bench-prometheus-1","NetIO":"6.6MB / 825kB","PIDs":"10"}
2026-09-08T04:38:21Z
{"BlockIO":"0B / 0B","CPUPerc":"0.56%","Container":"fc95d9093f80","ID":"fc95d9093f80","MemPerc":"0.68%","MemUsage":"51.09MiB / 7.38GiB","Name":"flash-cloud-bench-redis-1","NetIO":"113MB / 875kB","PIDs":"6"}
{"BlockIO":"0B / 15.4MB","CPUPerc":"1.85%","Container":"52f53808ea58","ID":"52f53808ea58","MemPerc":"1.04%","MemUsage":"78.53MiB / 7.38GiB","Name":"flash-cloud-bench-api-1","NetIO":"336MB / 276MB","PIDs":"13"}
{"BlockIO":"0B / 0B","CPUPerc":"5.69%","Container":"facf8315afea","ID":"facf8315afea","MemPerc":"0.46%","MemUsage":"34.85MiB / 7.38GiB","Name":"flash-cloud-bench-consumer-1","NetIO":"4.38MB / 6.87MB","PIDs":"7"}
{"BlockIO":"0B / 0B","CPUPerc":"1.81%","Container":"d790ff1ba173","ID":"d790ff1ba173","MemPerc":"0.46%","MemUsage":"34.84MiB / 7.38GiB","Name":"flash-cloud-bench-publisher-1","NetIO":"12.3MB / 16.6MB","PIDs":"7"}
{"BlockIO":"0B / 0B","CPUPerc":"4.11%","Container":"e0a44f45bbd7","ID":"e0a44f45bbd7","MemPerc":"0.48%","MemUsage":"36.08MiB / 7.38GiB","Name":"flash-cloud-bench-simulator-1","NetIO":"27.6MB / 34.8MB","PIDs":"10"}
{"BlockIO":"0B / 0B","CPUPerc":"3.63%","Container":"a66f27ba8092","ID":"a66f27ba8092","MemPerc":"0.47%","MemUsage":"35.65MiB / 7.38GiB","Name":"flash-cloud-bench-maintenance-1","NetIO":"351MB / 1.21GB","PIDs":"6"}
{"BlockIO":"0B / 8.19kB","CPUPerc":"2.94%","Container":"6fea00feedc4","ID":"6fea00feedc4","MemPerc":"0.02%","MemUsage":"1.598MiB / 7.38GiB","Name":"flash-cloud-bench-pgbouncer-1","NetIO":"538MB / 536MB","PIDs":"1"}
{"BlockIO":"0B / 850MB","CPUPerc":"23.45%","Container":"d440893966b4","ID":"d440893966b4","MemPerc":"1.49%","MemUsage":"112.8MiB / 7.38GiB","Name":"flash-cloud-bench-postgres-1","NetIO":"170MB / 400MB","PIDs":"14"}
{"BlockIO":"0B / 19.5MB","CPUPerc":"1.48%","Container":"562ac1217807","ID":"562ac1217807","MemPerc":"6.19%","MemUsage":"468MiB / 7.38GiB","Name":"flash-cloud-bench-kafka-1","NetIO":"3.46MB / 2.7MB","PIDs":"100"}
{"BlockIO":"0B / 1.25MB","CPUPerc":"0.02%","Container":"bc21247794d5","ID":"bc21247794d5","MemPerc":"0.37%","MemUsage":"27.72MiB / 7.38GiB","Name":"flash-cloud-bench-prometheus-1","NetIO":"6.68MB / 834kB","PIDs":"10"}
2026-09-08T04:38:31Z
{"BlockIO":"0B / 28.2MB","CPUPerc":"47.77%","Container":"fc95d9093f80","ID":"fc95d9093f80","MemPerc":"0.68%","MemUsage":"51.36MiB / 7.38GiB","Name":"flash-cloud-bench-redis-1","NetIO":"117MB / 931kB","PIDs":"6"}
{"BlockIO":"0B / 15.9MB","CPUPerc":"1.88%","Container":"52f53808ea58","ID":"52f53808ea58","MemPerc":"1.04%","MemUsage":"78.32MiB / 7.38GiB","Name":"flash-cloud-bench-api-1","NetIO":"336MB / 276MB","PIDs":"7"}
{"BlockIO":"0B / 0B","CPUPerc":"8.40%","Container":"facf8315afea","ID":"facf8315afea","MemPerc":"0.46%","MemUsage":"34.85MiB / 7.38GiB","Name":"flash-cloud-bench-consumer-1","NetIO":"4.46MB / 7MB","PIDs":"7"}
{"BlockIO":"0B / 0B","CPUPerc":"2.11%","Container":"d790ff1ba173","ID":"d790ff1ba173","MemPerc":"0.46%","MemUsage":"34.84MiB / 7.38GiB","Name":"flash-cloud-bench-publisher-1","NetIO":"12.5MB / 16.9MB","PIDs":"7"}
{"BlockIO":"0B / 0B","CPUPerc":"3.65%","Container":"e0a44f45bbd7","ID":"e0a44f45bbd7","MemPerc":"0.48%","MemUsage":"36.08MiB / 7.38GiB","Name":"flash-cloud-bench-simulator-1","NetIO":"27.9MB / 35.2MB","PIDs":"10"}
{"BlockIO":"0B / 0B","CPUPerc":"22.02%","Container":"a66f27ba8092","ID":"a66f27ba8092","MemPerc":"0.47%","MemUsage":"35.65MiB / 7.38GiB","Name":"flash-cloud-bench-maintenance-1","NetIO":"352MB / 1.21GB","PIDs":"6"}
{"BlockIO":"0B / 8.19kB","CPUPerc":"6.59%","Container":"6fea00feedc4","ID":"6fea00feedc4","MemPerc":"0.02%","MemUsage":"1.832MiB / 7.38GiB","Name":"flash-cloud-bench-pgbouncer-1","NetIO":"541MB / 540MB","PIDs":"1"}
{"BlockIO":"0B / 854MB","CPUPerc":"36.15%","Container":"d440893966b4","ID":"d440893966b4","MemPerc":"1.49%","MemUsage":"112.8MiB / 7.38GiB","Name":"flash-cloud-bench-postgres-1","NetIO":"171MB / 402MB","PIDs":"14"}
{"BlockIO":"0B / 19.8MB","CPUPerc":"1.15%","Container":"562ac1217807","ID":"562ac1217807","MemPerc":"6.20%","MemUsage":"468.7MiB / 7.38GiB","Name":"flash-cloud-bench-kafka-1","NetIO":"3.52MB / 2.75MB","PIDs":"100"}
{"BlockIO":"0B / 1.25MB","CPUPerc":"0.22%","Container":"bc21247794d5","ID":"bc21247794d5","MemPerc":"0.37%","MemUsage":"27.83MiB / 7.38GiB","Name":"flash-cloud-bench-prometheus-1","NetIO":"6.79MB / 846kB","PIDs":"10"}
2026-09-08T04:38:41Z
{"BlockIO":"0B / 28.2MB","CPUPerc":"0.37%","Container":"fc95d9093f80","ID":"fc95d9093f80","MemPerc":"0.68%","MemUsage":"51.14MiB / 7.38GiB","Name":"flash-cloud-bench-redis-1","NetIO":"151MB / 1.16MB","PIDs":"6"}
{"BlockIO":"0B / 16.4MB","CPUPerc":"0.08%","Container":"52f53808ea58","ID":"52f53808ea58","MemPerc":"1.04%","MemUsage":"78.32MiB / 7.38GiB","Name":"flash-cloud-bench-api-1","NetIO":"336MB / 277MB","PIDs":"7"}
{"BlockIO":"0B / 0B","CPUPerc":"0.23%","Container":"facf8315afea","ID":"facf8315afea","MemPerc":"0.46%","MemUsage":"34.85MiB / 7.38GiB","Name":"flash-cloud-bench-consumer-1","NetIO":"4.52MB / 7.09MB","PIDs":"7"}
{"BlockIO":"0B / 0B","CPUPerc":"0.70%","Container":"d790ff1ba173","ID":"d790ff1ba173","MemPerc":"0.46%","MemUsage":"34.83MiB / 7.38GiB","Name":"flash-cloud-bench-publisher-1","NetIO":"12.7MB / 17.1MB","PIDs":"7"}
{"BlockIO":"0B / 0B","CPUPerc":"4.08%","Container":"e0a44f45bbd7","ID":"e0a44f45bbd7","MemPerc":"0.48%","MemUsage":"36.08MiB / 7.38GiB","Name":"flash-cloud-bench-simulator-1","NetIO":"28.2MB / 35.6MB","PIDs":"10"}
{"BlockIO":"0B / 0B","CPUPerc":"1.55%","Container":"a66f27ba8092","ID":"a66f27ba8092","MemPerc":"0.47%","MemUsage":"35.64MiB / 7.38GiB","Name":"flash-cloud-bench-maintenance-1","NetIO":"362MB / 1.25GB","PIDs":"6"}
{"BlockIO":"0B / 8.19kB","CPUPerc":"1.75%","Container":"6fea00feedc4","ID":"6fea00feedc4","MemPerc":"0.02%","MemUsage":"1.602MiB / 7.38GiB","Name":"flash-cloud-bench-pgbouncer-1","NetIO":"554MB / 553MB","PIDs":"1"}
{"BlockIO":"0B / 865MB","CPUPerc":"3.74%","Container":"d440893966b4","ID":"d440893966b4","MemPerc":"1.49%","MemUsage":"112.9MiB / 7.38GiB","Name":"flash-cloud-bench-postgres-1","NetIO":"174MB / 412MB","PIDs":"14"}
{"BlockIO":"0B / 20.1MB","CPUPerc":"1.15%","Container":"562ac1217807","ID":"562ac1217807","MemPerc":"6.20%","MemUsage":"468.8MiB / 7.38GiB","Name":"flash-cloud-bench-kafka-1","NetIO":"3.57MB / 2.79MB","PIDs":"100"}
{"BlockIO":"0B / 1.25MB","CPUPerc":"0.25%","Container":"bc21247794d5","ID":"bc21247794d5","MemPerc":"0.37%","MemUsage":"27.85MiB / 7.38GiB","Name":"flash-cloud-bench-prometheus-1","NetIO":"6.87MB / 855kB","PIDs":"10"}
2026-09-08T04:38:52Z
