Wed Sep  9 12:26:43 PM UTC 2026
flash-cloud-bench-consumer-1 0.14% 34.46MiB / 7.38GiB
flash-cloud-bench-publisher-1 0.79% 35.49MiB / 7.38GiB
flash-cloud-bench-simulator-1 3.60% 34.77MiB / 7.38GiB
flash-cloud-bench-reconciler-1 0.77% 34.68MiB / 7.38GiB
flash-cloud-bench-api-1 66.49% 83.6MiB / 7.38GiB
flash-cloud-bench-maintenance-1 1.41% 34.43MiB / 7.38GiB
flash-cloud-bench-redis-1 11.12% 51.52MiB / 7.38GiB
flash-cloud-bench-pgbouncer-1 1.86% 1.562MiB / 7.38GiB
flash-cloud-bench-postgres-1 9.16% 72.18MiB / 7.38GiB
flash-cloud-bench-kafka-1 0.99% 698.4MiB / 7.38GiB
flash-cloud-bench-prometheus-1 0.14% 30.44MiB / 7.38GiB
Wed Sep  9 12:26:56 PM UTC 2026
flash-cloud-bench-consumer-1 0.51% 34.47MiB / 7.38GiB
flash-cloud-bench-publisher-1 0.82% 35.5MiB / 7.38GiB
flash-cloud-bench-simulator-1 3.74% 34.77MiB / 7.38GiB
flash-cloud-bench-reconciler-1 39.15% 34.69MiB / 7.38GiB
flash-cloud-bench-api-1 0.50% 94.2MiB / 7.38GiB
flash-cloud-bench-maintenance-1 1.25% 34.43MiB / 7.38GiB
flash-cloud-bench-redis-1 27.82% 51.54MiB / 7.38GiB
flash-cloud-bench-pgbouncer-1 9.62% 1.812MiB / 7.38GiB
flash-cloud-bench-postgres-1 27.02% 72.45MiB / 7.38GiB
flash-cloud-bench-kafka-1 0.82% 700.3MiB / 7.38GiB
flash-cloud-bench-prometheus-1 0.00% 30.44MiB / 7.38GiB
Wed Sep  9 12:27:08 PM UTC 2026
flash-cloud-bench-consumer-1 0.32% 34.47MiB / 7.38GiB
flash-cloud-bench-publisher-1 1.02% 35.5MiB / 7.38GiB
flash-cloud-bench-simulator-1 4.29% 34.77MiB / 7.38GiB
flash-cloud-bench-reconciler-1 0.71% 34.69MiB / 7.38GiB
flash-cloud-bench-api-1 28.99% 94.2MiB / 7.38GiB
flash-cloud-bench-maintenance-1 1.52% 34.43MiB / 7.38GiB
flash-cloud-bench-redis-1 0.40% 51.15MiB / 7.38GiB
flash-cloud-bench-pgbouncer-1 1.93% 1.578MiB / 7.38GiB
flash-cloud-bench-postgres-1 9.06% 72.52MiB / 7.38GiB
flash-cloud-bench-kafka-1 0.98% 702.4MiB / 7.38GiB
flash-cloud-bench-prometheus-1 0.49% 26.7MiB / 7.38GiB
Wed Sep  9 12:27:20 PM UTC 2026
flash-cloud-bench-consumer-1 4.90% 34.63MiB / 7.38GiB
flash-cloud-bench-publisher-1 3.10% 35.61MiB / 7.38GiB
flash-cloud-bench-simulator-1 3.51% 34.77MiB / 7.38GiB
flash-cloud-bench-reconciler-1 38.50% 34.69MiB / 7.38GiB
flash-cloud-bench-api-1 58.22% 97.34MiB / 7.38GiB
flash-cloud-bench-maintenance-1 6.62% 34.47MiB / 7.38GiB
flash-cloud-bench-redis-1 29.41% 51.92MiB / 7.38GiB
flash-cloud-bench-pgbouncer-1 13.23% 1.582MiB / 7.38GiB
flash-cloud-bench-postgres-1 31.85% 83.5MiB / 7.38GiB
flash-cloud-bench-kafka-1 8.01% 713.7MiB / 7.38GiB
flash-cloud-bench-prometheus-1 0.00% 26.74MiB / 7.38GiB
Wed Sep  9 12:27:32 PM UTC 2026
flash-cloud-bench-consumer-1 3.96% 34.69MiB / 7.38GiB
flash-cloud-bench-publisher-1 2.56% 35.64MiB / 7.38GiB
flash-cloud-bench-simulator-1 3.94% 34.77MiB / 7.38GiB
flash-cloud-bench-reconciler-1 1.18% 34.69MiB / 7.38GiB
flash-cloud-bench-api-1 56.32% 99.57MiB / 7.38GiB
flash-cloud-bench-maintenance-1 5.94% 34.52MiB / 7.38GiB
flash-cloud-bench-redis-1 3.77% 51.64MiB / 7.38GiB
flash-cloud-bench-pgbouncer-1 5.58% 1.598MiB / 7.38GiB
flash-cloud-bench-postgres-1 13.40% 92.99MiB / 7.38GiB
flash-cloud-bench-kafka-1 7.70% 728.7MiB / 7.38GiB
flash-cloud-bench-prometheus-1 0.16% 26.74MiB / 7.38GiB
Wed Sep  9 12:27:44 PM UTC 2026
flash-cloud-bench-consumer-1 4.03% 34.71MiB / 7.38GiB
flash-cloud-bench-publisher-1 2.49% 35.66MiB / 7.38GiB
flash-cloud-bench-simulator-1 3.64% 34.77MiB / 7.38GiB
flash-cloud-bench-reconciler-1 0.85% 34.71MiB / 7.38GiB
flash-cloud-bench-api-1 58.31% 101.7MiB / 7.38GiB
flash-cloud-bench-maintenance-1 6.43% 34.55MiB / 7.38GiB
flash-cloud-bench-redis-1 4.34% 51.93MiB / 7.38GiB
flash-cloud-bench-pgbouncer-1 5.64% 1.59MiB / 7.38GiB
flash-cloud-bench-postgres-1 13.44% 100.8MiB / 7.38GiB
flash-cloud-bench-kafka-1 2.82% 743.3MiB / 7.38GiB
flash-cloud-bench-prometheus-1 0.00% 26.75MiB / 7.38GiB
Wed Sep  9 12:27:56 PM UTC 2026
flash-cloud-bench-consumer-1 3.52% 34.71MiB / 7.38GiB
flash-cloud-bench-publisher-1 2.81% 35.67MiB / 7.38GiB
flash-cloud-bench-simulator-1 3.71% 34.77MiB / 7.38GiB
flash-cloud-bench-reconciler-1 19.70% 34.71MiB / 7.38GiB
flash-cloud-bench-api-1 59.40% 103.8MiB / 7.38GiB
flash-cloud-bench-maintenance-1 5.98% 34.55MiB / 7.38GiB
flash-cloud-bench-redis-1 19.19% 51.96MiB / 7.38GiB
flash-cloud-bench-pgbouncer-1 9.37% 1.602MiB / 7.38GiB
flash-cloud-bench-postgres-1 30.86% 109.9MiB / 7.38GiB
flash-cloud-bench-kafka-1 4.47% 757.1MiB / 7.38GiB
flash-cloud-bench-prometheus-1 0.00% 26.75MiB / 7.38GiB
Wed Sep  9 12:28:08 PM UTC 2026
flash-cloud-bench-consumer-1 3.52% 34.74MiB / 7.38GiB
flash-cloud-bench-publisher-1 3.20% 35.68MiB / 7.38GiB
flash-cloud-bench-simulator-1 3.78% 34.77MiB / 7.38GiB
flash-cloud-bench-reconciler-1 1.21% 34.73MiB / 7.38GiB
flash-cloud-bench-api-1 59.31% 106.5MiB / 7.38GiB
flash-cloud-bench-maintenance-1 6.85% 34.57MiB / 7.38GiB
flash-cloud-bench-redis-1 4.70% 51.74MiB / 7.38GiB
flash-cloud-bench-pgbouncer-1 5.94% 1.582MiB / 7.38GiB
flash-cloud-bench-postgres-1 13.75% 114.9MiB / 7.38GiB
flash-cloud-bench-kafka-1 16.24% 770.6MiB / 7.38GiB
flash-cloud-bench-prometheus-1 0.22% 26.76MiB / 7.38GiB
Wed Sep  9 12:28:20 PM UTC 2026
flash-cloud-bench-consumer-1 3.16% 34.76MiB / 7.38GiB
flash-cloud-bench-publisher-1 2.33% 35.68MiB / 7.38GiB
flash-cloud-bench-simulator-1 2.90% 34.77MiB / 7.38GiB
flash-cloud-bench-reconciler-1 30.30% 34.74MiB / 7.38GiB
flash-cloud-bench-api-1 61.89% 109.2MiB / 7.38GiB
flash-cloud-bench-maintenance-1 5.91% 34.56MiB / 7.38GiB
flash-cloud-bench-redis-1 22.96% 52.11MiB / 7.38GiB
flash-cloud-bench-pgbouncer-1 11.49% 1.594MiB / 7.38GiB
flash-cloud-bench-postgres-1 29.09% 119.2MiB / 7.38GiB
flash-cloud-bench-kafka-1 2.45% 783.9MiB / 7.38GiB
flash-cloud-bench-prometheus-1 0.00% 26.77MiB / 7.38GiB
Wed Sep  9 12:28:32 PM UTC 2026
flash-cloud-bench-consumer-1 11.06% 34.79MiB / 7.38GiB
flash-cloud-bench-publisher-1 2.92% 35.68MiB / 7.38GiB
flash-cloud-bench-simulator-1 4.05% 34.77MiB / 7.38GiB
flash-cloud-bench-reconciler-1 1.17% 34.73MiB / 7.38GiB
flash-cloud-bench-api-1 60.13% 110.6MiB / 7.38GiB
flash-cloud-bench-maintenance-1 5.30% 34.57MiB / 7.38GiB
flash-cloud-bench-redis-1 4.17% 51.94MiB / 7.38GiB
flash-cloud-bench-pgbouncer-1 5.29% 1.594MiB / 7.38GiB
flash-cloud-bench-postgres-1 12.94% 123.1MiB / 7.38GiB
flash-cloud-bench-kafka-1 2.26% 796.5MiB / 7.38GiB
flash-cloud-bench-prometheus-1 0.27% 26.78MiB / 7.38GiB
Wed Sep  9 12:28:44 PM UTC 2026
flash-cloud-bench-consumer-1 5.67% 34.8MiB / 7.38GiB
flash-cloud-bench-publisher-1 2.48% 35.68MiB / 7.38GiB
flash-cloud-bench-simulator-1 3.77% 34.77MiB / 7.38GiB
flash-cloud-bench-reconciler-1 0.81% 34.73MiB / 7.38GiB
flash-cloud-bench-api-1 58.62% 112MiB / 7.38GiB
flash-cloud-bench-maintenance-1 5.89% 34.57MiB / 7.38GiB
flash-cloud-bench-redis-1 4.44% 51.78MiB / 7.38GiB
flash-cloud-bench-pgbouncer-1 5.61% 1.621MiB / 7.38GiB
flash-cloud-bench-postgres-1 13.67% 129MiB / 7.38GiB
flash-cloud-bench-kafka-1 2.58% 809.3MiB / 7.38GiB
flash-cloud-bench-prometheus-1 0.15% 26.79MiB / 7.38GiB
Wed Sep  9 12:28:57 PM UTC 2026
flash-cloud-bench-consumer-1 4.33% 34.82MiB / 7.38GiB
flash-cloud-bench-publisher-1 3.01% 35.68MiB / 7.38GiB
flash-cloud-bench-simulator-1 3.05% 34.77MiB / 7.38GiB
flash-cloud-bench-reconciler-1 39.07% 34.73MiB / 7.38GiB
flash-cloud-bench-api-1 55.13% 112.4MiB / 7.38GiB
flash-cloud-bench-maintenance-1 6.86% 34.59MiB / 7.38GiB
flash-cloud-bench-redis-1 28.48% 52.27MiB / 7.38GiB
flash-cloud-bench-pgbouncer-1 13.16% 1.594MiB / 7.38GiB
flash-cloud-bench-postgres-1 32.12% 131.9MiB / 7.38GiB
flash-cloud-bench-kafka-1 2.25% 822.4MiB / 7.38GiB
flash-cloud-bench-prometheus-1 0.27% 26.79MiB / 7.38GiB
Wed Sep  9 12:29:09 PM UTC 2026
flash-cloud-bench-consumer-1 6.04% 34.83MiB / 7.38GiB
flash-cloud-bench-publisher-1 2.06% 35.68MiB / 7.38GiB
flash-cloud-bench-simulator-1 3.45% 34.77MiB / 7.38GiB
flash-cloud-bench-reconciler-1 0.87% 34.73MiB / 7.38GiB
flash-cloud-bench-api-1 57.89% 113.5MiB / 7.38GiB
flash-cloud-bench-maintenance-1 5.78% 34.59MiB / 7.38GiB
flash-cloud-bench-redis-1 4.48% 52.02MiB / 7.38GiB
flash-cloud-bench-pgbouncer-1 5.32% 1.621MiB / 7.38GiB
flash-cloud-bench-postgres-1 13.52% 134.7MiB / 7.38GiB
flash-cloud-bench-kafka-1 2.36% 834.1MiB / 7.38GiB
flash-cloud-bench-prometheus-1 0.00% 26.8MiB / 7.38GiB
Wed Sep  9 12:29:21 PM UTC 2026
flash-cloud-bench-consumer-1 7.54% 34.85MiB / 7.38GiB
flash-cloud-bench-publisher-1 5.17% 35.74MiB / 7.38GiB
flash-cloud-bench-simulator-1 2.79% 34.77MiB / 7.38GiB
flash-cloud-bench-reconciler-1 31.85% 34.73MiB / 7.38GiB
flash-cloud-bench-api-1 85.35% 114.9MiB / 7.38GiB
flash-cloud-bench-maintenance-1 7.31% 34.61MiB / 7.38GiB
flash-cloud-bench-redis-1 24.49% 52.32MiB / 7.38GiB
flash-cloud-bench-pgbouncer-1 12.65% 1.625MiB / 7.38GiB
flash-cloud-bench-postgres-1 101.79% 137.4MiB / 7.38GiB
flash-cloud-bench-kafka-1 13.57% 856.6MiB / 7.38GiB
flash-cloud-bench-prometheus-1 0.00% 26.82MiB / 7.38GiB
Wed Sep  9 12:29:33 PM UTC 2026
flash-cloud-bench-consumer-1 7.44% 34.87MiB / 7.38GiB
flash-cloud-bench-publisher-1 5.26% 35.77MiB / 7.38GiB
flash-cloud-bench-simulator-1 3.49% 34.77MiB / 7.38GiB
flash-cloud-bench-reconciler-1 0.93% 34.73MiB / 7.38GiB
flash-cloud-bench-api-1 59.76% 115.7MiB / 7.38GiB
flash-cloud-bench-maintenance-1 9.69% 34.62MiB / 7.38GiB
flash-cloud-bench-redis-1 4.86% 52.02MiB / 7.38GiB
flash-cloud-bench-pgbouncer-1 7.62% 1.605MiB / 7.38GiB
flash-cloud-bench-postgres-1 96.84% 140.5MiB / 7.38GiB
flash-cloud-bench-kafka-1 20.61% 880.6MiB / 7.38GiB
flash-cloud-bench-prometheus-1 0.14% 26.83MiB / 7.38GiB
Wed Sep  9 12:29:45 PM UTC 2026
flash-cloud-bench-consumer-1 7.45% 34.88MiB / 7.38GiB
flash-cloud-bench-publisher-1 5.67% 35.82MiB / 7.38GiB
flash-cloud-bench-simulator-1 3.08% 34.77MiB / 7.38GiB
flash-cloud-bench-reconciler-1 0.95% 34.73MiB / 7.38GiB
flash-cloud-bench-api-1 58.80% 117.4MiB / 7.38GiB
flash-cloud-bench-maintenance-1 8.54% 34.86MiB / 7.38GiB
flash-cloud-bench-redis-1 6.85% 51.96MiB / 7.38GiB
flash-cloud-bench-pgbouncer-1 7.77% 1.609MiB / 7.38GiB
flash-cloud-bench-postgres-1 95.23% 145.4MiB / 7.38GiB
flash-cloud-bench-kafka-1 56.05% 942MiB / 7.38GiB
flash-cloud-bench-prometheus-1 0.00% 26.85MiB / 7.38GiB
Wed Sep  9 12:29:57 PM UTC 2026
flash-cloud-bench-consumer-1 7.43% 34.89MiB / 7.38GiB
flash-cloud-bench-publisher-1 5.99% 35.85MiB / 7.38GiB
flash-cloud-bench-simulator-1 2.75% 34.77MiB / 7.38GiB
flash-cloud-bench-reconciler-1 26.64% 34.73MiB / 7.38GiB
flash-cloud-bench-api-1 62.33% 118.8MiB / 7.38GiB
flash-cloud-bench-maintenance-1 5.40% 34.63MiB / 7.38GiB
flash-cloud-bench-redis-1 23.40% 52.48MiB / 7.38GiB
flash-cloud-bench-pgbouncer-1 11.21% 1.613MiB / 7.38GiB
flash-cloud-bench-postgres-1 98.54% 150MiB / 7.38GiB
flash-cloud-bench-kafka-1 97.12% 978.2MiB / 7.38GiB
flash-cloud-bench-prometheus-1 0.37% 26.86MiB / 7.38GiB
Wed Sep  9 12:30:09 PM UTC 2026
flash-cloud-bench-consumer-1 8.07% 34.89MiB / 7.38GiB
flash-cloud-bench-publisher-1 5.10% 35.85MiB / 7.38GiB
flash-cloud-bench-simulator-1 2.85% 34.77MiB / 7.38GiB
flash-cloud-bench-reconciler-1 0.98% 34.73MiB / 7.38GiB
flash-cloud-bench-api-1 87.00% 119.3MiB / 7.38GiB
flash-cloud-bench-maintenance-1 5.40% 34.64MiB / 7.38GiB
flash-cloud-bench-redis-1 6.61% 52.16MiB / 7.38GiB
flash-cloud-bench-pgbouncer-1 6.86% 1.617MiB / 7.38GiB
flash-cloud-bench-postgres-1 92.67% 154.3MiB / 7.38GiB
flash-cloud-bench-kafka-1 94.86% 978.1MiB / 7.38GiB
flash-cloud-bench-prometheus-1 0.13% 26.86MiB / 7.38GiB
Wed Sep  9 12:30:21 PM UTC 2026
flash-cloud-bench-consumer-1 6.97% 34.89MiB / 7.38GiB
flash-cloud-bench-publisher-1 4.91% 35.85MiB / 7.38GiB
flash-cloud-bench-simulator-1 2.63% 34.78MiB / 7.38GiB
flash-cloud-bench-reconciler-1 23.87% 34.73MiB / 7.38GiB
flash-cloud-bench-api-1 61.53% 119.2MiB / 7.38GiB
flash-cloud-bench-maintenance-1 4.24% 34.64MiB / 7.38GiB
flash-cloud-bench-redis-1 22.10% 52.51MiB / 7.38GiB
flash-cloud-bench-pgbouncer-1 10.93% 1.613MiB / 7.38GiB
flash-cloud-bench-postgres-1 97.64% 155.9MiB / 7.38GiB
flash-cloud-bench-kafka-1 128.62% 982.4MiB / 7.38GiB
flash-cloud-bench-prometheus-1 0.13% 26.87MiB / 7.38GiB
Wed Sep  9 12:30:34 PM UTC 2026
flash-cloud-bench-consumer-1 7.49% 34.89MiB / 7.38GiB
flash-cloud-bench-publisher-1 5.26% 35.85MiB / 7.38GiB
flash-cloud-bench-simulator-1 2.81% 34.77MiB / 7.38GiB
flash-cloud-bench-reconciler-1 0.88% 34.73MiB / 7.38GiB
flash-cloud-bench-api-1 55.72% 119MiB / 7.38GiB
flash-cloud-bench-maintenance-1 5.44% 34.64MiB / 7.38GiB
flash-cloud-bench-redis-1 6.52% 52.07MiB / 7.38GiB
flash-cloud-bench-pgbouncer-1 7.12% 1.613MiB / 7.38GiB
flash-cloud-bench-postgres-1 87.80% 157.2MiB / 7.38GiB
flash-cloud-bench-kafka-1 162.60% 991.5MiB / 7.38GiB
flash-cloud-bench-prometheus-1 0.37% 26.88MiB / 7.38GiB
Wed Sep  9 12:30:46 PM UTC 2026
flash-cloud-bench-consumer-1 7.84% 34.89MiB / 7.38GiB
flash-cloud-bench-publisher-1 4.36% 35.85MiB / 7.38GiB
flash-cloud-bench-simulator-1 2.92% 34.77MiB / 7.38GiB
flash-cloud-bench-reconciler-1 0.98% 34.73MiB / 7.38GiB
flash-cloud-bench-api-1 58.63% 119.9MiB / 7.38GiB
flash-cloud-bench-maintenance-1 5.33% 34.64MiB / 7.38GiB
flash-cloud-bench-redis-1 6.30% 52.26MiB / 7.38GiB
flash-cloud-bench-pgbouncer-1 6.52% 1.598MiB / 7.38GiB
flash-cloud-bench-postgres-1 91.82% 160.1MiB / 7.38GiB
flash-cloud-bench-kafka-1 140.51% 1005MiB / 7.38GiB
flash-cloud-bench-prometheus-1 0.27% 26.88MiB / 7.38GiB
Wed Sep  9 12:30:58 PM UTC 2026
flash-cloud-bench-consumer-1 8.16% 34.9MiB / 7.38GiB
flash-cloud-bench-publisher-1 7.03% 35.85MiB / 7.38GiB
flash-cloud-bench-simulator-1 3.07% 34.77MiB / 7.38GiB
flash-cloud-bench-reconciler-1 23.24% 34.74MiB / 7.38GiB
flash-cloud-bench-api-1 80.46% 120.2MiB / 7.38GiB
flash-cloud-bench-maintenance-1 3.31% 34.66MiB / 7.38GiB
flash-cloud-bench-redis-1 21.07% 52.59MiB / 7.38GiB
flash-cloud-bench-pgbouncer-1 10.86% 1.617MiB / 7.38GiB
flash-cloud-bench-postgres-1 94.36% 161.3MiB / 7.38GiB
flash-cloud-bench-kafka-1 110.06% 1004MiB / 7.38GiB
flash-cloud-bench-prometheus-1 0.15% 26.88MiB / 7.38GiB
Wed Sep  9 12:31:10 PM UTC 2026
flash-cloud-bench-consumer-1 7.05% 34.9MiB / 7.38GiB
flash-cloud-bench-publisher-1 5.22% 35.86MiB / 7.38GiB
flash-cloud-bench-simulator-1 3.06% 34.77MiB / 7.38GiB
flash-cloud-bench-reconciler-1 0.94% 34.73MiB / 7.38GiB
flash-cloud-bench-api-1 56.74% 120.8MiB / 7.38GiB
flash-cloud-bench-maintenance-1 6.19% 34.66MiB / 7.38GiB
flash-cloud-bench-redis-1 6.60% 52.27MiB / 7.38GiB
flash-cloud-bench-pgbouncer-1 6.78% 1.613MiB / 7.38GiB
flash-cloud-bench-postgres-1 91.63% 162.4MiB / 7.38GiB
flash-cloud-bench-kafka-1 82.79% 934.4MiB / 7.38GiB
flash-cloud-bench-prometheus-1 0.00% 26.88MiB / 7.38GiB
Wed Sep  9 12:31:22 PM UTC 2026
flash-cloud-bench-consumer-1 7.57% 34.91MiB / 7.38GiB
flash-cloud-bench-publisher-1 5.55% 35.86MiB / 7.38GiB
flash-cloud-bench-simulator-1 3.17% 34.77MiB / 7.38GiB
flash-cloud-bench-reconciler-1 30.13% 34.74MiB / 7.38GiB
flash-cloud-bench-api-1 66.57% 120.1MiB / 7.38GiB
flash-cloud-bench-maintenance-1 5.36% 34.68MiB / 7.38GiB
flash-cloud-bench-redis-1 26.79% 52.51MiB / 7.38GiB
flash-cloud-bench-pgbouncer-1 11.78% 1.617MiB / 7.38GiB
flash-cloud-bench-postgres-1 103.48% 163.4MiB / 7.38GiB
flash-cloud-bench-kafka-1 54.26% 934.5MiB / 7.38GiB
flash-cloud-bench-prometheus-1 0.24% 26.89MiB / 7.38GiB
Wed Sep  9 12:31:34 PM UTC 2026
flash-cloud-bench-consumer-1 7.96% 34.91MiB / 7.38GiB
flash-cloud-bench-publisher-1 6.34% 35.86MiB / 7.38GiB
flash-cloud-bench-simulator-1 3.27% 34.77MiB / 7.38GiB
flash-cloud-bench-reconciler-1 0.84% 34.73MiB / 7.38GiB
flash-cloud-bench-api-1 68.08% 129.6MiB / 7.38GiB
flash-cloud-bench-maintenance-1 9.26% 34.7MiB / 7.38GiB
flash-cloud-bench-redis-1 7.58% 52.09MiB / 7.38GiB
flash-cloud-bench-pgbouncer-1 7.91% 1.605MiB / 7.38GiB
flash-cloud-bench-postgres-1 92.85% 164.3MiB / 7.38GiB
flash-cloud-bench-kafka-1 6.34% 935.5MiB / 7.38GiB
flash-cloud-bench-prometheus-1 0.17% 26.89MiB / 7.38GiB
Wed Sep  9 12:31:46 PM UTC 2026
flash-cloud-bench-consumer-1 6.83% 34.91MiB / 7.38GiB
flash-cloud-bench-publisher-1 4.66% 35.86MiB / 7.38GiB
flash-cloud-bench-simulator-1 3.41% 34.77MiB / 7.38GiB
flash-cloud-bench-reconciler-1 0.93% 34.74MiB / 7.38GiB
flash-cloud-bench-api-1 56.97% 122.3MiB / 7.38GiB
flash-cloud-bench-maintenance-1 10.97% 34.7MiB / 7.38GiB
flash-cloud-bench-redis-1 6.43% 52.26MiB / 7.38GiB
flash-cloud-bench-pgbouncer-1 8.11% 1.625MiB / 7.38GiB
flash-cloud-bench-postgres-1 91.27% 167.4MiB / 7.38GiB
flash-cloud-bench-kafka-1 2.95% 935.7MiB / 7.38GiB
flash-cloud-bench-prometheus-1 0.21% 26.89MiB / 7.38GiB
Wed Sep  9 12:31:59 PM UTC 2026
flash-cloud-bench-consumer-1 7.89% 34.92MiB / 7.38GiB
flash-cloud-bench-publisher-1 4.45% 35.86MiB / 7.38GiB
flash-cloud-bench-simulator-1 2.80% 34.77MiB / 7.38GiB
flash-cloud-bench-reconciler-1 27.53% 34.74MiB / 7.38GiB
flash-cloud-bench-api-1 62.08% 121.4MiB / 7.38GiB
flash-cloud-bench-maintenance-1 8.08% 34.71MiB / 7.38GiB
flash-cloud-bench-redis-1 24.62% 52.46MiB / 7.38GiB
flash-cloud-bench-pgbouncer-1 11.98% 1.605MiB / 7.38GiB
flash-cloud-bench-postgres-1 103.81% 168.4MiB / 7.38GiB
flash-cloud-bench-kafka-1 2.52% 935.9MiB / 7.38GiB
flash-cloud-bench-prometheus-1 0.00% 26.9MiB / 7.38GiB
Wed Sep  9 12:32:11 PM UTC 2026
flash-cloud-bench-consumer-1 7.08% 34.93MiB / 7.38GiB
flash-cloud-bench-publisher-1 4.23% 35.86MiB / 7.38GiB
flash-cloud-bench-simulator-1 3.33% 34.77MiB / 7.38GiB
flash-cloud-bench-reconciler-1 0.90% 34.74MiB / 7.38GiB
flash-cloud-bench-api-1 57.30% 121.6MiB / 7.38GiB
flash-cloud-bench-maintenance-1 9.31% 34.71MiB / 7.38GiB
flash-cloud-bench-redis-1 6.58% 52.21MiB / 7.38GiB
flash-cloud-bench-pgbouncer-1 8.14% 1.598MiB / 7.38GiB
flash-cloud-bench-postgres-1 91.02% 169MiB / 7.38GiB
flash-cloud-bench-kafka-1 4.43% 936.2MiB / 7.38GiB
flash-cloud-bench-prometheus-1 0.27% 26.91MiB / 7.38GiB
Wed Sep  9 12:32:23 PM UTC 2026
flash-cloud-bench-consumer-1 4.21% 34.92MiB / 7.38GiB
flash-cloud-bench-publisher-1 4.66% 35.86MiB / 7.38GiB
flash-cloud-bench-simulator-1 3.10% 34.77MiB / 7.38GiB
flash-cloud-bench-reconciler-1 35.58% 34.74MiB / 7.38GiB
flash-cloud-bench-api-1 29.81% 121MiB / 7.38GiB
flash-cloud-bench-maintenance-1 9.69% 34.72MiB / 7.38GiB
flash-cloud-bench-redis-1 24.72% 52.19MiB / 7.38GiB
flash-cloud-bench-pgbouncer-1 12.54% 1.605MiB / 7.38GiB
flash-cloud-bench-postgres-1 104.38% 169.3MiB / 7.38GiB
flash-cloud-bench-kafka-1 2.22% 936.4MiB / 7.38GiB
flash-cloud-bench-prometheus-1 0.15% 26.91MiB / 7.38GiB
Wed Sep  9 12:32:35 PM UTC 2026
flash-cloud-bench-consumer-1 4.05% 34.93MiB / 7.38GiB
flash-cloud-bench-publisher-1 4.07% 35.86MiB / 7.38GiB
flash-cloud-bench-simulator-1 3.62% 34.77MiB / 7.38GiB
flash-cloud-bench-reconciler-1 0.85% 34.74MiB / 7.38GiB
flash-cloud-bench-api-1 31.02% 118.6MiB / 7.38GiB
flash-cloud-bench-maintenance-1 7.34% 34.72MiB / 7.38GiB
flash-cloud-bench-redis-1 2.87% 52MiB / 7.38GiB
flash-cloud-bench-pgbouncer-1 5.00% 1.613MiB / 7.38GiB
flash-cloud-bench-postgres-1 83.95% 169.5MiB / 7.38GiB
flash-cloud-bench-kafka-1 4.55% 936.5MiB / 7.38GiB
flash-cloud-bench-prometheus-1 0.00% 26.91MiB / 7.38GiB
Wed Sep  9 12:32:47 PM UTC 2026
flash-cloud-bench-consumer-1 3.74% 34.93MiB / 7.38GiB
flash-cloud-bench-publisher-1 3.68% 35.86MiB / 7.38GiB
flash-cloud-bench-simulator-1 3.79% 34.77MiB / 7.38GiB
flash-cloud-bench-reconciler-1 1.20% 34.74MiB / 7.38GiB
flash-cloud-bench-api-1 1.87% 118.5MiB / 7.38GiB
flash-cloud-bench-maintenance-1 7.47% 34.72MiB / 7.38GiB
flash-cloud-bench-redis-1 2.83% 52.11MiB / 7.38GiB
flash-cloud-bench-pgbouncer-1 4.98% 1.613MiB / 7.38GiB
flash-cloud-bench-postgres-1 82.77% 169.6MiB / 7.38GiB
flash-cloud-bench-kafka-1 2.11% 936.5MiB / 7.38GiB
flash-cloud-bench-prometheus-1 0.15% 26.92MiB / 7.38GiB
Wed Sep  9 12:32:59 PM UTC 2026
flash-cloud-bench-consumer-1 4.01% 34.93MiB / 7.38GiB
flash-cloud-bench-publisher-1 4.14% 35.86MiB / 7.38GiB
flash-cloud-bench-simulator-1 3.39% 34.77MiB / 7.38GiB
flash-cloud-bench-reconciler-1 30.15% 34.75MiB / 7.38GiB
flash-cloud-bench-api-1 0.11% 118.5MiB / 7.38GiB
flash-cloud-bench-maintenance-1 6.21% 34.72MiB / 7.38GiB
flash-cloud-bench-redis-1 22.76% 52.12MiB / 7.38GiB
flash-cloud-bench-pgbouncer-1 10.25% 1.617MiB / 7.38GiB
flash-cloud-bench-postgres-1 104.07% 169.9MiB / 7.38GiB
flash-cloud-bench-kafka-1 1.88% 936.5MiB / 7.38GiB
flash-cloud-bench-prometheus-1 0.00% 26.92MiB / 7.38GiB
Wed Sep  9 12:33:11 PM UTC 2026
flash-cloud-bench-consumer-1 8.02% 34.93MiB / 7.38GiB
flash-cloud-bench-publisher-1 5.34% 35.86MiB / 7.38GiB
flash-cloud-bench-simulator-1 2.73% 34.77MiB / 7.38GiB
flash-cloud-bench-reconciler-1 0.95% 34.74MiB / 7.38GiB
flash-cloud-bench-api-1 100.25% 127.3MiB / 7.38GiB
flash-cloud-bench-maintenance-1 9.17% 34.74MiB / 7.38GiB
flash-cloud-bench-redis-1 7.30% 52.41MiB / 7.38GiB
flash-cloud-bench-pgbouncer-1 8.47% 1.625MiB / 7.38GiB
flash-cloud-bench-postgres-1 99.87% 170.8MiB / 7.38GiB
flash-cloud-bench-kafka-1 2.96% 936.6MiB / 7.38GiB
flash-cloud-bench-prometheus-1 0.00% 26.92MiB / 7.38GiB
Wed Sep  9 12:33:23 PM UTC 2026
flash-cloud-bench-consumer-1 8.44% 34.93MiB / 7.38GiB
flash-cloud-bench-publisher-1 5.20% 35.87MiB / 7.38GiB
flash-cloud-bench-simulator-1 2.84% 34.78MiB / 7.38GiB
flash-cloud-bench-reconciler-1 32.37% 34.75MiB / 7.38GiB
flash-cloud-bench-api-1 72.35% 127.7MiB / 7.38GiB
flash-cloud-bench-maintenance-1 7.85% 34.74MiB / 7.38GiB
flash-cloud-bench-redis-1 27.67% 52.61MiB / 7.38GiB
flash-cloud-bench-pgbouncer-1 13.28% 1.621MiB / 7.38GiB
flash-cloud-bench-postgres-1 112.87% 171.6MiB / 7.38GiB
flash-cloud-bench-kafka-1 3.08% 937.2MiB / 7.38GiB
flash-cloud-bench-prometheus-1 0.39% 26.92MiB / 7.38GiB
Wed Sep  9 12:33:36 PM UTC 2026
flash-cloud-bench-consumer-1 7.71% 34.93MiB / 7.38GiB
flash-cloud-bench-publisher-1 4.34% 35.87MiB / 7.38GiB
flash-cloud-bench-simulator-1 3.17% 34.77MiB / 7.38GiB
flash-cloud-bench-reconciler-1 4.30% 34.74MiB / 7.38GiB
flash-cloud-bench-api-1 75.97% 128.6MiB / 7.38GiB
flash-cloud-bench-maintenance-1 11.46% 34.75MiB / 7.38GiB
flash-cloud-bench-redis-1 10.42% 52.37MiB / 7.38GiB
flash-cloud-bench-pgbouncer-1 9.22% 1.609MiB / 7.38GiB
flash-cloud-bench-postgres-1 97.36% 172.4MiB / 7.38GiB
flash-cloud-bench-kafka-1 3.12% 940.7MiB / 7.38GiB
flash-cloud-bench-prometheus-1 0.27% 26.92MiB / 7.38GiB
Wed Sep  9 12:33:48 PM UTC 2026
flash-cloud-bench-consumer-1 7.68% 34.95MiB / 7.38GiB
flash-cloud-bench-publisher-1 5.62% 35.87MiB / 7.38GiB
flash-cloud-bench-simulator-1 3.48% 34.77MiB / 7.38GiB
flash-cloud-bench-reconciler-1 0.89% 34.74MiB / 7.38GiB
flash-cloud-bench-api-1 70.22% 132MiB / 7.38GiB
flash-cloud-bench-maintenance-1 11.64% 34.76MiB / 7.38GiB
flash-cloud-bench-redis-1 4.64% 52.45MiB / 7.38GiB
flash-cloud-bench-pgbouncer-1 8.67% 1.609MiB / 7.38GiB
flash-cloud-bench-postgres-1 96.64% 175.4MiB / 7.38GiB
flash-cloud-bench-kafka-1 2.77% 941.1MiB / 7.38GiB
flash-cloud-bench-prometheus-1 0.15% 26.92MiB / 7.38GiB
Wed Sep  9 12:34:00 PM UTC 2026
flash-cloud-bench-consumer-1 7.51% 34.94MiB / 7.38GiB
flash-cloud-bench-publisher-1 4.56% 35.88MiB / 7.38GiB
flash-cloud-bench-simulator-1 3.06% 34.77MiB / 7.38GiB
flash-cloud-bench-reconciler-1 25.30% 34.74MiB / 7.38GiB
flash-cloud-bench-api-1 97.39% 132.6MiB / 7.38GiB
flash-cloud-bench-maintenance-1 7.96% 34.77MiB / 7.38GiB
flash-cloud-bench-redis-1 21.39% 52.52MiB / 7.38GiB
flash-cloud-bench-pgbouncer-1 12.04% 1.621MiB / 7.38GiB
flash-cloud-bench-postgres-1 103.06% 177.2MiB / 7.38GiB
flash-cloud-bench-kafka-1 3.17% 942MiB / 7.38GiB
flash-cloud-bench-prometheus-1 0.00% 26.92MiB / 7.38GiB
Wed Sep  9 12:34:12 PM UTC 2026
flash-cloud-bench-consumer-1 8.02% 34.96MiB / 7.38GiB
flash-cloud-bench-publisher-1 5.06% 35.88MiB / 7.38GiB
flash-cloud-bench-simulator-1 3.37% 34.77MiB / 7.38GiB
flash-cloud-bench-reconciler-1 1.26% 34.74MiB / 7.38GiB
flash-cloud-bench-api-1 70.46% 135.7MiB / 7.38GiB
flash-cloud-bench-maintenance-1 11.39% 34.78MiB / 7.38GiB
flash-cloud-bench-redis-1 4.66% 52.5MiB / 7.38GiB
flash-cloud-bench-pgbouncer-1 8.82% 1.602MiB / 7.38GiB
flash-cloud-bench-postgres-1 91.73% 177.1MiB / 7.38GiB
flash-cloud-bench-kafka-1 2.80% 957.3MiB / 7.38GiB
flash-cloud-bench-prometheus-1 0.14% 26.92MiB / 7.38GiB
Wed Sep  9 12:34:24 PM UTC 2026
flash-cloud-bench-consumer-1 4.87% 34.96MiB / 7.38GiB
flash-cloud-bench-publisher-1 4.08% 35.87MiB / 7.38GiB
flash-cloud-bench-simulator-1 3.75% 34.77MiB / 7.38GiB
flash-cloud-bench-reconciler-1 23.06% 34.75MiB / 7.38GiB
flash-cloud-bench-api-1 75.66% 133.5MiB / 7.38GiB
flash-cloud-bench-maintenance-1 7.78% 34.78MiB / 7.38GiB
flash-cloud-bench-redis-1 18.38% 52.69MiB / 7.38GiB
flash-cloud-bench-pgbouncer-1 12.65% 1.629MiB / 7.38GiB
flash-cloud-bench-postgres-1 29.31% 177.7MiB / 7.38GiB
flash-cloud-bench-kafka-1 2.06% 942.9MiB / 7.38GiB
flash-cloud-bench-prometheus-1 0.00% 26.93MiB / 7.38GiB
Wed Sep  9 12:34:36 PM UTC 2026
flash-cloud-bench-consumer-1 5.05% 34.96MiB / 7.38GiB
flash-cloud-bench-publisher-1 3.17% 35.87MiB / 7.38GiB
flash-cloud-bench-simulator-1 3.60% 34.77MiB / 7.38GiB
flash-cloud-bench-reconciler-1 11.74% 34.75MiB / 7.38GiB
flash-cloud-bench-api-1 72.83% 133.7MiB / 7.38GiB
flash-cloud-bench-maintenance-1 6.76% 34.78MiB / 7.38GiB
flash-cloud-bench-redis-1 11.81% 52.39MiB / 7.38GiB
flash-cloud-bench-pgbouncer-1 8.50% 1.594MiB / 7.38GiB
flash-cloud-bench-postgres-1 21.51% 178.4MiB / 7.38GiB
flash-cloud-bench-kafka-1 1.85% 943.1MiB / 7.38GiB
flash-cloud-bench-prometheus-1 0.00% 26.93MiB / 7.38GiB
Wed Sep  9 12:34:48 PM UTC 2026
flash-cloud-bench-consumer-1 4.72% 34.96MiB / 7.38GiB
flash-cloud-bench-publisher-1 3.47% 35.88MiB / 7.38GiB
flash-cloud-bench-simulator-1 3.50% 34.77MiB / 7.38GiB
flash-cloud-bench-reconciler-1 0.88% 34.75MiB / 7.38GiB
flash-cloud-bench-api-1 103.97% 135.5MiB / 7.38GiB
flash-cloud-bench-maintenance-1 7.01% 34.78MiB / 7.38GiB
flash-cloud-bench-redis-1 5.32% 52.35MiB / 7.38GiB
flash-cloud-bench-pgbouncer-1 6.58% 1.59MiB / 7.38GiB
flash-cloud-bench-postgres-1 16.05% 181.1MiB / 7.38GiB
flash-cloud-bench-kafka-1 2.87% 943.3MiB / 7.38GiB
flash-cloud-bench-prometheus-1 0.13% 26.94MiB / 7.38GiB
Wed Sep  9 12:35:00 PM UTC 2026
flash-cloud-bench-consumer-1 4.92% 34.97MiB / 7.38GiB
flash-cloud-bench-publisher-1 3.95% 35.88MiB / 7.38GiB
flash-cloud-bench-simulator-1 3.22% 34.77MiB / 7.38GiB
flash-cloud-bench-reconciler-1 30.01% 34.75MiB / 7.38GiB
flash-cloud-bench-api-1 74.62% 133.5MiB / 7.38GiB
flash-cloud-bench-maintenance-1 6.69% 34.78MiB / 7.38GiB
flash-cloud-bench-redis-1 24.19% 52.59MiB / 7.38GiB
flash-cloud-bench-pgbouncer-1 12.49% 1.613MiB / 7.38GiB
flash-cloud-bench-postgres-1 45.79% 181.7MiB / 7.38GiB
flash-cloud-bench-kafka-1 2.54% 943.7MiB / 7.38GiB
flash-cloud-bench-prometheus-1 0.06% 26.95MiB / 7.38GiB
Wed Sep  9 12:35:13 PM UTC 2026
flash-cloud-bench-consumer-1 8.35% 34.96MiB / 7.38GiB
flash-cloud-bench-publisher-1 5.26% 35.88MiB / 7.38GiB
flash-cloud-bench-simulator-1 3.42% 34.77MiB / 7.38GiB
flash-cloud-bench-reconciler-1 0.93% 34.75MiB / 7.38GiB
flash-cloud-bench-api-1 70.03% 133.8MiB / 7.38GiB
flash-cloud-bench-maintenance-1 3.98% 34.78MiB / 7.38GiB
flash-cloud-bench-redis-1 4.10% 52.5MiB / 7.38GiB
flash-cloud-bench-pgbouncer-1 6.12% 1.605MiB / 7.38GiB
flash-cloud-bench-postgres-1 106.28% 182.5MiB / 7.38GiB
flash-cloud-bench-kafka-1 2.86% 944MiB / 7.38GiB
flash-cloud-bench-prometheus-1 0.14% 27.24MiB / 7.38GiB
Wed Sep  9 12:35:25 PM UTC 2026
flash-cloud-bench-consumer-1 7.86% 34.96MiB / 7.38GiB
flash-cloud-bench-publisher-1 5.20% 35.89MiB / 7.38GiB
flash-cloud-bench-simulator-1 2.93% 34.77MiB / 7.38GiB
flash-cloud-bench-reconciler-1 23.67% 34.75MiB / 7.38GiB
flash-cloud-bench-api-1 87.40% 142.6MiB / 7.38GiB
flash-cloud-bench-maintenance-1 3.55% 34.79MiB / 7.38GiB
flash-cloud-bench-redis-1 18.61% 52.64MiB / 7.38GiB
flash-cloud-bench-pgbouncer-1 10.27% 1.594MiB / 7.38GiB
flash-cloud-bench-postgres-1 115.26% 183.4MiB / 7.38GiB
flash-cloud-bench-kafka-1 2.89% 944.2MiB / 7.38GiB
flash-cloud-bench-prometheus-1 0.00% 27.27MiB / 7.38GiB
Wed Sep  9 12:35:37 PM UTC 2026
flash-cloud-bench-consumer-1 7.88% 34.96MiB / 7.38GiB
flash-cloud-bench-publisher-1 5.17% 35.9MiB / 7.38GiB
flash-cloud-bench-simulator-1 2.96% 34.77MiB / 7.38GiB
flash-cloud-bench-reconciler-1 21.26% 34.75MiB / 7.38GiB
flash-cloud-bench-api-1 72.46% 133.2MiB / 7.38GiB
flash-cloud-bench-maintenance-1 3.66% 34.8MiB / 7.38GiB
flash-cloud-bench-redis-1 17.18% 52.54MiB / 7.38GiB
flash-cloud-bench-pgbouncer-1 10.13% 1.625MiB / 7.38GiB
flash-cloud-bench-postgres-1 115.63% 183.5MiB / 7.38GiB
flash-cloud-bench-kafka-1 2.70% 944.6MiB / 7.38GiB
flash-cloud-bench-prometheus-1 0.24% 27.27MiB / 7.38GiB
Wed Sep  9 12:35:49 PM UTC 2026
flash-cloud-bench-consumer-1 8.28% 34.96MiB / 7.38GiB
flash-cloud-bench-publisher-1 4.55% 35.89MiB / 7.38GiB
flash-cloud-bench-simulator-1 2.94% 34.78MiB / 7.38GiB
flash-cloud-bench-reconciler-1 0.92% 34.75MiB / 7.38GiB
flash-cloud-bench-api-1 74.83% 136.1MiB / 7.38GiB
flash-cloud-bench-maintenance-1 3.74% 34.8MiB / 7.38GiB
flash-cloud-bench-redis-1 4.19% 52.8MiB / 7.38GiB
flash-cloud-bench-pgbouncer-1 6.12% 1.602MiB / 7.38GiB
flash-cloud-bench-postgres-1 107.97% 183.5MiB / 7.38GiB
flash-cloud-bench-kafka-1 2.74% 945.6MiB / 7.38GiB
flash-cloud-bench-prometheus-1 0.00% 27.28MiB / 7.38GiB
Wed Sep  9 12:36:01 PM UTC 2026
flash-cloud-bench-consumer-1 8.40% 34.97MiB / 7.38GiB
flash-cloud-bench-publisher-1 5.25% 35.89MiB / 7.38GiB
flash-cloud-bench-simulator-1 2.81% 34.77MiB / 7.38GiB
flash-cloud-bench-reconciler-1 22.74% 34.75MiB / 7.38GiB
flash-cloud-bench-api-1 82.55% 132.8MiB / 7.38GiB
flash-cloud-bench-maintenance-1 3.65% 34.8MiB / 7.38GiB
flash-cloud-bench-redis-1 19.76% 52.66MiB / 7.38GiB
flash-cloud-bench-pgbouncer-1 10.62% 1.605MiB / 7.38GiB
flash-cloud-bench-postgres-1 116.09% 183.5MiB / 7.38GiB
flash-cloud-bench-kafka-1 2.79% 945.8MiB / 7.38GiB
flash-cloud-bench-prometheus-1 0.00% 27.28MiB / 7.38GiB
Wed Sep  9 12:36:13 PM UTC 2026
flash-cloud-bench-consumer-1 8.25% 34.98MiB / 7.38GiB
flash-cloud-bench-publisher-1 4.84% 35.9MiB / 7.38GiB
flash-cloud-bench-simulator-1 3.03% 34.77MiB / 7.38GiB
flash-cloud-bench-reconciler-1 0.93% 34.75MiB / 7.38GiB
flash-cloud-bench-api-1 69.39% 132.9MiB / 7.38GiB
flash-cloud-bench-maintenance-1 3.91% 34.8MiB / 7.38GiB
flash-cloud-bench-redis-1 4.18% 52.73MiB / 7.38GiB
flash-cloud-bench-pgbouncer-1 6.14% 1.594MiB / 7.38GiB
flash-cloud-bench-postgres-1 110.68% 183.6MiB / 7.38GiB
flash-cloud-bench-kafka-1 2.64% 946MiB / 7.38GiB
flash-cloud-bench-prometheus-1 0.13% 27.28MiB / 7.38GiB
Wed Sep  9 12:36:25 PM UTC 2026
flash-cloud-bench-consumer-1 8.92% 34.99MiB / 7.38GiB
flash-cloud-bench-publisher-1 4.74% 35.9MiB / 7.38GiB
flash-cloud-bench-simulator-1 3.07% 34.77MiB / 7.38GiB
flash-cloud-bench-reconciler-1 9.69% 34.74MiB / 7.38GiB
flash-cloud-bench-api-1 88.03% 134.4MiB / 7.38GiB
flash-cloud-bench-maintenance-1 3.59% 34.8MiB / 7.38GiB
flash-cloud-bench-redis-1 12.41% 52.58MiB / 7.38GiB
flash-cloud-bench-pgbouncer-1 8.06% 1.602MiB / 7.38GiB
flash-cloud-bench-postgres-1 115.48% 183.6MiB / 7.38GiB
flash-cloud-bench-kafka-1 2.76% 946.1MiB / 7.38GiB
flash-cloud-bench-prometheus-1 0.00% 27.28MiB / 7.38GiB
Wed Sep  9 12:36:38 PM UTC 2026
flash-cloud-bench-consumer-1 7.95% 34.99MiB / 7.38GiB
flash-cloud-bench-publisher-1 4.49% 35.9MiB / 7.38GiB
flash-cloud-bench-simulator-1 2.98% 34.77MiB / 7.38GiB
flash-cloud-bench-reconciler-1 22.69% 34.75MiB / 7.38GiB
flash-cloud-bench-api-1 73.77% 134.5MiB / 7.38GiB
flash-cloud-bench-maintenance-1 3.98% 34.8MiB / 7.38GiB
flash-cloud-bench-redis-1 18.68% 52.57MiB / 7.38GiB
flash-cloud-bench-pgbouncer-1 10.30% 1.59MiB / 7.38GiB
flash-cloud-bench-postgres-1 121.67% 183.6MiB / 7.38GiB
flash-cloud-bench-kafka-1 2.34% 946.1MiB / 7.38GiB
flash-cloud-bench-prometheus-1 0.14% 27.28MiB / 7.38GiB
Wed Sep  9 12:36:50 PM UTC 2026
flash-cloud-bench-consumer-1 8.80% 34.99MiB / 7.38GiB
flash-cloud-bench-publisher-1 5.40% 35.9MiB / 7.38GiB
flash-cloud-bench-simulator-1 3.00% 34.77MiB / 7.38GiB
flash-cloud-bench-reconciler-1 0.95% 34.74MiB / 7.38GiB
flash-cloud-bench-api-1 71.44% 133.5MiB / 7.38GiB
flash-cloud-bench-maintenance-1 3.63% 34.8MiB / 7.38GiB
flash-cloud-bench-redis-1 4.37% 52.77MiB / 7.38GiB
flash-cloud-bench-pgbouncer-1 6.44% 1.609MiB / 7.38GiB
flash-cloud-bench-postgres-1 113.63% 183.5MiB / 7.38GiB
flash-cloud-bench-kafka-1 3.07% 946.5MiB / 7.38GiB
flash-cloud-bench-prometheus-1 0.00% 27.29MiB / 7.38GiB
Wed Sep  9 12:37:02 PM UTC 2026
flash-cloud-bench-consumer-1 9.72% 34.99MiB / 7.38GiB
flash-cloud-bench-publisher-1 5.39% 35.91MiB / 7.38GiB
flash-cloud-bench-simulator-1 2.82% 34.77MiB / 7.38GiB
flash-cloud-bench-reconciler-1 21.99% 34.75MiB / 7.38GiB
flash-cloud-bench-api-1 82.93% 132.9MiB / 7.38GiB
flash-cloud-bench-maintenance-1 3.64% 34.81MiB / 7.38GiB
flash-cloud-bench-redis-1 19.55% 52.77MiB / 7.38GiB
flash-cloud-bench-pgbouncer-1 10.52% 1.605MiB / 7.38GiB
flash-cloud-bench-postgres-1 122.49% 183.6MiB / 7.38GiB
flash-cloud-bench-kafka-1 2.88% 946.5MiB / 7.38GiB
flash-cloud-bench-prometheus-1 0.27% 27.29MiB / 7.38GiB
Wed Sep  9 12:37:14 PM UTC 2026
flash-cloud-bench-consumer-1 8.27% 34.99MiB / 7.38GiB
flash-cloud-bench-publisher-1 4.90% 35.91MiB / 7.38GiB
flash-cloud-bench-simulator-1 3.09% 34.77MiB / 7.38GiB
flash-cloud-bench-reconciler-1 0.93% 34.75MiB / 7.38GiB
flash-cloud-bench-api-1 70.85% 133.3MiB / 7.38GiB
flash-cloud-bench-maintenance-1 5.50% 34.81MiB / 7.38GiB
flash-cloud-bench-redis-1 4.26% 52.36MiB / 7.38GiB
flash-cloud-bench-pgbouncer-1 6.89% 1.625MiB / 7.38GiB
flash-cloud-bench-postgres-1 108.71% 183.6MiB / 7.38GiB
flash-cloud-bench-kafka-1 2.65% 946.6MiB / 7.38GiB
flash-cloud-bench-prometheus-1 0.37% 27.29MiB / 7.38GiB
Wed Sep  9 12:37:26 PM UTC 2026
flash-cloud-bench-consumer-1 8.55% 35MiB / 7.38GiB
flash-cloud-bench-publisher-1 4.42% 35.91MiB / 7.38GiB
flash-cloud-bench-simulator-1 3.23% 34.77MiB / 7.38GiB
flash-cloud-bench-reconciler-1 0.94% 34.75MiB / 7.38GiB
flash-cloud-bench-api-1 81.96% 131.6MiB / 7.38GiB
flash-cloud-bench-maintenance-1 5.66% 34.81MiB / 7.38GiB
flash-cloud-bench-redis-1 6.34% 52.74MiB / 7.38GiB
flash-cloud-bench-pgbouncer-1 7.02% 1.625MiB / 7.38GiB
flash-cloud-bench-postgres-1 102.42% 183.6MiB / 7.38GiB
flash-cloud-bench-kafka-1 2.62% 946.8MiB / 7.38GiB
flash-cloud-bench-prometheus-1 0.25% 27.29MiB / 7.38GiB
Wed Sep  9 12:37:38 PM UTC 2026
flash-cloud-bench-consumer-1 8.31% 35.01MiB / 7.38GiB
flash-cloud-bench-publisher-1 6.13% 35.91MiB / 7.38GiB
flash-cloud-bench-simulator-1 2.80% 34.77MiB / 7.38GiB
flash-cloud-bench-reconciler-1 22.81% 34.75MiB / 7.38GiB
flash-cloud-bench-api-1 78.19% 131.4MiB / 7.38GiB
flash-cloud-bench-maintenance-1 5.92% 34.81MiB / 7.38GiB
flash-cloud-bench-redis-1 20.35% 52.67MiB / 7.38GiB
flash-cloud-bench-pgbouncer-1 10.98% 1.59MiB / 7.38GiB
flash-cloud-bench-postgres-1 111.37% 183.6MiB / 7.38GiB
flash-cloud-bench-kafka-1 2.71% 946.8MiB / 7.38GiB
flash-cloud-bench-prometheus-1 0.40% 27.3MiB / 7.38GiB
Wed Sep  9 12:37:50 PM UTC 2026
flash-cloud-bench-consumer-1 11.34% 35.01MiB / 7.38GiB
flash-cloud-bench-publisher-1 5.28% 35.91MiB / 7.38GiB
flash-cloud-bench-simulator-1 3.02% 34.77MiB / 7.38GiB
flash-cloud-bench-reconciler-1 0.82% 34.75MiB / 7.38GiB
flash-cloud-bench-api-1 97.28% 146.6MiB / 7.38GiB
flash-cloud-bench-maintenance-1 3.62% 34.81MiB / 7.38GiB
flash-cloud-bench-redis-1 4.08% 52.8MiB / 7.38GiB
flash-cloud-bench-pgbouncer-1 6.28% 1.852MiB / 7.38GiB
flash-cloud-bench-postgres-1 105.98% 183.7MiB / 7.38GiB
flash-cloud-bench-kafka-1 2.66% 946.9MiB / 7.38GiB
flash-cloud-bench-prometheus-1 0.00% 27.3MiB / 7.38GiB
Wed Sep  9 12:38:03 PM UTC 2026
flash-cloud-bench-consumer-1 8.06% 35.01MiB / 7.38GiB
flash-cloud-bench-publisher-1 5.01% 35.91MiB / 7.38GiB
flash-cloud-bench-simulator-1 3.63% 34.77MiB / 7.38GiB
flash-cloud-bench-reconciler-1 25.66% 34.75MiB / 7.38GiB
flash-cloud-bench-api-1 1.48% 133.8MiB / 7.38GiB
flash-cloud-bench-maintenance-1 3.76% 34.81MiB / 7.38GiB
flash-cloud-bench-redis-1 17.29% 52.71MiB / 7.38GiB
flash-cloud-bench-pgbouncer-1 8.69% 1.594MiB / 7.38GiB
flash-cloud-bench-postgres-1 113.77% 183.7MiB / 7.38GiB
flash-cloud-bench-kafka-1 2.04% 946.9MiB / 7.38GiB
flash-cloud-bench-prometheus-1 0.14% 27.31MiB / 7.38GiB
Wed Sep  9 12:38:15 PM UTC 2026
flash-cloud-bench-consumer-1 4.39% 35.01MiB / 7.38GiB
flash-cloud-bench-publisher-1 4.00% 35.92MiB / 7.38GiB
flash-cloud-bench-simulator-1 3.37% 34.77MiB / 7.38GiB
flash-cloud-bench-reconciler-1 0.84% 34.75MiB / 7.38GiB
flash-cloud-bench-api-1 1.50% 132.9MiB / 7.38GiB
flash-cloud-bench-maintenance-1 4.88% 34.81MiB / 7.38GiB
flash-cloud-bench-redis-1 11.81% 52.25MiB / 7.38GiB
flash-cloud-bench-pgbouncer-1 4.13% 1.848MiB / 7.38GiB
flash-cloud-bench-postgres-1 97.23% 183.8MiB / 7.38GiB
flash-cloud-bench-kafka-1 2.13% 946.9MiB / 7.38GiB
flash-cloud-bench-prometheus-1 0.00% 27.36MiB / 7.38GiB
Wed Sep  9 12:38:27 PM UTC 2026
flash-cloud-bench-consumer-1 12.17% 35.02MiB / 7.38GiB
flash-cloud-bench-publisher-1 4.27% 35.92MiB / 7.38GiB
flash-cloud-bench-simulator-1 3.64% 34.77MiB / 7.38GiB
flash-cloud-bench-reconciler-1 1.20% 34.74MiB / 7.38GiB
flash-cloud-bench-api-1 1.51% 133MiB / 7.38GiB
flash-cloud-bench-maintenance-1 3.41% 34.81MiB / 7.38GiB
flash-cloud-bench-redis-1 0.70% 52.21MiB / 7.38GiB
flash-cloud-bench-pgbouncer-1 4.33% 1.609MiB / 7.38GiB
flash-cloud-bench-postgres-1 98.20% 183.9MiB / 7.38GiB
flash-cloud-bench-kafka-1 1.94% 947MiB / 7.38GiB
flash-cloud-bench-prometheus-1 0.12% 27.36MiB / 7.38GiB
Wed Sep  9 12:38:39 PM UTC 2026
flash-cloud-bench-consumer-1 5.55% 35.02MiB / 7.38GiB
flash-cloud-bench-publisher-1 5.01% 35.92MiB / 7.38GiB
flash-cloud-bench-simulator-1 3.11% 34.77MiB / 7.38GiB
flash-cloud-bench-reconciler-1 24.06% 34.75MiB / 7.38GiB
flash-cloud-bench-api-1 30.78% 133MiB / 7.38GiB
flash-cloud-bench-maintenance-1 3.71% 34.81MiB / 7.38GiB
flash-cloud-bench-redis-1 16.39% 52.27MiB / 7.38GiB
flash-cloud-bench-pgbouncer-1 8.50% 1.59MiB / 7.38GiB
flash-cloud-bench-postgres-1 111.57% 183.8MiB / 7.38GiB
flash-cloud-bench-kafka-1 16.70% 948.3MiB / 7.38GiB
flash-cloud-bench-prometheus-1 0.40% 27.38MiB / 7.38GiB
Wed Sep  9 12:38:51 PM UTC 2026
flash-cloud-bench-consumer-1 7.95% 35.02MiB / 7.38GiB
flash-cloud-bench-publisher-1 4.85% 35.92MiB / 7.38GiB
flash-cloud-bench-simulator-1 2.63% 34.77MiB / 7.38GiB
flash-cloud-bench-reconciler-1 0.89% 34.75MiB / 7.38GiB
flash-cloud-bench-api-1 1.63% 133MiB / 7.38GiB
flash-cloud-bench-maintenance-1 3.57% 34.81MiB / 7.38GiB
flash-cloud-bench-redis-1 0.52% 52.51MiB / 7.38GiB
flash-cloud-bench-pgbouncer-1 4.09% 1.594MiB / 7.38GiB
flash-cloud-bench-postgres-1 98.23% 183.9MiB / 7.38GiB
flash-cloud-bench-kafka-1 122.51% 996.9MiB / 7.38GiB
flash-cloud-bench-prometheus-1 0.00% 27.38MiB / 7.38GiB
Wed Sep  9 12:39:03 PM UTC 2026
flash-cloud-bench-consumer-1 6.92% 35.02MiB / 7.38GiB
flash-cloud-bench-publisher-1 4.69% 35.93MiB / 7.38GiB
flash-cloud-bench-simulator-1 3.03% 34.77MiB / 7.38GiB
flash-cloud-bench-reconciler-1 29.29% 34.75MiB / 7.38GiB
flash-cloud-bench-api-1 0.28% 133MiB / 7.38GiB
flash-cloud-bench-maintenance-1 3.75% 34.81MiB / 7.38GiB
flash-cloud-bench-redis-1 19.95% 52.31MiB / 7.38GiB
flash-cloud-bench-pgbouncer-1 9.16% 1.605MiB / 7.38GiB
flash-cloud-bench-postgres-1 102.81% 183.9MiB / 7.38GiB
flash-cloud-bench-kafka-1 171.87% 1016MiB / 7.38GiB
flash-cloud-bench-prometheus-1 0.34% 27.4MiB / 7.38GiB
Wed Sep  9 12:39:15 PM UTC 2026
flash-cloud-bench-consumer-1 8.18% 35.03MiB / 7.38GiB
flash-cloud-bench-publisher-1 4.39% 35.93MiB / 7.38GiB
flash-cloud-bench-simulator-1 3.23% 34.77MiB / 7.38GiB
flash-cloud-bench-reconciler-1 0.89% 34.75MiB / 7.38GiB
flash-cloud-bench-api-1 0.11% 133.1MiB / 7.38GiB
flash-cloud-bench-maintenance-1 3.48% 34.81MiB / 7.38GiB
flash-cloud-bench-redis-1 31.91% 51.94MiB / 7.38GiB
flash-cloud-bench-pgbouncer-1 3.92% 1.609MiB / 7.38GiB
flash-cloud-bench-postgres-1 96.28% 183.9MiB / 7.38GiB
flash-cloud-bench-kafka-1 71.58% 947.2MiB / 7.38GiB
flash-cloud-bench-prometheus-1 0.00% 27.49MiB / 7.38GiB
Wed Sep  9 12:39:27 PM UTC 2026
flash-cloud-bench-consumer-1 4.67% 35.04MiB / 7.38GiB
flash-cloud-bench-publisher-1 4.43% 35.93MiB / 7.38GiB
flash-cloud-bench-simulator-1 4.04% 34.77MiB / 7.38GiB
flash-cloud-bench-reconciler-1 3.98% 34.75MiB / 7.38GiB
flash-cloud-bench-api-1 0.11% 133.1MiB / 7.38GiB
flash-cloud-bench-maintenance-1 3.55% 34.81MiB / 7.38GiB
flash-cloud-bench-redis-1 0.46% 52.24MiB / 7.38GiB
flash-cloud-bench-pgbouncer-1 3.68% 1.605MiB / 7.38GiB
flash-cloud-bench-postgres-1 100.61% 183.9MiB / 7.38GiB
flash-cloud-bench-kafka-1 2.71% 947.2MiB / 7.38GiB
flash-cloud-bench-prometheus-1 0.36% 27.5MiB / 7.38GiB
Wed Sep  9 12:39:39 PM UTC 2026
flash-cloud-bench-consumer-1 5.32% 35.04MiB / 7.38GiB
flash-cloud-bench-publisher-1 4.50% 35.93MiB / 7.38GiB
flash-cloud-bench-simulator-1 3.27% 34.77MiB / 7.38GiB
flash-cloud-bench-reconciler-1 21.74% 34.75MiB / 7.38GiB
flash-cloud-bench-api-1 1.36% 133.1MiB / 7.38GiB
flash-cloud-bench-maintenance-1 3.56% 34.81MiB / 7.38GiB
flash-cloud-bench-redis-1 14.36% 52.21MiB / 7.38GiB
flash-cloud-bench-pgbouncer-1 7.95% 1.605MiB / 7.38GiB
flash-cloud-bench-postgres-1 117.51% 184MiB / 7.38GiB
flash-cloud-bench-kafka-1 2.25% 947.3MiB / 7.38GiB
flash-cloud-bench-prometheus-1 0.00% 27.49MiB / 7.38GiB
Wed Sep  9 12:39:52 PM UTC 2026
flash-cloud-bench-consumer-1 7.73% 35.04MiB / 7.38GiB
flash-cloud-bench-publisher-1 4.44% 35.93MiB / 7.38GiB
flash-cloud-bench-simulator-1 3.06% 34.77MiB / 7.38GiB
flash-cloud-bench-reconciler-1 1.26% 34.75MiB / 7.38GiB
flash-cloud-bench-api-1 1.55% 133.1MiB / 7.38GiB
flash-cloud-bench-maintenance-1 5.20% 34.81MiB / 7.38GiB
flash-cloud-bench-redis-1 0.67% 52.03MiB / 7.38GiB
flash-cloud-bench-pgbouncer-1 4.35% 1.586MiB / 7.38GiB
flash-cloud-bench-postgres-1 98.06% 183.9MiB / 7.38GiB
flash-cloud-bench-kafka-1 1.97% 947.3MiB / 7.38GiB
flash-cloud-bench-prometheus-1 0.12% 29.89MiB / 7.38GiB
Wed Sep  9 12:40:04 PM UTC 2026
flash-cloud-bench-consumer-1 0.36% 35.04MiB / 7.38GiB
flash-cloud-bench-publisher-1 0.79% 35.93MiB / 7.38GiB
flash-cloud-bench-simulator-1 2.53% 34.77MiB / 7.38GiB
flash-cloud-bench-reconciler-1 31.33% 34.75MiB / 7.38GiB
flash-cloud-bench-api-1 31.16% 133.1MiB / 7.38GiB
flash-cloud-bench-maintenance-1 23.63% 34.81MiB / 7.38GiB
flash-cloud-bench-redis-1 22.93% 52.19MiB / 7.38GiB
flash-cloud-bench-pgbouncer-1 14.54% 1.59MiB / 7.38GiB
flash-cloud-bench-postgres-1 43.34% 184MiB / 7.38GiB
flash-cloud-bench-kafka-1 0.73% 947.3MiB / 7.38GiB
flash-cloud-bench-prometheus-1 0.36% 33.46MiB / 7.38GiB
Wed Sep  9 12:40:16 PM UTC 2026
flash-cloud-bench-consumer-1 0.46% 35.04MiB / 7.38GiB
flash-cloud-bench-publisher-1 0.82% 35.93MiB / 7.38GiB
flash-cloud-bench-simulator-1 3.72% 34.77MiB / 7.38GiB
flash-cloud-bench-reconciler-1 0.73% 34.75MiB / 7.38GiB
flash-cloud-bench-api-1 2.08% 133.1MiB / 7.38GiB
flash-cloud-bench-maintenance-1 1.31% 34.83MiB / 7.38GiB
flash-cloud-bench-redis-1 31.67% 51.76MiB / 7.38GiB
flash-cloud-bench-pgbouncer-1 1.76% 1.586MiB / 7.38GiB
flash-cloud-bench-postgres-1 9.72% 183.9MiB / 7.38GiB
flash-cloud-bench-kafka-1 0.56% 947.3MiB / 7.38GiB
flash-cloud-bench-prometheus-1 0.00% 33.46MiB / 7.38GiB
Wed Sep  9 12:40:28 PM UTC 2026
flash-cloud-bench-consumer-1 0.29% 35.04MiB / 7.38GiB
flash-cloud-bench-publisher-1 0.94% 35.93MiB / 7.38GiB
flash-cloud-bench-simulator-1 3.95% 34.77MiB / 7.38GiB
flash-cloud-bench-reconciler-1 0.71% 34.75MiB / 7.38GiB
flash-cloud-bench-api-1 1.51% 133.1MiB / 7.38GiB
flash-cloud-bench-maintenance-1 1.60% 34.83MiB / 7.38GiB
flash-cloud-bench-redis-1 0.48% 51.72MiB / 7.38GiB
flash-cloud-bench-pgbouncer-1 1.76% 1.605MiB / 7.38GiB
flash-cloud-bench-postgres-1 9.82% 184MiB / 7.38GiB
flash-cloud-bench-kafka-1 0.61% 947.3MiB / 7.38GiB
flash-cloud-bench-prometheus-1 0.14% 33.49MiB / 7.38GiB
Wed Sep  9 12:40:40 PM UTC 2026
flash-cloud-bench-consumer-1 0.42% 35.04MiB / 7.38GiB
flash-cloud-bench-publisher-1 0.76% 35.93MiB / 7.38GiB
flash-cloud-bench-simulator-1 3.72% 34.77MiB / 7.38GiB
flash-cloud-bench-reconciler-1 23.41% 34.75MiB / 7.38GiB
flash-cloud-bench-api-1 1.56% 133.1MiB / 7.38GiB
flash-cloud-bench-maintenance-1 1.07% 34.83MiB / 7.38GiB
flash-cloud-bench-redis-1 16.43% 51.89MiB / 7.38GiB
flash-cloud-bench-pgbouncer-1 6.36% 1.59MiB / 7.38GiB
flash-cloud-bench-postgres-1 20.74% 184MiB / 7.38GiB
flash-cloud-bench-kafka-1 0.61% 947.3MiB / 7.38GiB
flash-cloud-bench-prometheus-1 0.00% 33.64MiB / 7.38GiB
Wed Sep  9 12:40:52 PM UTC 2026
flash-cloud-bench-consumer-1 0.35% 35.04MiB / 7.38GiB
flash-cloud-bench-publisher-1 0.94% 35.93MiB / 7.38GiB
flash-cloud-bench-simulator-1 3.97% 34.77MiB / 7.38GiB
flash-cloud-bench-reconciler-1 1.05% 34.75MiB / 7.38GiB
flash-cloud-bench-api-1 7.66% 133.7MiB / 7.38GiB
flash-cloud-bench-maintenance-1 1.32% 34.83MiB / 7.38GiB
flash-cloud-bench-redis-1 0.50% 51.85MiB / 7.38GiB
flash-cloud-bench-pgbouncer-1 1.74% 1.586MiB / 7.38GiB
flash-cloud-bench-postgres-1 4.42% 184MiB / 7.38GiB
flash-cloud-bench-kafka-1 0.58% 947.3MiB / 7.38GiB
flash-cloud-bench-prometheus-1 0.28% 33.97MiB / 7.38GiB
Wed Sep  9 12:41:04 PM UTC 2026
flash-cloud-bench-consumer-1 0.36% 35.04MiB / 7.38GiB
flash-cloud-bench-publisher-1 0.82% 35.93MiB / 7.38GiB
flash-cloud-bench-simulator-1 3.94% 34.77MiB / 7.38GiB
flash-cloud-bench-reconciler-1 30.30% 34.75MiB / 7.38GiB
flash-cloud-bench-api-1 1.58% 133.6MiB / 7.38GiB
flash-cloud-bench-maintenance-1 1.23% 34.83MiB / 7.38GiB
flash-cloud-bench-redis-1 20.24% 51.92MiB / 7.38GiB
flash-cloud-bench-pgbouncer-1 8.16% 1.586MiB / 7.38GiB
flash-cloud-bench-postgres-1 20.41% 184MiB / 7.38GiB
flash-cloud-bench-kafka-1 0.70% 947.4MiB / 7.38GiB
flash-cloud-bench-prometheus-1 0.14% 34.41MiB / 7.38GiB
Wed Sep  9 12:41:16 PM UTC 2026
flash-cloud-bench-consumer-1 0.61% 35.04MiB / 7.38GiB
flash-cloud-bench-publisher-1 0.70% 35.93MiB / 7.38GiB
flash-cloud-bench-simulator-1 4.07% 34.77MiB / 7.38GiB
flash-cloud-bench-reconciler-1 1.05% 34.75MiB / 7.38GiB
flash-cloud-bench-api-1 0.64% 133.6MiB / 7.38GiB
flash-cloud-bench-maintenance-1 0.99% 34.83MiB / 7.38GiB
flash-cloud-bench-redis-1 3.05% 52.88MiB / 7.38GiB
flash-cloud-bench-pgbouncer-1 1.87% 1.59MiB / 7.38GiB
flash-cloud-bench-postgres-1 3.73% 184MiB / 7.38GiB
flash-cloud-bench-kafka-1 0.53% 947.5MiB / 7.38GiB
flash-cloud-bench-prometheus-1 0.32% 34.89MiB / 7.38GiB
Wed Sep  9 12:41:29 PM UTC 2026
flash-cloud-bench-consumer-1 11.57% 35.04MiB / 7.38GiB
flash-cloud-bench-publisher-1 3.04% 35.93MiB / 7.38GiB
flash-cloud-bench-simulator-1 3.42% 34.77MiB / 7.38GiB
flash-cloud-bench-reconciler-1 0.84% 34.75MiB / 7.38GiB
flash-cloud-bench-api-1 86.58% 133.8MiB / 7.38GiB
flash-cloud-bench-maintenance-1 5.86% 34.83MiB / 7.38GiB
flash-cloud-bench-redis-1 4.54% 52.06MiB / 7.38GiB
flash-cloud-bench-pgbouncer-1 5.64% 1.582MiB / 7.38GiB
flash-cloud-bench-postgres-1 12.75% 184MiB / 7.38GiB
flash-cloud-bench-kafka-1 1.54% 947.5MiB / 7.38GiB
flash-cloud-bench-prometheus-1 0.35% 34.99MiB / 7.38GiB
Wed Sep  9 12:41:41 PM UTC 2026
flash-cloud-bench-consumer-1 4.08% 35.04MiB / 7.38GiB
flash-cloud-bench-publisher-1 2.39% 35.94MiB / 7.38GiB
flash-cloud-bench-simulator-1 3.67% 34.77MiB / 7.38GiB
flash-cloud-bench-reconciler-1 22.13% 34.75MiB / 7.38GiB
flash-cloud-bench-api-1 56.33% 134.5MiB / 7.38GiB
flash-cloud-bench-maintenance-1 6.14% 34.83MiB / 7.38GiB
flash-cloud-bench-redis-1 18.16% 52.24MiB / 7.38GiB
flash-cloud-bench-pgbouncer-1 9.46% 1.605MiB / 7.38GiB
flash-cloud-bench-postgres-1 22.81% 184MiB / 7.38GiB
flash-cloud-bench-kafka-1 1.28% 947.5MiB / 7.38GiB
flash-cloud-bench-prometheus-1 0.21% 34.99MiB / 7.38GiB
Wed Sep  9 12:41:53 PM UTC 2026
flash-cloud-bench-consumer-1 8.11% 35.04MiB / 7.38GiB
flash-cloud-bench-publisher-1 3.11% 35.93MiB / 7.38GiB
flash-cloud-bench-simulator-1 3.83% 34.77MiB / 7.38GiB
flash-cloud-bench-reconciler-1 0.77% 34.75MiB / 7.38GiB
flash-cloud-bench-api-1 57.36% 135.8MiB / 7.38GiB
flash-cloud-bench-maintenance-1 6.13% 34.84MiB / 7.38GiB
flash-cloud-bench-redis-1 4.19% 51.94MiB / 7.38GiB
flash-cloud-bench-pgbouncer-1 5.51% 1.594MiB / 7.38GiB
flash-cloud-bench-postgres-1 13.03% 184MiB / 7.38GiB
flash-cloud-bench-kafka-1 1.40% 947.6MiB / 7.38GiB
flash-cloud-bench-prometheus-1 0.13% 35MiB / 7.38GiB
Wed Sep  9 12:42:05 PM UTC 2026
flash-cloud-bench-consumer-1 3.56% 35.04MiB / 7.38GiB
flash-cloud-bench-publisher-1 2.95% 35.93MiB / 7.38GiB
flash-cloud-bench-simulator-1 3.71% 34.77MiB / 7.38GiB
flash-cloud-bench-reconciler-1 30.30% 34.75MiB / 7.38GiB
flash-cloud-bench-api-1 56.81% 138.2MiB / 7.38GiB
flash-cloud-bench-maintenance-1 6.06% 34.84MiB / 7.38GiB
flash-cloud-bench-redis-1 22.81% 52.31MiB / 7.38GiB
flash-cloud-bench-pgbouncer-1 11.58% 1.602MiB / 7.38GiB
flash-cloud-bench-postgres-1 28.67% 184MiB / 7.38GiB
flash-cloud-bench-kafka-1 1.68% 947.6MiB / 7.38GiB
flash-cloud-bench-prometheus-1 0.00% 35MiB / 7.38GiB
Wed Sep  9 12:42:17 PM UTC 2026
flash-cloud-bench-consumer-1 7.78% 35.04MiB / 7.38GiB
flash-cloud-bench-publisher-1 2.65% 35.93MiB / 7.38GiB
flash-cloud-bench-simulator-1 3.67% 34.77MiB / 7.38GiB
flash-cloud-bench-reconciler-1 3.76% 34.75MiB / 7.38GiB
flash-cloud-bench-api-1 87.71% 140.3MiB / 7.38GiB
flash-cloud-bench-maintenance-1 5.83% 34.84MiB / 7.38GiB
flash-cloud-bench-redis-1 7.70% 52.03MiB / 7.38GiB
flash-cloud-bench-pgbouncer-1 6.25% 1.598MiB / 7.38GiB
flash-cloud-bench-postgres-1 14.69% 184.1MiB / 7.38GiB
flash-cloud-bench-kafka-1 1.56% 947.6MiB / 7.38GiB
flash-cloud-bench-prometheus-1 0.28% 35.12MiB / 7.38GiB
Wed Sep  9 12:42:29 PM UTC 2026
flash-cloud-bench-consumer-1 4.01% 35.04MiB / 7.38GiB
flash-cloud-bench-publisher-1 2.95% 35.93MiB / 7.38GiB
flash-cloud-bench-simulator-1 3.75% 34.77MiB / 7.38GiB
flash-cloud-bench-reconciler-1 0.82% 34.75MiB / 7.38GiB
flash-cloud-bench-api-1 56.03% 141.5MiB / 7.38GiB
flash-cloud-bench-maintenance-1 5.66% 34.83MiB / 7.38GiB
flash-cloud-bench-redis-1 6.41% 52.25MiB / 7.38GiB
flash-cloud-bench-pgbouncer-1 5.42% 1.582MiB / 7.38GiB
flash-cloud-bench-postgres-1 13.24% 184.1MiB / 7.38GiB
flash-cloud-bench-kafka-1 1.58% 947.8MiB / 7.38GiB
flash-cloud-bench-prometheus-1 0.39% 35.15MiB / 7.38GiB
Wed Sep  9 12:42:41 PM UTC 2026
flash-cloud-bench-consumer-1 4.00% 35.04MiB / 7.38GiB
flash-cloud-bench-publisher-1 2.75% 35.93MiB / 7.38GiB
flash-cloud-bench-simulator-1 3.48% 34.77MiB / 7.38GiB
flash-cloud-bench-reconciler-1 26.79% 34.75MiB / 7.38GiB
flash-cloud-bench-api-1 59.63% 141.3MiB / 7.38GiB
flash-cloud-bench-maintenance-1 6.08% 34.84MiB / 7.38GiB
flash-cloud-bench-redis-1 23.61% 52.43MiB / 7.38GiB
flash-cloud-bench-pgbouncer-1 10.67% 1.621MiB / 7.38GiB
flash-cloud-bench-postgres-1 35.89% 184.1MiB / 7.38GiB
flash-cloud-bench-kafka-1 1.50% 947.8MiB / 7.38GiB
flash-cloud-bench-prometheus-1 0.00% 35.14MiB / 7.38GiB
Wed Sep  9 12:42:53 PM UTC 2026
flash-cloud-bench-consumer-1 6.50% 35.04MiB / 7.38GiB
flash-cloud-bench-publisher-1 3.10% 35.93MiB / 7.38GiB
flash-cloud-bench-simulator-1 3.79% 34.77MiB / 7.38GiB
flash-cloud-bench-reconciler-1 0.85% 34.75MiB / 7.38GiB
flash-cloud-bench-api-1 55.77% 143.4MiB / 7.38GiB
flash-cloud-bench-maintenance-1 6.96% 34.84MiB / 7.38GiB
flash-cloud-bench-redis-1 6.37% 52.38MiB / 7.38GiB
flash-cloud-bench-pgbouncer-1 5.94% 1.586MiB / 7.38GiB
flash-cloud-bench-postgres-1 14.49% 184.1MiB / 7.38GiB
flash-cloud-bench-kafka-1 1.62% 947.8MiB / 7.38GiB
flash-cloud-bench-prometheus-1 0.40% 35.15MiB / 7.38GiB
Wed Sep  9 12:43:05 PM UTC 2026
flash-cloud-bench-consumer-1 3.88% 35.04MiB / 7.38GiB
flash-cloud-bench-publisher-1 3.01% 35.93MiB / 7.38GiB
flash-cloud-bench-simulator-1 3.26% 34.77MiB / 7.38GiB
flash-cloud-bench-reconciler-1 26.75% 34.75MiB / 7.38GiB
flash-cloud-bench-api-1 63.29% 142.7MiB / 7.38GiB
flash-cloud-bench-maintenance-1 6.25% 34.83MiB / 7.38GiB
flash-cloud-bench-redis-1 23.62% 52.5MiB / 7.38GiB
flash-cloud-bench-pgbouncer-1 10.74% 1.598MiB / 7.38GiB
flash-cloud-bench-postgres-1 32.14% 184.1MiB / 7.38GiB
flash-cloud-bench-kafka-1 5.68% 948.4MiB / 7.38GiB
flash-cloud-bench-prometheus-1 0.00% 35.26MiB / 7.38GiB
Wed Sep  9 12:43:17 PM UTC 2026
flash-cloud-bench-consumer-1 4.50% 35.04MiB / 7.38GiB
flash-cloud-bench-publisher-1 2.85% 35.94MiB / 7.38GiB
flash-cloud-bench-simulator-1 3.63% 34.77MiB / 7.38GiB
flash-cloud-bench-reconciler-1 9.48% 34.75MiB / 7.38GiB
flash-cloud-bench-api-1 53.97% 142.4MiB / 7.38GiB
flash-cloud-bench-maintenance-1 5.97% 34.84MiB / 7.38GiB
flash-cloud-bench-redis-1 11.29% 52.43MiB / 7.38GiB
flash-cloud-bench-pgbouncer-1 7.17% 1.609MiB / 7.38GiB
flash-cloud-bench-postgres-1 22.77% 184.2MiB / 7.38GiB
flash-cloud-bench-kafka-1 82.61% 992.4MiB / 7.38GiB
flash-cloud-bench-prometheus-1 0.19% 28.14MiB / 7.38GiB
Wed Sep  9 12:43:30 PM UTC 2026
flash-cloud-bench-consumer-1 7.12% 35.04MiB / 7.38GiB
flash-cloud-bench-publisher-1 4.84% 35.94MiB / 7.38GiB
flash-cloud-bench-simulator-1 2.83% 34.77MiB / 7.38GiB
flash-cloud-bench-reconciler-1 0.93% 34.75MiB / 7.38GiB
flash-cloud-bench-api-1 57.06% 143.7MiB / 7.38GiB
flash-cloud-bench-maintenance-1 5.39% 34.87MiB / 7.38GiB
flash-cloud-bench-redis-1 6.87% 52.42MiB / 7.38GiB
flash-cloud-bench-pgbouncer-1 6.77% 1.602MiB / 7.38GiB
flash-cloud-bench-postgres-1 94.65% 184.2MiB / 7.38GiB
flash-cloud-bench-kafka-1 141.78% 1002MiB / 7.38GiB
flash-cloud-bench-prometheus-1 0.00% 28.17MiB / 7.38GiB
Wed Sep  9 12:43:42 PM UTC 2026
flash-cloud-bench-consumer-1 6.86% 35.04MiB / 7.38GiB
flash-cloud-bench-publisher-1 4.74% 35.94MiB / 7.38GiB
flash-cloud-bench-simulator-1 2.61% 34.77MiB / 7.38GiB
flash-cloud-bench-reconciler-1 22.13% 34.75MiB / 7.38GiB
flash-cloud-bench-api-1 86.56% 156MiB / 7.38GiB
flash-cloud-bench-maintenance-1 2.96% 34.88MiB / 7.38GiB
flash-cloud-bench-redis-1 19.75% 52.59MiB / 7.38GiB
flash-cloud-bench-pgbouncer-1 9.90% 1.617MiB / 7.38GiB
flash-cloud-bench-postgres-1 94.62% 184.2MiB / 7.38GiB
flash-cloud-bench-kafka-1 124.35% 1003MiB / 7.38GiB
flash-cloud-bench-prometheus-1 0.25% 28.18MiB / 7.38GiB
Wed Sep  9 12:43:54 PM UTC 2026
flash-cloud-bench-consumer-1 7.71% 35.04MiB / 7.38GiB
flash-cloud-bench-publisher-1 6.63% 35.94MiB / 7.38GiB
flash-cloud-bench-simulator-1 2.69% 34.77MiB / 7.38GiB
flash-cloud-bench-reconciler-1 0.93% 34.75MiB / 7.38GiB
flash-cloud-bench-api-1 56.09% 146.4MiB / 7.38GiB
flash-cloud-bench-maintenance-1 5.27% 34.88MiB / 7.38GiB
flash-cloud-bench-redis-1 7.01% 52.65MiB / 7.38GiB
flash-cloud-bench-pgbouncer-1 7.14% 1.609MiB / 7.38GiB
flash-cloud-bench-postgres-1 94.91% 184.2MiB / 7.38GiB
flash-cloud-bench-kafka-1 158.89% 1016MiB / 7.38GiB
flash-cloud-bench-prometheus-1 0.37% 28.18MiB / 7.38GiB
Wed Sep  9 12:44:06 PM UTC 2026
flash-cloud-bench-consumer-1 8.63% 35.04MiB / 7.38GiB
flash-cloud-bench-publisher-1 6.62% 35.94MiB / 7.38GiB
flash-cloud-bench-simulator-1 2.60% 34.77MiB / 7.38GiB
flash-cloud-bench-reconciler-1 23.45% 34.75MiB / 7.38GiB
flash-cloud-bench-api-1 57.56% 145.2MiB / 7.38GiB
flash-cloud-bench-maintenance-1 3.07% 34.89MiB / 7.38GiB
flash-cloud-bench-redis-1 20.90% 53.18MiB / 7.38GiB
flash-cloud-bench-pgbouncer-1 11.46% 1.621MiB / 7.38GiB
flash-cloud-bench-postgres-1 100.92% 184.3MiB / 7.38GiB
flash-cloud-bench-kafka-1 129.49% 1021MiB / 7.38GiB
flash-cloud-bench-prometheus-1 0.24% 28.18MiB / 7.38GiB
Wed Sep  9 12:44:18 PM UTC 2026
flash-cloud-bench-consumer-1 6.97% 35.04MiB / 7.38GiB
flash-cloud-bench-publisher-1 5.00% 35.95MiB / 7.38GiB
flash-cloud-bench-simulator-1 2.84% 34.77MiB / 7.38GiB
flash-cloud-bench-reconciler-1 18.46% 34.75MiB / 7.38GiB
flash-cloud-bench-api-1 58.96% 146.9MiB / 7.38GiB
flash-cloud-bench-maintenance-1 6.35% 34.89MiB / 7.38GiB
flash-cloud-bench-redis-1 18.07% 52.43MiB / 7.38GiB
flash-cloud-bench-pgbouncer-1 9.90% 1.621MiB / 7.38GiB
flash-cloud-bench-postgres-1 95.78% 184.3MiB / 7.38GiB
flash-cloud-bench-kafka-1 92.98% 949.4MiB / 7.38GiB
flash-cloud-bench-prometheus-1 0.40% 28.2MiB / 7.38GiB
Wed Sep  9 12:44:30 PM UTC 2026
flash-cloud-bench-consumer-1 7.17% 35.04MiB / 7.38GiB
flash-cloud-bench-publisher-1 4.78% 35.94MiB / 7.38GiB
flash-cloud-bench-simulator-1 3.09% 34.77MiB / 7.38GiB
flash-cloud-bench-reconciler-1 0.93% 34.75MiB / 7.38GiB
flash-cloud-bench-api-1 83.52% 144.2MiB / 7.38GiB
flash-cloud-bench-maintenance-1 7.39% 34.9MiB / 7.38GiB
flash-cloud-bench-redis-1 5.90% 52.5MiB / 7.38GiB
flash-cloud-bench-pgbouncer-1 7.10% 1.586MiB / 7.38GiB
flash-cloud-bench-postgres-1 90.75% 184.3MiB / 7.38GiB
flash-cloud-bench-kafka-1 41.44% 949.4MiB / 7.38GiB
flash-cloud-bench-prometheus-1 0.00% 28.2MiB / 7.38GiB
Wed Sep  9 12:44:42 PM UTC 2026
flash-cloud-bench-consumer-1 6.85% 35.04MiB / 7.38GiB
flash-cloud-bench-publisher-1 4.87% 35.95MiB / 7.38GiB
flash-cloud-bench-simulator-1 2.99% 34.77MiB / 7.38GiB
flash-cloud-bench-reconciler-1 24.42% 34.75MiB / 7.38GiB
flash-cloud-bench-api-1 56.81% 144.8MiB / 7.38GiB
flash-cloud-bench-maintenance-1 2.92% 34.92MiB / 7.38GiB
flash-cloud-bench-redis-1 21.85% 52.61MiB / 7.38GiB
flash-cloud-bench-pgbouncer-1 10.15% 1.609MiB / 7.38GiB
flash-cloud-bench-postgres-1 161.23% 198.3MiB / 7.38GiB
flash-cloud-bench-kafka-1 57.94% 949.5MiB / 7.38GiB
flash-cloud-bench-prometheus-1 0.35% 28.19MiB / 7.38GiB
Wed Sep  9 12:44:55 PM UTC 2026
flash-cloud-bench-consumer-1 6.84% 35.04MiB / 7.38GiB
flash-cloud-bench-publisher-1 4.45% 35.95MiB / 7.38GiB
flash-cloud-bench-simulator-1 2.90% 34.77MiB / 7.38GiB
flash-cloud-bench-reconciler-1 0.96% 34.75MiB / 7.38GiB
flash-cloud-bench-api-1 58.95% 144.6MiB / 7.38GiB
flash-cloud-bench-maintenance-1 9.21% 34.93MiB / 7.38GiB
flash-cloud-bench-redis-1 6.46% 52.56MiB / 7.38GiB
flash-cloud-bench-pgbouncer-1 7.43% 1.586MiB / 7.38GiB
flash-cloud-bench-postgres-1 93.34% 184.3MiB / 7.38GiB
flash-cloud-bench-kafka-1 24.80% 949.5MiB / 7.38GiB
flash-cloud-bench-prometheus-1 0.00% 28.2MiB / 7.38GiB
Wed Sep  9 12:45:07 PM UTC 2026
flash-cloud-bench-consumer-1 7.79% 35.04MiB / 7.38GiB
flash-cloud-bench-publisher-1 5.56% 35.95MiB / 7.38GiB
flash-cloud-bench-simulator-1 2.77% 34.77MiB / 7.38GiB
flash-cloud-bench-reconciler-1 31.70% 34.75MiB / 7.38GiB
flash-cloud-bench-api-1 90.59% 141.6MiB / 7.38GiB
flash-cloud-bench-maintenance-1 3.12% 34.94MiB / 7.38GiB
flash-cloud-bench-redis-1 26.65% 52.88MiB / 7.38GiB
flash-cloud-bench-pgbouncer-1 12.05% 1.609MiB / 7.38GiB
flash-cloud-bench-postgres-1 107.19% 184.4MiB / 7.38GiB
flash-cloud-bench-kafka-1 3.32% 949.5MiB / 7.38GiB
flash-cloud-bench-prometheus-1 0.22% 28.2MiB / 7.38GiB
Wed Sep  9 12:45:19 PM UTC 2026
flash-cloud-bench-consumer-1 7.46% 35.04MiB / 7.38GiB
flash-cloud-bench-publisher-1 5.30% 35.95MiB / 7.38GiB
flash-cloud-bench-simulator-1 3.08% 34.77MiB / 7.38GiB
flash-cloud-bench-reconciler-1 21.09% 34.75MiB / 7.38GiB
flash-cloud-bench-api-1 72.56% 143MiB / 7.38GiB
flash-cloud-bench-maintenance-1 8.31% 34.95MiB / 7.38GiB
flash-cloud-bench-redis-1 19.35% 52.59MiB / 7.38GiB
flash-cloud-bench-pgbouncer-1 11.03% 1.629MiB / 7.38GiB
flash-cloud-bench-postgres-1 101.03% 184.4MiB / 7.38GiB
flash-cloud-bench-kafka-1 2.54% 949.6MiB / 7.38GiB
flash-cloud-bench-prometheus-1 0.37% 28.22MiB / 7.38GiB
Wed Sep  9 12:45:31 PM UTC 2026
flash-cloud-bench-consumer-1 6.60% 35.04MiB / 7.38GiB
flash-cloud-bench-publisher-1 4.40% 35.95MiB / 7.38GiB
flash-cloud-bench-simulator-1 2.99% 34.77MiB / 7.38GiB
flash-cloud-bench-reconciler-1 0.80% 34.75MiB / 7.38GiB
flash-cloud-bench-api-1 58.40% 143.3MiB / 7.38GiB
flash-cloud-bench-maintenance-1 11.30% 34.95MiB / 7.38GiB
flash-cloud-bench-redis-1 6.51% 52.52MiB / 7.38GiB
flash-cloud-bench-pgbouncer-1 8.09% 1.586MiB / 7.38GiB
flash-cloud-bench-postgres-1 88.41% 184.4MiB / 7.38GiB
flash-cloud-bench-kafka-1 2.04% 949.8MiB / 7.38GiB
flash-cloud-bench-prometheus-1 0.28% 28.22MiB / 7.38GiB
Wed Sep  9 12:45:43 PM UTC 2026
flash-cloud-bench-consumer-1 7.39% 35.04MiB / 7.38GiB
flash-cloud-bench-publisher-1 4.67% 35.96MiB / 7.38GiB
flash-cloud-bench-simulator-1 2.99% 34.77MiB / 7.38GiB
flash-cloud-bench-reconciler-1 27.58% 34.75MiB / 7.38GiB
flash-cloud-bench-api-1 59.71% 141.9MiB / 7.38GiB
flash-cloud-bench-maintenance-1 9.72% 34.95MiB / 7.38GiB
flash-cloud-bench-redis-1 24.81% 52.57MiB / 7.38GiB
flash-cloud-bench-pgbouncer-1 12.38% 1.59MiB / 7.38GiB
flash-cloud-bench-postgres-1 101.75% 184.4MiB / 7.38GiB
flash-cloud-bench-kafka-1 2.48% 949.8MiB / 7.38GiB
flash-cloud-bench-prometheus-1 0.39% 28.22MiB / 7.38GiB
Wed Sep  9 12:45:55 PM UTC 2026
flash-cloud-bench-consumer-1 7.26% 35.04MiB / 7.38GiB
flash-cloud-bench-publisher-1 5.18% 35.96MiB / 7.38GiB
flash-cloud-bench-simulator-1 3.33% 34.77MiB / 7.38GiB
flash-cloud-bench-reconciler-1 0.93% 34.75MiB / 7.38GiB
flash-cloud-bench-api-1 77.79% 151.1MiB / 7.38GiB
flash-cloud-bench-maintenance-1 9.70% 34.95MiB / 7.38GiB
flash-cloud-bench-redis-1 6.75% 52.46MiB / 7.38GiB
flash-cloud-bench-pgbouncer-1 7.83% 1.629MiB / 7.38GiB
flash-cloud-bench-postgres-1 91.00% 184.5MiB / 7.38GiB
flash-cloud-bench-kafka-1 2.51% 949.9MiB / 7.38GiB
flash-cloud-bench-prometheus-1 0.00% 28.23MiB / 7.38GiB
Wed Sep  9 12:46:08 PM UTC 2026
flash-cloud-bench-consumer-1 7.04% 35.04MiB / 7.38GiB
flash-cloud-bench-publisher-1 4.85% 35.96MiB / 7.38GiB
flash-cloud-bench-simulator-1 2.98% 34.77MiB / 7.38GiB
flash-cloud-bench-reconciler-1 17.04% 34.75MiB / 7.38GiB
flash-cloud-bench-api-1 89.92% 139.5MiB / 7.38GiB
flash-cloud-bench-maintenance-1 8.52% 34.95MiB / 7.38GiB
flash-cloud-bench-redis-1 17.59% 52.46MiB / 7.38GiB
flash-cloud-bench-pgbouncer-1 10.04% 1.59MiB / 7.38GiB
flash-cloud-bench-postgres-1 100.31% 184.5MiB / 7.38GiB
flash-cloud-bench-kafka-1 2.39% 949.9MiB / 7.38GiB
flash-cloud-bench-prometheus-1 0.57% 28.49MiB / 7.38GiB
Wed Sep  9 12:46:20 PM UTC 2026
flash-cloud-bench-consumer-1 6.81% 35.04MiB / 7.38GiB
flash-cloud-bench-publisher-1 4.44% 35.96MiB / 7.38GiB
flash-cloud-bench-simulator-1 3.15% 34.77MiB / 7.38GiB
flash-cloud-bench-reconciler-1 17.84% 34.75MiB / 7.38GiB
flash-cloud-bench-api-1 62.25% 138.7MiB / 7.38GiB
flash-cloud-bench-maintenance-1 9.23% 34.95MiB / 7.38GiB
flash-cloud-bench-redis-1 18.26% 52.53MiB / 7.38GiB
flash-cloud-bench-pgbouncer-1 10.62% 1.594MiB / 7.38GiB
flash-cloud-bench-postgres-1 100.35% 184.7MiB / 7.38GiB
flash-cloud-bench-kafka-1 2.45% 950MiB / 7.38GiB
flash-cloud-bench-prometheus-1 0.00% 28.49MiB / 7.38GiB
Wed Sep  9 12:46:32 PM UTC 2026
flash-cloud-bench-consumer-1 6.84% 35.04MiB / 7.38GiB
flash-cloud-bench-publisher-1 4.82% 35.96MiB / 7.38GiB
flash-cloud-bench-simulator-1 3.31% 34.77MiB / 7.38GiB
flash-cloud-bench-reconciler-1 1.27% 34.75MiB / 7.38GiB
flash-cloud-bench-api-1 55.76% 137.3MiB / 7.38GiB
flash-cloud-bench-maintenance-1 10.47% 34.95MiB / 7.38GiB
flash-cloud-bench-redis-1 6.50% 52.59MiB / 7.38GiB
flash-cloud-bench-pgbouncer-1 7.99% 1.621MiB / 7.38GiB
flash-cloud-bench-postgres-1 90.57% 184.5MiB / 7.38GiB
flash-cloud-bench-kafka-1 2.70% 950MiB / 7.38GiB
flash-cloud-bench-prometheus-1 0.29% 28.49MiB / 7.38GiB
Wed Sep  9 12:46:44 PM UTC 2026
flash-cloud-bench-consumer-1 7.31% 35.04MiB / 7.38GiB
flash-cloud-bench-publisher-1 4.99% 35.96MiB / 7.38GiB
flash-cloud-bench-simulator-1 2.81% 34.77MiB / 7.38GiB
flash-cloud-bench-reconciler-1 26.74% 34.75MiB / 7.38GiB
flash-cloud-bench-api-1 89.28% 138.2MiB / 7.38GiB
flash-cloud-bench-maintenance-1 5.38% 34.95MiB / 7.38GiB
flash-cloud-bench-redis-1 22.75% 54.22MiB / 7.38GiB
flash-cloud-bench-pgbouncer-1 11.19% 1.613MiB / 7.38GiB
flash-cloud-bench-postgres-1 116.22% 185MiB / 7.38GiB
flash-cloud-bench-kafka-1 2.49% 950MiB / 7.38GiB
flash-cloud-bench-prometheus-1 0.00% 28.5MiB / 7.38GiB
Wed Sep  9 12:46:56 PM UTC 2026
flash-cloud-bench-consumer-1 7.39% 35.04MiB / 7.38GiB
flash-cloud-bench-publisher-1 5.18% 35.96MiB / 7.38GiB
flash-cloud-bench-simulator-1 3.19% 34.77MiB / 7.38GiB
flash-cloud-bench-reconciler-1 0.89% 34.75MiB / 7.38GiB
flash-cloud-bench-api-1 58.26% 139MiB / 7.38GiB
flash-cloud-bench-maintenance-1 9.23% 34.95MiB / 7.38GiB
flash-cloud-bench-redis-1 4.66% 52.57MiB / 7.38GiB
flash-cloud-bench-pgbouncer-1 7.43% 1.59MiB / 7.38GiB
flash-cloud-bench-postgres-1 98.29% 185.1MiB / 7.38GiB
flash-cloud-bench-kafka-1 2.44% 950MiB / 7.38GiB
flash-cloud-bench-prometheus-1 0.00% 28.5MiB / 7.38GiB
Wed Sep  9 12:47:08 PM UTC 2026
flash-cloud-bench-consumer-1 6.70% 35.04MiB / 7.38GiB
flash-cloud-bench-publisher-1 3.95% 35.96MiB / 7.38GiB
flash-cloud-bench-simulator-1 2.94% 34.77MiB / 7.38GiB
flash-cloud-bench-reconciler-1 2.51% 34.75MiB / 7.38GiB
flash-cloud-bench-api-1 61.04% 140MiB / 7.38GiB
flash-cloud-bench-maintenance-1 10.85% 34.95MiB / 7.38GiB
flash-cloud-bench-redis-1 6.17% 52.54MiB / 7.38GiB
flash-cloud-bench-pgbouncer-1 8.12% 1.609MiB / 7.38GiB
flash-cloud-bench-postgres-1 95.67% 185.1MiB / 7.38GiB
flash-cloud-bench-kafka-1 2.18% 950.1MiB / 7.38GiB
flash-cloud-bench-prometheus-1 0.50% 28.5MiB / 7.38GiB
Wed Sep  9 12:47:20 PM UTC 2026
flash-cloud-bench-consumer-1 7.15% 35.04MiB / 7.38GiB
flash-cloud-bench-publisher-1 4.89% 35.96MiB / 7.38GiB
flash-cloud-bench-simulator-1 2.79% 34.77MiB / 7.38GiB
flash-cloud-bench-reconciler-1 23.33% 34.75MiB / 7.38GiB
flash-cloud-bench-api-1 62.35% 139.8MiB / 7.38GiB
flash-cloud-bench-maintenance-1 9.26% 34.95MiB / 7.38GiB
flash-cloud-bench-redis-1 19.16% 52.48MiB / 7.38GiB
flash-cloud-bench-pgbouncer-1 11.74% 1.598MiB / 7.38GiB
flash-cloud-bench-postgres-1 107.29% 185.1MiB / 7.38GiB
flash-cloud-bench-kafka-1 2.50% 950.1MiB / 7.38GiB
flash-cloud-bench-prometheus-1 0.00% 28.64MiB / 7.38GiB
Wed Sep  9 12:47:32 PM UTC 2026
flash-cloud-bench-consumer-1 7.01% 35.05MiB / 7.38GiB
flash-cloud-bench-publisher-1 5.50% 35.96MiB / 7.38GiB
flash-cloud-bench-simulator-1 3.14% 34.77MiB / 7.38GiB
flash-cloud-bench-reconciler-1 1.26% 34.75MiB / 7.38GiB
flash-cloud-bench-api-1 85.96% 137MiB / 7.38GiB
flash-cloud-bench-maintenance-1 9.27% 34.95MiB / 7.38GiB
flash-cloud-bench-redis-1 4.50% 52.56MiB / 7.38GiB
flash-cloud-bench-pgbouncer-1 7.58% 1.598MiB / 7.38GiB
flash-cloud-bench-postgres-1 96.82% 185.1MiB / 7.38GiB
flash-cloud-bench-kafka-1 2.62% 950.2MiB / 7.38GiB
flash-cloud-bench-prometheus-1 0.37% 28.64MiB / 7.38GiB
Wed Sep  9 12:47:45 PM UTC 2026
flash-cloud-bench-consumer-1 6.80% 35.05MiB / 7.38GiB
flash-cloud-bench-publisher-1 4.27% 35.96MiB / 7.38GiB
flash-cloud-bench-simulator-1 2.80% 34.77MiB / 7.38GiB
flash-cloud-bench-reconciler-1 24.60% 34.75MiB / 7.38GiB
flash-cloud-bench-api-1 60.17% 136.5MiB / 7.38GiB
flash-cloud-bench-maintenance-1 9.44% 34.95MiB / 7.38GiB
flash-cloud-bench-redis-1 20.52% 52.52MiB / 7.38GiB
flash-cloud-bench-pgbouncer-1 12.13% 1.605MiB / 7.38GiB
flash-cloud-bench-postgres-1 102.08% 184.1MiB / 7.38GiB
flash-cloud-bench-kafka-1 2.35% 950.2MiB / 7.38GiB
flash-cloud-bench-prometheus-1 0.00% 28.64MiB / 7.38GiB
Wed Sep  9 12:47:57 PM UTC 2026
flash-cloud-bench-consumer-1 6.82% 35.05MiB / 7.38GiB
flash-cloud-bench-publisher-1 4.22% 35.96MiB / 7.38GiB
flash-cloud-bench-simulator-1 3.45% 34.77MiB / 7.38GiB
flash-cloud-bench-reconciler-1 1.23% 34.75MiB / 7.38GiB
flash-cloud-bench-api-1 58.61% 137.8MiB / 7.38GiB
flash-cloud-bench-maintenance-1 11.16% 34.95MiB / 7.38GiB
flash-cloud-bench-redis-1 4.96% 52.04MiB / 7.38GiB
flash-cloud-bench-pgbouncer-1 7.86% 1.605MiB / 7.38GiB
flash-cloud-bench-postgres-1 89.07% 182.9MiB / 7.38GiB
flash-cloud-bench-kafka-1 2.21% 950.2MiB / 7.38GiB
flash-cloud-bench-prometheus-1 0.27% 28.64MiB / 7.38GiB
Wed Sep  9 12:48:09 PM UTC 2026
flash-cloud-bench-consumer-1 6.96% 35.05MiB / 7.38GiB
flash-cloud-bench-publisher-1 4.43% 35.96MiB / 7.38GiB
flash-cloud-bench-simulator-1 3.60% 34.77MiB / 7.38GiB
flash-cloud-bench-reconciler-1 0.84% 34.75MiB / 7.38GiB
flash-cloud-bench-api-1 58.79% 137.7MiB / 7.38GiB
flash-cloud-bench-maintenance-1 11.15% 34.95MiB / 7.38GiB
flash-cloud-bench-redis-1 4.99% 52.71MiB / 7.38GiB
flash-cloud-bench-pgbouncer-1 8.16% 1.59MiB / 7.38GiB
flash-cloud-bench-postgres-1 91.09% 180.2MiB / 7.38GiB
flash-cloud-bench-kafka-1 2.29% 950.3MiB / 7.38GiB
flash-cloud-bench-prometheus-1 0.37% 28.69MiB / 7.38GiB
Wed Sep  9 12:48:21 PM UTC 2026
flash-cloud-bench-consumer-1 7.48% 35.05MiB / 7.38GiB
flash-cloud-bench-publisher-1 5.06% 35.96MiB / 7.38GiB
flash-cloud-bench-simulator-1 2.97% 34.77MiB / 7.38GiB
flash-cloud-bench-reconciler-1 24.38% 34.75MiB / 7.38GiB
flash-cloud-bench-api-1 62.38% 137.9MiB / 7.38GiB
flash-cloud-bench-maintenance-1 9.41% 34.95MiB / 7.38GiB
flash-cloud-bench-redis-1 19.18% 52.53MiB / 7.38GiB
flash-cloud-bench-pgbouncer-1 11.93% 1.594MiB / 7.38GiB
flash-cloud-bench-postgres-1 102.77% 180.2MiB / 7.38GiB
flash-cloud-bench-kafka-1 2.48% 950.4MiB / 7.38GiB
flash-cloud-bench-prometheus-1 0.00% 28.69MiB / 7.38GiB
Wed Sep  9 12:48:33 PM UTC 2026
flash-cloud-bench-consumer-1 7.79% 35.05MiB / 7.38GiB
flash-cloud-bench-publisher-1 4.85% 35.96MiB / 7.38GiB
flash-cloud-bench-simulator-1 3.46% 34.77MiB / 7.38GiB
flash-cloud-bench-reconciler-1 0.90% 34.75MiB / 7.38GiB
flash-cloud-bench-api-1 57.47% 139.8MiB / 7.38GiB
flash-cloud-bench-maintenance-1 11.37% 34.95MiB / 7.38GiB
flash-cloud-bench-redis-1 4.68% 52.57MiB / 7.38GiB
flash-cloud-bench-pgbouncer-1 7.97% 1.605MiB / 7.38GiB
flash-cloud-bench-postgres-1 89.40% 180.3MiB / 7.38GiB
flash-cloud-bench-kafka-1 2.45% 950.4MiB / 7.38GiB
flash-cloud-bench-prometheus-1 0.15% 28.68MiB / 7.38GiB
Wed Sep  9 12:48:45 PM UTC 2026
flash-cloud-bench-consumer-1 7.24% 35.05MiB / 7.38GiB
flash-cloud-bench-publisher-1 4.91% 35.96MiB / 7.38GiB
flash-cloud-bench-simulator-1 3.05% 34.77MiB / 7.38GiB
flash-cloud-bench-reconciler-1 30.30% 34.75MiB / 7.38GiB
flash-cloud-bench-api-1 61.86% 140.1MiB / 7.38GiB
flash-cloud-bench-maintenance-1 9.29% 34.95MiB / 7.38GiB
flash-cloud-bench-redis-1 23.90% 52.62MiB / 7.38GiB
flash-cloud-bench-pgbouncer-1 13.13% 1.602MiB / 7.38GiB
flash-cloud-bench-postgres-1 105.16% 180.2MiB / 7.38GiB
flash-cloud-bench-kafka-1 2.50% 950.5MiB / 7.38GiB
flash-cloud-bench-prometheus-1 0.00% 28.69MiB / 7.38GiB
Wed Sep  9 12:48:57 PM UTC 2026
flash-cloud-bench-consumer-1 7.15% 35.05MiB / 7.38GiB
flash-cloud-bench-publisher-1 4.18% 35.96MiB / 7.38GiB
flash-cloud-bench-simulator-1 3.35% 34.77MiB / 7.38GiB
flash-cloud-bench-reconciler-1 1.24% 34.75MiB / 7.38GiB
flash-cloud-bench-api-1 88.71% 141.7MiB / 7.38GiB
flash-cloud-bench-maintenance-1 9.16% 34.95MiB / 7.38GiB
flash-cloud-bench-redis-1 5.02% 52.02MiB / 7.38GiB
flash-cloud-bench-pgbouncer-1 7.56% 1.602MiB / 7.38GiB
flash-cloud-bench-postgres-1 91.87% 180.2MiB / 7.38GiB
flash-cloud-bench-kafka-1 2.52% 950.6MiB / 7.38GiB
flash-cloud-bench-prometheus-1 0.38% 28.69MiB / 7.38GiB
Wed Sep  9 12:49:09 PM UTC 2026
flash-cloud-bench-consumer-1 7.42% 35.05MiB / 7.38GiB
flash-cloud-bench-publisher-1 4.39% 35.96MiB / 7.38GiB
flash-cloud-bench-simulator-1 3.50% 34.77MiB / 7.38GiB
flash-cloud-bench-reconciler-1 0.90% 34.75MiB / 7.38GiB
flash-cloud-bench-api-1 57.44% 139.9MiB / 7.38GiB
flash-cloud-bench-maintenance-1 11.10% 34.95MiB / 7.38GiB
flash-cloud-bench-redis-1 4.64% 52.67MiB / 7.38GiB
flash-cloud-bench-pgbouncer-1 7.95% 1.578MiB / 7.38GiB
flash-cloud-bench-postgres-1 89.83% 180.3MiB / 7.38GiB
flash-cloud-bench-kafka-1 2.27% 950.7MiB / 7.38GiB
flash-cloud-bench-prometheus-1 0.12% 28.7MiB / 7.38GiB
Wed Sep  9 12:49:22 PM UTC 2026
flash-cloud-bench-consumer-1 8.09% 35.05MiB / 7.38GiB
flash-cloud-bench-publisher-1 4.78% 35.96MiB / 7.38GiB
flash-cloud-bench-simulator-1 3.00% 34.77MiB / 7.38GiB
flash-cloud-bench-reconciler-1 22.05% 34.75MiB / 7.38GiB
flash-cloud-bench-api-1 63.09% 138.8MiB / 7.38GiB
flash-cloud-bench-maintenance-1 9.74% 34.95MiB / 7.38GiB
flash-cloud-bench-redis-1 19.49% 52.57MiB / 7.38GiB
flash-cloud-bench-pgbouncer-1 11.36% 1.598MiB / 7.38GiB
flash-cloud-bench-postgres-1 99.58% 180.4MiB / 7.38GiB
flash-cloud-bench-kafka-1 2.15% 950.9MiB / 7.38GiB
flash-cloud-bench-prometheus-1 0.22% 28.69MiB / 7.38GiB
Wed Sep  9 12:49:34 PM UTC 2026
flash-cloud-bench-consumer-1 7.03% 35.05MiB / 7.38GiB
flash-cloud-bench-publisher-1 4.18% 35.96MiB / 7.38GiB
flash-cloud-bench-simulator-1 3.35% 34.77MiB / 7.38GiB
flash-cloud-bench-reconciler-1 0.90% 34.75MiB / 7.38GiB
flash-cloud-bench-api-1 60.21% 138.6MiB / 7.38GiB
flash-cloud-bench-maintenance-1 11.23% 34.95MiB / 7.38GiB
flash-cloud-bench-redis-1 5.38% 52.57MiB / 7.38GiB
flash-cloud-bench-pgbouncer-1 8.00% 1.59MiB / 7.38GiB
flash-cloud-bench-postgres-1 90.64% 180.4MiB / 7.38GiB
flash-cloud-bench-kafka-1 2.24% 950.9MiB / 7.38GiB
flash-cloud-bench-prometheus-1 0.39% 28.7MiB / 7.38GiB
Wed Sep  9 12:49:46 PM UTC 2026
flash-cloud-bench-consumer-1 11.80% 35.05MiB / 7.38GiB
flash-cloud-bench-publisher-1 5.11% 35.96MiB / 7.38GiB
flash-cloud-bench-simulator-1 2.77% 34.77MiB / 7.38GiB
flash-cloud-bench-reconciler-1 33.73% 34.75MiB / 7.38GiB
flash-cloud-bench-api-1 89.75% 139.3MiB / 7.38GiB
flash-cloud-bench-maintenance-1 7.44% 34.95MiB / 7.38GiB
flash-cloud-bench-redis-1 19.36% 52.66MiB / 7.38GiB
flash-cloud-bench-pgbouncer-1 11.31% 1.59MiB / 7.38GiB
flash-cloud-bench-postgres-1 103.46% 180.4MiB / 7.38GiB
flash-cloud-bench-kafka-1 2.46% 950.9MiB / 7.38GiB
flash-cloud-bench-prometheus-1 0.26% 28.71MiB / 7.38GiB
Wed Sep  9 12:49:58 PM UTC 2026
flash-cloud-bench-consumer-1 7.36% 35.05MiB / 7.38GiB
flash-cloud-bench-publisher-1 4.72% 35.96MiB / 7.38GiB
flash-cloud-bench-simulator-1 3.83% 34.77MiB / 7.38GiB
flash-cloud-bench-reconciler-1 0.89% 34.75MiB / 7.38GiB
flash-cloud-bench-api-1 87.02% 139.2MiB / 7.38GiB
flash-cloud-bench-maintenance-1 11.25% 34.95MiB / 7.38GiB
flash-cloud-bench-redis-1 4.76% 52.15MiB / 7.38GiB
flash-cloud-bench-pgbouncer-1 8.19% 1.602MiB / 7.38GiB
flash-cloud-bench-postgres-1 96.30% 180.5MiB / 7.38GiB
flash-cloud-bench-kafka-1 2.33% 951MiB / 7.38GiB
flash-cloud-bench-prometheus-1 0.40% 28.71MiB / 7.38GiB
Wed Sep  9 12:50:10 PM UTC 2026
flash-cloud-bench-consumer-1 8.76% 35.05MiB / 7.38GiB
flash-cloud-bench-publisher-1 5.00% 35.96MiB / 7.38GiB
flash-cloud-bench-simulator-1 3.45% 34.77MiB / 7.38GiB
flash-cloud-bench-reconciler-1 0.89% 34.75MiB / 7.38GiB
flash-cloud-bench-api-1 58.62% 140.5MiB / 7.38GiB
flash-cloud-bench-maintenance-1 9.25% 34.95MiB / 7.38GiB
flash-cloud-bench-redis-1 4.93% 52.59MiB / 7.38GiB
flash-cloud-bench-pgbouncer-1 7.52% 1.586MiB / 7.38GiB
flash-cloud-bench-postgres-1 97.84% 180.5MiB / 7.38GiB
flash-cloud-bench-kafka-1 2.38% 951.1MiB / 7.38GiB
flash-cloud-bench-prometheus-1 0.00% 28.72MiB / 7.38GiB
Wed Sep  9 12:50:22 PM UTC 2026
flash-cloud-bench-consumer-1 7.04% 35.05MiB / 7.38GiB
flash-cloud-bench-publisher-1 5.28% 35.96MiB / 7.38GiB
flash-cloud-bench-simulator-1 3.39% 34.77MiB / 7.38GiB
flash-cloud-bench-reconciler-1 21.16% 34.75MiB / 7.38GiB
flash-cloud-bench-api-1 63.09% 140.5MiB / 7.38GiB
flash-cloud-bench-maintenance-1 9.32% 34.95MiB / 7.38GiB
flash-cloud-bench-redis-1 18.36% 52.58MiB / 7.38GiB
flash-cloud-bench-pgbouncer-1 11.08% 1.59MiB / 7.38GiB
flash-cloud-bench-postgres-1 106.63% 180.5MiB / 7.38GiB
flash-cloud-bench-kafka-1 2.30% 951.1MiB / 7.38GiB
flash-cloud-bench-prometheus-1 0.36% 28.72MiB / 7.38GiB
Wed Sep  9 12:50:34 PM UTC 2026
flash-cloud-bench-consumer-1 7.02% 35.05MiB / 7.38GiB
flash-cloud-bench-publisher-1 4.74% 35.96MiB / 7.38GiB
flash-cloud-bench-simulator-1 2.92% 34.77MiB / 7.38GiB
flash-cloud-bench-reconciler-1 0.95% 34.75MiB / 7.38GiB
flash-cloud-bench-api-1 87.16% 142.4MiB / 7.38GiB
flash-cloud-bench-maintenance-1 9.98% 34.95MiB / 7.38GiB
flash-cloud-bench-redis-1 4.90% 52.67MiB / 7.38GiB
flash-cloud-bench-pgbouncer-1 7.55% 1.598MiB / 7.38GiB
flash-cloud-bench-postgres-1 93.79% 180.5MiB / 7.38GiB
flash-cloud-bench-kafka-1 2.50% 951.2MiB / 7.38GiB
flash-cloud-bench-prometheus-1 0.00% 28.72MiB / 7.38GiB
Wed Sep  9 12:50:46 PM UTC 2026
flash-cloud-bench-consumer-1 8.07% 35.05MiB / 7.38GiB
flash-cloud-bench-publisher-1 4.76% 35.96MiB / 7.38GiB
flash-cloud-bench-simulator-1 3.27% 34.77MiB / 7.38GiB
flash-cloud-bench-reconciler-1 20.91% 34.75MiB / 7.38GiB
flash-cloud-bench-api-1 56.72% 142.5MiB / 7.38GiB
flash-cloud-bench-maintenance-1 9.32% 34.96MiB / 7.38GiB
flash-cloud-bench-redis-1 16.30% 52.57MiB / 7.38GiB
flash-cloud-bench-pgbouncer-1 11.29% 1.598MiB / 7.38GiB
flash-cloud-bench-postgres-1 104.80% 180.5MiB / 7.38GiB
flash-cloud-bench-kafka-1 2.28% 951.2MiB / 7.38GiB
flash-cloud-bench-prometheus-1 0.14% 28.73MiB / 7.38GiB
Wed Sep  9 12:50:59 PM UTC 2026
flash-cloud-bench-consumer-1 13.34% 35.05MiB / 7.38GiB
flash-cloud-bench-publisher-1 4.91% 36.21MiB / 7.38GiB
flash-cloud-bench-simulator-1 3.29% 34.77MiB / 7.38GiB
flash-cloud-bench-reconciler-1 5.71% 34.75MiB / 7.38GiB
flash-cloud-bench-api-1 58.98% 142.5MiB / 7.38GiB
flash-cloud-bench-maintenance-1 10.22% 34.95MiB / 7.38GiB
flash-cloud-bench-redis-1 7.89% 52.38MiB / 7.38GiB
flash-cloud-bench-pgbouncer-1 8.65% 1.613MiB / 7.38GiB
flash-cloud-bench-postgres-1 95.16% 182.5MiB / 7.38GiB
flash-cloud-bench-kafka-1 2.21% 951.5MiB / 7.38GiB
flash-cloud-bench-prometheus-1 0.41% 28.73MiB / 7.38GiB
Wed Sep  9 12:51:11 PM UTC 2026
flash-cloud-bench-consumer-1 6.89% 35.05MiB / 7.38GiB
flash-cloud-bench-publisher-1 5.34% 35.96MiB / 7.38GiB
flash-cloud-bench-simulator-1 3.53% 34.77MiB / 7.38GiB
flash-cloud-bench-reconciler-1 0.87% 34.75MiB / 7.38GiB
flash-cloud-bench-api-1 59.08% 143.4MiB / 7.38GiB
flash-cloud-bench-maintenance-1 9.56% 34.96MiB / 7.38GiB
flash-cloud-bench-redis-1 4.90% 52.54MiB / 7.38GiB
flash-cloud-bench-pgbouncer-1 7.72% 1.594MiB / 7.38GiB
flash-cloud-bench-postgres-1 93.41% 180.6MiB / 7.38GiB
flash-cloud-bench-kafka-1 2.39% 951.3MiB / 7.38GiB
flash-cloud-bench-prometheus-1 0.26% 28.74MiB / 7.38GiB
Wed Sep  9 12:51:23 PM UTC 2026
flash-cloud-bench-consumer-1 6.21% 35.05MiB / 7.38GiB
flash-cloud-bench-publisher-1 5.25% 35.96MiB / 7.38GiB
flash-cloud-bench-simulator-1 3.24% 34.77MiB / 7.38GiB
flash-cloud-bench-reconciler-1 19.49% 34.75MiB / 7.38GiB
flash-cloud-bench-api-1 59.73% 142.4MiB / 7.38GiB
flash-cloud-bench-maintenance-1 7.70% 34.96MiB / 7.38GiB
flash-cloud-bench-redis-1 17.19% 52.6MiB / 7.38GiB
flash-cloud-bench-pgbouncer-1 10.06% 1.84MiB / 7.38GiB
flash-cloud-bench-postgres-1 103.43% 180.6MiB / 7.38GiB
flash-cloud-bench-kafka-1 2.17% 951.3MiB / 7.38GiB
flash-cloud-bench-prometheus-1 0.13% 28.78MiB / 7.38GiB
Wed Sep  9 12:51:35 PM UTC 2026
flash-cloud-bench-consumer-1 7.54% 35.05MiB / 7.38GiB
flash-cloud-bench-publisher-1 4.96% 35.96MiB / 7.38GiB
flash-cloud-bench-simulator-1 3.13% 34.77MiB / 7.38GiB
flash-cloud-bench-reconciler-1 0.91% 34.75MiB / 7.38GiB
flash-cloud-bench-api-1 57.68% 141.7MiB / 7.38GiB
flash-cloud-bench-maintenance-1 10.07% 34.96MiB / 7.38GiB
flash-cloud-bench-redis-1 4.67% 52.58MiB / 7.38GiB
flash-cloud-bench-pgbouncer-1 7.73% 1.598MiB / 7.38GiB
flash-cloud-bench-postgres-1 91.28% 180.6MiB / 7.38GiB
flash-cloud-bench-kafka-1 19.75% 953.4MiB / 7.38GiB
flash-cloud-bench-prometheus-1 0.00% 28.78MiB / 7.38GiB
Wed Sep  9 12:51:47 PM UTC 2026
flash-cloud-bench-consumer-1 7.07% 35.05MiB / 7.38GiB
flash-cloud-bench-publisher-1 4.55% 35.96MiB / 7.38GiB
flash-cloud-bench-simulator-1 2.85% 34.79MiB / 7.38GiB
flash-cloud-bench-reconciler-1 25.55% 34.75MiB / 7.38GiB
flash-cloud-bench-api-1 55.79% 139.5MiB / 7.38GiB
flash-cloud-bench-maintenance-1 9.36% 34.96MiB / 7.38GiB
flash-cloud-bench-redis-1 19.24% 52.74MiB / 7.38GiB
flash-cloud-bench-pgbouncer-1 11.66% 1.59MiB / 7.38GiB
flash-cloud-bench-postgres-1 101.95% 180.6MiB / 7.38GiB
flash-cloud-bench-kafka-1 8.32% 951.4MiB / 7.38GiB
flash-cloud-bench-prometheus-1 0.27% 28.79MiB / 7.38GiB
Wed Sep  9 12:51:59 PM UTC 2026
flash-cloud-bench-consumer-1 6.95% 35.05MiB / 7.38GiB
flash-cloud-bench-publisher-1 4.79% 35.96MiB / 7.38GiB
flash-cloud-bench-simulator-1 3.17% 34.77MiB / 7.38GiB
flash-cloud-bench-reconciler-1 13.49% 34.75MiB / 7.38GiB
flash-cloud-bench-api-1 89.85% 135.2MiB / 7.38GiB
flash-cloud-bench-maintenance-1 7.32% 34.96MiB / 7.38GiB
flash-cloud-bench-redis-1 13.15% 52.44MiB / 7.38GiB
flash-cloud-bench-pgbouncer-1 9.09% 1.586MiB / 7.38GiB
flash-cloud-bench-postgres-1 98.06% 180.6MiB / 7.38GiB
flash-cloud-bench-kafka-1 2.46% 951.4MiB / 7.38GiB
flash-cloud-bench-prometheus-1 0.13% 28.79MiB / 7.38GiB
Wed Sep  9 12:52:11 PM UTC 2026
flash-cloud-bench-consumer-1 7.43% 35.05MiB / 7.38GiB
flash-cloud-bench-publisher-1 4.94% 35.96MiB / 7.38GiB
flash-cloud-bench-simulator-1 3.31% 34.77MiB / 7.38GiB
flash-cloud-bench-reconciler-1 0.92% 34.75MiB / 7.38GiB
flash-cloud-bench-api-1 89.33% 135.3MiB / 7.38GiB
flash-cloud-bench-maintenance-1 9.67% 34.96MiB / 7.38GiB
flash-cloud-bench-redis-1 4.59% 52.54MiB / 7.38GiB
flash-cloud-bench-pgbouncer-1 7.77% 1.578MiB / 7.38GiB
flash-cloud-bench-postgres-1 91.81% 180.7MiB / 7.38GiB
flash-cloud-bench-kafka-1 2.50% 951.5MiB / 7.38GiB
flash-cloud-bench-prometheus-1 0.27% 28.79MiB / 7.38GiB
Wed Sep  9 12:52:23 PM UTC 2026
flash-cloud-bench-consumer-1 6.98% 35.3MiB / 7.38GiB
flash-cloud-bench-publisher-1 4.26% 35.96MiB / 7.38GiB
flash-cloud-bench-simulator-1 3.02% 34.77MiB / 7.38GiB
flash-cloud-bench-reconciler-1 20.96% 34.75MiB / 7.38GiB
flash-cloud-bench-api-1 59.83% 137MiB / 7.38GiB
flash-cloud-bench-maintenance-1 9.82% 34.96MiB / 7.38GiB
flash-cloud-bench-redis-1 17.73% 52.53MiB / 7.38GiB
flash-cloud-bench-pgbouncer-1 11.26% 1.59MiB / 7.38GiB
flash-cloud-bench-postgres-1 100.58% 180.7MiB / 7.38GiB
flash-cloud-bench-kafka-1 3.65% 951.5MiB / 7.38GiB
flash-cloud-bench-prometheus-1 0.12% 28.79MiB / 7.38GiB
Wed Sep  9 12:52:36 PM UTC 2026
flash-cloud-bench-consumer-1 7.20% 35.05MiB / 7.38GiB
flash-cloud-bench-publisher-1 4.74% 35.96MiB / 7.38GiB
flash-cloud-bench-simulator-1 2.92% 34.77MiB / 7.38GiB
flash-cloud-bench-reconciler-1 0.90% 34.75MiB / 7.38GiB
flash-cloud-bench-api-1 61.36% 137.4MiB / 7.38GiB
flash-cloud-bench-maintenance-1 9.07% 34.96MiB / 7.38GiB
flash-cloud-bench-redis-1 5.23% 52.54MiB / 7.38GiB
flash-cloud-bench-pgbouncer-1 7.41% 1.586MiB / 7.38GiB
flash-cloud-bench-postgres-1 89.49% 180.7MiB / 7.38GiB
flash-cloud-bench-kafka-1 37.03% 971.3MiB / 7.38GiB
flash-cloud-bench-prometheus-1 0.23% 28.79MiB / 7.38GiB
Wed Sep  9 12:52:48 PM UTC 2026
flash-cloud-bench-consumer-1 7.09% 35.06MiB / 7.38GiB
flash-cloud-bench-publisher-1 5.52% 35.96MiB / 7.38GiB
flash-cloud-bench-simulator-1 3.08% 34.77MiB / 7.38GiB
flash-cloud-bench-reconciler-1 24.01% 34.75MiB / 7.38GiB
flash-cloud-bench-api-1 88.98% 138MiB / 7.38GiB
flash-cloud-bench-maintenance-1 5.71% 34.96MiB / 7.38GiB
flash-cloud-bench-redis-1 19.67% 52.74MiB / 7.38GiB
flash-cloud-bench-pgbouncer-1 11.04% 1.602MiB / 7.38GiB
flash-cloud-bench-postgres-1 98.24% 180.7MiB / 7.38GiB
flash-cloud-bench-kafka-1 59.43% 987.2MiB / 7.38GiB
flash-cloud-bench-prometheus-1 0.14% 28.79MiB / 7.38GiB
Wed Sep  9 12:53:00 PM UTC 2026
flash-cloud-bench-consumer-1 7.00% 35.05MiB / 7.38GiB
flash-cloud-bench-publisher-1 4.51% 35.96MiB / 7.38GiB
flash-cloud-bench-simulator-1 2.77% 34.79MiB / 7.38GiB
flash-cloud-bench-reconciler-1 20.15% 34.75MiB / 7.38GiB
flash-cloud-bench-api-1 61.50% 141.4MiB / 7.38GiB
flash-cloud-bench-maintenance-1 9.31% 34.96MiB / 7.38GiB
flash-cloud-bench-redis-1 17.21% 52.57MiB / 7.38GiB
flash-cloud-bench-pgbouncer-1 9.92% 1.586MiB / 7.38GiB
flash-cloud-bench-postgres-1 97.94% 180.7MiB / 7.38GiB
flash-cloud-bench-kafka-1 91.69% 995MiB / 7.38GiB
flash-cloud-bench-prometheus-1 0.00% 28.8MiB / 7.38GiB
Wed Sep  9 12:53:12 PM UTC 2026
flash-cloud-bench-consumer-1 6.87% 35.06MiB / 7.38GiB
flash-cloud-bench-publisher-1 5.44% 35.96MiB / 7.38GiB
flash-cloud-bench-simulator-1 2.79% 34.77MiB / 7.38GiB
flash-cloud-bench-reconciler-1 1.27% 34.75MiB / 7.38GiB
flash-cloud-bench-api-1 57.95% 145.7MiB / 7.38GiB
flash-cloud-bench-maintenance-1 6.21% 34.96MiB / 7.38GiB
flash-cloud-bench-redis-1 4.42% 52.54MiB / 7.38GiB
flash-cloud-bench-pgbouncer-1 7.15% 1.609MiB / 7.38GiB
flash-cloud-bench-postgres-1 87.91% 180.7MiB / 7.38GiB
flash-cloud-bench-kafka-1 148.18% 1005MiB / 7.38GiB
flash-cloud-bench-prometheus-1 0.28% 28.8MiB / 7.38GiB
Wed Sep  9 12:53:24 PM UTC 2026
flash-cloud-bench-consumer-1 6.65% 35.05MiB / 7.38GiB
flash-cloud-bench-publisher-1 4.34% 35.96MiB / 7.38GiB
flash-cloud-bench-simulator-1 2.51% 34.77MiB / 7.38GiB
flash-cloud-bench-reconciler-1 20.86% 34.75MiB / 7.38GiB
flash-cloud-bench-api-1 58.19% 145.3MiB / 7.38GiB
flash-cloud-bench-maintenance-1 5.01% 34.96MiB / 7.38GiB
flash-cloud-bench-redis-1 16.96% 52.57MiB / 7.38GiB
flash-cloud-bench-pgbouncer-1 10.61% 1.586MiB / 7.38GiB
flash-cloud-bench-postgres-1 91.50% 180.8MiB / 7.38GiB
flash-cloud-bench-kafka-1 143.42% 1008MiB / 7.38GiB
flash-cloud-bench-prometheus-1 0.35% 28.8MiB / 7.38GiB
Wed Sep  9 12:53:36 PM UTC 2026
flash-cloud-bench-consumer-1 7.07% 35.06MiB / 7.38GiB
flash-cloud-bench-publisher-1 4.88% 35.96MiB / 7.38GiB
flash-cloud-bench-simulator-1 2.74% 34.77MiB / 7.38GiB
flash-cloud-bench-reconciler-1 0.86% 34.75MiB / 7.38GiB
flash-cloud-bench-api-1 71.82% 144.7MiB / 7.38GiB
flash-cloud-bench-maintenance-1 5.06% 34.96MiB / 7.38GiB
flash-cloud-bench-redis-1 3.91% 52.54MiB / 7.38GiB
flash-cloud-bench-pgbouncer-1 6.69% 1.602MiB / 7.38GiB
flash-cloud-bench-postgres-1 91.21% 181.3MiB / 7.38GiB
flash-cloud-bench-kafka-1 153.21% 1017MiB / 7.38GiB
flash-cloud-bench-prometheus-1 0.00% 28.8MiB / 7.38GiB
Wed Sep  9 12:53:48 PM UTC 2026
flash-cloud-bench-consumer-1 7.11% 35.05MiB / 7.38GiB
flash-cloud-bench-publisher-1 4.69% 35.96MiB / 7.38GiB
flash-cloud-bench-simulator-1 2.33% 34.77MiB / 7.38GiB
flash-cloud-bench-reconciler-1 20.58% 34.75MiB / 7.38GiB
flash-cloud-bench-api-1 61.19% 144.3MiB / 7.38GiB
flash-cloud-bench-maintenance-1 3.31% 34.96MiB / 7.38GiB
flash-cloud-bench-redis-1 17.45% 52.68MiB / 7.38GiB
flash-cloud-bench-pgbouncer-1 9.54% 1.582MiB / 7.38GiB
flash-cloud-bench-postgres-1 98.47% 181.2MiB / 7.38GiB
flash-cloud-bench-kafka-1 131.29% 1022MiB / 7.38GiB
flash-cloud-bench-prometheus-1 0.39% 28.8MiB / 7.38GiB
Wed Sep  9 12:54:01 PM UTC 2026
flash-cloud-bench-consumer-1 7.61% 35.05MiB / 7.38GiB
flash-cloud-bench-publisher-1 5.39% 35.96MiB / 7.38GiB
flash-cloud-bench-simulator-1 3.03% 34.77MiB / 7.38GiB
flash-cloud-bench-reconciler-1 19.62% 34.75MiB / 7.38GiB
flash-cloud-bench-api-1 59.70% 144.7MiB / 7.38GiB
flash-cloud-bench-maintenance-1 3.19% 34.96MiB / 7.38GiB
flash-cloud-bench-redis-1 16.25% 52.58MiB / 7.38GiB
flash-cloud-bench-pgbouncer-1 9.28% 1.605MiB / 7.38GiB
flash-cloud-bench-postgres-1 102.73% 181.3MiB / 7.38GiB
flash-cloud-bench-kafka-1 110.36% 1019MiB / 7.38GiB
flash-cloud-bench-prometheus-1 0.00% 28.8MiB / 7.38GiB
Wed Sep  9 12:54:13 PM UTC 2026
flash-cloud-bench-consumer-1 7.50% 35.05MiB / 7.38GiB
flash-cloud-bench-publisher-1 4.66% 35.96MiB / 7.38GiB
flash-cloud-bench-simulator-1 3.04% 34.77MiB / 7.38GiB
flash-cloud-bench-reconciler-1 0.94% 34.75MiB / 7.38GiB
flash-cloud-bench-api-1 65.51% 154.4MiB / 7.38GiB
flash-cloud-bench-maintenance-1 7.61% 34.97MiB / 7.38GiB
flash-cloud-bench-redis-1 3.98% 52.62MiB / 7.38GiB
flash-cloud-bench-pgbouncer-1 6.92% 1.582MiB / 7.38GiB
flash-cloud-bench-postgres-1 99.30% 181.3MiB / 7.38GiB
flash-cloud-bench-kafka-1 62.35% 951.7MiB / 7.38GiB
flash-cloud-bench-prometheus-1 0.36% 28.8MiB / 7.38GiB
Wed Sep  9 12:54:25 PM UTC 2026
flash-cloud-bench-consumer-1 8.26% 35.06MiB / 7.38GiB
flash-cloud-bench-publisher-1 5.51% 35.96MiB / 7.38GiB
flash-cloud-bench-simulator-1 2.91% 34.77MiB / 7.38GiB
flash-cloud-bench-reconciler-1 22.39% 34.75MiB / 7.38GiB
flash-cloud-bench-api-1 59.40% 140.4MiB / 7.38GiB
flash-cloud-bench-maintenance-1 5.41% 34.97MiB / 7.38GiB
flash-cloud-bench-redis-1 18.26% 52.64MiB / 7.38GiB
flash-cloud-bench-pgbouncer-1 10.75% 1.605MiB / 7.38GiB
flash-cloud-bench-postgres-1 106.23% 181.3MiB / 7.38GiB
flash-cloud-bench-kafka-1 50.82% 951.7MiB / 7.38GiB
flash-cloud-bench-prometheus-1 0.00% 28.8MiB / 7.38GiB
Wed Sep  9 12:54:37 PM UTC 2026
flash-cloud-bench-consumer-1 7.36% 35.06MiB / 7.38GiB
flash-cloud-bench-publisher-1 4.31% 35.96MiB / 7.38GiB
flash-cloud-bench-simulator-1 3.34% 34.77MiB / 7.38GiB
flash-cloud-bench-reconciler-1 1.30% 34.75MiB / 7.38GiB
flash-cloud-bench-api-1 63.86% 140.3MiB / 7.38GiB
flash-cloud-bench-maintenance-1 11.21% 34.97MiB / 7.38GiB
flash-cloud-bench-redis-1 5.46% 52.24MiB / 7.38GiB
flash-cloud-bench-pgbouncer-1 7.95% 1.613MiB / 7.38GiB
flash-cloud-bench-postgres-1 89.31% 181.3MiB / 7.38GiB
flash-cloud-bench-kafka-1 3.01% 951.7MiB / 7.38GiB
flash-cloud-bench-prometheus-1 0.27% 28.8MiB / 7.38GiB
Wed Sep  9 12:54:49 PM UTC 2026
flash-cloud-bench-consumer-1 7.26% 35.06MiB / 7.38GiB
flash-cloud-bench-publisher-1 5.42% 35.96MiB / 7.38GiB
flash-cloud-bench-simulator-1 2.94% 34.77MiB / 7.38GiB
flash-cloud-bench-reconciler-1 24.76% 34.75MiB / 7.38GiB
flash-cloud-bench-api-1 63.11% 142.4MiB / 7.38GiB
flash-cloud-bench-maintenance-1 7.48% 34.97MiB / 7.38GiB
flash-cloud-bench-redis-1 20.73% 52.61MiB / 7.38GiB
flash-cloud-bench-pgbouncer-1 11.40% 1.605MiB / 7.38GiB
flash-cloud-bench-postgres-1 105.76% 181.2MiB / 7.38GiB
flash-cloud-bench-kafka-1 2.88% 952.2MiB / 7.38GiB
flash-cloud-bench-prometheus-1 0.37% 28.81MiB / 7.38GiB
Wed Sep  9 12:55:01 PM UTC 2026
flash-cloud-bench-consumer-1 7.44% 35.06MiB / 7.38GiB
flash-cloud-bench-publisher-1 5.08% 35.96MiB / 7.38GiB
flash-cloud-bench-simulator-1 3.07% 34.77MiB / 7.38GiB
flash-cloud-bench-reconciler-1 21.30% 34.75MiB / 7.38GiB
flash-cloud-bench-api-1 94.49% 143.3MiB / 7.38GiB
flash-cloud-bench-maintenance-1 9.28% 34.97MiB / 7.38GiB
flash-cloud-bench-redis-1 19.25% 52.58MiB / 7.38GiB
flash-cloud-bench-pgbouncer-1 11.26% 1.59MiB / 7.38GiB
flash-cloud-bench-postgres-1 97.38% 181.2MiB / 7.38GiB
flash-cloud-bench-kafka-1 2.29% 952.3MiB / 7.38GiB
flash-cloud-bench-prometheus-1 0.00% 28.81MiB / 7.38GiB
Wed Sep  9 12:55:13 PM UTC 2026
flash-cloud-bench-consumer-1 6.99% 35.06MiB / 7.38GiB
flash-cloud-bench-publisher-1 4.92% 35.96MiB / 7.38GiB
flash-cloud-bench-simulator-1 3.36% 34.78MiB / 7.38GiB
flash-cloud-bench-reconciler-1 0.91% 34.75MiB / 7.38GiB
flash-cloud-bench-api-1 56.45% 143.3MiB / 7.38GiB
flash-cloud-bench-maintenance-1 11.52% 34.97MiB / 7.38GiB
flash-cloud-bench-redis-1 6.26% 52.59MiB / 7.38GiB
flash-cloud-bench-pgbouncer-1 8.20% 1.602MiB / 7.38GiB
flash-cloud-bench-postgres-1 91.52% 181.3MiB / 7.38GiB
flash-cloud-bench-kafka-1 2.30% 952.3MiB / 7.38GiB
flash-cloud-bench-prometheus-1 0.40% 28.81MiB / 7.38GiB
Wed Sep  9 12:55:26 PM UTC 2026
flash-cloud-bench-consumer-1 8.67% 35.06MiB / 7.38GiB
flash-cloud-bench-publisher-1 5.23% 35.96MiB / 7.38GiB
flash-cloud-bench-simulator-1 2.96% 34.77MiB / 7.38GiB
flash-cloud-bench-reconciler-1 27.42% 34.75MiB / 7.38GiB
flash-cloud-bench-api-1 64.53% 142.5MiB / 7.38GiB
flash-cloud-bench-maintenance-1 9.57% 34.98MiB / 7.38GiB
flash-cloud-bench-redis-1 24.35% 52.69MiB / 7.38GiB
flash-cloud-bench-pgbouncer-1 12.38% 1.59MiB / 7.38GiB
flash-cloud-bench-postgres-1 102.04% 181.3MiB / 7.38GiB
flash-cloud-bench-kafka-1 2.42% 952.3MiB / 7.38GiB
flash-cloud-bench-prometheus-1 0.00% 28.87MiB / 7.38GiB
Wed Sep  9 12:55:38 PM UTC 2026
flash-cloud-bench-consumer-1 6.84% 35.06MiB / 7.38GiB
flash-cloud-bench-publisher-1 4.48% 35.96MiB / 7.38GiB
flash-cloud-bench-simulator-1 3.76% 34.77MiB / 7.38GiB
flash-cloud-bench-reconciler-1 0.94% 34.75MiB / 7.38GiB
flash-cloud-bench-api-1 58.05% 142.6MiB / 7.38GiB
flash-cloud-bench-maintenance-1 11.62% 34.98MiB / 7.38GiB
flash-cloud-bench-redis-1 6.68% 52.15MiB / 7.38GiB
flash-cloud-bench-pgbouncer-1 7.51% 1.59MiB / 7.38GiB
flash-cloud-bench-postgres-1 91.06% 181.3MiB / 7.38GiB
flash-cloud-bench-kafka-1 2.20% 952.3MiB / 7.38GiB
flash-cloud-bench-prometheus-1 0.34% 28.91MiB / 7.38GiB
Wed Sep  9 12:55:50 PM UTC 2026
flash-cloud-bench-consumer-1 6.92% 35.06MiB / 7.38GiB
flash-cloud-bench-publisher-1 5.33% 35.96MiB / 7.38GiB
flash-cloud-bench-simulator-1 2.72% 34.77MiB / 7.38GiB
flash-cloud-bench-reconciler-1 15.21% 34.75MiB / 7.38GiB
flash-cloud-bench-api-1 89.98% 143.1MiB / 7.38GiB
flash-cloud-bench-maintenance-1 7.26% 34.98MiB / 7.38GiB
flash-cloud-bench-redis-1 15.66% 52.7MiB / 7.38GiB
flash-cloud-bench-pgbouncer-1 9.64% 1.586MiB / 7.38GiB
flash-cloud-bench-postgres-1 99.91% 181.3MiB / 7.38GiB
flash-cloud-bench-kafka-1 2.73% 952.4MiB / 7.38GiB
flash-cloud-bench-prometheus-1 0.00% 28.99MiB / 7.38GiB
Wed Sep  9 12:56:02 PM UTC 2026
flash-cloud-bench-consumer-1 7.28% 35.06MiB / 7.38GiB
flash-cloud-bench-publisher-1 4.76% 35.96MiB / 7.38GiB
flash-cloud-bench-simulator-1 3.03% 34.77MiB / 7.38GiB
flash-cloud-bench-reconciler-1 29.15% 34.75MiB / 7.38GiB
flash-cloud-bench-api-1 56.68% 143MiB / 7.38GiB
flash-cloud-bench-maintenance-1 9.38% 34.99MiB / 7.38GiB
flash-cloud-bench-redis-1 23.85% 52.52MiB / 7.38GiB
flash-cloud-bench-pgbouncer-1 13.01% 1.859MiB / 7.38GiB
flash-cloud-bench-postgres-1 103.69% 181.3MiB / 7.38GiB
flash-cloud-bench-kafka-1 2.39% 952.4MiB / 7.38GiB
flash-cloud-bench-prometheus-1 0.29% 29.05MiB / 7.38GiB
Wed Sep  9 12:56:14 PM UTC 2026
flash-cloud-bench-consumer-1 10.33% 35.06MiB / 7.38GiB
flash-cloud-bench-publisher-1 4.54% 35.96MiB / 7.38GiB
flash-cloud-bench-simulator-1 3.34% 34.77MiB / 7.38GiB
flash-cloud-bench-reconciler-1 0.93% 34.75MiB / 7.38GiB
flash-cloud-bench-api-1 60.93% 142.5MiB / 7.38GiB
flash-cloud-bench-maintenance-1 11.30% 35MiB / 7.38GiB
flash-cloud-bench-redis-1 7.27% 52.53MiB / 7.38GiB
flash-cloud-bench-pgbouncer-1 8.03% 1.586MiB / 7.38GiB
flash-cloud-bench-postgres-1 90.54% 181.3MiB / 7.38GiB
flash-cloud-bench-kafka-1 2.41% 952.4MiB / 7.38GiB
flash-cloud-bench-prometheus-1 0.37% 29.15MiB / 7.38GiB
Wed Sep  9 12:56:26 PM UTC 2026
flash-cloud-bench-consumer-1 11.55% 35.06MiB / 7.38GiB
flash-cloud-bench-publisher-1 3.91% 35.96MiB / 7.38GiB
flash-cloud-bench-simulator-1 2.90% 34.77MiB / 7.38GiB
flash-cloud-bench-reconciler-1 24.47% 34.75MiB / 7.38GiB
flash-cloud-bench-api-1 62.36% 142.8MiB / 7.38GiB
flash-cloud-bench-maintenance-1 9.39% 35MiB / 7.38GiB
flash-cloud-bench-redis-1 21.61% 52.59MiB / 7.38GiB
flash-cloud-bench-pgbouncer-1 11.76% 1.582MiB / 7.38GiB
flash-cloud-bench-postgres-1 100.32% 181.4MiB / 7.38GiB
flash-cloud-bench-kafka-1 2.76% 952.5MiB / 7.38GiB
flash-cloud-bench-prometheus-1 0.26% 29.2MiB / 7.38GiB
Wed Sep  9 12:56:38 PM UTC 2026
flash-cloud-bench-consumer-1 8.85% 35.06MiB / 7.38GiB
flash-cloud-bench-publisher-1 5.15% 35.96MiB / 7.38GiB
flash-cloud-bench-simulator-1 3.47% 34.77MiB / 7.38GiB
flash-cloud-bench-reconciler-1 0.86% 34.75MiB / 7.38GiB
flash-cloud-bench-api-1 62.79% 142.4MiB / 7.38GiB
flash-cloud-bench-maintenance-1 11.08% 35MiB / 7.38GiB
flash-cloud-bench-redis-1 7.78% 52.18MiB / 7.38GiB
flash-cloud-bench-pgbouncer-1 8.06% 1.609MiB / 7.38GiB
flash-cloud-bench-postgres-1 92.99% 181.4MiB / 7.38GiB
flash-cloud-bench-kafka-1 2.48% 952.5MiB / 7.38GiB
flash-cloud-bench-prometheus-1 0.39% 29.2MiB / 7.38GiB
Wed Sep  9 12:56:50 PM UTC 2026
flash-cloud-bench-consumer-1 7.05% 35.06MiB / 7.38GiB
flash-cloud-bench-publisher-1 4.00% 35.96MiB / 7.38GiB
flash-cloud-bench-simulator-1 3.25% 34.77MiB / 7.38GiB
flash-cloud-bench-reconciler-1 1.93% 34.75MiB / 7.38GiB
flash-cloud-bench-api-1 62.91% 142MiB / 7.38GiB
flash-cloud-bench-maintenance-1 9.34% 35.01MiB / 7.38GiB
flash-cloud-bench-redis-1 8.11% 52.62MiB / 7.38GiB
flash-cloud-bench-pgbouncer-1 7.67% 1.586MiB / 7.38GiB
flash-cloud-bench-postgres-1 99.99% 181.3MiB / 7.38GiB
flash-cloud-bench-kafka-1 2.21% 952.5MiB / 7.38GiB
flash-cloud-bench-prometheus-1 0.00% 29.2MiB / 7.38GiB
Wed Sep  9 12:57:03 PM UTC 2026
flash-cloud-bench-consumer-1 8.23% 35.06MiB / 7.38GiB
flash-cloud-bench-publisher-1 4.53% 35.96MiB / 7.38GiB
flash-cloud-bench-simulator-1 3.39% 34.77MiB / 7.38GiB
flash-cloud-bench-reconciler-1 22.92% 34.75MiB / 7.38GiB
flash-cloud-bench-api-1 64.13% 142.2MiB / 7.38GiB
flash-cloud-bench-maintenance-1 9.49% 35.01MiB / 7.38GiB
flash-cloud-bench-redis-1 22.09% 52.53MiB / 7.38GiB
flash-cloud-bench-pgbouncer-1 10.90% 1.598MiB / 7.38GiB
flash-cloud-bench-postgres-1 107.69% 181.3MiB / 7.38GiB
flash-cloud-bench-kafka-1 2.15% 952.6MiB / 7.38GiB
flash-cloud-bench-prometheus-1 0.37% 29.2MiB / 7.38GiB
Wed Sep  9 12:57:15 PM UTC 2026
flash-cloud-bench-consumer-1 8.70% 35.06MiB / 7.38GiB
flash-cloud-bench-publisher-1 4.60% 35.96MiB / 7.38GiB
flash-cloud-bench-simulator-1 3.27% 34.77MiB / 7.38GiB
flash-cloud-bench-reconciler-1 0.91% 34.75MiB / 7.38GiB
flash-cloud-bench-api-1 87.61% 155.6MiB / 7.38GiB
flash-cloud-bench-maintenance-1 10.17% 35.02MiB / 7.38GiB
flash-cloud-bench-redis-1 6.88% 52.64MiB / 7.38GiB
flash-cloud-bench-pgbouncer-1 7.96% 1.609MiB / 7.38GiB
flash-cloud-bench-postgres-1 97.87% 181.4MiB / 7.38GiB
flash-cloud-bench-kafka-1 2.39% 952.6MiB / 7.38GiB
flash-cloud-bench-prometheus-1 0.00% 29.45MiB / 7.38GiB
Wed Sep  9 12:57:27 PM UTC 2026
flash-cloud-bench-consumer-1 9.47% 35.06MiB / 7.38GiB
flash-cloud-bench-publisher-1 4.67% 35.96MiB / 7.38GiB
flash-cloud-bench-simulator-1 2.82% 34.77MiB / 7.38GiB
flash-cloud-bench-reconciler-1 23.47% 34.75MiB / 7.38GiB
flash-cloud-bench-api-1 64.52% 143.2MiB / 7.38GiB
flash-cloud-bench-maintenance-1 8.95% 35.02MiB / 7.38GiB
flash-cloud-bench-redis-1 22.37% 52.61MiB / 7.38GiB
flash-cloud-bench-pgbouncer-1 10.80% 1.586MiB / 7.38GiB
flash-cloud-bench-postgres-1 103.44% 181.4MiB / 7.38GiB
flash-cloud-bench-kafka-1 2.50% 952.6MiB / 7.38GiB
flash-cloud-bench-prometheus-1 0.14% 29.57MiB / 7.38GiB
Wed Sep  9 12:57:39 PM UTC 2026
flash-cloud-bench-consumer-1 8.04% 35.06MiB / 7.38GiB
flash-cloud-bench-publisher-1 4.41% 35.97MiB / 7.38GiB
flash-cloud-bench-simulator-1 3.31% 34.77MiB / 7.38GiB
flash-cloud-bench-reconciler-1 0.93% 34.75MiB / 7.38GiB
flash-cloud-bench-api-1 64.49% 143.3MiB / 7.38GiB
flash-cloud-bench-maintenance-1 11.05% 35.02MiB / 7.38GiB
flash-cloud-bench-redis-1 8.27% 52.09MiB / 7.38GiB
flash-cloud-bench-pgbouncer-1 8.02% 1.609MiB / 7.38GiB
flash-cloud-bench-postgres-1 94.85% 181.4MiB / 7.38GiB
flash-cloud-bench-kafka-1 2.29% 952.6MiB / 7.38GiB
flash-cloud-bench-prometheus-1 0.00% 29.58MiB / 7.38GiB
Wed Sep  9 12:57:51 PM UTC 2026
flash-cloud-bench-consumer-1 7.53% 35.06MiB / 7.38GiB
flash-cloud-bench-publisher-1 4.18% 35.97MiB / 7.38GiB
flash-cloud-bench-simulator-1 3.01% 34.77MiB / 7.38GiB
flash-cloud-bench-reconciler-1 0.96% 34.75MiB / 7.38GiB
flash-cloud-bench-api-1 60.45% 143.3MiB / 7.38GiB
flash-cloud-bench-maintenance-1 7.18% 35.02MiB / 7.38GiB
flash-cloud-bench-redis-1 7.42% 52.61MiB / 7.38GiB
flash-cloud-bench-pgbouncer-1 6.82% 1.602MiB / 7.38GiB
flash-cloud-bench-postgres-1 91.39% 181.5MiB / 7.38GiB
flash-cloud-bench-kafka-1 73.11% 956MiB / 7.38GiB
flash-cloud-bench-prometheus-1 0.25% 29.58MiB / 7.38GiB
Wed Sep  9 12:58:03 PM UTC 2026
flash-cloud-bench-consumer-1 6.61% 35.06MiB / 7.38GiB
flash-cloud-bench-publisher-1 4.49% 35.97MiB / 7.38GiB
flash-cloud-bench-simulator-1 2.85% 34.77MiB / 7.38GiB
flash-cloud-bench-reconciler-1 25.93% 34.75MiB / 7.38GiB
flash-cloud-bench-api-1 91.53% 143.8MiB / 7.38GiB
flash-cloud-bench-maintenance-1 7.50% 35.02MiB / 7.38GiB
flash-cloud-bench-redis-1 23.41% 52.57MiB / 7.38GiB
flash-cloud-bench-pgbouncer-1 11.43% 1.586MiB / 7.38GiB
flash-cloud-bench-postgres-1 101.93% 181.8MiB / 7.38GiB
flash-cloud-bench-kafka-1 4.06% 955.3MiB / 7.38GiB
flash-cloud-bench-prometheus-1 0.39% 29.58MiB / 7.38GiB
Wed Sep  9 12:58:15 PM UTC 2026
flash-cloud-bench-consumer-1 8.16% 35.06MiB / 7.38GiB
flash-cloud-bench-publisher-1 4.64% 35.97MiB / 7.38GiB
flash-cloud-bench-simulator-1 3.48% 34.77MiB / 7.38GiB
flash-cloud-bench-reconciler-1 0.90% 34.75MiB / 7.38GiB
flash-cloud-bench-api-1 57.75% 144.8MiB / 7.38GiB
flash-cloud-bench-maintenance-1 11.30% 35.02MiB / 7.38GiB
flash-cloud-bench-redis-1 6.57% 52.69MiB / 7.38GiB
flash-cloud-bench-pgbouncer-1 8.15% 1.609MiB / 7.38GiB
flash-cloud-bench-postgres-1 88.61% 181.5MiB / 7.38GiB
flash-cloud-bench-kafka-1 2.59% 955.4MiB / 7.38GiB
flash-cloud-bench-prometheus-1 0.00% 29.59MiB / 7.38GiB
Wed Sep  9 12:58:28 PM UTC 2026
flash-cloud-bench-consumer-1 7.08% 35.06MiB / 7.38GiB
flash-cloud-bench-publisher-1 4.45% 35.97MiB / 7.38GiB
flash-cloud-bench-simulator-1 3.51% 34.77MiB / 7.38GiB
flash-cloud-bench-reconciler-1 25.97% 34.75MiB / 7.38GiB
flash-cloud-bench-api-1 63.85% 142.1MiB / 7.38GiB
flash-cloud-bench-maintenance-1 7.79% 35.04MiB / 7.38GiB
flash-cloud-bench-redis-1 23.54% 53MiB / 7.38GiB
flash-cloud-bench-pgbouncer-1 11.57% 1.598MiB / 7.38GiB
flash-cloud-bench-postgres-1 107.53% 181.6MiB / 7.38GiB
flash-cloud-bench-kafka-1 3.93% 955.4MiB / 7.38GiB
flash-cloud-bench-prometheus-1 0.13% 29.59MiB / 7.38GiB
Wed Sep  9 12:58:40 PM UTC 2026
flash-cloud-bench-consumer-1 7.00% 35.06MiB / 7.38GiB
flash-cloud-bench-publisher-1 4.72% 35.97MiB / 7.38GiB
flash-cloud-bench-simulator-1 3.10% 34.77MiB / 7.38GiB
flash-cloud-bench-reconciler-1 0.92% 34.75MiB / 7.38GiB
flash-cloud-bench-api-1 62.59% 141.9MiB / 7.38GiB
flash-cloud-bench-maintenance-1 11.03% 35.02MiB / 7.38GiB
flash-cloud-bench-redis-1 5.85% 52.3MiB / 7.38GiB
flash-cloud-bench-pgbouncer-1 8.00% 1.602MiB / 7.38GiB
flash-cloud-bench-postgres-1 90.56% 181.8MiB / 7.38GiB
flash-cloud-bench-kafka-1 2.36% 955.7MiB / 7.38GiB
flash-cloud-bench-prometheus-1 0.00% 29.59MiB / 7.38GiB
Wed Sep  9 12:58:52 PM UTC 2026
flash-cloud-bench-consumer-1 7.01% 35.06MiB / 7.38GiB
flash-cloud-bench-publisher-1 4.67% 35.97MiB / 7.38GiB
flash-cloud-bench-simulator-1 2.87% 34.79MiB / 7.38GiB
flash-cloud-bench-reconciler-1 1.31% 34.75MiB / 7.38GiB
flash-cloud-bench-api-1 89.79% 142.3MiB / 7.38GiB
flash-cloud-bench-maintenance-1 10.07% 35.02MiB / 7.38GiB
flash-cloud-bench-redis-1 5.33% 52.66MiB / 7.38GiB
flash-cloud-bench-pgbouncer-1 7.77% 1.605MiB / 7.38GiB
flash-cloud-bench-postgres-1 99.81% 181.6MiB / 7.38GiB
flash-cloud-bench-kafka-1 2.36% 954.4MiB / 7.38GiB
flash-cloud-bench-prometheus-1 0.16% 29.59MiB / 7.38GiB
Wed Sep  9 12:59:04 PM UTC 2026
flash-cloud-bench-consumer-1 7.13% 35.06MiB / 7.38GiB
flash-cloud-bench-publisher-1 4.49% 35.97MiB / 7.38GiB
flash-cloud-bench-simulator-1 2.79% 34.77MiB / 7.38GiB
flash-cloud-bench-reconciler-1 29.57% 34.75MiB / 7.38GiB
flash-cloud-bench-api-1 62.91% 140.5MiB / 7.38GiB
flash-cloud-bench-maintenance-1 9.33% 35.02MiB / 7.38GiB
flash-cloud-bench-redis-1 24.28% 52.64MiB / 7.38GiB
flash-cloud-bench-pgbouncer-1 12.68% 1.582MiB / 7.38GiB
flash-cloud-bench-postgres-1 102.54% 181.6MiB / 7.38GiB
flash-cloud-bench-kafka-1 2.40% 954.5MiB / 7.38GiB
flash-cloud-bench-prometheus-1 0.33% 29.59MiB / 7.38GiB
Wed Sep  9 12:59:16 PM UTC 2026
flash-cloud-bench-consumer-1 7.06% 35.06MiB / 7.38GiB
flash-cloud-bench-publisher-1 4.35% 35.97MiB / 7.38GiB
flash-cloud-bench-simulator-1 3.04% 34.77MiB / 7.38GiB
flash-cloud-bench-reconciler-1 0.88% 34.75MiB / 7.38GiB
flash-cloud-bench-api-1 63.02% 139.5MiB / 7.38GiB
flash-cloud-bench-maintenance-1 11.10% 35.02MiB / 7.38GiB
flash-cloud-bench-redis-1 4.22% 52.59MiB / 7.38GiB
flash-cloud-bench-pgbouncer-1 7.86% 1.59MiB / 7.38GiB
flash-cloud-bench-postgres-1 90.37% 181.6MiB / 7.38GiB
flash-cloud-bench-kafka-1 2.15% 954.5MiB / 7.38GiB
flash-cloud-bench-prometheus-1 1.47% 29.77MiB / 7.38GiB
Wed Sep  9 12:59:28 PM UTC 2026
flash-cloud-bench-consumer-1 7.47% 35.06MiB / 7.38GiB
flash-cloud-bench-publisher-1 4.78% 35.97MiB / 7.38GiB
flash-cloud-bench-simulator-1 2.98% 34.77MiB / 7.38GiB
flash-cloud-bench-reconciler-1 26.86% 34.75MiB / 7.38GiB
flash-cloud-bench-api-1 68.67% 151.5MiB / 7.38GiB
flash-cloud-bench-maintenance-1 8.48% 35.02MiB / 7.38GiB
flash-cloud-bench-redis-1 21.12% 52.85MiB / 7.38GiB
flash-cloud-bench-pgbouncer-1 12.01% 1.613MiB / 7.38GiB
flash-cloud-bench-postgres-1 103.10% 181.6MiB / 7.38GiB
flash-cloud-bench-kafka-1 2.40% 954.6MiB / 7.38GiB
flash-cloud-bench-prometheus-1 0.20% 29.79MiB / 7.38GiB
Wed Sep  9 12:59:40 PM UTC 2026
flash-cloud-bench-consumer-1 6.69% 35.06MiB / 7.38GiB
flash-cloud-bench-publisher-1 4.47% 35.97MiB / 7.38GiB
flash-cloud-bench-simulator-1 3.32% 34.78MiB / 7.38GiB
flash-cloud-bench-reconciler-1 4.13% 34.75MiB / 7.38GiB
flash-cloud-bench-api-1 90.69% 140.4MiB / 7.38GiB
flash-cloud-bench-maintenance-1 11.38% 35.02MiB / 7.38GiB
flash-cloud-bench-redis-1 8.03% 52.39MiB / 7.38GiB
flash-cloud-bench-pgbouncer-1 8.51% 1.586MiB / 7.38GiB
flash-cloud-bench-postgres-1 90.89% 181.6MiB / 7.38GiB
flash-cloud-bench-kafka-1 2.29% 954.6MiB / 7.38GiB
flash-cloud-bench-prometheus-1 0.00% 29.78MiB / 7.38GiB
Wed Sep  9 12:59:52 PM UTC 2026
flash-cloud-bench-consumer-1 6.38% 35.06MiB / 7.38GiB
flash-cloud-bench-publisher-1 4.83% 35.98MiB / 7.38GiB
flash-cloud-bench-simulator-1 3.57% 34.77MiB / 7.38GiB
flash-cloud-bench-reconciler-1 1.23% 34.75MiB / 7.38GiB
flash-cloud-bench-api-1 56.68% 139.9MiB / 7.38GiB
flash-cloud-bench-maintenance-1 11.11% 35.02MiB / 7.38GiB
flash-cloud-bench-redis-1 4.34% 52.62MiB / 7.38GiB
flash-cloud-bench-pgbouncer-1 7.98% 1.609MiB / 7.38GiB
flash-cloud-bench-postgres-1 95.78% 181.9MiB / 7.38GiB
flash-cloud-bench-kafka-1 2.26% 954.6MiB / 7.38GiB
flash-cloud-bench-prometheus-1 0.25% 29.78MiB / 7.38GiB
Wed Sep  9 01:00:05 PM UTC 2026
flash-cloud-bench-consumer-1 6.89% 35.06MiB / 7.38GiB
flash-cloud-bench-publisher-1 4.49% 35.97MiB / 7.38GiB
flash-cloud-bench-simulator-1 2.84% 34.77MiB / 7.38GiB
flash-cloud-bench-reconciler-1 22.62% 34.75MiB / 7.38GiB
flash-cloud-bench-api-1 61.16% 139.4MiB / 7.38GiB
flash-cloud-bench-maintenance-1 9.25% 35.02MiB / 7.38GiB
flash-cloud-bench-redis-1 18.66% 52.59MiB / 7.38GiB
flash-cloud-bench-pgbouncer-1 11.55% 1.582MiB / 7.38GiB
flash-cloud-bench-postgres-1 105.31% 181.6MiB / 7.38GiB
flash-cloud-bench-kafka-1 2.45% 954.7MiB / 7.38GiB
flash-cloud-bench-prometheus-1 0.00% 29.79MiB / 7.38GiB
Wed Sep  9 01:00:17 PM UTC 2026
flash-cloud-bench-consumer-1 6.83% 35.06MiB / 7.38GiB
flash-cloud-bench-publisher-1 4.56% 35.98MiB / 7.38GiB
flash-cloud-bench-simulator-1 3.26% 34.77MiB / 7.38GiB
flash-cloud-bench-reconciler-1 1.30% 34.75MiB / 7.38GiB
flash-cloud-bench-api-1 62.20% 140.1MiB / 7.38GiB
flash-cloud-bench-maintenance-1 9.27% 35.02MiB / 7.38GiB
flash-cloud-bench-redis-1 4.23% 52MiB / 7.38GiB
flash-cloud-bench-pgbouncer-1 7.31% 1.594MiB / 7.38GiB
flash-cloud-bench-postgres-1 97.42% 181.7MiB / 7.38GiB
flash-cloud-bench-kafka-1 2.90% 954.8MiB / 7.38GiB
flash-cloud-bench-prometheus-1 0.14% 29.79MiB / 7.38GiB
Wed Sep  9 01:00:29 PM UTC 2026
flash-cloud-bench-consumer-1 7.78% 35.07MiB / 7.38GiB
flash-cloud-bench-publisher-1 4.34% 35.97MiB / 7.38GiB
flash-cloud-bench-simulator-1 2.75% 34.77MiB / 7.38GiB
flash-cloud-bench-reconciler-1 24.07% 34.75MiB / 7.38GiB
flash-cloud-bench-api-1 60.12% 139.6MiB / 7.38GiB
flash-cloud-bench-maintenance-1 8.35% 35.02MiB / 7.38GiB
flash-cloud-bench-redis-1 19.33% 52.87MiB / 7.38GiB
flash-cloud-bench-pgbouncer-1 11.45% 1.598MiB / 7.38GiB
flash-cloud-bench-postgres-1 108.66% 181.7MiB / 7.38GiB
flash-cloud-bench-kafka-1 2.44% 954.8MiB / 7.38GiB
flash-cloud-bench-prometheus-1 0.00% 29.79MiB / 7.38GiB
Wed Sep  9 01:00:41 PM UTC 2026
flash-cloud-bench-consumer-1 6.79% 35.06MiB / 7.38GiB
flash-cloud-bench-publisher-1 4.58% 35.98MiB / 7.38GiB
flash-cloud-bench-simulator-1 3.15% 34.77MiB / 7.38GiB
flash-cloud-bench-reconciler-1 11.30% 34.75MiB / 7.38GiB
flash-cloud-bench-api-1 59.93% 140.2MiB / 7.38GiB
flash-cloud-bench-maintenance-1 9.22% 35.02MiB / 7.38GiB
flash-cloud-bench-redis-1 11.50% 52.38MiB / 7.38GiB
flash-cloud-bench-pgbouncer-1 9.35% 1.582MiB / 7.38GiB
flash-cloud-bench-postgres-1 100.61% 181.7MiB / 7.38GiB
flash-cloud-bench-kafka-1 2.35% 954.8MiB / 7.38GiB
flash-cloud-bench-prometheus-1 0.27% 29.79MiB / 7.38GiB
Wed Sep  9 01:00:53 PM UTC 2026
flash-cloud-bench-consumer-1 6.46% 35.07MiB / 7.38GiB
flash-cloud-bench-publisher-1 4.73% 35.98MiB / 7.38GiB
flash-cloud-bench-simulator-1 3.34% 34.77MiB / 7.38GiB
flash-cloud-bench-reconciler-1 0.89% 34.75MiB / 7.38GiB
flash-cloud-bench-api-1 56.17% 140.9MiB / 7.38GiB
flash-cloud-bench-maintenance-1 9.49% 35.02MiB / 7.38GiB
flash-cloud-bench-redis-1 4.26% 52.55MiB / 7.38GiB
flash-cloud-bench-pgbouncer-1 7.48% 1.59MiB / 7.38GiB
flash-cloud-bench-postgres-1 94.33% 181.7MiB / 7.38GiB
flash-cloud-bench-kafka-1 2.29% 954.9MiB / 7.38GiB
flash-cloud-bench-prometheus-1 0.35% 29.79MiB / 7.38GiB
Wed Sep  9 01:01:05 PM UTC 2026
flash-cloud-bench-consumer-1 7.52% 35.07MiB / 7.38GiB
flash-cloud-bench-publisher-1 4.54% 35.98MiB / 7.38GiB
flash-cloud-bench-simulator-1 2.84% 34.77MiB / 7.38GiB
flash-cloud-bench-reconciler-1 21.35% 34.75MiB / 7.38GiB
flash-cloud-bench-api-1 91.96% 141.6MiB / 7.38GiB
flash-cloud-bench-maintenance-1 6.99% 35.02MiB / 7.38GiB
flash-cloud-bench-redis-1 23.74% 52.62MiB / 7.38GiB
flash-cloud-bench-pgbouncer-1 12.11% 1.613MiB / 7.38GiB
flash-cloud-bench-postgres-1 101.38% 181.7MiB / 7.38GiB
flash-cloud-bench-kafka-1 4.05% 954.9MiB / 7.38GiB
flash-cloud-bench-prometheus-1 0.00% 29.79MiB / 7.38GiB
Wed Sep  9 01:01:17 PM UTC 2026
flash-cloud-bench-consumer-1 6.95% 35.07MiB / 7.38GiB
flash-cloud-bench-publisher-1 4.77% 35.98MiB / 7.38GiB
flash-cloud-bench-simulator-1 3.58% 34.77MiB / 7.38GiB
flash-cloud-bench-reconciler-1 1.17% 34.75MiB / 7.38GiB
flash-cloud-bench-api-1 57.16% 141.6MiB / 7.38GiB
flash-cloud-bench-maintenance-1 10.04% 35.02MiB / 7.38GiB
flash-cloud-bench-redis-1 4.50% 52.18MiB / 7.38GiB
flash-cloud-bench-pgbouncer-1 7.64% 1.582MiB / 7.38GiB
flash-cloud-bench-postgres-1 93.31% 181.7MiB / 7.38GiB
flash-cloud-bench-kafka-1 2.08% 955.1MiB / 7.38GiB
flash-cloud-bench-prometheus-1 0.25% 29.79MiB / 7.38GiB
Wed Sep  9 01:01:29 PM UTC 2026
flash-cloud-bench-consumer-1 7.47% 35.07MiB / 7.38GiB
flash-cloud-bench-publisher-1 5.00% 35.98MiB / 7.38GiB
flash-cloud-bench-simulator-1 2.96% 34.79MiB / 7.38GiB
flash-cloud-bench-reconciler-1 26.36% 34.75MiB / 7.38GiB
flash-cloud-bench-api-1 61.67% 140.6MiB / 7.38GiB
flash-cloud-bench-maintenance-1 9.32% 35.02MiB / 7.38GiB
flash-cloud-bench-redis-1 22.32% 52.59MiB / 7.38GiB
flash-cloud-bench-pgbouncer-1 12.43% 1.586MiB / 7.38GiB
flash-cloud-bench-postgres-1 103.89% 181.8MiB / 7.38GiB
flash-cloud-bench-kafka-1 2.38% 955.1MiB / 7.38GiB
flash-cloud-bench-prometheus-1 0.10% 29.79MiB / 7.38GiB
Wed Sep  9 01:01:42 PM UTC 2026
flash-cloud-bench-consumer-1 6.52% 35.07MiB / 7.38GiB
flash-cloud-bench-publisher-1 4.75% 35.98MiB / 7.38GiB
flash-cloud-bench-simulator-1 3.24% 34.77MiB / 7.38GiB
flash-cloud-bench-reconciler-1 20.95% 34.75MiB / 7.38GiB
flash-cloud-bench-api-1 60.91% 140.8MiB / 7.38GiB
flash-cloud-bench-maintenance-1 8.79% 35.02MiB / 7.38GiB
flash-cloud-bench-redis-1 17.88% 52.46MiB / 7.38GiB
flash-cloud-bench-pgbouncer-1 11.07% 1.598MiB / 7.38GiB
flash-cloud-bench-postgres-1 115.81% 197.9MiB / 7.38GiB
flash-cloud-bench-kafka-1 2.10% 955.2MiB / 7.38GiB
flash-cloud-bench-prometheus-1 0.21% 29.79MiB / 7.38GiB
Wed Sep  9 01:01:54 PM UTC 2026
flash-cloud-bench-consumer-1 6.81% 35.08MiB / 7.38GiB
flash-cloud-bench-publisher-1 4.42% 35.98MiB / 7.38GiB
flash-cloud-bench-simulator-1 3.01% 34.77MiB / 7.38GiB
flash-cloud-bench-reconciler-1 0.90% 34.75MiB / 7.38GiB
flash-cloud-bench-api-1 76.94% 141.3MiB / 7.38GiB
flash-cloud-bench-maintenance-1 9.24% 35.02MiB / 7.38GiB
flash-cloud-bench-redis-1 4.51% 52.64MiB / 7.38GiB
flash-cloud-bench-pgbouncer-1 7.40% 1.578MiB / 7.38GiB
flash-cloud-bench-postgres-1 93.34% 181.8MiB / 7.38GiB
flash-cloud-bench-kafka-1 2.22% 955.3MiB / 7.38GiB
flash-cloud-bench-prometheus-1 0.39% 29.79MiB / 7.38GiB
Wed Sep  9 01:02:06 PM UTC 2026
flash-cloud-bench-consumer-1 7.89% 35.08MiB / 7.38GiB
flash-cloud-bench-publisher-1 5.46% 35.98MiB / 7.38GiB
flash-cloud-bench-simulator-1 3.07% 34.77MiB / 7.38GiB
flash-cloud-bench-reconciler-1 22.96% 34.75MiB / 7.38GiB
flash-cloud-bench-api-1 60.80% 142.4MiB / 7.38GiB
flash-cloud-bench-maintenance-1 9.28% 35.02MiB / 7.38GiB
flash-cloud-bench-redis-1 19.77% 52.69MiB / 7.38GiB
flash-cloud-bench-pgbouncer-1 11.80% 1.59MiB / 7.38GiB
flash-cloud-bench-postgres-1 101.86% 181.8MiB / 7.38GiB
flash-cloud-bench-kafka-1 5.84% 955.3MiB / 7.38GiB
flash-cloud-bench-prometheus-1 0.26% 29.79MiB / 7.38GiB
Wed Sep  9 01:02:18 PM UTC 2026
flash-cloud-bench-consumer-1 6.95% 35.09MiB / 7.38GiB
flash-cloud-bench-publisher-1 4.71% 35.98MiB / 7.38GiB
flash-cloud-bench-simulator-1 3.15% 34.77MiB / 7.38GiB
flash-cloud-bench-reconciler-1 0.90% 34.75MiB / 7.38GiB
flash-cloud-bench-api-1 63.83% 141.6MiB / 7.38GiB
flash-cloud-bench-maintenance-1 11.34% 35.02MiB / 7.38GiB
flash-cloud-bench-redis-1 4.87% 52.2MiB / 7.38GiB
flash-cloud-bench-pgbouncer-1 8.08% 1.598MiB / 7.38GiB
flash-cloud-bench-postgres-1 91.33% 181.8MiB / 7.38GiB
flash-cloud-bench-kafka-1 2.31% 955.4MiB / 7.38GiB
flash-cloud-bench-prometheus-1 0.13% 29.79MiB / 7.38GiB
Wed Sep  9 01:02:30 PM UTC 2026
flash-cloud-bench-consumer-1 6.84% 35.09MiB / 7.38GiB
flash-cloud-bench-publisher-1 4.26% 35.98MiB / 7.38GiB
flash-cloud-bench-simulator-1 3.28% 34.77MiB / 7.38GiB
flash-cloud-bench-reconciler-1 22.22% 35MiB / 7.38GiB
flash-cloud-bench-api-1 66.59% 142.5MiB / 7.38GiB
flash-cloud-bench-maintenance-1 9.38% 35.02MiB / 7.38GiB
flash-cloud-bench-redis-1 17.82% 52.53MiB / 7.38GiB
flash-cloud-bench-pgbouncer-1 11.48% 1.598MiB / 7.38GiB
flash-cloud-bench-postgres-1 97.08% 181.9MiB / 7.38GiB
flash-cloud-bench-kafka-1 18.71% 956.2MiB / 7.38GiB
flash-cloud-bench-prometheus-1 0.00% 29.79MiB / 7.38GiB
Wed Sep  9 01:02:42 PM UTC 2026
flash-cloud-bench-consumer-1 6.69% 35.09MiB / 7.38GiB
flash-cloud-bench-publisher-1 5.36% 35.98MiB / 7.38GiB
flash-cloud-bench-simulator-1 2.76% 34.77MiB / 7.38GiB
flash-cloud-bench-reconciler-1 20.51% 34.75MiB / 7.38GiB
flash-cloud-bench-api-1 66.07% 142.7MiB / 7.38GiB
flash-cloud-bench-maintenance-1 7.23% 35.02MiB / 7.38GiB
flash-cloud-bench-redis-1 18.13% 52.55MiB / 7.38GiB
flash-cloud-bench-pgbouncer-1 10.39% 1.605MiB / 7.38GiB
flash-cloud-bench-postgres-1 136.00% 181.8MiB / 7.38GiB
flash-cloud-bench-kafka-1 38.90% 975.8MiB / 7.38GiB
flash-cloud-bench-prometheus-1 0.27% 29.79MiB / 7.38GiB
Wed Sep  9 01:02:54 PM UTC 2026
flash-cloud-bench-consumer-1 7.32% 35.09MiB / 7.38GiB
flash-cloud-bench-publisher-1 4.49% 35.98MiB / 7.38GiB
flash-cloud-bench-simulator-1 2.80% 34.79MiB / 7.38GiB
flash-cloud-bench-reconciler-1 0.91% 34.75MiB / 7.38GiB
flash-cloud-bench-api-1 58.99% 141.9MiB / 7.38GiB
flash-cloud-bench-maintenance-1 9.31% 35.02MiB / 7.38GiB
flash-cloud-bench-redis-1 4.73% 52.67MiB / 7.38GiB
flash-cloud-bench-pgbouncer-1 7.75% 1.844MiB / 7.38GiB
flash-cloud-bench-postgres-1 89.31% 182.4MiB / 7.38GiB
flash-cloud-bench-kafka-1 74.14% 994.6MiB / 7.38GiB
flash-cloud-bench-prometheus-1 0.14% 29.79MiB / 7.38GiB
Wed Sep  9 01:03:06 PM UTC 2026
flash-cloud-bench-consumer-1 6.77% 35.09MiB / 7.38GiB
flash-cloud-bench-publisher-1 5.29% 35.98MiB / 7.38GiB
flash-cloud-bench-simulator-1 2.72% 34.77MiB / 7.38GiB
flash-cloud-bench-reconciler-1 16.63% 34.75MiB / 7.38GiB
flash-cloud-bench-api-1 67.48% 141.1MiB / 7.38GiB
flash-cloud-bench-maintenance-1 5.16% 35.02MiB / 7.38GiB
flash-cloud-bench-redis-1 15.73% 52.62MiB / 7.38GiB
flash-cloud-bench-pgbouncer-1 9.50% 1.586MiB / 7.38GiB
flash-cloud-bench-postgres-1 91.80% 182.3MiB / 7.38GiB
flash-cloud-bench-kafka-1 126.12% 1004MiB / 7.38GiB
flash-cloud-bench-prometheus-1 0.13% 29.79MiB / 7.38GiB
Wed Sep  9 01:03:19 PM UTC 2026
flash-cloud-bench-consumer-1 7.54% 35.1MiB / 7.38GiB
flash-cloud-bench-publisher-1 5.65% 35.98MiB / 7.38GiB
flash-cloud-bench-simulator-1 2.58% 34.77MiB / 7.38GiB
flash-cloud-bench-reconciler-1 1.00% 34.75MiB / 7.38GiB
flash-cloud-bench-api-1 89.39% 141.1MiB / 7.38GiB
flash-cloud-bench-maintenance-1 3.14% 35.02MiB / 7.38GiB
flash-cloud-bench-redis-1 4.41% 52.24MiB / 7.38GiB
flash-cloud-bench-pgbouncer-1 7.71% 1.582MiB / 7.38GiB
flash-cloud-bench-postgres-1 93.90% 182.6MiB / 7.38GiB
flash-cloud-bench-kafka-1 146.10% 1011MiB / 7.38GiB
flash-cloud-bench-prometheus-1 0.00% 29.91MiB / 7.38GiB
Wed Sep  9 01:03:31 PM UTC 2026
flash-cloud-bench-consumer-1 8.26% 35.09MiB / 7.38GiB
flash-cloud-bench-publisher-1 5.29% 35.98MiB / 7.38GiB
flash-cloud-bench-simulator-1 2.57% 34.77MiB / 7.38GiB
flash-cloud-bench-reconciler-1 19.37% 34.75MiB / 7.38GiB
flash-cloud-bench-api-1 59.92% 141.5MiB / 7.38GiB
flash-cloud-bench-maintenance-1 3.12% 35.02MiB / 7.38GiB
flash-cloud-bench-redis-1 16.41% 52.71MiB / 7.38GiB
flash-cloud-bench-pgbouncer-1 9.37% 1.594MiB / 7.38GiB
flash-cloud-bench-postgres-1 99.36% 182.3MiB / 7.38GiB
flash-cloud-bench-kafka-1 141.45% 1017MiB / 7.38GiB
flash-cloud-bench-prometheus-1 0.26% 30.01MiB / 7.38GiB
Wed Sep  9 01:03:43 PM UTC 2026
flash-cloud-bench-consumer-1 7.24% 35.09MiB / 7.38GiB
flash-cloud-bench-publisher-1 5.07% 35.98MiB / 7.38GiB
flash-cloud-bench-simulator-1 2.66% 34.77MiB / 7.38GiB
flash-cloud-bench-reconciler-1 16.60% 34.75MiB / 7.38GiB
flash-cloud-bench-api-1 55.84% 142.3MiB / 7.38GiB
flash-cloud-bench-maintenance-1 3.62% 35.02MiB / 7.38GiB
flash-cloud-bench-redis-1 14.64% 52.54MiB / 7.38GiB
flash-cloud-bench-pgbouncer-1 9.00% 1.598MiB / 7.38GiB
flash-cloud-bench-postgres-1 98.58% 182.3MiB / 7.38GiB
flash-cloud-bench-kafka-1 139.00% 1.001GiB / 7.38GiB
flash-cloud-bench-prometheus-1 0.38% 30.08MiB / 7.38GiB
Wed Sep  9 01:03:55 PM UTC 2026
flash-cloud-bench-consumer-1 7.34% 35.09MiB / 7.38GiB
flash-cloud-bench-publisher-1 5.02% 35.98MiB / 7.38GiB
flash-cloud-bench-simulator-1 2.99% 34.77MiB / 7.38GiB
flash-cloud-bench-reconciler-1 0.94% 34.75MiB / 7.38GiB
flash-cloud-bench-api-1 63.01% 143.1MiB / 7.38GiB
flash-cloud-bench-maintenance-1 7.15% 35.02MiB / 7.38GiB
flash-cloud-bench-redis-1 4.99% 52.6MiB / 7.38GiB
flash-cloud-bench-pgbouncer-1 6.97% 1.594MiB / 7.38GiB
flash-cloud-bench-postgres-1 95.71% 182.4MiB / 7.38GiB
flash-cloud-bench-kafka-1 94.89% 955.6MiB / 7.38GiB
flash-cloud-bench-prometheus-1 0.00% 30.11MiB / 7.38GiB
Wed Sep  9 01:04:07 PM UTC 2026
flash-cloud-bench-consumer-1 8.81% 35.1MiB / 7.38GiB
flash-cloud-bench-publisher-1 6.55% 35.98MiB / 7.38GiB
flash-cloud-bench-simulator-1 2.78% 34.77MiB / 7.38GiB
flash-cloud-bench-reconciler-1 23.18% 34.75MiB / 7.38GiB
flash-cloud-bench-api-1 86.04% 143.6MiB / 7.38GiB
flash-cloud-bench-maintenance-1 3.36% 35.02MiB / 7.38GiB
flash-cloud-bench-redis-1 19.05% 52.66MiB / 7.38GiB
flash-cloud-bench-pgbouncer-1 10.29% 1.59MiB / 7.38GiB
flash-cloud-bench-postgres-1 109.64% 182.4MiB / 7.38GiB
flash-cloud-bench-kafka-1 72.97% 955.6MiB / 7.38GiB
flash-cloud-bench-prometheus-1 0.48% 30.11MiB / 7.38GiB
Wed Sep  9 01:04:19 PM UTC 2026
flash-cloud-bench-consumer-1 7.44% 35.09MiB / 7.38GiB
flash-cloud-bench-publisher-1 5.30% 35.98MiB / 7.38GiB
flash-cloud-bench-simulator-1 3.12% 34.77MiB / 7.38GiB
flash-cloud-bench-reconciler-1 0.85% 34.75MiB / 7.38GiB
flash-cloud-bench-api-1 65.23% 143.8MiB / 7.38GiB
flash-cloud-bench-maintenance-1 9.31% 35.02MiB / 7.38GiB
flash-cloud-bench-redis-1 5.24% 52.21MiB / 7.38GiB
flash-cloud-bench-pgbouncer-1 7.97% 1.594MiB / 7.38GiB
flash-cloud-bench-postgres-1 89.65% 182.5MiB / 7.38GiB
flash-cloud-bench-kafka-1 35.01% 955.6MiB / 7.38GiB
flash-cloud-bench-prometheus-1 0.00% 30.11MiB / 7.38GiB
Wed Sep  9 01:04:31 PM UTC 2026
flash-cloud-bench-consumer-1 8.86% 35.1MiB / 7.38GiB
flash-cloud-bench-publisher-1 5.00% 35.98MiB / 7.38GiB
flash-cloud-bench-simulator-1 2.90% 34.78MiB / 7.38GiB
flash-cloud-bench-reconciler-1 16.18% 34.75MiB / 7.38GiB
flash-cloud-bench-api-1 62.70% 145.1MiB / 7.38GiB
flash-cloud-bench-maintenance-1 5.51% 35.02MiB / 7.38GiB
flash-cloud-bench-redis-1 14.14% 52.65MiB / 7.38GiB
flash-cloud-bench-pgbouncer-1 9.25% 1.586MiB / 7.38GiB
flash-cloud-bench-postgres-1 107.02% 182.5MiB / 7.38GiB
flash-cloud-bench-kafka-1 142.19% 1GiB / 7.38GiB
flash-cloud-bench-prometheus-1 0.16% 30.12MiB / 7.38GiB
Wed Sep  9 01:04:44 PM UTC 2026
flash-cloud-bench-consumer-1 7.42% 35.1MiB / 7.38GiB
flash-cloud-bench-publisher-1 5.06% 35.98MiB / 7.38GiB
flash-cloud-bench-simulator-1 2.90% 34.77MiB / 7.38GiB
flash-cloud-bench-reconciler-1 21.64% 34.75MiB / 7.38GiB
flash-cloud-bench-api-1 58.24% 143.9MiB / 7.38GiB
flash-cloud-bench-maintenance-1 3.31% 35.02MiB / 7.38GiB
flash-cloud-bench-redis-1 19.59% 52.63MiB / 7.38GiB
flash-cloud-bench-pgbouncer-1 9.73% 1.586MiB / 7.38GiB
flash-cloud-bench-postgres-1 106.37% 182.7MiB / 7.38GiB
flash-cloud-bench-kafka-1 119.12% 1GiB / 7.38GiB
flash-cloud-bench-prometheus-1 0.35% 30.12MiB / 7.38GiB
Wed Sep  9 01:04:55 PM UTC 2026
flash-cloud-bench-consumer-1 7.43% 35.09MiB / 7.38GiB
flash-cloud-bench-publisher-1 5.05% 35.98MiB / 7.38GiB
flash-cloud-bench-simulator-1 2.54% 35.03MiB / 7.38GiB
flash-cloud-bench-reconciler-1 0.88% 34.75MiB / 7.38GiB
flash-cloud-bench-api-1 85.03% 143.8MiB / 7.38GiB
flash-cloud-bench-maintenance-1 5.30% 35.02MiB / 7.38GiB
flash-cloud-bench-redis-1 6.57% 52.62MiB / 7.38GiB
flash-cloud-bench-pgbouncer-1 6.27% 1.59MiB / 7.38GiB
flash-cloud-bench-postgres-1 91.00% 182.5MiB / 7.38GiB
flash-cloud-bench-kafka-1 87.75% 955.7MiB / 7.38GiB
flash-cloud-bench-prometheus-1 0.00% 30.12MiB / 7.38GiB
Wed Sep  9 01:05:07 PM UTC 2026
flash-cloud-bench-consumer-1 8.30% 35.1MiB / 7.38GiB
flash-cloud-bench-publisher-1 5.66% 35.98MiB / 7.38GiB
flash-cloud-bench-simulator-1 2.55% 34.77MiB / 7.38GiB
flash-cloud-bench-reconciler-1 23.19% 34.75MiB / 7.38GiB
flash-cloud-bench-api-1 65.32% 145.6MiB / 7.38GiB
flash-cloud-bench-maintenance-1 3.43% 35.02MiB / 7.38GiB
flash-cloud-bench-redis-1 21.81% 52.68MiB / 7.38GiB
flash-cloud-bench-pgbouncer-1 10.33% 1.602MiB / 7.38GiB
flash-cloud-bench-postgres-1 106.68% 182.5MiB / 7.38GiB
flash-cloud-bench-kafka-1 77.02% 955.7MiB / 7.38GiB
flash-cloud-bench-prometheus-1 0.27% 30.12MiB / 7.38GiB
Wed Sep  9 01:05:19 PM UTC 2026
flash-cloud-bench-consumer-1 9.06% 35.09MiB / 7.38GiB
flash-cloud-bench-publisher-1 4.28% 35.98MiB / 7.38GiB
flash-cloud-bench-simulator-1 3.23% 34.77MiB / 7.38GiB
flash-cloud-bench-reconciler-1 0.92% 34.75MiB / 7.38GiB
flash-cloud-bench-api-1 58.60% 145.5MiB / 7.38GiB
flash-cloud-bench-maintenance-1 7.48% 35.02MiB / 7.38GiB
flash-cloud-bench-redis-1 6.71% 52.23MiB / 7.38GiB
flash-cloud-bench-pgbouncer-1 6.83% 1.582MiB / 7.38GiB
flash-cloud-bench-postgres-1 96.60% 182.5MiB / 7.38GiB
flash-cloud-bench-kafka-1 32.81% 956MiB / 7.38GiB
flash-cloud-bench-prometheus-1 0.00% 30.13MiB / 7.38GiB
Wed Sep  9 01:05:31 PM UTC 2026
flash-cloud-bench-consumer-1 7.00% 35.09MiB / 7.38GiB
flash-cloud-bench-publisher-1 6.11% 35.98MiB / 7.38GiB
flash-cloud-bench-simulator-1 2.59% 34.77MiB / 7.38GiB
flash-cloud-bench-reconciler-1 25.41% 34.75MiB / 7.38GiB
flash-cloud-bench-api-1 91.85% 145.5MiB / 7.38GiB
flash-cloud-bench-maintenance-1 5.40% 35.02MiB / 7.38GiB
flash-cloud-bench-redis-1 22.57% 52.76MiB / 7.38GiB
flash-cloud-bench-pgbouncer-1 11.08% 1.594MiB / 7.38GiB
flash-cloud-bench-postgres-1 109.26% 182.6MiB / 7.38GiB
flash-cloud-bench-kafka-1 10.97% 955.7MiB / 7.38GiB
flash-cloud-bench-prometheus-1 0.26% 30.13MiB / 7.38GiB
Wed Sep  9 01:05:43 PM UTC 2026
flash-cloud-bench-consumer-1 8.11% 35.09MiB / 7.38GiB
flash-cloud-bench-publisher-1 4.79% 35.98MiB / 7.38GiB
flash-cloud-bench-simulator-1 3.23% 34.77MiB / 7.38GiB
flash-cloud-bench-reconciler-1 17.66% 34.75MiB / 7.38GiB
flash-cloud-bench-api-1 81.79% 143.4MiB / 7.38GiB
flash-cloud-bench-maintenance-1 7.62% 35.02MiB / 7.38GiB
flash-cloud-bench-redis-1 17.66% 52.7MiB / 7.38GiB
flash-cloud-bench-pgbouncer-1 10.02% 1.598MiB / 7.38GiB
flash-cloud-bench-postgres-1 101.19% 182.6MiB / 7.38GiB
flash-cloud-bench-kafka-1 2.84% 955.7MiB / 7.38GiB
flash-cloud-bench-prometheus-1 0.37% 30.14MiB / 7.38GiB
Wed Sep  9 01:05:56 PM UTC 2026
flash-cloud-bench-consumer-1 14.23% 35.09MiB / 7.38GiB
flash-cloud-bench-publisher-1 4.33% 35.98MiB / 7.38GiB
flash-cloud-bench-simulator-1 2.87% 34.77MiB / 7.38GiB
flash-cloud-bench-reconciler-1 0.94% 34.75MiB / 7.38GiB
flash-cloud-bench-api-1 55.04% 143.8MiB / 7.38GiB
flash-cloud-bench-maintenance-1 9.84% 35.02MiB / 7.38GiB
flash-cloud-bench-redis-1 6.23% 52.6MiB / 7.38GiB
flash-cloud-bench-pgbouncer-1 7.21% 1.605MiB / 7.38GiB
flash-cloud-bench-postgres-1 96.82% 182.7MiB / 7.38GiB
flash-cloud-bench-kafka-1 2.27% 955.8MiB / 7.38GiB
flash-cloud-bench-prometheus-1 0.00% 30.14MiB / 7.38GiB
Wed Sep  9 01:06:08 PM UTC 2026
flash-cloud-bench-consumer-1 6.48% 35.09MiB / 7.38GiB
flash-cloud-bench-publisher-1 4.94% 35.98MiB / 7.38GiB
flash-cloud-bench-simulator-1 3.30% 34.77MiB / 7.38GiB
flash-cloud-bench-reconciler-1 21.34% 34.75MiB / 7.38GiB
flash-cloud-bench-api-1 58.20% 144.1MiB / 7.38GiB
flash-cloud-bench-maintenance-1 9.43% 35.02MiB / 7.38GiB
flash-cloud-bench-redis-1 20.06% 52.62MiB / 7.38GiB
flash-cloud-bench-pgbouncer-1 11.27% 1.594MiB / 7.38GiB
flash-cloud-bench-postgres-1 105.54% 182.8MiB / 7.38GiB
flash-cloud-bench-kafka-1 2.20% 955.8MiB / 7.38GiB
flash-cloud-bench-prometheus-1 0.26% 30.15MiB / 7.38GiB
Wed Sep  9 01:06:20 PM UTC 2026
flash-cloud-bench-consumer-1 6.77% 35.09MiB / 7.38GiB
flash-cloud-bench-publisher-1 4.90% 35.98MiB / 7.38GiB
flash-cloud-bench-simulator-1 3.26% 34.77MiB / 7.38GiB
flash-cloud-bench-reconciler-1 0.92% 34.75MiB / 7.38GiB
flash-cloud-bench-api-1 66.19% 152.5MiB / 7.38GiB
flash-cloud-bench-maintenance-1 9.31% 35.02MiB / 7.38GiB
flash-cloud-bench-redis-1 7.26% 52.34MiB / 7.38GiB
flash-cloud-bench-pgbouncer-1 7.37% 1.602MiB / 7.38GiB
flash-cloud-bench-postgres-1 97.14% 182.8MiB / 7.38GiB
flash-cloud-bench-kafka-1 2.46% 955.8MiB / 7.38GiB
flash-cloud-bench-prometheus-1 0.00% 30.15MiB / 7.38GiB
Wed Sep  9 01:06:32 PM UTC 2026
flash-cloud-bench-consumer-1 6.89% 35.09MiB / 7.38GiB
flash-cloud-bench-publisher-1 4.30% 35.98MiB / 7.38GiB
flash-cloud-bench-simulator-1 2.90% 34.77MiB / 7.38GiB
flash-cloud-bench-reconciler-1 8.91% 34.75MiB / 7.38GiB
flash-cloud-bench-api-1 60.38% 143.8MiB / 7.38GiB
flash-cloud-bench-maintenance-1 9.19% 35.02MiB / 7.38GiB
flash-cloud-bench-redis-1 11.48% 52.66MiB / 7.38GiB
flash-cloud-bench-pgbouncer-1 8.76% 1.609MiB / 7.38GiB
flash-cloud-bench-postgres-1 102.21% 185.5MiB / 7.38GiB
flash-cloud-bench-kafka-1 2.21% 955.8MiB / 7.38GiB
flash-cloud-bench-prometheus-1 0.25% 30.15MiB / 7.38GiB
Wed Sep  9 01:06:44 PM UTC 2026
flash-cloud-bench-consumer-1 9.37% 35.09MiB / 7.38GiB
flash-cloud-bench-publisher-1 4.39% 35.98MiB / 7.38GiB
flash-cloud-bench-simulator-1 3.14% 34.77MiB / 7.38GiB
flash-cloud-bench-reconciler-1 20.80% 34.75MiB / 7.38GiB
flash-cloud-bench-api-1 57.06% 144.3MiB / 7.38GiB
flash-cloud-bench-maintenance-1 9.67% 35.02MiB / 7.38GiB
flash-cloud-bench-redis-1 20.13% 52.64MiB / 7.38GiB
flash-cloud-bench-pgbouncer-1 11.30% 1.602MiB / 7.38GiB
flash-cloud-bench-postgres-1 104.58% 185.8MiB / 7.38GiB
flash-cloud-bench-kafka-1 4.61% 955.9MiB / 7.38GiB
flash-cloud-bench-prometheus-1 0.00% 30.15MiB / 7.38GiB
Wed Sep  9 01:06:56 PM UTC 2026
flash-cloud-bench-consumer-1 7.69% 35.1MiB / 7.38GiB
flash-cloud-bench-publisher-1 4.51% 35.98MiB / 7.38GiB
flash-cloud-bench-simulator-1 2.89% 34.77MiB / 7.38GiB
flash-cloud-bench-reconciler-1 0.89% 34.75MiB / 7.38GiB
flash-cloud-bench-api-1 61.43% 145.3MiB / 7.38GiB
flash-cloud-bench-maintenance-1 10.97% 35.02MiB / 7.38GiB
flash-cloud-bench-redis-1 6.76% 52.93MiB / 7.38GiB
flash-cloud-bench-pgbouncer-1 7.93% 1.609MiB / 7.38GiB
flash-cloud-bench-postgres-1 88.96% 185.6MiB / 7.38GiB
flash-cloud-bench-kafka-1 2.15% 956.3MiB / 7.38GiB
flash-cloud-bench-prometheus-1 0.00% 30.15MiB / 7.38GiB
Wed Sep  9 01:07:08 PM UTC 2026
flash-cloud-bench-consumer-1 7.27% 35.09MiB / 7.38GiB
flash-cloud-bench-publisher-1 5.59% 35.98MiB / 7.38GiB
flash-cloud-bench-simulator-1 2.86% 34.77MiB / 7.38GiB
flash-cloud-bench-reconciler-1 25.67% 34.75MiB / 7.38GiB
flash-cloud-bench-api-1 60.79% 143.9MiB / 7.38GiB
flash-cloud-bench-maintenance-1 8.01% 35.02MiB / 7.38GiB
flash-cloud-bench-redis-1 21.71% 52.67MiB / 7.38GiB
flash-cloud-bench-pgbouncer-1 11.65% 1.594MiB / 7.38GiB
flash-cloud-bench-postgres-1 100.48% 185.6MiB / 7.38GiB
flash-cloud-bench-kafka-1 2.47% 956.3MiB / 7.38GiB
flash-cloud-bench-prometheus-1 0.14% 30.4MiB / 7.38GiB
Wed Sep  9 01:07:21 PM UTC 2026
flash-cloud-bench-consumer-1 8.05% 35.1MiB / 7.38GiB
flash-cloud-bench-publisher-1 4.78% 35.98MiB / 7.38GiB
flash-cloud-bench-simulator-1 3.33% 34.77MiB / 7.38GiB
flash-cloud-bench-reconciler-1 0.83% 34.75MiB / 7.38GiB
flash-cloud-bench-api-1 65.50% 141.9MiB / 7.38GiB
flash-cloud-bench-maintenance-1 11.18% 35.02MiB / 7.38GiB
flash-cloud-bench-redis-1 6.04% 52.25MiB / 7.38GiB
flash-cloud-bench-pgbouncer-1 8.01% 1.609MiB / 7.38GiB
flash-cloud-bench-postgres-1 90.53% 185.6MiB / 7.38GiB
flash-cloud-bench-kafka-1 2.16% 956.5MiB / 7.38GiB
flash-cloud-bench-prometheus-1 0.00% 30.41MiB / 7.38GiB
Wed Sep  9 01:07:33 PM UTC 2026
flash-cloud-bench-consumer-1 7.71% 35.09MiB / 7.38GiB
flash-cloud-bench-publisher-1 4.94% 35.98MiB / 7.38GiB
flash-cloud-bench-simulator-1 3.72% 34.77MiB / 7.38GiB
flash-cloud-bench-reconciler-1 0.88% 34.75MiB / 7.38GiB
flash-cloud-bench-api-1 59.54% 143.2MiB / 7.38GiB
flash-cloud-bench-maintenance-1 11.50% 35.02MiB / 7.38GiB
flash-cloud-bench-redis-1 4.64% 52.8MiB / 7.38GiB
flash-cloud-bench-pgbouncer-1 8.09% 1.59MiB / 7.38GiB
flash-cloud-bench-postgres-1 90.76% 185.7MiB / 7.38GiB
flash-cloud-bench-kafka-1 2.26% 956.4MiB / 7.38GiB
flash-cloud-bench-prometheus-1 0.13% 30.52MiB / 7.38GiB
Wed Sep  9 01:07:45 PM UTC 2026
flash-cloud-bench-consumer-1 11.27% 35.1MiB / 7.38GiB
flash-cloud-bench-publisher-1 4.47% 35.98MiB / 7.38GiB
flash-cloud-bench-simulator-1 3.13% 34.77MiB / 7.38GiB
flash-cloud-bench-reconciler-1 21.88% 34.75MiB / 7.38GiB
flash-cloud-bench-api-1 66.81% 143MiB / 7.38GiB
flash-cloud-bench-maintenance-1 9.36% 35.02MiB / 7.38GiB
flash-cloud-bench-redis-1 19.04% 52.58MiB / 7.38GiB
flash-cloud-bench-pgbouncer-1 11.37% 1.605MiB / 7.38GiB
flash-cloud-bench-postgres-1 101.40% 185.5MiB / 7.38GiB
flash-cloud-bench-kafka-1 2.25% 956.4MiB / 7.38GiB
flash-cloud-bench-prometheus-1 0.00% 30.52MiB / 7.38GiB
Wed Sep  9 01:07:57 PM UTC 2026
flash-cloud-bench-consumer-1 10.80% 35.1MiB / 7.38GiB
flash-cloud-bench-publisher-1 4.93% 35.98MiB / 7.38GiB
flash-cloud-bench-simulator-1 2.84% 34.77MiB / 7.38GiB
flash-cloud-bench-reconciler-1 1.24% 34.75MiB / 7.38GiB
flash-cloud-bench-api-1 55.48% 143.5MiB / 7.38GiB
flash-cloud-bench-maintenance-1 9.61% 35.02MiB / 7.38GiB
flash-cloud-bench-redis-1 5.19% 52.19MiB / 7.38GiB
flash-cloud-bench-pgbouncer-1 7.56% 1.602MiB / 7.38GiB
flash-cloud-bench-postgres-1 91.87% 185.5MiB / 7.38GiB
flash-cloud-bench-kafka-1 2.28% 956.4MiB / 7.38GiB
flash-cloud-bench-prometheus-1 0.14% 30.53MiB / 7.38GiB
Wed Sep  9 01:08:09 PM UTC 2026
flash-cloud-bench-consumer-1 6.86% 35.1MiB / 7.38GiB
flash-cloud-bench-publisher-1 5.28% 35.98MiB / 7.38GiB
flash-cloud-bench-simulator-1 3.07% 34.77MiB / 7.38GiB
flash-cloud-bench-reconciler-1 26.47% 34.75MiB / 7.38GiB
flash-cloud-bench-api-1 63.54% 143.8MiB / 7.38GiB
flash-cloud-bench-maintenance-1 9.38% 35.02MiB / 7.38GiB
flash-cloud-bench-redis-1 21.01% 52.6MiB / 7.38GiB
flash-cloud-bench-pgbouncer-1 12.32% 1.609MiB / 7.38GiB
flash-cloud-bench-postgres-1 103.60% 185.8MiB / 7.38GiB
flash-cloud-bench-kafka-1 2.36% 956.5MiB / 7.38GiB
flash-cloud-bench-prometheus-1 0.35% 30.54MiB / 7.38GiB
Wed Sep  9 01:08:21 PM UTC 2026
flash-cloud-bench-consumer-1 6.67% 35.1MiB / 7.38GiB
flash-cloud-bench-publisher-1 4.98% 35.98MiB / 7.38GiB
flash-cloud-bench-simulator-1 3.11% 34.77MiB / 7.38GiB
flash-cloud-bench-reconciler-1 0.82% 34.75MiB / 7.38GiB
flash-cloud-bench-api-1 59.14% 145.1MiB / 7.38GiB
flash-cloud-bench-maintenance-1 11.37% 35.02MiB / 7.38GiB
flash-cloud-bench-redis-1 5.17% 52.25MiB / 7.38GiB
flash-cloud-bench-pgbouncer-1 7.95% 1.59MiB / 7.38GiB
flash-cloud-bench-postgres-1 91.05% 185.6MiB / 7.38GiB
flash-cloud-bench-kafka-1 2.20% 956.5MiB / 7.38GiB
flash-cloud-bench-prometheus-1 0.27% 30.53MiB / 7.38GiB
Wed Sep  9 01:08:33 PM UTC 2026
flash-cloud-bench-consumer-1 6.72% 35.1MiB / 7.38GiB
flash-cloud-bench-publisher-1 4.27% 35.98MiB / 7.38GiB
flash-cloud-bench-simulator-1 3.10% 34.77MiB / 7.38GiB
flash-cloud-bench-reconciler-1 0.90% 34.75MiB / 7.38GiB
flash-cloud-bench-api-1 60.92% 145MiB / 7.38GiB
flash-cloud-bench-maintenance-1 11.47% 35.03MiB / 7.38GiB
flash-cloud-bench-redis-1 4.96% 52.66MiB / 7.38GiB
flash-cloud-bench-pgbouncer-1 7.93% 1.59MiB / 7.38GiB
flash-cloud-bench-postgres-1 89.90% 185.6MiB / 7.38GiB
flash-cloud-bench-kafka-1 2.17% 956.5MiB / 7.38GiB
flash-cloud-bench-prometheus-1 0.41% 30.54MiB / 7.38GiB
Wed Sep  9 01:08:45 PM UTC 2026
flash-cloud-bench-consumer-1 7.42% 35.1MiB / 7.38GiB
flash-cloud-bench-publisher-1 4.76% 35.98MiB / 7.38GiB
flash-cloud-bench-simulator-1 3.05% 34.77MiB / 7.38GiB
flash-cloud-bench-reconciler-1 24.30% 34.75MiB / 7.38GiB
flash-cloud-bench-api-1 91.37% 142.1MiB / 7.38GiB
flash-cloud-bench-maintenance-1 9.27% 35.03MiB / 7.38GiB
flash-cloud-bench-redis-1 19.99% 52.55MiB / 7.38GiB
flash-cloud-bench-pgbouncer-1 12.14% 1.586MiB / 7.38GiB
flash-cloud-bench-postgres-1 104.51% 185.6MiB / 7.38GiB
flash-cloud-bench-kafka-1 2.61% 956.5MiB / 7.38GiB
flash-cloud-bench-prometheus-1 0.13% 30.53MiB / 7.38GiB
Wed Sep  9 01:08:58 PM UTC 2026
flash-cloud-bench-consumer-1 6.90% 35.1MiB / 7.38GiB
flash-cloud-bench-publisher-1 5.09% 35.98MiB / 7.38GiB
flash-cloud-bench-simulator-1 3.18% 34.77MiB / 7.38GiB
flash-cloud-bench-reconciler-1 0.92% 34.75MiB / 7.38GiB
flash-cloud-bench-api-1 63.11% 144.1MiB / 7.38GiB
flash-cloud-bench-maintenance-1 9.53% 35.03MiB / 7.38GiB
flash-cloud-bench-redis-1 5.04% 52.22MiB / 7.38GiB
flash-cloud-bench-pgbouncer-1 7.32% 1.602MiB / 7.38GiB
flash-cloud-bench-postgres-1 92.92% 185.7MiB / 7.38GiB
flash-cloud-bench-kafka-1 2.24% 956.6MiB / 7.38GiB
flash-cloud-bench-prometheus-1 0.12% 30.53MiB / 7.38GiB
Wed Sep  9 01:09:10 PM UTC 2026
flash-cloud-bench-consumer-1 7.29% 35.1MiB / 7.38GiB
flash-cloud-bench-publisher-1 5.50% 35.98MiB / 7.38GiB
flash-cloud-bench-simulator-1 2.97% 34.77MiB / 7.38GiB
flash-cloud-bench-reconciler-1 30.88% 34.75MiB / 7.38GiB
flash-cloud-bench-api-1 63.33% 143.5MiB / 7.38GiB
flash-cloud-bench-maintenance-1 9.40% 35.03MiB / 7.38GiB
flash-cloud-bench-redis-1 16.07% 52.65MiB / 7.38GiB
flash-cloud-bench-pgbouncer-1 13.14% 1.605MiB / 7.38GiB
flash-cloud-bench-postgres-1 108.69% 185.7MiB / 7.38GiB
flash-cloud-bench-kafka-1 2.22% 956.6MiB / 7.38GiB
flash-cloud-bench-prometheus-1 0.00% 30.59MiB / 7.38GiB
Wed Sep  9 01:09:22 PM UTC 2026
flash-cloud-bench-consumer-1 7.06% 35.1MiB / 7.38GiB
flash-cloud-bench-publisher-1 4.26% 35.98MiB / 7.38GiB
flash-cloud-bench-simulator-1 3.34% 34.79MiB / 7.38GiB
flash-cloud-bench-reconciler-1 1.25% 34.75MiB / 7.38GiB
flash-cloud-bench-api-1 92.18% 141MiB / 7.38GiB
flash-cloud-bench-maintenance-1 12.56% 35.03MiB / 7.38GiB
flash-cloud-bench-redis-1 5.47% 52.19MiB / 7.38GiB
flash-cloud-bench-pgbouncer-1 8.14% 1.609MiB / 7.38GiB
flash-cloud-bench-postgres-1 94.35% 185.8MiB / 7.38GiB
flash-cloud-bench-kafka-1 2.21% 956.6MiB / 7.38GiB
flash-cloud-bench-prometheus-1 1.15% 30.65MiB / 7.38GiB
Wed Sep  9 01:09:34 PM UTC 2026
flash-cloud-bench-consumer-1 6.76% 35.1MiB / 7.38GiB
flash-cloud-bench-publisher-1 4.24% 35.98MiB / 7.38GiB
flash-cloud-bench-simulator-1 3.26% 34.77MiB / 7.38GiB
flash-cloud-bench-reconciler-1 0.91% 34.75MiB / 7.38GiB
flash-cloud-bench-api-1 59.78% 143.4MiB / 7.38GiB
flash-cloud-bench-maintenance-1 9.65% 35.03MiB / 7.38GiB
flash-cloud-bench-redis-1 5.16% 52.84MiB / 7.38GiB
flash-cloud-bench-pgbouncer-1 8.35% 1.594MiB / 7.38GiB
flash-cloud-bench-postgres-1 95.10% 185.8MiB / 7.38GiB
flash-cloud-bench-kafka-1 2.22% 956.6MiB / 7.38GiB
flash-cloud-bench-prometheus-1 0.00% 30.66MiB / 7.38GiB
Wed Sep  9 01:09:46 PM UTC 2026
flash-cloud-bench-consumer-1 7.80% 35.1MiB / 7.38GiB
flash-cloud-bench-publisher-1 5.56% 35.98MiB / 7.38GiB
flash-cloud-bench-simulator-1 3.00% 34.78MiB / 7.38GiB
flash-cloud-bench-reconciler-1 24.57% 34.75MiB / 7.38GiB
flash-cloud-bench-api-1 62.82% 144.1MiB / 7.38GiB
flash-cloud-bench-maintenance-1 9.31% 35.03MiB / 7.38GiB
flash-cloud-bench-redis-1 21.47% 52.56MiB / 7.38GiB
flash-cloud-bench-pgbouncer-1 11.92% 1.594MiB / 7.38GiB
flash-cloud-bench-postgres-1 107.11% 185.6MiB / 7.38GiB
flash-cloud-bench-kafka-1 2.54% 956.7MiB / 7.38GiB
flash-cloud-bench-prometheus-1 0.00% 30.66MiB / 7.38GiB
Wed Sep  9 01:09:58 PM UTC 2026
flash-cloud-bench-consumer-1 7.45% 35.1MiB / 7.38GiB
flash-cloud-bench-publisher-1 4.51% 35.98MiB / 7.38GiB
flash-cloud-bench-simulator-1 3.19% 34.77MiB / 7.38GiB
flash-cloud-bench-reconciler-1 0.91% 34.75MiB / 7.38GiB
flash-cloud-bench-api-1 58.54% 145.2MiB / 7.38GiB
flash-cloud-bench-maintenance-1 9.94% 35.03MiB / 7.38GiB
flash-cloud-bench-redis-1 4.93% 52.37MiB / 7.38GiB
flash-cloud-bench-pgbouncer-1 7.48% 1.629MiB / 7.38GiB
flash-cloud-bench-postgres-1 97.98% 185.7MiB / 7.38GiB
flash-cloud-bench-kafka-1 2.37% 956.8MiB / 7.38GiB
flash-cloud-bench-prometheus-1 0.39% 30.67MiB / 7.38GiB
Wed Sep  9 01:10:10 PM UTC 2026
flash-cloud-bench-consumer-1 6.73% 35.1MiB / 7.38GiB
flash-cloud-bench-publisher-1 4.47% 35.98MiB / 7.38GiB
flash-cloud-bench-simulator-1 2.89% 34.77MiB / 7.38GiB
flash-cloud-bench-reconciler-1 27.74% 34.75MiB / 7.38GiB
flash-cloud-bench-api-1 60.30% 146.4MiB / 7.38GiB
flash-cloud-bench-maintenance-1 9.26% 35.03MiB / 7.38GiB
flash-cloud-bench-redis-1 21.43% 52.7MiB / 7.38GiB
flash-cloud-bench-pgbouncer-1 12.47% 1.609MiB / 7.38GiB
flash-cloud-bench-postgres-1 102.57% 185.7MiB / 7.38GiB
flash-cloud-bench-kafka-1 2.19% 956.8MiB / 7.38GiB
flash-cloud-bench-prometheus-1 0.00% 30.67MiB / 7.38GiB
Wed Sep  9 01:10:21 PM UTC 2026
flash-cloud-bench-consumer-1 7.90% 35.1MiB / 7.38GiB
flash-cloud-bench-publisher-1 4.09% 35.98MiB / 7.38GiB
flash-cloud-bench-simulator-1 3.13% 34.77MiB / 7.38GiB
flash-cloud-bench-reconciler-1 1.29% 34.75MiB / 7.38GiB
flash-cloud-bench-api-1 92.24% 145MiB / 7.38GiB
flash-cloud-bench-maintenance-1 9.08% 35.03MiB / 7.38GiB
flash-cloud-bench-redis-1 5.28% 52.19MiB / 7.38GiB
flash-cloud-bench-pgbouncer-1 7.24% 2.082MiB / 7.38GiB
flash-cloud-bench-postgres-1 93.98% 185.7MiB / 7.38GiB
flash-cloud-bench-kafka-1 2.31% 956.8MiB / 7.38GiB
flash-cloud-bench-prometheus-1 0.14% 30.67MiB / 7.38GiB
Wed Sep  9 01:10:34 PM UTC 2026
flash-cloud-bench-consumer-1 8.79% 35.11MiB / 7.38GiB
flash-cloud-bench-publisher-1 4.70% 35.98MiB / 7.38GiB
flash-cloud-bench-simulator-1 3.20% 34.77MiB / 7.38GiB
flash-cloud-bench-reconciler-1 17.39% 34.75MiB / 7.38GiB
flash-cloud-bench-api-1 64.59% 145.2MiB / 7.38GiB
flash-cloud-bench-maintenance-1 10.99% 35.03MiB / 7.38GiB
flash-cloud-bench-redis-1 5.29% 52.82MiB / 7.38GiB
flash-cloud-bench-pgbouncer-1 8.11% 1.598MiB / 7.38GiB
flash-cloud-bench-postgres-1 91.44% 185.8MiB / 7.38GiB
flash-cloud-bench-kafka-1 2.28% 956.8MiB / 7.38GiB
flash-cloud-bench-prometheus-1 0.00% 30.67MiB / 7.38GiB
Wed Sep  9 01:10:46 PM UTC 2026
flash-cloud-bench-consumer-1 7.88% 35.1MiB / 7.38GiB
flash-cloud-bench-publisher-1 5.16% 35.98MiB / 7.38GiB
flash-cloud-bench-simulator-1 2.94% 34.77MiB / 7.38GiB
flash-cloud-bench-reconciler-1 22.54% 34.75MiB / 7.38GiB
flash-cloud-bench-api-1 64.60% 145.5MiB / 7.38GiB
flash-cloud-bench-maintenance-1 8.05% 35.03MiB / 7.38GiB
flash-cloud-bench-redis-1 51.11% 52.71MiB / 7.38GiB
flash-cloud-bench-pgbouncer-1 11.14% 1.625MiB / 7.38GiB
flash-cloud-bench-postgres-1 99.61% 185.8MiB / 7.38GiB
flash-cloud-bench-kafka-1 2.32% 956.8MiB / 7.38GiB
flash-cloud-bench-prometheus-1 0.00% 30.67MiB / 7.38GiB
Wed Sep  9 01:10:58 PM UTC 2026
flash-cloud-bench-consumer-1 8.65% 35.1MiB / 7.38GiB
flash-cloud-bench-publisher-1 5.02% 35.98MiB / 7.38GiB
flash-cloud-bench-simulator-1 3.49% 34.77MiB / 7.38GiB
flash-cloud-bench-reconciler-1 0.89% 34.75MiB / 7.38GiB
flash-cloud-bench-api-1 59.93% 144.4MiB / 7.38GiB
flash-cloud-bench-maintenance-1 9.76% 35.03MiB / 7.38GiB
flash-cloud-bench-redis-1 5.47% 52.27MiB / 7.38GiB
flash-cloud-bench-pgbouncer-1 7.48% 1.586MiB / 7.38GiB
flash-cloud-bench-postgres-1 94.49% 185.9MiB / 7.38GiB
flash-cloud-bench-kafka-1 5.94% 956.8MiB / 7.38GiB
flash-cloud-bench-prometheus-1 0.38% 30.67MiB / 7.38GiB
Wed Sep  9 01:11:10 PM UTC 2026
flash-cloud-bench-consumer-1 7.00% 35.1MiB / 7.38GiB
flash-cloud-bench-publisher-1 6.04% 35.98MiB / 7.38GiB
flash-cloud-bench-simulator-1 2.83% 34.79MiB / 7.38GiB
flash-cloud-bench-reconciler-1 30.88% 34.79MiB / 7.38GiB
flash-cloud-bench-api-1 64.46% 143.5MiB / 7.38GiB
flash-cloud-bench-maintenance-1 7.42% 35.03MiB / 7.38GiB
flash-cloud-bench-redis-1 24.42% 52.56MiB / 7.38GiB
flash-cloud-bench-pgbouncer-1 12.82% 1.617MiB / 7.38GiB
flash-cloud-bench-postgres-1 108.39% 185.9MiB / 7.38GiB
flash-cloud-bench-kafka-1 2.51% 956.9MiB / 7.38GiB
flash-cloud-bench-prometheus-1 0.00% 30.67MiB / 7.38GiB
Wed Sep  9 01:11:22 PM UTC 2026
flash-cloud-bench-consumer-1 3.72% 35.1MiB / 7.38GiB
flash-cloud-bench-publisher-1 3.71% 35.98MiB / 7.38GiB
flash-cloud-bench-simulator-1 3.42% 34.77MiB / 7.38GiB
flash-cloud-bench-reconciler-1 1.18% 34.75MiB / 7.38GiB
flash-cloud-bench-api-1 2.54% 143.9MiB / 7.38GiB
flash-cloud-bench-maintenance-1 10.61% 35.03MiB / 7.38GiB
flash-cloud-bench-redis-1 3.16% 52.18MiB / 7.38GiB
flash-cloud-bench-pgbouncer-1 5.89% 1.586MiB / 7.38GiB
flash-cloud-bench-postgres-1 89.26% 185.9MiB / 7.38GiB
flash-cloud-bench-kafka-1 1.78% 956.9MiB / 7.38GiB
flash-cloud-bench-prometheus-1 0.14% 30.7MiB / 7.38GiB
Wed Sep  9 01:11:34 PM UTC 2026
flash-cloud-bench-consumer-1 3.19% 35.1MiB / 7.38GiB
flash-cloud-bench-publisher-1 3.15% 35.98MiB / 7.38GiB
flash-cloud-bench-simulator-1 3.70% 34.77MiB / 7.38GiB
flash-cloud-bench-reconciler-1 0.79% 34.75MiB / 7.38GiB
flash-cloud-bench-api-1 2.54% 142MiB / 7.38GiB
flash-cloud-bench-maintenance-1 6.20% 35.03MiB / 7.38GiB
flash-cloud-bench-redis-1 2.94% 52.36MiB / 7.38GiB
flash-cloud-bench-pgbouncer-1 4.42% 1.605MiB / 7.38GiB
flash-cloud-bench-postgres-1 85.62% 185.9MiB / 7.38GiB
flash-cloud-bench-kafka-1 1.45% 956.9MiB / 7.38GiB
flash-cloud-bench-prometheus-1 0.13% 30.7MiB / 7.38GiB
Wed Sep  9 01:11:46 PM UTC 2026
flash-cloud-bench-consumer-1 4.51% 35.1MiB / 7.38GiB
flash-cloud-bench-publisher-1 3.80% 35.98MiB / 7.38GiB
flash-cloud-bench-simulator-1 2.46% 34.78MiB / 7.38GiB
flash-cloud-bench-reconciler-1 21.97% 34.75MiB / 7.38GiB
flash-cloud-bench-api-1 32.94% 142MiB / 7.38GiB
flash-cloud-bench-maintenance-1 7.60% 35.03MiB / 7.38GiB
flash-cloud-bench-redis-1 16.90% 52.3MiB / 7.38GiB
flash-cloud-bench-pgbouncer-1 9.29% 1.594MiB / 7.38GiB
flash-cloud-bench-postgres-1 101.03% 185.9MiB / 7.38GiB
flash-cloud-bench-kafka-1 1.75% 956.9MiB / 7.38GiB
flash-cloud-bench-prometheus-1 0.00% 42.58MiB / 7.38GiB
Wed Sep  9 01:11:58 PM UTC 2026
flash-cloud-bench-consumer-1 3.67% 35.1MiB / 7.38GiB
flash-cloud-bench-publisher-1 3.67% 35.98MiB / 7.38GiB
flash-cloud-bench-simulator-1 3.04% 34.78MiB / 7.38GiB
flash-cloud-bench-reconciler-1 0.88% 34.75MiB / 7.38GiB
flash-cloud-bench-api-1 31.28% 142MiB / 7.38GiB
flash-cloud-bench-maintenance-1 12.49% 35.03MiB / 7.38GiB
flash-cloud-bench-redis-1 3.10% 52.06MiB / 7.38GiB
flash-cloud-bench-pgbouncer-1 6.54% 1.609MiB / 7.38GiB
flash-cloud-bench-postgres-1 87.10% 185.9MiB / 7.38GiB
flash-cloud-bench-kafka-1 1.62% 956.9MiB / 7.38GiB
flash-cloud-bench-prometheus-1 0.14% 42.59MiB / 7.38GiB
Wed Sep  9 01:12:11 PM UTC 2026
flash-cloud-bench-consumer-1 3.92% 35.1MiB / 7.38GiB
flash-cloud-bench-publisher-1 3.61% 35.98MiB / 7.38GiB
flash-cloud-bench-simulator-1 3.50% 34.77MiB / 7.38GiB
flash-cloud-bench-reconciler-1 22.04% 34.75MiB / 7.38GiB
flash-cloud-bench-api-1 0.70% 142MiB / 7.38GiB
flash-cloud-bench-maintenance-1 7.08% 35.03MiB / 7.38GiB
flash-cloud-bench-redis-1 16.84% 52.23MiB / 7.38GiB
flash-cloud-bench-pgbouncer-1 9.08% 1.59MiB / 7.38GiB
flash-cloud-bench-postgres-1 100.26% 186.1MiB / 7.38GiB
flash-cloud-bench-kafka-1 1.61% 957MiB / 7.38GiB
flash-cloud-bench-prometheus-1 0.00% 42.59MiB / 7.38GiB
Wed Sep  9 01:12:23 PM UTC 2026
flash-cloud-bench-consumer-1 3.71% 35.1MiB / 7.38GiB
flash-cloud-bench-publisher-1 3.81% 35.98MiB / 7.38GiB
flash-cloud-bench-simulator-1 3.57% 34.77MiB / 7.38GiB
flash-cloud-bench-reconciler-1 4.48% 34.75MiB / 7.38GiB
flash-cloud-bench-api-1 0.11% 142.1MiB / 7.38GiB
flash-cloud-bench-maintenance-1 8.20% 35.03MiB / 7.38GiB
flash-cloud-bench-redis-1 5.15% 52.16MiB / 7.38GiB
flash-cloud-bench-pgbouncer-1 5.64% 1.59MiB / 7.38GiB
flash-cloud-bench-postgres-1 82.73% 185.9MiB / 7.38GiB
flash-cloud-bench-kafka-1 1.63% 957MiB / 7.38GiB
flash-cloud-bench-prometheus-1 0.16% 42.59MiB / 7.38GiB
Wed Sep  9 01:12:35 PM UTC 2026
flash-cloud-bench-consumer-1 3.64% 35.1MiB / 7.38GiB
flash-cloud-bench-publisher-1 3.51% 35.98MiB / 7.38GiB
flash-cloud-bench-simulator-1 3.47% 34.77MiB / 7.38GiB
flash-cloud-bench-reconciler-1 0.80% 34.75MiB / 7.38GiB
flash-cloud-bench-api-1 28.99% 142.1MiB / 7.38GiB
flash-cloud-bench-maintenance-1 6.80% 35.03MiB / 7.38GiB
flash-cloud-bench-redis-1 2.79% 52.22MiB / 7.38GiB
flash-cloud-bench-pgbouncer-1 4.78% 1.602MiB / 7.38GiB
flash-cloud-bench-postgres-1 83.77% 185.9MiB / 7.38GiB
flash-cloud-bench-kafka-1 2.88% 957.1MiB / 7.38GiB
flash-cloud-bench-prometheus-1 0.00% 42.59MiB / 7.38GiB
Wed Sep  9 01:12:47 PM UTC 2026
flash-cloud-bench-consumer-1 3.72% 35.1MiB / 7.38GiB
flash-cloud-bench-publisher-1 3.68% 35.98MiB / 7.38GiB
flash-cloud-bench-simulator-1 3.27% 34.77MiB / 7.38GiB
flash-cloud-bench-reconciler-1 22.74% 35MiB / 7.38GiB
flash-cloud-bench-api-1 0.11% 142.1MiB / 7.38GiB
flash-cloud-bench-maintenance-1 7.13% 35.03MiB / 7.38GiB
flash-cloud-bench-redis-1 17.59% 52.19MiB / 7.38GiB
flash-cloud-bench-pgbouncer-1 9.02% 1.59MiB / 7.38GiB
flash-cloud-bench-postgres-1 93.78% 185.9MiB / 7.38GiB
flash-cloud-bench-kafka-1 1.58% 957.1MiB / 7.38GiB
flash-cloud-bench-prometheus-1 0.13% 42.59MiB / 7.38GiB
Wed Sep  9 01:12:59 PM UTC 2026
flash-cloud-bench-consumer-1 4.13% 35.12MiB / 7.38GiB
flash-cloud-bench-publisher-1 3.66% 35.98MiB / 7.38GiB
flash-cloud-bench-simulator-1 3.61% 36.08MiB / 7.38GiB
flash-cloud-bench-reconciler-1 0.83% 34.75MiB / 7.38GiB
flash-cloud-bench-api-1 0.11% 142.3MiB / 7.38GiB
flash-cloud-bench-maintenance-1 7.66% 35.03MiB / 7.38GiB
flash-cloud-bench-redis-1 2.94% 52.02MiB / 7.38GiB
flash-cloud-bench-pgbouncer-1 5.10% 1.594MiB / 7.38GiB
flash-cloud-bench-postgres-1 81.03% 186.1MiB / 7.38GiB
flash-cloud-bench-kafka-1 1.82% 957.1MiB / 7.38GiB
flash-cloud-bench-prometheus-1 0.39% 42.63MiB / 7.38GiB
Wed Sep  9 01:13:11 PM UTC 2026
flash-cloud-bench-consumer-1 3.89% 35.12MiB / 7.38GiB
flash-cloud-bench-publisher-1 3.41% 35.98MiB / 7.38GiB
flash-cloud-bench-simulator-1 2.83% 36.08MiB / 7.38GiB
flash-cloud-bench-reconciler-1 20.98% 34.75MiB / 7.38GiB
flash-cloud-bench-api-1 0.82% 142.2MiB / 7.38GiB
flash-cloud-bench-maintenance-1 7.23% 35.03MiB / 7.38GiB
flash-cloud-bench-redis-1 15.20% 52.1MiB / 7.38GiB
flash-cloud-bench-pgbouncer-1 9.02% 1.59MiB / 7.38GiB
flash-cloud-bench-postgres-1 92.88% 186.2MiB / 7.38GiB
flash-cloud-bench-kafka-1 62.82% 994.2MiB / 7.38GiB
flash-cloud-bench-prometheus-1 0.00% 42.63MiB / 7.38GiB
Wed Sep  9 01:13:23 PM UTC 2026
flash-cloud-bench-consumer-1 9.63% 35.13MiB / 7.38GiB
flash-cloud-bench-publisher-1 1.11% 35.98MiB / 7.38GiB
flash-cloud-bench-simulator-1 3.10% 36.08MiB / 7.38GiB
flash-cloud-bench-reconciler-1 11.56% 34.75MiB / 7.38GiB
flash-cloud-bench-api-1 0.72% 142.2MiB / 7.38GiB
flash-cloud-bench-maintenance-1 1.67% 35.02MiB / 7.38GiB
flash-cloud-bench-redis-1 9.61% 51.98MiB / 7.38GiB
flash-cloud-bench-pgbouncer-1 4.32% 1.586MiB / 7.38GiB
flash-cloud-bench-postgres-1 9.73% 186.1MiB / 7.38GiB
flash-cloud-bench-kafka-1 156.19% 1012MiB / 7.38GiB
flash-cloud-bench-prometheus-1 0.15% 42.64MiB / 7.38GiB
Wed Sep  9 01:13:35 PM UTC 2026
flash-cloud-bench-consumer-1 0.35% 35.13MiB / 7.38GiB
flash-cloud-bench-publisher-1 0.87% 35.98MiB / 7.38GiB
flash-cloud-bench-simulator-1 3.36% 36.08MiB / 7.38GiB
flash-cloud-bench-reconciler-1 0.86% 34.75MiB / 7.38GiB
flash-cloud-bench-api-1 0.10% 142.2MiB / 7.38GiB
flash-cloud-bench-maintenance-1 1.33% 35.02MiB / 7.38GiB
flash-cloud-bench-redis-1 2.63% 51.86MiB / 7.38GiB
flash-cloud-bench-pgbouncer-1 1.83% 1.602MiB / 7.38GiB
flash-cloud-bench-postgres-1 4.42% 186.2MiB / 7.38GiB
flash-cloud-bench-kafka-1 123.01% 957.1MiB / 7.38GiB
flash-cloud-bench-prometheus-1 0.00% 42.66MiB / 7.38GiB
Wed Sep  9 01:13:47 PM UTC 2026
flash-cloud-bench-consumer-1 0.39% 35.13MiB / 7.38GiB
flash-cloud-bench-publisher-1 1.05% 35.98MiB / 7.38GiB
flash-cloud-bench-simulator-1 3.96% 36.08MiB / 7.38GiB
flash-cloud-bench-reconciler-1 18.43% 34.75MiB / 7.38GiB
flash-cloud-bench-api-1 0.10% 142.2MiB / 7.38GiB
flash-cloud-bench-maintenance-1 1.29% 35.02MiB / 7.38GiB
flash-cloud-bench-redis-1 14.40% 51.89MiB / 7.38GiB
flash-cloud-bench-pgbouncer-1 5.36% 1.605MiB / 7.38GiB
flash-cloud-bench-postgres-1 13.17% 186.1MiB / 7.38GiB
flash-cloud-bench-kafka-1 1.15% 957.2MiB / 7.38GiB
flash-cloud-bench-prometheus-1 0.22% 38.44MiB / 7.38GiB
Wed Sep  9 01:13:59 PM UTC 2026
flash-cloud-bench-consumer-1 0.32% 35.13MiB / 7.38GiB
flash-cloud-bench-publisher-1 0.69% 35.98MiB / 7.38GiB
flash-cloud-bench-simulator-1 4.00% 36.08MiB / 7.38GiB
flash-cloud-bench-reconciler-1 0.77% 34.75MiB / 7.38GiB
flash-cloud-bench-api-1 37.80% 150.1MiB / 7.38GiB
flash-cloud-bench-maintenance-1 1.20% 35.02MiB / 7.38GiB
flash-cloud-bench-redis-1 2.62% 51.75MiB / 7.38GiB
flash-cloud-bench-pgbouncer-1 1.89% 1.602MiB / 7.38GiB
flash-cloud-bench-postgres-1 4.05% 186.1MiB / 7.38GiB
flash-cloud-bench-kafka-1 0.67% 957.3MiB / 7.38GiB
flash-cloud-bench-prometheus-1 0.13% 38.46MiB / 7.38GiB
Wed Sep  9 01:14:12 PM UTC 2026
flash-cloud-bench-consumer-1 0.23% 35.13MiB / 7.38GiB
flash-cloud-bench-publisher-1 0.77% 35.98MiB / 7.38GiB
flash-cloud-bench-simulator-1 3.32% 36.08MiB / 7.38GiB
flash-cloud-bench-reconciler-1 19.00% 34.75MiB / 7.38GiB
flash-cloud-bench-api-1 0.09% 142.1MiB / 7.38GiB
flash-cloud-bench-maintenance-1 1.12% 35.02MiB / 7.38GiB
flash-cloud-bench-redis-1 12.85% 53.45MiB / 7.38GiB
flash-cloud-bench-pgbouncer-1 5.65% 1.586MiB / 7.38GiB
flash-cloud-bench-postgres-1 13.93% 186.1MiB / 7.38GiB
flash-cloud-bench-kafka-1 0.48% 957.3MiB / 7.38GiB
flash-cloud-bench-prometheus-1 0.23% 38.46MiB / 7.38GiB
Wed Sep  9 01:14:24 PM UTC 2026
Wed Sep  9 01:14:34 PM UTC 2026
Wed Sep  9 01:14:44 PM UTC 2026
Wed Sep  9 01:14:54 PM UTC 2026
Wed Sep  9 01:15:04 PM UTC 2026
