Wed Sep  9 02:19:05 AM UTC 2026
flash-cloud-bench-maintenance-1 1.10% 34.41MiB / 7.38GiB
flash-cloud-bench-publisher-1 0.76% 34.54MiB / 7.38GiB
flash-cloud-bench-reconciler-1 0.71% 34.65MiB / 7.38GiB
flash-cloud-bench-simulator-1 4.16% 34.73MiB / 7.38GiB
flash-cloud-bench-consumer-1 0.16% 34.41MiB / 7.38GiB
flash-cloud-bench-api-1 0.09% 74.75MiB / 7.38GiB
flash-cloud-bench-redis-1 0.39% 51.31MiB / 7.38GiB
flash-cloud-bench-pgbouncer-1 1.90% 1.578MiB / 7.38GiB
flash-cloud-bench-postgres-1 9.02% 71.45MiB / 7.38GiB
flash-cloud-bench-kafka-1 1.14% 913.9MiB / 7.38GiB
flash-cloud-bench-prometheus-1 0.00% 32.8MiB / 7.38GiB
Wed Sep  9 02:19:17 AM UTC 2026
flash-cloud-bench-maintenance-1 1.26% 34.41MiB / 7.38GiB
flash-cloud-bench-publisher-1 0.77% 34.55MiB / 7.38GiB
flash-cloud-bench-reconciler-1 1.10% 34.65MiB / 7.38GiB
flash-cloud-bench-simulator-1 3.37% 34.73MiB / 7.38GiB
flash-cloud-bench-consumer-1 0.17% 34.41MiB / 7.38GiB
flash-cloud-bench-api-1 21.77% 86.53MiB / 7.38GiB
flash-cloud-bench-redis-1 0.40% 51.28MiB / 7.38GiB
flash-cloud-bench-pgbouncer-1 1.68% 1.555MiB / 7.38GiB
flash-cloud-bench-postgres-1 8.94% 71.43MiB / 7.38GiB
flash-cloud-bench-kafka-1 1.07% 914.2MiB / 7.38GiB
flash-cloud-bench-prometheus-1 0.18% 32.8MiB / 7.38GiB
Wed Sep  9 02:19:29 AM UTC 2026
flash-cloud-bench-maintenance-1 5.36% 34.44MiB / 7.38GiB
flash-cloud-bench-publisher-1 2.53% 34.67MiB / 7.38GiB
flash-cloud-bench-reconciler-1 36.88% 34.67MiB / 7.38GiB
flash-cloud-bench-simulator-1 3.48% 34.73MiB / 7.38GiB
flash-cloud-bench-consumer-1 2.92% 34.59MiB / 7.38GiB
flash-cloud-bench-api-1 60.21% 76.8MiB / 7.38GiB
flash-cloud-bench-redis-1 29.95% 51.93MiB / 7.38GiB
flash-cloud-bench-pgbouncer-1 12.26% 1.602MiB / 7.38GiB
flash-cloud-bench-postgres-1 34.53% 84.49MiB / 7.38GiB
flash-cloud-bench-kafka-1 7.54% 917.1MiB / 7.38GiB
flash-cloud-bench-prometheus-1 0.00% 32.81MiB / 7.38GiB
Wed Sep  9 02:19:41 AM UTC 2026
flash-cloud-bench-maintenance-1 4.80% 34.48MiB / 7.38GiB
flash-cloud-bench-publisher-1 2.51% 34.7MiB / 7.38GiB
flash-cloud-bench-reconciler-1 0.81% 34.66MiB / 7.38GiB
flash-cloud-bench-simulator-1 3.75% 34.73MiB / 7.38GiB
flash-cloud-bench-consumer-1 3.05% 34.64MiB / 7.38GiB
flash-cloud-bench-api-1 63.80% 77.71MiB / 7.38GiB
flash-cloud-bench-redis-1 6.78% 51.74MiB / 7.38GiB
flash-cloud-bench-pgbouncer-1 5.01% 1.605MiB / 7.38GiB
flash-cloud-bench-postgres-1 11.64% 94.29MiB / 7.38GiB
flash-cloud-bench-kafka-1 3.57% 918.4MiB / 7.38GiB
flash-cloud-bench-prometheus-1 0.00% 32.81MiB / 7.38GiB
Wed Sep  9 02:19:53 AM UTC 2026
flash-cloud-bench-maintenance-1 6.24% 34.5MiB / 7.38GiB
flash-cloud-bench-publisher-1 2.55% 34.73MiB / 7.38GiB
flash-cloud-bench-reconciler-1 0.79% 34.66MiB / 7.38GiB
flash-cloud-bench-simulator-1 3.53% 34.73MiB / 7.38GiB
flash-cloud-bench-consumer-1 3.27% 34.67MiB / 7.38GiB
flash-cloud-bench-api-1 66.28% 79.02MiB / 7.38GiB
flash-cloud-bench-redis-1 7.40% 52.17MiB / 7.38GiB
flash-cloud-bench-pgbouncer-1 5.33% 1.578MiB / 7.38GiB
flash-cloud-bench-postgres-1 12.77% 99.41MiB / 7.38GiB
flash-cloud-bench-kafka-1 22.19% 925.5MiB / 7.38GiB
flash-cloud-bench-prometheus-1 0.40% 32.82MiB / 7.38GiB
Wed Sep  9 02:20:05 AM UTC 2026
flash-cloud-bench-maintenance-1 5.20% 34.52MiB / 7.38GiB
flash-cloud-bench-publisher-1 2.93% 34.73MiB / 7.38GiB
flash-cloud-bench-reconciler-1 0.83% 34.66MiB / 7.38GiB
flash-cloud-bench-simulator-1 3.24% 34.73MiB / 7.38GiB
flash-cloud-bench-consumer-1 3.25% 34.69MiB / 7.38GiB
flash-cloud-bench-api-1 92.61% 79.31MiB / 7.38GiB
flash-cloud-bench-redis-1 7.39% 51.82MiB / 7.38GiB
flash-cloud-bench-pgbouncer-1 5.15% 1.57MiB / 7.38GiB
flash-cloud-bench-postgres-1 11.80% 103.5MiB / 7.38GiB
flash-cloud-bench-kafka-1 5.09% 920.5MiB / 7.38GiB
flash-cloud-bench-prometheus-1 0.00% 32.82MiB / 7.38GiB
Wed Sep  9 02:20:17 AM UTC 2026
flash-cloud-bench-maintenance-1 5.04% 34.53MiB / 7.38GiB
flash-cloud-bench-publisher-1 2.64% 34.73MiB / 7.38GiB
flash-cloud-bench-reconciler-1 1.21% 34.71MiB / 7.38GiB
flash-cloud-bench-simulator-1 3.43% 34.73MiB / 7.38GiB
flash-cloud-bench-consumer-1 2.72% 34.69MiB / 7.38GiB
flash-cloud-bench-api-1 72.46% 79.59MiB / 7.38GiB
flash-cloud-bench-redis-1 8.40% 51.98MiB / 7.38GiB
flash-cloud-bench-pgbouncer-1 4.89% 1.586MiB / 7.38GiB
flash-cloud-bench-postgres-1 11.54% 106.5MiB / 7.38GiB
flash-cloud-bench-kafka-1 8.24% 921.4MiB / 7.38GiB
flash-cloud-bench-prometheus-1 0.21% 32.83MiB / 7.38GiB
Wed Sep  9 02:20:30 AM UTC 2026
flash-cloud-bench-maintenance-1 5.11% 34.54MiB / 7.38GiB
flash-cloud-bench-publisher-1 3.15% 34.73MiB / 7.38GiB
flash-cloud-bench-reconciler-1 35.63% 34.71MiB / 7.38GiB
flash-cloud-bench-simulator-1 3.23% 34.73MiB / 7.38GiB
flash-cloud-bench-consumer-1 3.77% 34.71MiB / 7.38GiB
flash-cloud-bench-api-1 70.75% 79.98MiB / 7.38GiB
flash-cloud-bench-redis-1 31.11% 52.2MiB / 7.38GiB
flash-cloud-bench-pgbouncer-1 12.36% 1.586MiB / 7.38GiB
flash-cloud-bench-postgres-1 29.11% 109.3MiB / 7.38GiB
flash-cloud-bench-kafka-1 43.91% 962.9MiB / 7.38GiB
flash-cloud-bench-prometheus-1 0.00% 32.86MiB / 7.38GiB
Wed Sep  9 02:20:42 AM UTC 2026
flash-cloud-bench-maintenance-1 6.11% 34.54MiB / 7.38GiB
flash-cloud-bench-publisher-1 2.93% 34.73MiB / 7.38GiB
flash-cloud-bench-reconciler-1 1.13% 34.71MiB / 7.38GiB
flash-cloud-bench-simulator-1 3.93% 34.73MiB / 7.38GiB
flash-cloud-bench-consumer-1 3.61% 34.72MiB / 7.38GiB
flash-cloud-bench-api-1 66.60% 80.35MiB / 7.38GiB
flash-cloud-bench-redis-1 8.02% 51.84MiB / 7.38GiB
flash-cloud-bench-pgbouncer-1 5.69% 1.598MiB / 7.38GiB
flash-cloud-bench-postgres-1 12.65% 111.2MiB / 7.38GiB
flash-cloud-bench-kafka-1 126.76% 987.9MiB / 7.38GiB
flash-cloud-bench-prometheus-1 0.13% 32.89MiB / 7.38GiB
Wed Sep  9 02:20:54 AM UTC 2026
flash-cloud-bench-maintenance-1 5.15% 34.54MiB / 7.38GiB
flash-cloud-bench-publisher-1 2.95% 34.73MiB / 7.38GiB
flash-cloud-bench-reconciler-1 1.40% 34.71MiB / 7.38GiB
flash-cloud-bench-simulator-1 2.83% 34.73MiB / 7.38GiB
flash-cloud-bench-consumer-1 2.99% 34.74MiB / 7.38GiB
flash-cloud-bench-api-1 73.61% 81.22MiB / 7.38GiB
flash-cloud-bench-redis-1 8.18% 52.43MiB / 7.38GiB
flash-cloud-bench-pgbouncer-1 5.64% 1.594MiB / 7.38GiB
flash-cloud-bench-postgres-1 12.82% 113.1MiB / 7.38GiB
flash-cloud-bench-kafka-1 192.49% 1010MiB / 7.38GiB
flash-cloud-bench-prometheus-1 0.52% 32.9MiB / 7.38GiB
Wed Sep  9 02:21:06 AM UTC 2026
flash-cloud-bench-maintenance-1 5.87% 34.56MiB / 7.38GiB
flash-cloud-bench-publisher-1 3.55% 34.75MiB / 7.38GiB
flash-cloud-bench-reconciler-1 2.06% 34.71MiB / 7.38GiB
flash-cloud-bench-simulator-1 2.96% 34.99MiB / 7.38GiB
flash-cloud-bench-consumer-1 3.88% 34.75MiB / 7.38GiB
flash-cloud-bench-api-1 69.92% 82.59MiB / 7.38GiB
flash-cloud-bench-redis-1 8.57% 52.2MiB / 7.38GiB
flash-cloud-bench-pgbouncer-1 5.83% 1.574MiB / 7.38GiB
flash-cloud-bench-postgres-1 14.48% 114.7MiB / 7.38GiB
flash-cloud-bench-kafka-1 78.63% 938.8MiB / 7.38GiB
flash-cloud-bench-prometheus-1 0.22% 32.9MiB / 7.38GiB
Wed Sep  9 02:21:18 AM UTC 2026
flash-cloud-bench-maintenance-1 6.91% 34.57MiB / 7.38GiB
flash-cloud-bench-publisher-1 3.23% 34.78MiB / 7.38GiB
flash-cloud-bench-reconciler-1 0.89% 34.71MiB / 7.38GiB
flash-cloud-bench-simulator-1 3.49% 34.73MiB / 7.38GiB
flash-cloud-bench-consumer-1 4.05% 34.77MiB / 7.38GiB
flash-cloud-bench-api-1 68.00% 84.07MiB / 7.38GiB
flash-cloud-bench-redis-1 8.19% 52.02MiB / 7.38GiB
flash-cloud-bench-pgbouncer-1 5.74% 1.594MiB / 7.38GiB
flash-cloud-bench-postgres-1 39.74% 115.9MiB / 7.38GiB
flash-cloud-bench-kafka-1 8.27% 939.2MiB / 7.38GiB
flash-cloud-bench-prometheus-1 0.44% 32.91MiB / 7.38GiB
Wed Sep  9 02:21:30 AM UTC 2026
flash-cloud-bench-maintenance-1 10.45% 34.58MiB / 7.38GiB
flash-cloud-bench-publisher-1 4.20% 34.84MiB / 7.38GiB
flash-cloud-bench-reconciler-1 32.51% 34.71MiB / 7.38GiB
flash-cloud-bench-simulator-1 2.78% 34.73MiB / 7.38GiB
flash-cloud-bench-consumer-1 5.88% 34.8MiB / 7.38GiB
flash-cloud-bench-api-1 99.06% 101.6MiB / 7.38GiB
flash-cloud-bench-redis-1 28.71% 52.68MiB / 7.38GiB
flash-cloud-bench-pgbouncer-1 13.24% 1.602MiB / 7.38GiB
flash-cloud-bench-postgres-1 93.07% 119.9MiB / 7.38GiB
flash-cloud-bench-kafka-1 119.13% 1006MiB / 7.38GiB
flash-cloud-bench-prometheus-1 0.00% 32.9MiB / 7.38GiB
Wed Sep  9 02:21:42 AM UTC 2026
flash-cloud-bench-maintenance-1 13.37% 34.6MiB / 7.38GiB
flash-cloud-bench-publisher-1 4.52% 34.88MiB / 7.38GiB
flash-cloud-bench-reconciler-1 1.29% 34.71MiB / 7.38GiB
flash-cloud-bench-simulator-1 3.48% 34.73MiB / 7.38GiB
flash-cloud-bench-consumer-1 6.44% 34.8MiB / 7.38GiB
flash-cloud-bench-api-1 72.98% 91.04MiB / 7.38GiB
flash-cloud-bench-redis-1 9.51% 52.33MiB / 7.38GiB
flash-cloud-bench-pgbouncer-1 8.49% 1.586MiB / 7.38GiB
flash-cloud-bench-postgres-1 84.57% 129.8MiB / 7.38GiB
flash-cloud-bench-kafka-1 4.84% 940.1MiB / 7.38GiB
flash-cloud-bench-prometheus-1 0.24% 32.91MiB / 7.38GiB
Wed Sep  9 02:21:54 AM UTC 2026
flash-cloud-bench-maintenance-1 9.27% 34.6MiB / 7.38GiB
flash-cloud-bench-publisher-1 5.92% 34.91MiB / 7.38GiB
flash-cloud-bench-reconciler-1 32.84% 34.71MiB / 7.38GiB
flash-cloud-bench-simulator-1 2.71% 34.73MiB / 7.38GiB
flash-cloud-bench-consumer-1 7.77% 34.81MiB / 7.38GiB
flash-cloud-bench-api-1 78.89% 97MiB / 7.38GiB
flash-cloud-bench-redis-1 30.55% 52.8MiB / 7.38GiB
flash-cloud-bench-pgbouncer-1 13.66% 1.602MiB / 7.38GiB
flash-cloud-bench-postgres-1 106.51% 139.4MiB / 7.38GiB
flash-cloud-bench-kafka-1 112.41% 1009MiB / 7.38GiB
flash-cloud-bench-prometheus-1 0.00% 32.91MiB / 7.38GiB
Wed Sep  9 02:22:07 AM UTC 2026
flash-cloud-bench-maintenance-1 10.89% 34.61MiB / 7.38GiB
flash-cloud-bench-publisher-1 4.26% 34.92MiB / 7.38GiB
flash-cloud-bench-reconciler-1 9.06% 34.71MiB / 7.38GiB
flash-cloud-bench-simulator-1 3.33% 34.73MiB / 7.38GiB
flash-cloud-bench-consumer-1 6.17% 34.8MiB / 7.38GiB
flash-cloud-bench-api-1 83.51% 97.1MiB / 7.38GiB
flash-cloud-bench-redis-1 18.27% 52.3MiB / 7.38GiB
flash-cloud-bench-pgbouncer-1 9.40% 1.594MiB / 7.38GiB
flash-cloud-bench-postgres-1 94.57% 146.7MiB / 7.38GiB
flash-cloud-bench-kafka-1 5.03% 941MiB / 7.38GiB
flash-cloud-bench-prometheus-1 0.12% 32.92MiB / 7.38GiB
Wed Sep  9 02:22:19 AM UTC 2026
flash-cloud-bench-maintenance-1 13.87% 34.62MiB / 7.38GiB
flash-cloud-bench-publisher-1 3.99% 34.92MiB / 7.38GiB
flash-cloud-bench-reconciler-1 0.97% 34.71MiB / 7.38GiB
flash-cloud-bench-simulator-1 3.09% 34.73MiB / 7.38GiB
flash-cloud-bench-consumer-1 6.91% 34.8MiB / 7.38GiB
flash-cloud-bench-api-1 114.76% 97.24MiB / 7.38GiB
flash-cloud-bench-redis-1 14.05% 52.22MiB / 7.38GiB
flash-cloud-bench-pgbouncer-1 9.19% 1.617MiB / 7.38GiB
flash-cloud-bench-postgres-1 85.38% 151.2MiB / 7.38GiB
flash-cloud-bench-kafka-1 4.55% 943.5MiB / 7.38GiB
flash-cloud-bench-prometheus-1 0.41% 32.93MiB / 7.38GiB
Wed Sep  9 02:22:31 AM UTC 2026
flash-cloud-bench-maintenance-1 9.54% 34.61MiB / 7.38GiB
flash-cloud-bench-publisher-1 4.95% 34.93MiB / 7.38GiB
flash-cloud-bench-reconciler-1 32.58% 34.71MiB / 7.38GiB
flash-cloud-bench-simulator-1 2.72% 34.75MiB / 7.38GiB
flash-cloud-bench-consumer-1 6.96% 34.81MiB / 7.38GiB
flash-cloud-bench-api-1 74.51% 97.57MiB / 7.38GiB
flash-cloud-bench-redis-1 31.71% 52.7MiB / 7.38GiB
flash-cloud-bench-pgbouncer-1 13.03% 1.609MiB / 7.38GiB
flash-cloud-bench-postgres-1 104.65% 155.6MiB / 7.38GiB
flash-cloud-bench-kafka-1 2.92% 941.3MiB / 7.38GiB
flash-cloud-bench-prometheus-1 0.22% 32.96MiB / 7.38GiB
Wed Sep  9 02:22:43 AM UTC 2026
flash-cloud-bench-maintenance-1 13.48% 34.63MiB / 7.38GiB
flash-cloud-bench-publisher-1 4.82% 34.93MiB / 7.38GiB
flash-cloud-bench-reconciler-1 1.19% 34.71MiB / 7.38GiB
flash-cloud-bench-simulator-1 3.23% 34.73MiB / 7.38GiB
flash-cloud-bench-consumer-1 6.54% 34.82MiB / 7.38GiB
flash-cloud-bench-api-1 80.13% 98.28MiB / 7.38GiB
flash-cloud-bench-redis-1 13.14% 52.54MiB / 7.38GiB
flash-cloud-bench-pgbouncer-1 8.66% 1.605MiB / 7.38GiB
flash-cloud-bench-postgres-1 89.00% 161.4MiB / 7.38GiB
flash-cloud-bench-kafka-1 5.11% 941.4MiB / 7.38GiB
flash-cloud-bench-prometheus-1 0.42% 32.57MiB / 7.38GiB
Wed Sep  9 02:22:55 AM UTC 2026
flash-cloud-bench-maintenance-1 11.54% 34.63MiB / 7.38GiB
flash-cloud-bench-publisher-1 4.57% 34.93MiB / 7.38GiB
flash-cloud-bench-reconciler-1 27.68% 34.71MiB / 7.38GiB
flash-cloud-bench-simulator-1 3.10% 34.73MiB / 7.38GiB
flash-cloud-bench-consumer-1 7.78% 34.82MiB / 7.38GiB
flash-cloud-bench-api-1 80.18% 98.34MiB / 7.38GiB
flash-cloud-bench-redis-1 32.95% 52.52MiB / 7.38GiB
flash-cloud-bench-pgbouncer-1 13.07% 1.59MiB / 7.38GiB
flash-cloud-bench-postgres-1 98.08% 163.1MiB / 7.38GiB
flash-cloud-bench-kafka-1 2.69% 941.6MiB / 7.38GiB
flash-cloud-bench-prometheus-1 0.00% 32.57MiB / 7.38GiB
Wed Sep  9 02:23:07 AM UTC 2026
flash-cloud-bench-maintenance-1 11.17% 34.64MiB / 7.38GiB
flash-cloud-bench-publisher-1 4.18% 34.94MiB / 7.38GiB
flash-cloud-bench-reconciler-1 20.31% 34.71MiB / 7.38GiB
flash-cloud-bench-simulator-1 3.23% 34.73MiB / 7.38GiB
flash-cloud-bench-consumer-1 7.14% 34.82MiB / 7.38GiB
flash-cloud-bench-api-1 93.79% 108.7MiB / 7.38GiB
flash-cloud-bench-redis-1 25.49% 52.39MiB / 7.38GiB
flash-cloud-bench-pgbouncer-1 11.05% 1.609MiB / 7.38GiB
flash-cloud-bench-postgres-1 90.54% 163.1MiB / 7.38GiB
flash-cloud-bench-kafka-1 3.43% 941.7MiB / 7.38GiB
flash-cloud-bench-prometheus-1 0.24% 32.57MiB / 7.38GiB
Wed Sep  9 02:23:19 AM UTC 2026
flash-cloud-bench-maintenance-1 13.71% 34.63MiB / 7.38GiB
flash-cloud-bench-publisher-1 4.55% 34.94MiB / 7.38GiB
flash-cloud-bench-reconciler-1 0.91% 34.71MiB / 7.38GiB
flash-cloud-bench-simulator-1 3.16% 34.74MiB / 7.38GiB
flash-cloud-bench-consumer-1 6.18% 34.82MiB / 7.38GiB
flash-cloud-bench-api-1 81.58% 98.06MiB / 7.38GiB
flash-cloud-bench-redis-1 12.73% 52.25MiB / 7.38GiB
flash-cloud-bench-pgbouncer-1 8.75% 1.605MiB / 7.38GiB
flash-cloud-bench-postgres-1 77.37% 164.3MiB / 7.38GiB
flash-cloud-bench-kafka-1 2.84% 941.8MiB / 7.38GiB
flash-cloud-bench-prometheus-1 0.13% 32.57MiB / 7.38GiB
Wed Sep  9 02:23:32 AM UTC 2026
flash-cloud-bench-maintenance-1 10.03% 34.64MiB / 7.38GiB
flash-cloud-bench-publisher-1 4.25% 34.94MiB / 7.38GiB
flash-cloud-bench-reconciler-1 26.86% 34.71MiB / 7.38GiB
flash-cloud-bench-simulator-1 3.02% 34.73MiB / 7.38GiB
flash-cloud-bench-consumer-1 8.09% 34.82MiB / 7.38GiB
flash-cloud-bench-api-1 76.64% 98.57MiB / 7.38GiB
flash-cloud-bench-redis-1 30.39% 52.49MiB / 7.38GiB
flash-cloud-bench-pgbouncer-1 12.49% 1.613MiB / 7.38GiB
flash-cloud-bench-postgres-1 98.77% 164.8MiB / 7.38GiB
flash-cloud-bench-kafka-1 2.94% 942MiB / 7.38GiB
flash-cloud-bench-prometheus-1 0.14% 32.58MiB / 7.38GiB
Wed Sep  9 02:23:44 AM UTC 2026
flash-cloud-bench-maintenance-1 9.63% 34.66MiB / 7.38GiB
flash-cloud-bench-publisher-1 5.19% 34.94MiB / 7.38GiB
flash-cloud-bench-reconciler-1 0.88% 34.71MiB / 7.38GiB
flash-cloud-bench-simulator-1 3.20% 34.74MiB / 7.38GiB
flash-cloud-bench-consumer-1 7.05% 34.83MiB / 7.38GiB
flash-cloud-bench-api-1 83.67% 98.47MiB / 7.38GiB
flash-cloud-bench-redis-1 13.42% 52.19MiB / 7.38GiB
flash-cloud-bench-pgbouncer-1 7.43% 1.617MiB / 7.38GiB
flash-cloud-bench-postgres-1 81.18% 168.9MiB / 7.38GiB
flash-cloud-bench-kafka-1 2.56% 942.1MiB / 7.38GiB
flash-cloud-bench-prometheus-1 0.42% 32.59MiB / 7.38GiB
Wed Sep  9 02:23:56 AM UTC 2026
flash-cloud-bench-maintenance-1 7.63% 34.67MiB / 7.38GiB
flash-cloud-bench-publisher-1 4.99% 34.94MiB / 7.38GiB
flash-cloud-bench-reconciler-1 14.29% 34.71MiB / 7.38GiB
flash-cloud-bench-simulator-1 3.11% 34.75MiB / 7.38GiB
flash-cloud-bench-consumer-1 6.61% 34.82MiB / 7.38GiB
flash-cloud-bench-api-1 112.20% 111.7MiB / 7.38GiB
flash-cloud-bench-redis-1 22.33% 52.33MiB / 7.38GiB
flash-cloud-bench-pgbouncer-1 10.65% 1.605MiB / 7.38GiB
flash-cloud-bench-postgres-1 87.90% 171.5MiB / 7.38GiB
flash-cloud-bench-kafka-1 2.67% 942.3MiB / 7.38GiB
flash-cloud-bench-prometheus-1 0.24% 32.6MiB / 7.38GiB
Wed Sep  9 02:24:08 AM UTC 2026
flash-cloud-bench-maintenance-1 11.09% 34.68MiB / 7.38GiB
flash-cloud-bench-publisher-1 3.81% 34.94MiB / 7.38GiB
flash-cloud-bench-reconciler-1 24.17% 34.71MiB / 7.38GiB
flash-cloud-bench-simulator-1 3.59% 34.74MiB / 7.38GiB
flash-cloud-bench-consumer-1 6.61% 34.83MiB / 7.38GiB
flash-cloud-bench-api-1 76.23% 98.72MiB / 7.38GiB
flash-cloud-bench-redis-1 26.88% 52.39MiB / 7.38GiB
flash-cloud-bench-pgbouncer-1 12.32% 1.613MiB / 7.38GiB
flash-cloud-bench-postgres-1 98.08% 173.9MiB / 7.38GiB
flash-cloud-bench-kafka-1 2.93% 942.4MiB / 7.38GiB
flash-cloud-bench-prometheus-1 0.39% 32.6MiB / 7.38GiB
Wed Sep  9 02:24:20 AM UTC 2026
flash-cloud-bench-maintenance-1 11.26% 34.68MiB / 7.38GiB
flash-cloud-bench-publisher-1 4.24% 34.94MiB / 7.38GiB
flash-cloud-bench-reconciler-1 0.74% 34.71MiB / 7.38GiB
flash-cloud-bench-simulator-1 3.29% 34.74MiB / 7.38GiB
flash-cloud-bench-consumer-1 5.78% 34.84MiB / 7.38GiB
flash-cloud-bench-api-1 76.71% 98.77MiB / 7.38GiB
flash-cloud-bench-redis-1 12.23% 52.39MiB / 7.38GiB
flash-cloud-bench-pgbouncer-1 7.85% 1.617MiB / 7.38GiB
flash-cloud-bench-postgres-1 79.99% 176.5MiB / 7.38GiB
flash-cloud-bench-kafka-1 2.43% 942.5MiB / 7.38GiB
flash-cloud-bench-prometheus-1 0.00% 32.61MiB / 7.38GiB
Wed Sep  9 02:24:32 AM UTC 2026
flash-cloud-bench-maintenance-1 11.06% 34.7MiB / 7.38GiB
flash-cloud-bench-publisher-1 5.31% 34.94MiB / 7.38GiB
flash-cloud-bench-reconciler-1 22.67% 34.71MiB / 7.38GiB
flash-cloud-bench-simulator-1 2.99% 34.74MiB / 7.38GiB
flash-cloud-bench-consumer-1 6.70% 34.85MiB / 7.38GiB
flash-cloud-bench-api-1 80.74% 99.61MiB / 7.38GiB
flash-cloud-bench-redis-1 26.65% 52.96MiB / 7.38GiB
flash-cloud-bench-pgbouncer-1 12.07% 1.855MiB / 7.38GiB
flash-cloud-bench-postgres-1 91.66% 177.5MiB / 7.38GiB
flash-cloud-bench-kafka-1 4.26% 942.6MiB / 7.38GiB
flash-cloud-bench-prometheus-1 0.26% 32.61MiB / 7.38GiB
Wed Sep  9 02:24:44 AM UTC 2026
flash-cloud-bench-maintenance-1 9.26% 34.71MiB / 7.38GiB
flash-cloud-bench-publisher-1 4.99% 34.95MiB / 7.38GiB
flash-cloud-bench-reconciler-1 0.94% 34.71MiB / 7.38GiB
flash-cloud-bench-simulator-1 3.14% 34.74MiB / 7.38GiB
flash-cloud-bench-consumer-1 6.07% 34.84MiB / 7.38GiB
flash-cloud-bench-api-1 82.74% 99.73MiB / 7.38GiB
flash-cloud-bench-redis-1 13.49% 52.56MiB / 7.38GiB
flash-cloud-bench-pgbouncer-1 7.33% 1.605MiB / 7.38GiB
flash-cloud-bench-postgres-1 80.96% 179.9MiB / 7.38GiB
flash-cloud-bench-kafka-1 2.45% 942.6MiB / 7.38GiB
flash-cloud-bench-prometheus-1 0.00% 32.62MiB / 7.38GiB
Wed Sep  9 02:24:57 AM UTC 2026
flash-cloud-bench-maintenance-1 12.95% 34.73MiB / 7.38GiB
flash-cloud-bench-publisher-1 5.74% 34.95MiB / 7.38GiB
flash-cloud-bench-reconciler-1 3.90% 34.71MiB / 7.38GiB
flash-cloud-bench-simulator-1 3.43% 34.74MiB / 7.38GiB
flash-cloud-bench-consumer-1 7.12% 34.84MiB / 7.38GiB
flash-cloud-bench-api-1 75.21% 100.3MiB / 7.38GiB
flash-cloud-bench-redis-1 13.21% 52.44MiB / 7.38GiB
flash-cloud-bench-pgbouncer-1 11.58% 1.598MiB / 7.38GiB
flash-cloud-bench-postgres-1 86.63% 180MiB / 7.38GiB
flash-cloud-bench-kafka-1 4.36% 942.7MiB / 7.38GiB
flash-cloud-bench-prometheus-1 0.13% 32.62MiB / 7.38GiB
Wed Sep  9 02:25:09 AM UTC 2026
flash-cloud-bench-maintenance-1 9.86% 34.73MiB / 7.38GiB
flash-cloud-bench-publisher-1 4.11% 34.95MiB / 7.38GiB
flash-cloud-bench-reconciler-1 22.72% 34.71MiB / 7.38GiB
flash-cloud-bench-simulator-1 2.85% 34.74MiB / 7.38GiB
flash-cloud-bench-consumer-1 6.35% 34.84MiB / 7.38GiB
flash-cloud-bench-api-1 81.13% 100.7MiB / 7.38GiB
flash-cloud-bench-redis-1 27.47% 52.69MiB / 7.38GiB
flash-cloud-bench-pgbouncer-1 11.37% 1.609MiB / 7.38GiB
flash-cloud-bench-postgres-1 97.52% 180MiB / 7.38GiB
flash-cloud-bench-kafka-1 2.31% 942.8MiB / 7.38GiB
flash-cloud-bench-prometheus-1 0.38% 32.63MiB / 7.38GiB
Wed Sep  9 02:25:21 AM UTC 2026
flash-cloud-bench-maintenance-1 11.30% 34.75MiB / 7.38GiB
flash-cloud-bench-publisher-1 4.16% 34.95MiB / 7.38GiB
flash-cloud-bench-reconciler-1 0.88% 34.71MiB / 7.38GiB
flash-cloud-bench-simulator-1 2.93% 34.75MiB / 7.38GiB
flash-cloud-bench-consumer-1 6.14% 34.85MiB / 7.38GiB
flash-cloud-bench-api-1 83.49% 102.5MiB / 7.38GiB
flash-cloud-bench-redis-1 13.12% 52.47MiB / 7.38GiB
flash-cloud-bench-pgbouncer-1 7.77% 1.613MiB / 7.38GiB
flash-cloud-bench-postgres-1 82.91% 180.1MiB / 7.38GiB
flash-cloud-bench-kafka-1 3.08% 943MiB / 7.38GiB
flash-cloud-bench-prometheus-1 0.00% 32.64MiB / 7.38GiB
Wed Sep  9 02:25:33 AM UTC 2026
flash-cloud-bench-maintenance-1 10.55% 34.76MiB / 7.38GiB
flash-cloud-bench-publisher-1 5.46% 34.95MiB / 7.38GiB
flash-cloud-bench-reconciler-1 22.76% 34.71MiB / 7.38GiB
flash-cloud-bench-simulator-1 2.93% 34.74MiB / 7.38GiB
flash-cloud-bench-consumer-1 6.36% 34.86MiB / 7.38GiB
flash-cloud-bench-api-1 100.89% 115.1MiB / 7.38GiB
flash-cloud-bench-redis-1 26.18% 52.69MiB / 7.38GiB
flash-cloud-bench-pgbouncer-1 11.90% 1.609MiB / 7.38GiB
flash-cloud-bench-postgres-1 107.48% 194.4MiB / 7.38GiB
flash-cloud-bench-kafka-1 2.66% 943.1MiB / 7.38GiB
flash-cloud-bench-prometheus-1 0.15% 32.63MiB / 7.38GiB
Wed Sep  9 02:25:45 AM UTC 2026
flash-cloud-bench-maintenance-1 10.10% 34.76MiB / 7.38GiB
flash-cloud-bench-publisher-1 4.01% 34.95MiB / 7.38GiB
flash-cloud-bench-reconciler-1 0.90% 34.71MiB / 7.38GiB
flash-cloud-bench-simulator-1 3.48% 34.74MiB / 7.38GiB
flash-cloud-bench-consumer-1 5.95% 34.87MiB / 7.38GiB
flash-cloud-bench-api-1 80.26% 103.4MiB / 7.38GiB
flash-cloud-bench-redis-1 13.09% 52.55MiB / 7.38GiB
flash-cloud-bench-pgbouncer-1 7.40% 1.617MiB / 7.38GiB
flash-cloud-bench-postgres-1 87.35% 180.1MiB / 7.38GiB
flash-cloud-bench-kafka-1 2.46% 943.1MiB / 7.38GiB
flash-cloud-bench-prometheus-1 0.00% 32.64MiB / 7.38GiB
Wed Sep  9 02:25:57 AM UTC 2026
flash-cloud-bench-maintenance-1 15.00% 34.76MiB / 7.38GiB
flash-cloud-bench-publisher-1 5.24% 34.95MiB / 7.38GiB
flash-cloud-bench-reconciler-1 1.26% 34.71MiB / 7.38GiB
flash-cloud-bench-simulator-1 3.36% 34.74MiB / 7.38GiB
flash-cloud-bench-consumer-1 6.37% 34.86MiB / 7.38GiB
flash-cloud-bench-api-1 86.12% 103.9MiB / 7.38GiB
flash-cloud-bench-redis-1 11.25% 52.76MiB / 7.38GiB
flash-cloud-bench-pgbouncer-1 9.42% 1.617MiB / 7.38GiB
flash-cloud-bench-postgres-1 86.21% 180.2MiB / 7.38GiB
flash-cloud-bench-kafka-1 2.65% 943.1MiB / 7.38GiB
flash-cloud-bench-prometheus-1 0.24% 32.64MiB / 7.38GiB
Wed Sep  9 02:26:09 AM UTC 2026
flash-cloud-bench-maintenance-1 9.28% 34.76MiB / 7.38GiB
flash-cloud-bench-publisher-1 4.40% 34.95MiB / 7.38GiB
flash-cloud-bench-reconciler-1 27.35% 34.71MiB / 7.38GiB
flash-cloud-bench-simulator-1 3.26% 34.74MiB / 7.38GiB
flash-cloud-bench-consumer-1 5.75% 34.88MiB / 7.38GiB
flash-cloud-bench-api-1 84.25% 104.6MiB / 7.38GiB
flash-cloud-bench-redis-1 27.45% 52.57MiB / 7.38GiB
flash-cloud-bench-pgbouncer-1 12.32% 1.609MiB / 7.38GiB
flash-cloud-bench-postgres-1 97.18% 180.2MiB / 7.38GiB
flash-cloud-bench-kafka-1 2.58% 943.2MiB / 7.38GiB
flash-cloud-bench-prometheus-1 0.00% 32.65MiB / 7.38GiB
Wed Sep  9 02:26:21 AM UTC 2026
flash-cloud-bench-maintenance-1 9.30% 34.76MiB / 7.38GiB
flash-cloud-bench-publisher-1 4.14% 34.95MiB / 7.38GiB
flash-cloud-bench-reconciler-1 1.21% 34.72MiB / 7.38GiB
flash-cloud-bench-simulator-1 3.01% 34.74MiB / 7.38GiB
flash-cloud-bench-consumer-1 6.12% 34.87MiB / 7.38GiB
flash-cloud-bench-api-1 97.35% 116.5MiB / 7.38GiB
flash-cloud-bench-redis-1 11.19% 52.73MiB / 7.38GiB
flash-cloud-bench-pgbouncer-1 8.06% 1.617MiB / 7.38GiB
flash-cloud-bench-postgres-1 81.76% 182.9MiB / 7.38GiB
flash-cloud-bench-kafka-1 2.40% 945MiB / 7.38GiB
flash-cloud-bench-prometheus-1 0.33% 32.65MiB / 7.38GiB
Wed Sep  9 02:26:34 AM UTC 2026
flash-cloud-bench-maintenance-1 7.87% 34.77MiB / 7.38GiB
flash-cloud-bench-publisher-1 4.32% 34.96MiB / 7.38GiB
flash-cloud-bench-reconciler-1 23.93% 34.71MiB / 7.38GiB
flash-cloud-bench-simulator-1 2.67% 34.74MiB / 7.38GiB
flash-cloud-bench-consumer-1 6.20% 34.87MiB / 7.38GiB
flash-cloud-bench-api-1 103.84% 107.3MiB / 7.38GiB
flash-cloud-bench-redis-1 26.82% 52.71MiB / 7.38GiB
flash-cloud-bench-pgbouncer-1 10.99% 1.613MiB / 7.38GiB
flash-cloud-bench-postgres-1 149.44% 202.4MiB / 7.38GiB
flash-cloud-bench-kafka-1 2.32% 951.1MiB / 7.38GiB
flash-cloud-bench-prometheus-1 0.40% 32.66MiB / 7.38GiB
Wed Sep  9 02:26:46 AM UTC 2026
flash-cloud-bench-maintenance-1 9.65% 34.78MiB / 7.38GiB
flash-cloud-bench-publisher-1 4.58% 34.96MiB / 7.38GiB
flash-cloud-bench-reconciler-1 0.85% 34.71MiB / 7.38GiB
flash-cloud-bench-simulator-1 3.36% 34.74MiB / 7.38GiB
flash-cloud-bench-consumer-1 6.87% 34.88MiB / 7.38GiB
flash-cloud-bench-api-1 76.88% 107.1MiB / 7.38GiB
flash-cloud-bench-redis-1 9.95% 52.28MiB / 7.38GiB
flash-cloud-bench-pgbouncer-1 7.41% 1.617MiB / 7.38GiB
flash-cloud-bench-postgres-1 82.99% 183.2MiB / 7.38GiB
flash-cloud-bench-kafka-1 2.29% 945.3MiB / 7.38GiB
flash-cloud-bench-prometheus-1 0.00% 32.67MiB / 7.38GiB
Wed Sep  9 02:26:58 AM UTC 2026
flash-cloud-bench-maintenance-1 14.43% 34.79MiB / 7.38GiB
flash-cloud-bench-publisher-1 4.95% 34.96MiB / 7.38GiB
flash-cloud-bench-reconciler-1 15.33% 34.71MiB / 7.38GiB
flash-cloud-bench-simulator-1 3.62% 34.74MiB / 7.38GiB
flash-cloud-bench-consumer-1 6.10% 34.88MiB / 7.38GiB
flash-cloud-bench-api-1 81.73% 107.9MiB / 7.38GiB
flash-cloud-bench-redis-1 11.21% 52.38MiB / 7.38GiB
flash-cloud-bench-pgbouncer-1 8.92% 1.633MiB / 7.38GiB
flash-cloud-bench-postgres-1 82.21% 183.4MiB / 7.38GiB
flash-cloud-bench-kafka-1 2.94% 945.6MiB / 7.38GiB
flash-cloud-bench-prometheus-1 0.42% 32.67MiB / 7.38GiB
Wed Sep  9 02:27:10 AM UTC 2026
flash-cloud-bench-maintenance-1 10.90% 34.79MiB / 7.38GiB
flash-cloud-bench-publisher-1 5.49% 35.21MiB / 7.38GiB
flash-cloud-bench-reconciler-1 29.03% 34.71MiB / 7.38GiB
flash-cloud-bench-simulator-1 2.94% 34.74MiB / 7.38GiB
flash-cloud-bench-consumer-1 6.11% 34.88MiB / 7.38GiB
flash-cloud-bench-api-1 88.69% 117.4MiB / 7.38GiB
flash-cloud-bench-redis-1 29.42% 52.54MiB / 7.38GiB
flash-cloud-bench-pgbouncer-1 13.28% 1.598MiB / 7.38GiB
flash-cloud-bench-postgres-1 95.44% 183.4MiB / 7.38GiB
flash-cloud-bench-kafka-1 2.41% 945.6MiB / 7.38GiB
flash-cloud-bench-prometheus-1 0.00% 32.68MiB / 7.38GiB
Wed Sep  9 02:27:22 AM UTC 2026
flash-cloud-bench-maintenance-1 10.97% 34.81MiB / 7.38GiB
flash-cloud-bench-publisher-1 4.82% 34.96MiB / 7.38GiB
flash-cloud-bench-reconciler-1 1.27% 34.71MiB / 7.38GiB
flash-cloud-bench-simulator-1 3.41% 34.74MiB / 7.38GiB
flash-cloud-bench-consumer-1 5.83% 34.89MiB / 7.38GiB
flash-cloud-bench-api-1 94.57% 108.9MiB / 7.38GiB
flash-cloud-bench-redis-1 12.46% 52.62MiB / 7.38GiB
flash-cloud-bench-pgbouncer-1 7.72% 1.59MiB / 7.38GiB
flash-cloud-bench-postgres-1 80.90% 183.4MiB / 7.38GiB
flash-cloud-bench-kafka-1 5.99% 945.7MiB / 7.38GiB
flash-cloud-bench-prometheus-1 0.26% 32.68MiB / 7.38GiB
Wed Sep  9 02:27:34 AM UTC 2026
flash-cloud-bench-maintenance-1 9.38% 34.82MiB / 7.38GiB
flash-cloud-bench-publisher-1 4.44% 34.96MiB / 7.38GiB
flash-cloud-bench-reconciler-1 25.99% 34.71MiB / 7.38GiB
flash-cloud-bench-simulator-1 2.84% 34.74MiB / 7.38GiB
flash-cloud-bench-consumer-1 6.50% 34.89MiB / 7.38GiB
flash-cloud-bench-api-1 79.51% 109.7MiB / 7.38GiB
flash-cloud-bench-redis-1 25.31% 52.51MiB / 7.38GiB
flash-cloud-bench-pgbouncer-1 12.31% 1.594MiB / 7.38GiB
flash-cloud-bench-postgres-1 103.85% 183.4MiB / 7.38GiB
flash-cloud-bench-kafka-1 2.15% 945.7MiB / 7.38GiB
flash-cloud-bench-prometheus-1 0.16% 32.68MiB / 7.38GiB
Wed Sep  9 02:27:46 AM UTC 2026
flash-cloud-bench-maintenance-1 9.66% 34.82MiB / 7.38GiB
flash-cloud-bench-publisher-1 4.04% 34.96MiB / 7.38GiB
flash-cloud-bench-reconciler-1 0.91% 34.71MiB / 7.38GiB
flash-cloud-bench-simulator-1 3.13% 34.75MiB / 7.38GiB
flash-cloud-bench-consumer-1 6.55% 34.9MiB / 7.38GiB
flash-cloud-bench-api-1 78.79% 110.3MiB / 7.38GiB
flash-cloud-bench-redis-1 9.87% 52.19MiB / 7.38GiB
flash-cloud-bench-pgbouncer-1 7.29% 1.605MiB / 7.38GiB
flash-cloud-bench-postgres-1 82.30% 183.5MiB / 7.38GiB
flash-cloud-bench-kafka-1 2.24% 945.8MiB / 7.38GiB
flash-cloud-bench-prometheus-1 0.00% 32.68MiB / 7.38GiB
Wed Sep  9 02:27:59 AM UTC 2026
flash-cloud-bench-maintenance-1 13.42% 34.85MiB / 7.38GiB
flash-cloud-bench-publisher-1 4.61% 34.96MiB / 7.38GiB
flash-cloud-bench-reconciler-1 0.88% 34.72MiB / 7.38GiB
flash-cloud-bench-simulator-1 3.16% 34.74MiB / 7.38GiB
flash-cloud-bench-consumer-1 6.24% 34.9MiB / 7.38GiB
flash-cloud-bench-api-1 101.07% 121.8MiB / 7.38GiB
flash-cloud-bench-redis-1 12.46% 52.47MiB / 7.38GiB
flash-cloud-bench-pgbouncer-1 8.59% 1.594MiB / 7.38GiB
flash-cloud-bench-postgres-1 80.54% 183.8MiB / 7.38GiB
flash-cloud-bench-kafka-1 2.67% 945.9MiB / 7.38GiB
flash-cloud-bench-prometheus-1 0.39% 32.68MiB / 7.38GiB
Wed Sep  9 02:28:11 AM UTC 2026
flash-cloud-bench-maintenance-1 10.87% 34.86MiB / 7.38GiB
flash-cloud-bench-publisher-1 4.45% 34.96MiB / 7.38GiB
flash-cloud-bench-reconciler-1 23.52% 34.72MiB / 7.38GiB
flash-cloud-bench-simulator-1 2.99% 34.74MiB / 7.38GiB
flash-cloud-bench-consumer-1 6.21% 34.9MiB / 7.38GiB
flash-cloud-bench-api-1 78.41% 111.8MiB / 7.38GiB
flash-cloud-bench-redis-1 24.18% 52.51MiB / 7.38GiB
flash-cloud-bench-pgbouncer-1 12.23% 1.852MiB / 7.38GiB
flash-cloud-bench-postgres-1 91.19% 183.6MiB / 7.38GiB
flash-cloud-bench-kafka-1 2.11% 946MiB / 7.38GiB
flash-cloud-bench-prometheus-1 0.00% 32.67MiB / 7.38GiB
Wed Sep  9 02:28:23 AM UTC 2026
flash-cloud-bench-maintenance-1 11.09% 34.86MiB / 7.38GiB
flash-cloud-bench-publisher-1 5.21% 34.96MiB / 7.38GiB
flash-cloud-bench-reconciler-1 0.92% 34.72MiB / 7.38GiB
flash-cloud-bench-simulator-1 3.49% 34.74MiB / 7.38GiB
flash-cloud-bench-consumer-1 6.66% 34.9MiB / 7.38GiB
flash-cloud-bench-api-1 77.59% 113.8MiB / 7.38GiB
flash-cloud-bench-redis-1 10.24% 52.66MiB / 7.38GiB
flash-cloud-bench-pgbouncer-1 7.76% 1.605MiB / 7.38GiB
flash-cloud-bench-postgres-1 96.34% 183.6MiB / 7.38GiB
flash-cloud-bench-kafka-1 2.27% 946MiB / 7.38GiB
flash-cloud-bench-prometheus-1 0.14% 32.68MiB / 7.38GiB
Wed Sep  9 02:28:35 AM UTC 2026
flash-cloud-bench-maintenance-1 11.46% 34.88MiB / 7.38GiB
flash-cloud-bench-publisher-1 4.28% 34.96MiB / 7.38GiB
flash-cloud-bench-reconciler-1 21.07% 34.72MiB / 7.38GiB
flash-cloud-bench-simulator-1 3.30% 34.74MiB / 7.38GiB
flash-cloud-bench-consumer-1 6.28% 34.9MiB / 7.38GiB
flash-cloud-bench-api-1 78.08% 114.1MiB / 7.38GiB
flash-cloud-bench-redis-1 22.76% 52.52MiB / 7.38GiB
flash-cloud-bench-pgbouncer-1 11.80% 1.617MiB / 7.38GiB
flash-cloud-bench-postgres-1 99.10% 183.5MiB / 7.38GiB
flash-cloud-bench-kafka-1 2.24% 946MiB / 7.38GiB
flash-cloud-bench-prometheus-1 0.00% 32.68MiB / 7.38GiB
Wed Sep  9 02:28:47 AM UTC 2026
flash-cloud-bench-maintenance-1 10.05% 34.89MiB / 7.38GiB
flash-cloud-bench-publisher-1 3.99% 34.96MiB / 7.38GiB
flash-cloud-bench-reconciler-1 1.26% 34.72MiB / 7.38GiB
flash-cloud-bench-simulator-1 2.99% 34.74MiB / 7.38GiB
flash-cloud-bench-consumer-1 6.51% 34.92MiB / 7.38GiB
flash-cloud-bench-api-1 93.63% 125.9MiB / 7.38GiB
flash-cloud-bench-redis-1 9.95% 52.14MiB / 7.38GiB
flash-cloud-bench-pgbouncer-1 7.89% 1.605MiB / 7.38GiB
flash-cloud-bench-postgres-1 85.10% 183.6MiB / 7.38GiB
flash-cloud-bench-kafka-1 2.46% 946.1MiB / 7.38GiB
flash-cloud-bench-prometheus-1 0.12% 32.73MiB / 7.38GiB
Wed Sep  9 02:28:59 AM UTC 2026
flash-cloud-bench-maintenance-1 11.14% 34.9MiB / 7.38GiB
flash-cloud-bench-publisher-1 5.19% 34.96MiB / 7.38GiB
flash-cloud-bench-reconciler-1 0.94% 34.72MiB / 7.38GiB
flash-cloud-bench-simulator-1 3.16% 34.74MiB / 7.38GiB
flash-cloud-bench-consumer-1 5.89% 34.91MiB / 7.38GiB
flash-cloud-bench-api-1 80.72% 115.6MiB / 7.38GiB
flash-cloud-bench-redis-1 10.89% 52.59MiB / 7.38GiB
flash-cloud-bench-pgbouncer-1 8.13% 1.59MiB / 7.38GiB
flash-cloud-bench-postgres-1 90.62% 183.6MiB / 7.38GiB
flash-cloud-bench-kafka-1 32.00% 953.9MiB / 7.38GiB
flash-cloud-bench-prometheus-1 0.00% 32.73MiB / 7.38GiB
Wed Sep  9 02:29:11 AM UTC 2026
flash-cloud-bench-maintenance-1 12.13% 34.91MiB / 7.38GiB
flash-cloud-bench-publisher-1 4.29% 34.96MiB / 7.38GiB
flash-cloud-bench-reconciler-1 21.13% 34.72MiB / 7.38GiB
flash-cloud-bench-simulator-1 2.96% 34.76MiB / 7.38GiB
flash-cloud-bench-consumer-1 6.45% 34.91MiB / 7.38GiB
flash-cloud-bench-api-1 79.53% 115MiB / 7.38GiB
flash-cloud-bench-redis-1 23.65% 52.54MiB / 7.38GiB
flash-cloud-bench-pgbouncer-1 11.96% 1.602MiB / 7.38GiB
flash-cloud-bench-postgres-1 97.15% 183.9MiB / 7.38GiB
flash-cloud-bench-kafka-1 2.23% 946.3MiB / 7.38GiB
flash-cloud-bench-prometheus-1 0.00% 32.73MiB / 7.38GiB
Wed Sep  9 02:29:23 AM UTC 2026
flash-cloud-bench-maintenance-1 9.59% 34.93MiB / 7.38GiB
flash-cloud-bench-publisher-1 4.38% 34.96MiB / 7.38GiB
flash-cloud-bench-reconciler-1 0.90% 34.72MiB / 7.38GiB
flash-cloud-bench-simulator-1 3.05% 34.74MiB / 7.38GiB
flash-cloud-bench-consumer-1 11.32% 34.91MiB / 7.38GiB
flash-cloud-bench-api-1 77.79% 117.6MiB / 7.38GiB
flash-cloud-bench-redis-1 10.25% 53.28MiB / 7.38GiB
flash-cloud-bench-pgbouncer-1 7.24% 1.598MiB / 7.38GiB
flash-cloud-bench-postgres-1 84.25% 185.1MiB / 7.38GiB
flash-cloud-bench-kafka-1 2.16% 946.4MiB / 7.38GiB
flash-cloud-bench-prometheus-1 0.45% 32.73MiB / 7.38GiB
Wed Sep  9 02:29:36 AM UTC 2026
flash-cloud-bench-maintenance-1 10.40% 34.93MiB / 7.38GiB
flash-cloud-bench-publisher-1 4.31% 34.96MiB / 7.38GiB
flash-cloud-bench-reconciler-1 26.02% 34.72MiB / 7.38GiB
flash-cloud-bench-simulator-1 3.22% 34.75MiB / 7.38GiB
flash-cloud-bench-consumer-1 7.03% 34.92MiB / 7.38GiB
flash-cloud-bench-api-1 80.33% 114.5MiB / 7.38GiB
flash-cloud-bench-redis-1 26.37% 52.68MiB / 7.38GiB
flash-cloud-bench-pgbouncer-1 12.52% 1.613MiB / 7.38GiB
flash-cloud-bench-postgres-1 100.32% 183.5MiB / 7.38GiB
flash-cloud-bench-kafka-1 3.01% 946.5MiB / 7.38GiB
flash-cloud-bench-prometheus-1 0.23% 32.73MiB / 7.38GiB
Wed Sep  9 02:29:48 AM UTC 2026
flash-cloud-bench-maintenance-1 11.59% 35.2MiB / 7.38GiB
flash-cloud-bench-publisher-1 4.36% 34.96MiB / 7.38GiB
flash-cloud-bench-reconciler-1 2.10% 34.72MiB / 7.38GiB
flash-cloud-bench-simulator-1 3.64% 34.74MiB / 7.38GiB
flash-cloud-bench-consumer-1 6.88% 34.92MiB / 7.38GiB
flash-cloud-bench-api-1 81.66% 114.2MiB / 7.38GiB
flash-cloud-bench-redis-1 10.87% 52.29MiB / 7.38GiB
flash-cloud-bench-pgbouncer-1 8.36% 1.598MiB / 7.38GiB
flash-cloud-bench-postgres-1 80.18% 183.5MiB / 7.38GiB
flash-cloud-bench-kafka-1 2.14% 946.8MiB / 7.38GiB
flash-cloud-bench-prometheus-1 0.13% 32.74MiB / 7.38GiB
Wed Sep  9 02:30:00 AM UTC 2026
flash-cloud-bench-maintenance-1 11.20% 34.96MiB / 7.38GiB
flash-cloud-bench-publisher-1 4.54% 34.96MiB / 7.38GiB
flash-cloud-bench-reconciler-1 0.92% 34.72MiB / 7.38GiB
flash-cloud-bench-simulator-1 3.22% 34.74MiB / 7.38GiB
flash-cloud-bench-consumer-1 6.11% 34.93MiB / 7.38GiB
flash-cloud-bench-api-1 79.57% 114.4MiB / 7.38GiB
flash-cloud-bench-redis-1 10.71% 52.58MiB / 7.38GiB
flash-cloud-bench-pgbouncer-1 7.87% 1.59MiB / 7.38GiB
flash-cloud-bench-postgres-1 87.41% 183.5MiB / 7.38GiB
flash-cloud-bench-kafka-1 3.03% 947MiB / 7.38GiB
flash-cloud-bench-prometheus-1 0.00% 32.74MiB / 7.38GiB
Wed Sep  9 02:30:12 AM UTC 2026
flash-cloud-bench-maintenance-1 10.92% 34.96MiB / 7.38GiB
flash-cloud-bench-publisher-1 4.70% 34.96MiB / 7.38GiB
flash-cloud-bench-reconciler-1 26.03% 34.72MiB / 7.38GiB
flash-cloud-bench-simulator-1 2.64% 34.74MiB / 7.38GiB
flash-cloud-bench-consumer-1 7.48% 34.93MiB / 7.38GiB
flash-cloud-bench-api-1 79.01% 114.9MiB / 7.38GiB
flash-cloud-bench-redis-1 25.60% 52.39MiB / 7.38GiB
flash-cloud-bench-pgbouncer-1 12.58% 1.586MiB / 7.38GiB
flash-cloud-bench-postgres-1 98.48% 183.5MiB / 7.38GiB
flash-cloud-bench-kafka-1 2.53% 947.1MiB / 7.38GiB
flash-cloud-bench-prometheus-1 0.23% 32.74MiB / 7.38GiB
Wed Sep  9 02:30:24 AM UTC 2026
flash-cloud-bench-maintenance-1 10.65% 34.98MiB / 7.38GiB
flash-cloud-bench-publisher-1 4.09% 34.96MiB / 7.38GiB
flash-cloud-bench-reconciler-1 0.88% 34.72MiB / 7.38GiB
flash-cloud-bench-simulator-1 3.05% 34.74MiB / 7.38GiB
flash-cloud-bench-consumer-1 6.14% 34.93MiB / 7.38GiB
flash-cloud-bench-api-1 76.10% 113.9MiB / 7.38GiB
flash-cloud-bench-redis-1 9.71% 52.84MiB / 7.38GiB
flash-cloud-bench-pgbouncer-1 7.66% 1.594MiB / 7.38GiB
flash-cloud-bench-postgres-1 79.89% 183.5MiB / 7.38GiB
flash-cloud-bench-kafka-1 2.12% 947.1MiB / 7.38GiB
flash-cloud-bench-prometheus-1 0.44% 32.74MiB / 7.38GiB
Wed Sep  9 02:30:36 AM UTC 2026
flash-cloud-bench-maintenance-1 9.02% 34.98MiB / 7.38GiB
flash-cloud-bench-publisher-1 4.64% 34.96MiB / 7.38GiB
flash-cloud-bench-reconciler-1 25.87% 34.72MiB / 7.38GiB
flash-cloud-bench-simulator-1 2.66% 34.74MiB / 7.38GiB
flash-cloud-bench-consumer-1 6.23% 34.93MiB / 7.38GiB
flash-cloud-bench-api-1 105.11% 112.5MiB / 7.38GiB
flash-cloud-bench-redis-1 27.05% 52.43MiB / 7.38GiB
flash-cloud-bench-pgbouncer-1 11.71% 1.598MiB / 7.38GiB
flash-cloud-bench-postgres-1 94.63% 183.6MiB / 7.38GiB
flash-cloud-bench-kafka-1 2.31% 947.2MiB / 7.38GiB
flash-cloud-bench-prometheus-1 0.24% 32.74MiB / 7.38GiB
Wed Sep  9 02:30:48 AM UTC 2026
flash-cloud-bench-maintenance-1 10.48% 34.98MiB / 7.38GiB
flash-cloud-bench-publisher-1 3.68% 34.96MiB / 7.38GiB
flash-cloud-bench-reconciler-1 10.00% 34.72MiB / 7.38GiB
flash-cloud-bench-simulator-1 3.19% 34.74MiB / 7.38GiB
flash-cloud-bench-consumer-1 6.18% 34.94MiB / 7.38GiB
flash-cloud-bench-api-1 72.24% 112.6MiB / 7.38GiB
flash-cloud-bench-redis-1 14.69% 52.34MiB / 7.38GiB
flash-cloud-bench-pgbouncer-1 9.31% 1.617MiB / 7.38GiB
flash-cloud-bench-postgres-1 93.74% 183.6MiB / 7.38GiB
flash-cloud-bench-kafka-1 1.94% 947.2MiB / 7.38GiB
flash-cloud-bench-prometheus-1 0.13% 32.74MiB / 7.38GiB
Wed Sep  9 02:31:00 AM UTC 2026
flash-cloud-bench-maintenance-1 10.71% 34.98MiB / 7.38GiB
flash-cloud-bench-publisher-1 4.65% 34.96MiB / 7.38GiB
flash-cloud-bench-reconciler-1 0.92% 34.72MiB / 7.38GiB
flash-cloud-bench-simulator-1 3.43% 34.74MiB / 7.38GiB
flash-cloud-bench-consumer-1 8.18% 34.95MiB / 7.38GiB
flash-cloud-bench-api-1 82.44% 113.2MiB / 7.38GiB
flash-cloud-bench-redis-1 10.98% 52.47MiB / 7.38GiB
flash-cloud-bench-pgbouncer-1 7.99% 1.605MiB / 7.38GiB
flash-cloud-bench-postgres-1 89.86% 183.7MiB / 7.38GiB
flash-cloud-bench-kafka-1 2.27% 947.3MiB / 7.38GiB
flash-cloud-bench-prometheus-1 0.00% 32.74MiB / 7.38GiB
Wed Sep  9 02:31:13 AM UTC 2026
flash-cloud-bench-maintenance-1 11.41% 34.98MiB / 7.38GiB
flash-cloud-bench-publisher-1 4.59% 34.96MiB / 7.38GiB
flash-cloud-bench-reconciler-1 25.82% 34.72MiB / 7.38GiB
flash-cloud-bench-simulator-1 3.18% 34.74MiB / 7.38GiB
flash-cloud-bench-consumer-1 6.87% 34.96MiB / 7.38GiB
flash-cloud-bench-api-1 82.22% 111.8MiB / 7.38GiB
flash-cloud-bench-redis-1 26.44% 52.77MiB / 7.38GiB
flash-cloud-bench-pgbouncer-1 12.29% 1.594MiB / 7.38GiB
flash-cloud-bench-postgres-1 94.24% 183.7MiB / 7.38GiB
flash-cloud-bench-kafka-1 4.27% 949.3MiB / 7.38GiB
flash-cloud-bench-prometheus-1 0.14% 32.74MiB / 7.38GiB
Wed Sep  9 02:31:25 AM UTC 2026
flash-cloud-bench-maintenance-1 12.82% 34.98MiB / 7.38GiB
flash-cloud-bench-publisher-1 4.77% 34.96MiB / 7.38GiB
flash-cloud-bench-reconciler-1 0.85% 34.72MiB / 7.38GiB
flash-cloud-bench-simulator-1 2.87% 34.74MiB / 7.38GiB
flash-cloud-bench-consumer-1 6.88% 34.96MiB / 7.38GiB
flash-cloud-bench-api-1 108.01% 111.8MiB / 7.38GiB
flash-cloud-bench-redis-1 10.35% 52.66MiB / 7.38GiB
flash-cloud-bench-pgbouncer-1 7.77% 1.594MiB / 7.38GiB
flash-cloud-bench-postgres-1 86.83% 183.7MiB / 7.38GiB
flash-cloud-bench-kafka-1 9.10% 947.9MiB / 7.38GiB
flash-cloud-bench-prometheus-1 0.00% 32.75MiB / 7.38GiB
Wed Sep  9 02:31:37 AM UTC 2026
flash-cloud-bench-maintenance-1 8.24% 34.98MiB / 7.38GiB
flash-cloud-bench-publisher-1 4.25% 34.96MiB / 7.38GiB
flash-cloud-bench-reconciler-1 23.64% 34.72MiB / 7.38GiB
flash-cloud-bench-simulator-1 2.91% 34.74MiB / 7.38GiB
flash-cloud-bench-consumer-1 6.34% 34.96MiB / 7.38GiB
flash-cloud-bench-api-1 79.55% 112MiB / 7.38GiB
flash-cloud-bench-redis-1 25.01% 52.53MiB / 7.38GiB
flash-cloud-bench-pgbouncer-1 10.79% 1.594MiB / 7.38GiB
flash-cloud-bench-postgres-1 94.61% 183.7MiB / 7.38GiB
flash-cloud-bench-kafka-1 43.11% 973.5MiB / 7.38GiB
flash-cloud-bench-prometheus-1 0.23% 32.75MiB / 7.38GiB
Wed Sep  9 02:31:49 AM UTC 2026
flash-cloud-bench-maintenance-1 10.87% 34.98MiB / 7.38GiB
flash-cloud-bench-publisher-1 4.83% 34.96MiB / 7.38GiB
flash-cloud-bench-reconciler-1 15.84% 34.72MiB / 7.38GiB
flash-cloud-bench-simulator-1 2.86% 34.74MiB / 7.38GiB
flash-cloud-bench-consumer-1 6.15% 34.96MiB / 7.38GiB
flash-cloud-bench-api-1 75.39% 112.2MiB / 7.38GiB
flash-cloud-bench-redis-1 18.83% 52.77MiB / 7.38GiB
flash-cloud-bench-pgbouncer-1 10.45% 1.625MiB / 7.38GiB
flash-cloud-bench-postgres-1 87.49% 183.8MiB / 7.38GiB
flash-cloud-bench-kafka-1 72.08% 985.7MiB / 7.38GiB
flash-cloud-bench-prometheus-1 0.39% 32.75MiB / 7.38GiB
Wed Sep  9 02:32:01 AM UTC 2026
flash-cloud-bench-maintenance-1 7.66% 34.98MiB / 7.38GiB
flash-cloud-bench-publisher-1 4.47% 34.96MiB / 7.38GiB
flash-cloud-bench-reconciler-1 0.98% 34.72MiB / 7.38GiB
flash-cloud-bench-simulator-1 3.42% 34.74MiB / 7.38GiB
flash-cloud-bench-consumer-1 5.83% 34.96MiB / 7.38GiB
flash-cloud-bench-api-1 81.45% 112.6MiB / 7.38GiB
flash-cloud-bench-redis-1 10.78% 52.52MiB / 7.38GiB
flash-cloud-bench-pgbouncer-1 6.75% 1.59MiB / 7.38GiB
flash-cloud-bench-postgres-1 80.64% 183.8MiB / 7.38GiB
flash-cloud-bench-kafka-1 93.38% 991.9MiB / 7.38GiB
flash-cloud-bench-prometheus-1 0.22% 32.75MiB / 7.38GiB
Wed Sep  9 02:32:13 AM UTC 2026
flash-cloud-bench-maintenance-1 5.39% 34.98MiB / 7.38GiB
flash-cloud-bench-publisher-1 4.31% 34.96MiB / 7.38GiB
flash-cloud-bench-reconciler-1 22.89% 34.97MiB / 7.38GiB
flash-cloud-bench-simulator-1 2.35% 34.74MiB / 7.38GiB
flash-cloud-bench-consumer-1 5.60% 34.97MiB / 7.38GiB
flash-cloud-bench-api-1 97.85% 112.8MiB / 7.38GiB
flash-cloud-bench-redis-1 23.62% 52.5MiB / 7.38GiB
flash-cloud-bench-pgbouncer-1 9.71% 1.598MiB / 7.38GiB
flash-cloud-bench-postgres-1 89.89% 183.8MiB / 7.38GiB
flash-cloud-bench-kafka-1 106.88% 993.5MiB / 7.38GiB
flash-cloud-bench-prometheus-1 0.37% 32.76MiB / 7.38GiB
Wed Sep  9 02:32:25 AM UTC 2026
flash-cloud-bench-maintenance-1 8.92% 34.98MiB / 7.38GiB
flash-cloud-bench-publisher-1 5.19% 34.96MiB / 7.38GiB
flash-cloud-bench-reconciler-1 0.94% 34.72MiB / 7.38GiB
flash-cloud-bench-simulator-1 2.88% 34.74MiB / 7.38GiB
flash-cloud-bench-consumer-1 6.40% 34.97MiB / 7.38GiB
flash-cloud-bench-api-1 79.73% 111.7MiB / 7.38GiB
flash-cloud-bench-redis-1 10.37% 52.6MiB / 7.38GiB
flash-cloud-bench-pgbouncer-1 7.89% 1.625MiB / 7.38GiB
flash-cloud-bench-postgres-1 87.69% 184.1MiB / 7.38GiB
flash-cloud-bench-kafka-1 135.94% 997.5MiB / 7.38GiB
flash-cloud-bench-prometheus-1 0.00% 32.75MiB / 7.38GiB
Wed Sep  9 02:32:38 AM UTC 2026
flash-cloud-bench-maintenance-1 5.30% 34.98MiB / 7.38GiB
flash-cloud-bench-publisher-1 4.34% 34.97MiB / 7.38GiB
flash-cloud-bench-reconciler-1 21.63% 34.72MiB / 7.38GiB
flash-cloud-bench-simulator-1 2.75% 34.74MiB / 7.38GiB
flash-cloud-bench-consumer-1 6.01% 34.97MiB / 7.38GiB
flash-cloud-bench-api-1 76.14% 112.1MiB / 7.38GiB
flash-cloud-bench-redis-1 23.87% 52.73MiB / 7.38GiB
flash-cloud-bench-pgbouncer-1 10.05% 1.621MiB / 7.38GiB
flash-cloud-bench-postgres-1 85.80% 184MiB / 7.38GiB
flash-cloud-bench-kafka-1 137.08% 1005MiB / 7.38GiB
flash-cloud-bench-prometheus-1 0.38% 32.75MiB / 7.38GiB
Wed Sep  9 02:32:50 AM UTC 2026
flash-cloud-bench-maintenance-1 4.96% 34.98MiB / 7.38GiB
flash-cloud-bench-publisher-1 4.55% 34.97MiB / 7.38GiB
flash-cloud-bench-reconciler-1 20.34% 34.72MiB / 7.38GiB
flash-cloud-bench-simulator-1 2.84% 34.74MiB / 7.38GiB
flash-cloud-bench-consumer-1 6.30% 34.97MiB / 7.38GiB
flash-cloud-bench-api-1 76.47% 113.5MiB / 7.38GiB
flash-cloud-bench-redis-1 22.29% 52.51MiB / 7.38GiB
flash-cloud-bench-pgbouncer-1 9.64% 1.594MiB / 7.38GiB
flash-cloud-bench-postgres-1 87.11% 183.8MiB / 7.38GiB
flash-cloud-bench-kafka-1 40.16% 969.7MiB / 7.38GiB
flash-cloud-bench-prometheus-1 0.00% 32.75MiB / 7.38GiB
Wed Sep  9 02:33:02 AM UTC 2026
flash-cloud-bench-maintenance-1 5.27% 34.98MiB / 7.38GiB
flash-cloud-bench-publisher-1 5.12% 34.97MiB / 7.38GiB
flash-cloud-bench-reconciler-1 1.35% 34.72MiB / 7.38GiB
flash-cloud-bench-simulator-1 2.55% 34.74MiB / 7.38GiB
flash-cloud-bench-consumer-1 7.29% 34.98MiB / 7.38GiB
flash-cloud-bench-api-1 97.04% 111.9MiB / 7.38GiB
flash-cloud-bench-redis-1 11.84% 52.54MiB / 7.38GiB
flash-cloud-bench-pgbouncer-1 6.54% 1.582MiB / 7.38GiB
flash-cloud-bench-postgres-1 82.11% 183.8MiB / 7.38GiB
flash-cloud-bench-kafka-1 151.20% 1012MiB / 7.38GiB
flash-cloud-bench-prometheus-1 0.23% 32.76MiB / 7.38GiB
Wed Sep  9 02:33:14 AM UTC 2026
flash-cloud-bench-maintenance-1 8.31% 34.98MiB / 7.38GiB
flash-cloud-bench-publisher-1 3.82% 34.97MiB / 7.38GiB
flash-cloud-bench-reconciler-1 22.46% 34.77MiB / 7.38GiB
flash-cloud-bench-simulator-1 2.38% 34.74MiB / 7.38GiB
flash-cloud-bench-consumer-1 4.59% 34.97MiB / 7.38GiB
flash-cloud-bench-api-1 87.95% 111.5MiB / 7.38GiB
flash-cloud-bench-redis-1 26.58% 52.73MiB / 7.38GiB
flash-cloud-bench-pgbouncer-1 10.37% 1.609MiB / 7.38GiB
flash-cloud-bench-postgres-1 60.46% 183.8MiB / 7.38GiB
flash-cloud-bench-kafka-1 129.81% 1016MiB / 7.38GiB
flash-cloud-bench-prometheus-1 0.38% 32.76MiB / 7.38GiB
Wed Sep  9 02:33:26 AM UTC 2026
flash-cloud-bench-maintenance-1 9.07% 34.98MiB / 7.38GiB
flash-cloud-bench-publisher-1 4.14% 34.97MiB / 7.38GiB
flash-cloud-bench-reconciler-1 0.86% 34.72MiB / 7.38GiB
flash-cloud-bench-simulator-1 2.98% 34.74MiB / 7.38GiB
flash-cloud-bench-consumer-1 6.82% 34.97MiB / 7.38GiB
flash-cloud-bench-api-1 69.49% 111MiB / 7.38GiB
flash-cloud-bench-redis-1 8.88% 52.57MiB / 7.38GiB
flash-cloud-bench-pgbouncer-1 7.42% 1.582MiB / 7.38GiB
flash-cloud-bench-postgres-1 81.94% 183.8MiB / 7.38GiB
flash-cloud-bench-kafka-1 98.00% 948.1MiB / 7.38GiB
flash-cloud-bench-prometheus-1 0.23% 32.76MiB / 7.38GiB
Wed Sep  9 02:33:38 AM UTC 2026
flash-cloud-bench-maintenance-1 6.26% 34.98MiB / 7.38GiB
flash-cloud-bench-publisher-1 4.31% 34.97MiB / 7.38GiB
flash-cloud-bench-reconciler-1 20.20% 34.72MiB / 7.38GiB
flash-cloud-bench-simulator-1 3.00% 34.74MiB / 7.38GiB
flash-cloud-bench-consumer-1 6.59% 34.97MiB / 7.38GiB
flash-cloud-bench-api-1 81.68% 120.5MiB / 7.38GiB
flash-cloud-bench-redis-1 24.19% 52.61MiB / 7.38GiB
flash-cloud-bench-pgbouncer-1 10.02% 1.59MiB / 7.38GiB
flash-cloud-bench-postgres-1 95.21% 183.8MiB / 7.38GiB
flash-cloud-bench-kafka-1 65.53% 948.1MiB / 7.38GiB
flash-cloud-bench-prometheus-1 0.36% 32.76MiB / 7.38GiB
Wed Sep  9 02:33:50 AM UTC 2026
flash-cloud-bench-maintenance-1 9.04% 34.98MiB / 7.38GiB
flash-cloud-bench-publisher-1 4.76% 34.97MiB / 7.38GiB
flash-cloud-bench-reconciler-1 22.44% 34.72MiB / 7.38GiB
flash-cloud-bench-simulator-1 2.60% 34.74MiB / 7.38GiB
flash-cloud-bench-consumer-1 7.33% 35.48MiB / 7.38GiB
flash-cloud-bench-api-1 85.16% 111.4MiB / 7.38GiB
flash-cloud-bench-redis-1 26.31% 52.71MiB / 7.38GiB
flash-cloud-bench-pgbouncer-1 12.05% 1.594MiB / 7.38GiB
flash-cloud-bench-postgres-1 92.72% 183.8MiB / 7.38GiB
flash-cloud-bench-kafka-1 62.39% 948.4MiB / 7.38GiB
flash-cloud-bench-prometheus-1 0.00% 32.76MiB / 7.38GiB
Wed Sep  9 02:34:03 AM UTC 2026
flash-cloud-bench-maintenance-1 7.19% 34.98MiB / 7.38GiB
flash-cloud-bench-publisher-1 4.23% 34.97MiB / 7.38GiB
flash-cloud-bench-reconciler-1 0.92% 34.72MiB / 7.38GiB
flash-cloud-bench-simulator-1 3.23% 34.74MiB / 7.38GiB
flash-cloud-bench-consumer-1 5.48% 34.98MiB / 7.38GiB
flash-cloud-bench-api-1 79.36% 110.4MiB / 7.38GiB
flash-cloud-bench-redis-1 12.83% 52.67MiB / 7.38GiB
flash-cloud-bench-pgbouncer-1 6.24% 1.586MiB / 7.38GiB
flash-cloud-bench-postgres-1 96.75% 183.9MiB / 7.38GiB
flash-cloud-bench-kafka-1 20.64% 948.3MiB / 7.38GiB
flash-cloud-bench-prometheus-1 0.40% 32.76MiB / 7.38GiB
Wed Sep  9 02:34:15 AM UTC 2026
flash-cloud-bench-maintenance-1 5.34% 34.98MiB / 7.38GiB
flash-cloud-bench-publisher-1 4.86% 34.97MiB / 7.38GiB
flash-cloud-bench-reconciler-1 25.87% 34.72MiB / 7.38GiB
flash-cloud-bench-simulator-1 2.94% 34.74MiB / 7.38GiB
flash-cloud-bench-consumer-1 6.26% 34.98MiB / 7.38GiB
flash-cloud-bench-api-1 78.55% 110.8MiB / 7.38GiB
flash-cloud-bench-redis-1 29.25% 52.52MiB / 7.38GiB
flash-cloud-bench-pgbouncer-1 11.15% 1.605MiB / 7.38GiB
flash-cloud-bench-postgres-1 110.50% 183.9MiB / 7.38GiB
flash-cloud-bench-kafka-1 4.40% 948.3MiB / 7.38GiB
flash-cloud-bench-prometheus-1 0.00% 32.76MiB / 7.38GiB
Wed Sep  9 02:34:27 AM UTC 2026
flash-cloud-bench-maintenance-1 13.39% 34.98MiB / 7.38GiB
flash-cloud-bench-publisher-1 4.49% 34.97MiB / 7.38GiB
flash-cloud-bench-reconciler-1 1.19% 34.72MiB / 7.38GiB
flash-cloud-bench-simulator-1 2.96% 34.74MiB / 7.38GiB
flash-cloud-bench-consumer-1 6.14% 34.98MiB / 7.38GiB
flash-cloud-bench-api-1 95.29% 120.9MiB / 7.38GiB
flash-cloud-bench-redis-1 13.50% 52.28MiB / 7.38GiB
flash-cloud-bench-pgbouncer-1 8.57% 1.582MiB / 7.38GiB
flash-cloud-bench-postgres-1 82.79% 183.9MiB / 7.38GiB
flash-cloud-bench-kafka-1 2.80% 948.4MiB / 7.38GiB
flash-cloud-bench-prometheus-1 0.24% 32.76MiB / 7.38GiB
Wed Sep  9 02:34:39 AM UTC 2026
flash-cloud-bench-maintenance-1 9.23% 34.98MiB / 7.38GiB
flash-cloud-bench-publisher-1 4.54% 34.97MiB / 7.38GiB
flash-cloud-bench-reconciler-1 7.17% 34.72MiB / 7.38GiB
flash-cloud-bench-simulator-1 2.72% 34.74MiB / 7.38GiB
flash-cloud-bench-consumer-1 7.12% 34.98MiB / 7.38GiB
flash-cloud-bench-api-1 85.81% 110.9MiB / 7.38GiB
flash-cloud-bench-redis-1 17.22% 52.73MiB / 7.38GiB
flash-cloud-bench-pgbouncer-1 8.69% 1.582MiB / 7.38GiB
flash-cloud-bench-postgres-1 94.18% 183.9MiB / 7.38GiB
flash-cloud-bench-kafka-1 2.23% 948.4MiB / 7.38GiB
flash-cloud-bench-prometheus-1 0.00% 32.76MiB / 7.38GiB
Wed Sep  9 02:34:51 AM UTC 2026
flash-cloud-bench-maintenance-1 5.59% 34.98MiB / 7.38GiB
flash-cloud-bench-publisher-1 4.79% 34.97MiB / 7.38GiB
flash-cloud-bench-reconciler-1 25.52% 34.72MiB / 7.38GiB
flash-cloud-bench-simulator-1 2.76% 34.74MiB / 7.38GiB
flash-cloud-bench-consumer-1 6.89% 34.97MiB / 7.38GiB
flash-cloud-bench-api-1 86.56% 110.5MiB / 7.38GiB
flash-cloud-bench-redis-1 29.99% 52.66MiB / 7.38GiB
flash-cloud-bench-pgbouncer-1 10.57% 1.602MiB / 7.38GiB
flash-cloud-bench-postgres-1 107.59% 183.9MiB / 7.38GiB
flash-cloud-bench-kafka-1 3.16% 948.4MiB / 7.38GiB
flash-cloud-bench-prometheus-1 0.00% 32.76MiB / 7.38GiB
Wed Sep  9 02:35:03 AM UTC 2026
flash-cloud-bench-maintenance-1 13.27% 34.98MiB / 7.38GiB
flash-cloud-bench-publisher-1 4.95% 34.97MiB / 7.38GiB
flash-cloud-bench-reconciler-1 0.91% 34.72MiB / 7.38GiB
flash-cloud-bench-simulator-1 3.11% 34.74MiB / 7.38GiB
flash-cloud-bench-consumer-1 6.75% 34.98MiB / 7.38GiB
flash-cloud-bench-api-1 80.32% 110.4MiB / 7.38GiB
flash-cloud-bench-redis-1 12.39% 52.54MiB / 7.38GiB
flash-cloud-bench-pgbouncer-1 8.61% 1.594MiB / 7.38GiB
flash-cloud-bench-postgres-1 84.12% 183.9MiB / 7.38GiB
flash-cloud-bench-kafka-1 2.17% 948.5MiB / 7.38GiB
flash-cloud-bench-prometheus-1 0.41% 32.76MiB / 7.38GiB
Wed Sep  9 02:35:16 AM UTC 2026
flash-cloud-bench-maintenance-1 7.26% 34.98MiB / 7.38GiB
flash-cloud-bench-publisher-1 4.64% 34.97MiB / 7.38GiB
flash-cloud-bench-reconciler-1 28.47% 34.97MiB / 7.38GiB
flash-cloud-bench-simulator-1 2.67% 34.74MiB / 7.38GiB
flash-cloud-bench-consumer-1 6.41% 34.98MiB / 7.38GiB
flash-cloud-bench-api-1 100.91% 122.1MiB / 7.38GiB
flash-cloud-bench-redis-1 30.06% 52.42MiB / 7.38GiB
flash-cloud-bench-pgbouncer-1 11.16% 1.586MiB / 7.38GiB
flash-cloud-bench-postgres-1 105.43% 183.9MiB / 7.38GiB
flash-cloud-bench-kafka-1 2.31% 948.6MiB / 7.38GiB
flash-cloud-bench-prometheus-1 0.21% 32.76MiB / 7.38GiB
Wed Sep  9 02:35:28 AM UTC 2026
flash-cloud-bench-maintenance-1 12.08% 34.97MiB / 7.38GiB
flash-cloud-bench-publisher-1 4.44% 34.97MiB / 7.38GiB
flash-cloud-bench-reconciler-1 0.92% 34.72MiB / 7.38GiB
flash-cloud-bench-simulator-1 3.46% 34.74MiB / 7.38GiB
flash-cloud-bench-consumer-1 6.63% 34.97MiB / 7.38GiB
flash-cloud-bench-api-1 79.44% 110.5MiB / 7.38GiB
flash-cloud-bench-redis-1 12.76% 52.27MiB / 7.38GiB
flash-cloud-bench-pgbouncer-1 8.10% 1.609MiB / 7.38GiB
flash-cloud-bench-postgres-1 86.13% 184MiB / 7.38GiB
flash-cloud-bench-kafka-1 2.30% 948.7MiB / 7.38GiB
flash-cloud-bench-prometheus-1 0.15% 32.76MiB / 7.38GiB
Wed Sep  9 02:35:40 AM UTC 2026
flash-cloud-bench-maintenance-1 11.82% 34.98MiB / 7.38GiB
flash-cloud-bench-publisher-1 3.97% 34.97MiB / 7.38GiB
flash-cloud-bench-reconciler-1 0.86% 34.72MiB / 7.38GiB
flash-cloud-bench-simulator-1 3.20% 34.74MiB / 7.38GiB
flash-cloud-bench-consumer-1 11.90% 34.97MiB / 7.38GiB
flash-cloud-bench-api-1 78.01% 111.1MiB / 7.38GiB
flash-cloud-bench-redis-1 12.81% 52.73MiB / 7.38GiB
flash-cloud-bench-pgbouncer-1 7.96% 1.602MiB / 7.38GiB
flash-cloud-bench-postgres-1 92.30% 183.9MiB / 7.38GiB
flash-cloud-bench-kafka-1 2.22% 948.8MiB / 7.38GiB
flash-cloud-bench-prometheus-1 0.00% 32.77MiB / 7.38GiB
Wed Sep  9 02:35:52 AM UTC 2026
flash-cloud-bench-maintenance-1 9.54% 34.98MiB / 7.38GiB
flash-cloud-bench-publisher-1 4.80% 34.97MiB / 7.38GiB
flash-cloud-bench-reconciler-1 28.44% 34.72MiB / 7.38GiB
flash-cloud-bench-simulator-1 2.55% 34.74MiB / 7.38GiB
flash-cloud-bench-consumer-1 6.94% 34.97MiB / 7.38GiB
flash-cloud-bench-api-1 77.61% 110.5MiB / 7.38GiB
flash-cloud-bench-redis-1 25.98% 52.5MiB / 7.38GiB
flash-cloud-bench-pgbouncer-1 12.38% 1.594MiB / 7.38GiB
flash-cloud-bench-postgres-1 102.77% 184MiB / 7.38GiB
flash-cloud-bench-kafka-1 2.55% 948.8MiB / 7.38GiB
flash-cloud-bench-prometheus-1 0.13% 32.77MiB / 7.38GiB
Wed Sep  9 02:36:04 AM UTC 2026
flash-cloud-bench-maintenance-1 10.76% 34.98MiB / 7.38GiB
flash-cloud-bench-publisher-1 4.51% 34.97MiB / 7.38GiB
flash-cloud-bench-reconciler-1 0.93% 34.72MiB / 7.38GiB
flash-cloud-bench-simulator-1 3.02% 34.74MiB / 7.38GiB
flash-cloud-bench-consumer-1 6.08% 34.97MiB / 7.38GiB
flash-cloud-bench-api-1 81.72% 119.7MiB / 7.38GiB
flash-cloud-bench-redis-1 12.22% 52.54MiB / 7.38GiB
flash-cloud-bench-pgbouncer-1 7.91% 1.602MiB / 7.38GiB
flash-cloud-bench-postgres-1 79.92% 188.4MiB / 7.38GiB
flash-cloud-bench-kafka-1 2.16% 948.9MiB / 7.38GiB
flash-cloud-bench-prometheus-1 0.42% 32.77MiB / 7.38GiB
Wed Sep  9 02:36:16 AM UTC 2026
flash-cloud-bench-maintenance-1 9.31% 34.98MiB / 7.38GiB
flash-cloud-bench-publisher-1 5.29% 34.97MiB / 7.38GiB
flash-cloud-bench-reconciler-1 26.46% 34.72MiB / 7.38GiB
flash-cloud-bench-simulator-1 2.98% 34.74MiB / 7.38GiB
flash-cloud-bench-consumer-1 6.70% 34.97MiB / 7.38GiB
flash-cloud-bench-api-1 92.32% 110.7MiB / 7.38GiB
flash-cloud-bench-redis-1 29.90% 52.5MiB / 7.38GiB
flash-cloud-bench-pgbouncer-1 12.08% 1.605MiB / 7.38GiB
flash-cloud-bench-postgres-1 93.83% 184.3MiB / 7.38GiB
flash-cloud-bench-kafka-1 3.39% 948.9MiB / 7.38GiB
flash-cloud-bench-prometheus-1 0.00% 32.77MiB / 7.38GiB
Wed Sep  9 02:36:28 AM UTC 2026
flash-cloud-bench-maintenance-1 10.34% 34.98MiB / 7.38GiB
flash-cloud-bench-publisher-1 4.73% 34.97MiB / 7.38GiB
flash-cloud-bench-reconciler-1 1.25% 34.72MiB / 7.38GiB
flash-cloud-bench-simulator-1 3.33% 34.74MiB / 7.38GiB
flash-cloud-bench-consumer-1 8.47% 34.97MiB / 7.38GiB
flash-cloud-bench-api-1 73.91% 110.6MiB / 7.38GiB
flash-cloud-bench-redis-1 12.00% 52.19MiB / 7.38GiB
flash-cloud-bench-pgbouncer-1 7.63% 1.59MiB / 7.38GiB
flash-cloud-bench-postgres-1 79.03% 184MiB / 7.38GiB
flash-cloud-bench-kafka-1 2.12% 948.9MiB / 7.38GiB
flash-cloud-bench-prometheus-1 0.14% 32.77MiB / 7.38GiB
Wed Sep  9 02:36:40 AM UTC 2026
flash-cloud-bench-maintenance-1 14.30% 34.98MiB / 7.38GiB
flash-cloud-bench-publisher-1 4.59% 34.97MiB / 7.38GiB
flash-cloud-bench-reconciler-1 0.81% 34.72MiB / 7.38GiB
flash-cloud-bench-simulator-1 3.04% 34.74MiB / 7.38GiB
flash-cloud-bench-consumer-1 6.21% 34.98MiB / 7.38GiB
flash-cloud-bench-api-1 75.10% 111.3MiB / 7.38GiB
flash-cloud-bench-redis-1 11.93% 52.88MiB / 7.38GiB
flash-cloud-bench-pgbouncer-1 8.94% 1.594MiB / 7.38GiB
flash-cloud-bench-postgres-1 82.44% 184.2MiB / 7.38GiB
flash-cloud-bench-kafka-1 2.04% 949MiB / 7.38GiB
flash-cloud-bench-prometheus-1 0.00% 32.78MiB / 7.38GiB
Wed Sep  9 02:36:53 AM UTC 2026
flash-cloud-bench-maintenance-1 11.35% 34.98MiB / 7.38GiB
flash-cloud-bench-publisher-1 4.22% 34.97MiB / 7.38GiB
flash-cloud-bench-reconciler-1 25.87% 34.72MiB / 7.38GiB
flash-cloud-bench-simulator-1 3.33% 34.74MiB / 7.38GiB
flash-cloud-bench-consumer-1 6.28% 34.97MiB / 7.38GiB
flash-cloud-bench-api-1 79.25% 112.2MiB / 7.38GiB
flash-cloud-bench-redis-1 27.90% 52.78MiB / 7.38GiB
flash-cloud-bench-pgbouncer-1 12.54% 1.602MiB / 7.38GiB
flash-cloud-bench-postgres-1 96.98% 184.2MiB / 7.38GiB
flash-cloud-bench-kafka-1 1.95% 949MiB / 7.38GiB
flash-cloud-bench-prometheus-1 0.14% 32.78MiB / 7.38GiB
Wed Sep  9 02:37:05 AM UTC 2026
flash-cloud-bench-maintenance-1 10.84% 34.98MiB / 7.38GiB
flash-cloud-bench-publisher-1 4.56% 34.97MiB / 7.38GiB
flash-cloud-bench-reconciler-1 0.89% 34.72MiB / 7.38GiB
flash-cloud-bench-simulator-1 3.28% 34.74MiB / 7.38GiB
flash-cloud-bench-consumer-1 9.62% 34.97MiB / 7.38GiB
flash-cloud-bench-api-1 78.96% 110.7MiB / 7.38GiB
flash-cloud-bench-redis-1 12.77% 52.61MiB / 7.38GiB
flash-cloud-bench-pgbouncer-1 7.88% 1.605MiB / 7.38GiB
flash-cloud-bench-postgres-1 79.12% 184.2MiB / 7.38GiB
flash-cloud-bench-kafka-1 2.13% 949MiB / 7.38GiB
flash-cloud-bench-prometheus-1 0.00% 32.78MiB / 7.38GiB
Wed Sep  9 02:37:17 AM UTC 2026
flash-cloud-bench-maintenance-1 11.27% 34.98MiB / 7.38GiB
flash-cloud-bench-publisher-1 4.53% 34.97MiB / 7.38GiB
flash-cloud-bench-reconciler-1 24.98% 34.72MiB / 7.38GiB
flash-cloud-bench-simulator-1 2.98% 34.74MiB / 7.38GiB
flash-cloud-bench-consumer-1 7.34% 34.97MiB / 7.38GiB
flash-cloud-bench-api-1 78.19% 111.5MiB / 7.38GiB
flash-cloud-bench-redis-1 27.46% 52.53MiB / 7.38GiB
flash-cloud-bench-pgbouncer-1 12.46% 1.602MiB / 7.38GiB
flash-cloud-bench-postgres-1 92.81% 184.2MiB / 7.38GiB
flash-cloud-bench-kafka-1 2.16% 949MiB / 7.38GiB
flash-cloud-bench-prometheus-1 0.14% 32.79MiB / 7.38GiB
Wed Sep  9 02:37:29 AM UTC 2026
flash-cloud-bench-maintenance-1 11.37% 34.98MiB / 7.38GiB
flash-cloud-bench-publisher-1 5.05% 34.97MiB / 7.38GiB
flash-cloud-bench-reconciler-1 2.19% 34.72MiB / 7.38GiB
flash-cloud-bench-simulator-1 3.16% 34.74MiB / 7.38GiB
flash-cloud-bench-consumer-1 6.29% 34.97MiB / 7.38GiB
flash-cloud-bench-api-1 75.08% 111.3MiB / 7.38GiB
flash-cloud-bench-redis-1 11.46% 53.6MiB / 7.38GiB
flash-cloud-bench-pgbouncer-1 8.25% 1.594MiB / 7.38GiB
flash-cloud-bench-postgres-1 88.26% 184.5MiB / 7.38GiB
flash-cloud-bench-kafka-1 2.22% 949.1MiB / 7.38GiB
flash-cloud-bench-prometheus-1 0.00% 32.79MiB / 7.38GiB
Wed Sep  9 02:37:41 AM UTC 2026
flash-cloud-bench-maintenance-1 12.55% 34.98MiB / 7.38GiB
flash-cloud-bench-publisher-1 5.17% 34.98MiB / 7.38GiB
flash-cloud-bench-reconciler-1 0.82% 34.72MiB / 7.38GiB
flash-cloud-bench-simulator-1 3.33% 34.74MiB / 7.38GiB
flash-cloud-bench-consumer-1 7.03% 34.97MiB / 7.38GiB
flash-cloud-bench-api-1 90.71% 121.3MiB / 7.38GiB
flash-cloud-bench-redis-1 10.76% 52.77MiB / 7.38GiB
flash-cloud-bench-pgbouncer-1 8.75% 1.594MiB / 7.38GiB
flash-cloud-bench-postgres-1 85.31% 184.1MiB / 7.38GiB
flash-cloud-bench-kafka-1 2.31% 949.1MiB / 7.38GiB
flash-cloud-bench-prometheus-1 0.00% 32.79MiB / 7.38GiB
Wed Sep  9 02:37:53 AM UTC 2026
flash-cloud-bench-maintenance-1 11.57% 34.98MiB / 7.38GiB
flash-cloud-bench-publisher-1 4.79% 34.98MiB / 7.38GiB
flash-cloud-bench-reconciler-1 26.90% 34.77MiB / 7.38GiB
flash-cloud-bench-simulator-1 3.27% 34.74MiB / 7.38GiB
flash-cloud-bench-consumer-1 6.77% 34.98MiB / 7.38GiB
flash-cloud-bench-api-1 81.76% 111MiB / 7.38GiB
flash-cloud-bench-redis-1 28.52% 52.51MiB / 7.38GiB
flash-cloud-bench-pgbouncer-1 12.80% 1.602MiB / 7.38GiB
flash-cloud-bench-postgres-1 95.79% 184.2MiB / 7.38GiB
flash-cloud-bench-kafka-1 2.24% 949.1MiB / 7.38GiB
flash-cloud-bench-prometheus-1 0.36% 32.79MiB / 7.38GiB
Wed Sep  9 02:38:05 AM UTC 2026
flash-cloud-bench-maintenance-1 12.08% 34.97MiB / 7.38GiB
flash-cloud-bench-publisher-1 4.94% 34.98MiB / 7.38GiB
flash-cloud-bench-reconciler-1 0.90% 34.72MiB / 7.38GiB
flash-cloud-bench-simulator-1 3.28% 34.74MiB / 7.38GiB
flash-cloud-bench-consumer-1 6.49% 34.98MiB / 7.38GiB
flash-cloud-bench-api-1 82.23% 110.8MiB / 7.38GiB
flash-cloud-bench-redis-1 10.63% 52.59MiB / 7.38GiB
flash-cloud-bench-pgbouncer-1 8.62% 1.613MiB / 7.38GiB
flash-cloud-bench-postgres-1 82.88% 184.2MiB / 7.38GiB
flash-cloud-bench-kafka-1 2.30% 949.1MiB / 7.38GiB
flash-cloud-bench-prometheus-1 0.00% 32.79MiB / 7.38GiB
Wed Sep  9 02:38:17 AM UTC 2026
flash-cloud-bench-maintenance-1 9.79% 34.98MiB / 7.38GiB
flash-cloud-bench-publisher-1 4.82% 34.98MiB / 7.38GiB
flash-cloud-bench-reconciler-1 28.29% 34.72MiB / 7.38GiB
flash-cloud-bench-simulator-1 3.15% 34.74MiB / 7.38GiB
flash-cloud-bench-consumer-1 7.14% 34.98MiB / 7.38GiB
flash-cloud-bench-api-1 83.35% 110.8MiB / 7.38GiB
flash-cloud-bench-redis-1 30.23% 52.54MiB / 7.38GiB
flash-cloud-bench-pgbouncer-1 12.59% 1.59MiB / 7.38GiB
flash-cloud-bench-postgres-1 100.16% 184.2MiB / 7.38GiB
flash-cloud-bench-kafka-1 2.31% 949.2MiB / 7.38GiB
flash-cloud-bench-prometheus-1 0.38% 32.8MiB / 7.38GiB
Wed Sep  9 02:38:30 AM UTC 2026
flash-cloud-bench-maintenance-1 9.33% 34.98MiB / 7.38GiB
flash-cloud-bench-publisher-1 3.95% 34.98MiB / 7.38GiB
flash-cloud-bench-reconciler-1 4.81% 34.72MiB / 7.38GiB
flash-cloud-bench-simulator-1 2.81% 34.74MiB / 7.38GiB
flash-cloud-bench-consumer-1 6.19% 34.98MiB / 7.38GiB
flash-cloud-bench-api-1 110.69% 110.8MiB / 7.38GiB
flash-cloud-bench-redis-1 13.44% 52.41MiB / 7.38GiB
flash-cloud-bench-pgbouncer-1 7.86% 1.594MiB / 7.38GiB
flash-cloud-bench-postgres-1 86.39% 184.2MiB / 7.38GiB
flash-cloud-bench-kafka-1 2.05% 949.2MiB / 7.38GiB
flash-cloud-bench-prometheus-1 0.00% 32.79MiB / 7.38GiB
Wed Sep  9 02:38:42 AM UTC 2026
flash-cloud-bench-maintenance-1 12.30% 34.98MiB / 7.38GiB
flash-cloud-bench-publisher-1 3.87% 34.98MiB / 7.38GiB
flash-cloud-bench-reconciler-1 1.18% 34.72MiB / 7.38GiB
flash-cloud-bench-simulator-1 2.79% 34.74MiB / 7.38GiB
flash-cloud-bench-consumer-1 5.61% 34.98MiB / 7.38GiB
flash-cloud-bench-api-1 76.65% 111.3MiB / 7.38GiB
flash-cloud-bench-redis-1 9.45% 52.63MiB / 7.38GiB
flash-cloud-bench-pgbouncer-1 8.19% 1.594MiB / 7.38GiB
flash-cloud-bench-postgres-1 83.58% 184.4MiB / 7.38GiB
flash-cloud-bench-kafka-1 2.02% 949.3MiB / 7.38GiB
flash-cloud-bench-prometheus-1 0.21% 32.8MiB / 7.38GiB
Wed Sep  9 02:38:54 AM UTC 2026
flash-cloud-bench-maintenance-1 11.24% 34.98MiB / 7.38GiB
flash-cloud-bench-publisher-1 5.03% 34.98MiB / 7.38GiB
flash-cloud-bench-reconciler-1 25.62% 34.72MiB / 7.38GiB
flash-cloud-bench-simulator-1 3.05% 34.74MiB / 7.38GiB
flash-cloud-bench-consumer-1 6.17% 34.97MiB / 7.38GiB
flash-cloud-bench-api-1 82.42% 110.8MiB / 7.38GiB
flash-cloud-bench-redis-1 27.48% 52.47MiB / 7.38GiB
flash-cloud-bench-pgbouncer-1 12.48% 1.59MiB / 7.38GiB
flash-cloud-bench-postgres-1 98.70% 184.4MiB / 7.38GiB
flash-cloud-bench-kafka-1 2.17% 949.4MiB / 7.38GiB
flash-cloud-bench-prometheus-1 0.00% 32.8MiB / 7.38GiB
Wed Sep  9 02:39:06 AM UTC 2026
flash-cloud-bench-maintenance-1 11.37% 34.98MiB / 7.38GiB
flash-cloud-bench-publisher-1 4.56% 34.98MiB / 7.38GiB
flash-cloud-bench-reconciler-1 0.91% 34.72MiB / 7.38GiB
flash-cloud-bench-simulator-1 3.33% 34.74MiB / 7.38GiB
flash-cloud-bench-consumer-1 6.37% 34.97MiB / 7.38GiB
flash-cloud-bench-api-1 84.48% 111.1MiB / 7.38GiB
flash-cloud-bench-redis-1 11.82% 52.36MiB / 7.38GiB
flash-cloud-bench-pgbouncer-1 8.05% 1.598MiB / 7.38GiB
flash-cloud-bench-postgres-1 82.87% 184.4MiB / 7.38GiB
flash-cloud-bench-kafka-1 2.11% 949.4MiB / 7.38GiB
flash-cloud-bench-prometheus-1 0.00% 32.8MiB / 7.38GiB
Wed Sep  9 02:39:18 AM UTC 2026
flash-cloud-bench-maintenance-1 9.54% 34.98MiB / 7.38GiB
flash-cloud-bench-publisher-1 4.63% 34.98MiB / 7.38GiB
flash-cloud-bench-reconciler-1 26.87% 34.72MiB / 7.38GiB
flash-cloud-bench-simulator-1 2.94% 34.75MiB / 7.38GiB
flash-cloud-bench-consumer-1 6.74% 34.98MiB / 7.38GiB
flash-cloud-bench-api-1 111.77% 110.9MiB / 7.38GiB
flash-cloud-bench-redis-1 28.22% 52.48MiB / 7.38GiB
flash-cloud-bench-pgbouncer-1 12.21% 1.609MiB / 7.38GiB
flash-cloud-bench-postgres-1 98.86% 184.7MiB / 7.38GiB
flash-cloud-bench-kafka-1 2.69% 949.4MiB / 7.38GiB
flash-cloud-bench-prometheus-1 0.35% 32.8MiB / 7.38GiB
Wed Sep  9 02:39:30 AM UTC 2026
flash-cloud-bench-maintenance-1 9.81% 34.98MiB / 7.38GiB
flash-cloud-bench-publisher-1 4.44% 34.98MiB / 7.38GiB
flash-cloud-bench-reconciler-1 13.74% 34.72MiB / 7.38GiB
flash-cloud-bench-simulator-1 2.94% 34.75MiB / 7.38GiB
flash-cloud-bench-consumer-1 6.29% 34.98MiB / 7.38GiB
flash-cloud-bench-api-1 76.08% 111MiB / 7.38GiB
flash-cloud-bench-redis-1 18.67% 52.57MiB / 7.38GiB
flash-cloud-bench-pgbouncer-1 9.70% 1.594MiB / 7.38GiB
flash-cloud-bench-postgres-1 88.75% 184.4MiB / 7.38GiB
flash-cloud-bench-kafka-1 2.44% 949.5MiB / 7.38GiB
flash-cloud-bench-prometheus-1 0.00% 32.8MiB / 7.38GiB
Wed Sep  9 02:39:42 AM UTC 2026
flash-cloud-bench-maintenance-1 12.46% 34.98MiB / 7.38GiB
flash-cloud-bench-publisher-1 4.95% 34.98MiB / 7.38GiB
flash-cloud-bench-reconciler-1 1.28% 34.72MiB / 7.38GiB
flash-cloud-bench-simulator-1 3.56% 34.75MiB / 7.38GiB
flash-cloud-bench-consumer-1 6.36% 34.98MiB / 7.38GiB
flash-cloud-bench-api-1 81.66% 111.1MiB / 7.38GiB
flash-cloud-bench-redis-1 11.36% 52.53MiB / 7.38GiB
flash-cloud-bench-pgbouncer-1 8.65% 1.59MiB / 7.38GiB
flash-cloud-bench-postgres-1 81.08% 184.3MiB / 7.38GiB
flash-cloud-bench-kafka-1 2.03% 949.5MiB / 7.38GiB
flash-cloud-bench-prometheus-1 0.28% 32.82MiB / 7.38GiB
Wed Sep  9 02:39:55 AM UTC 2026
flash-cloud-bench-maintenance-1 11.39% 34.98MiB / 7.38GiB
flash-cloud-bench-publisher-1 4.65% 34.98MiB / 7.38GiB
flash-cloud-bench-reconciler-1 19.93% 34.72MiB / 7.38GiB
flash-cloud-bench-simulator-1 3.10% 34.75MiB / 7.38GiB
flash-cloud-bench-consumer-1 6.68% 34.98MiB / 7.38GiB
flash-cloud-bench-api-1 77.34% 110.8MiB / 7.38GiB
flash-cloud-bench-redis-1 22.05% 52.5MiB / 7.38GiB
flash-cloud-bench-pgbouncer-1 11.28% 1.582MiB / 7.38GiB
flash-cloud-bench-postgres-1 89.40% 184.3MiB / 7.38GiB
flash-cloud-bench-kafka-1 2.15% 949.5MiB / 7.38GiB
flash-cloud-bench-prometheus-1 0.00% 32.8MiB / 7.38GiB
Wed Sep  9 02:40:07 AM UTC 2026
flash-cloud-bench-maintenance-1 12.13% 34.98MiB / 7.38GiB
flash-cloud-bench-publisher-1 4.86% 34.98MiB / 7.38GiB
flash-cloud-bench-reconciler-1 1.24% 34.72MiB / 7.38GiB
flash-cloud-bench-simulator-1 3.21% 34.75MiB / 7.38GiB
flash-cloud-bench-consumer-1 6.30% 34.98MiB / 7.38GiB
flash-cloud-bench-api-1 110.35% 110.9MiB / 7.38GiB
flash-cloud-bench-redis-1 11.37% 52.41MiB / 7.38GiB
flash-cloud-bench-pgbouncer-1 8.21% 1.605MiB / 7.38GiB
flash-cloud-bench-postgres-1 84.96% 184.4MiB / 7.38GiB
flash-cloud-bench-kafka-1 2.26% 949.6MiB / 7.38GiB
flash-cloud-bench-prometheus-1 0.25% 32.8MiB / 7.38GiB
Wed Sep  9 02:40:19 AM UTC 2026
flash-cloud-bench-maintenance-1 9.53% 34.98MiB / 7.38GiB
flash-cloud-bench-publisher-1 4.50% 34.98MiB / 7.38GiB
flash-cloud-bench-reconciler-1 24.51% 34.72MiB / 7.38GiB
flash-cloud-bench-simulator-1 3.15% 34.75MiB / 7.38GiB
flash-cloud-bench-consumer-1 7.16% 34.98MiB / 7.38GiB
flash-cloud-bench-api-1 77.82% 111MiB / 7.38GiB
flash-cloud-bench-redis-1 25.36% 52.63MiB / 7.38GiB
flash-cloud-bench-pgbouncer-1 12.62% 1.613MiB / 7.38GiB
flash-cloud-bench-postgres-1 96.38% 184.4MiB / 7.38GiB
flash-cloud-bench-kafka-1 2.05% 949.6MiB / 7.38GiB
flash-cloud-bench-prometheus-1 0.00% 32.8MiB / 7.38GiB
Wed Sep  9 02:40:31 AM UTC 2026
flash-cloud-bench-maintenance-1 9.99% 34.98MiB / 7.38GiB
flash-cloud-bench-publisher-1 4.05% 34.98MiB / 7.38GiB
flash-cloud-bench-reconciler-1 20.27% 34.72MiB / 7.38GiB
flash-cloud-bench-simulator-1 2.56% 34.75MiB / 7.38GiB
flash-cloud-bench-consumer-1 7.00% 34.98MiB / 7.38GiB
flash-cloud-bench-api-1 84.08% 111.1MiB / 7.38GiB
flash-cloud-bench-redis-1 23.99% 52.47MiB / 7.38GiB
flash-cloud-bench-pgbouncer-1 11.01% 1.582MiB / 7.38GiB
flash-cloud-bench-postgres-1 97.70% 184.4MiB / 7.38GiB
flash-cloud-bench-kafka-1 2.06% 949.6MiB / 7.38GiB
flash-cloud-bench-prometheus-1 0.00% 32.81MiB / 7.38GiB
Wed Sep  9 02:40:43 AM UTC 2026
flash-cloud-bench-maintenance-1 10.06% 34.98MiB / 7.38GiB
flash-cloud-bench-publisher-1 4.66% 34.98MiB / 7.38GiB
flash-cloud-bench-reconciler-1 0.91% 34.72MiB / 7.38GiB
flash-cloud-bench-simulator-1 3.03% 34.75MiB / 7.38GiB
flash-cloud-bench-consumer-1 6.23% 34.98MiB / 7.38GiB
flash-cloud-bench-api-1 80.16% 110.9MiB / 7.38GiB
flash-cloud-bench-redis-1 10.83% 52.51MiB / 7.38GiB
flash-cloud-bench-pgbouncer-1 7.52% 1.594MiB / 7.38GiB
flash-cloud-bench-postgres-1 85.16% 184.7MiB / 7.38GiB
flash-cloud-bench-kafka-1 2.96% 949.7MiB / 7.38GiB
flash-cloud-bench-prometheus-1 0.41% 32.81MiB / 7.38GiB
Wed Sep  9 02:40:55 AM UTC 2026
flash-cloud-bench-maintenance-1 11.17% 34.98MiB / 7.38GiB
flash-cloud-bench-publisher-1 3.81% 34.98MiB / 7.38GiB
flash-cloud-bench-reconciler-1 21.76% 34.72MiB / 7.38GiB
flash-cloud-bench-simulator-1 2.85% 34.75MiB / 7.38GiB
flash-cloud-bench-consumer-1 5.89% 34.98MiB / 7.38GiB
flash-cloud-bench-api-1 114.15% 111MiB / 7.38GiB
flash-cloud-bench-redis-1 23.29% 52.53MiB / 7.38GiB
flash-cloud-bench-pgbouncer-1 12.07% 1.598MiB / 7.38GiB
flash-cloud-bench-postgres-1 91.86% 184.4MiB / 7.38GiB
flash-cloud-bench-kafka-1 2.16% 949.7MiB / 7.38GiB
flash-cloud-bench-prometheus-1 0.00% 32.81MiB / 7.38GiB
Wed Sep  9 02:41:07 AM UTC 2026
flash-cloud-bench-maintenance-1 7.62% 34.98MiB / 7.38GiB
flash-cloud-bench-publisher-1 4.56% 34.98MiB / 7.38GiB
flash-cloud-bench-reconciler-1 1.20% 34.72MiB / 7.38GiB
flash-cloud-bench-simulator-1 3.47% 34.75MiB / 7.38GiB
flash-cloud-bench-consumer-1 6.34% 34.98MiB / 7.38GiB
flash-cloud-bench-api-1 75.17% 111MiB / 7.38GiB
flash-cloud-bench-redis-1 9.62% 52.2MiB / 7.38GiB
flash-cloud-bench-pgbouncer-1 6.74% 1.598MiB / 7.38GiB
flash-cloud-bench-postgres-1 83.64% 184.5MiB / 7.38GiB
flash-cloud-bench-kafka-1 2.04% 949.7MiB / 7.38GiB
flash-cloud-bench-prometheus-1 0.23% 32.81MiB / 7.38GiB
Wed Sep  9 02:41:19 AM UTC 2026
flash-cloud-bench-maintenance-1 11.63% 34.98MiB / 7.38GiB
flash-cloud-bench-publisher-1 4.82% 34.98MiB / 7.38GiB
flash-cloud-bench-reconciler-1 20.95% 34.72MiB / 7.38GiB
flash-cloud-bench-simulator-1 2.92% 34.75MiB / 7.38GiB
flash-cloud-bench-consumer-1 6.26% 34.98MiB / 7.38GiB
flash-cloud-bench-api-1 71.91% 111.4MiB / 7.38GiB
flash-cloud-bench-redis-1 21.66% 52.51MiB / 7.38GiB
flash-cloud-bench-pgbouncer-1 11.91% 1.609MiB / 7.38GiB
flash-cloud-bench-postgres-1 91.32% 184.7MiB / 7.38GiB
flash-cloud-bench-kafka-1 2.24% 949.8MiB / 7.38GiB
flash-cloud-bench-prometheus-1 0.14% 32.82MiB / 7.38GiB
Wed Sep  9 02:41:32 AM UTC 2026
flash-cloud-bench-maintenance-1 11.89% 34.98MiB / 7.38GiB
flash-cloud-bench-publisher-1 4.74% 34.98MiB / 7.38GiB
flash-cloud-bench-reconciler-1 19.99% 34.72MiB / 7.38GiB
flash-cloud-bench-simulator-1 3.18% 34.75MiB / 7.38GiB
flash-cloud-bench-consumer-1 6.16% 34.98MiB / 7.38GiB
flash-cloud-bench-api-1 81.77% 111.1MiB / 7.38GiB
flash-cloud-bench-redis-1 22.92% 52.43MiB / 7.38GiB
flash-cloud-bench-pgbouncer-1 11.90% 1.609MiB / 7.38GiB
flash-cloud-bench-postgres-1 93.25% 184.5MiB / 7.38GiB
flash-cloud-bench-kafka-1 2.21% 949.9MiB / 7.38GiB
flash-cloud-bench-prometheus-1 0.26% 32.82MiB / 7.38GiB
Wed Sep  9 02:41:44 AM UTC 2026
flash-cloud-bench-maintenance-1 9.95% 34.98MiB / 7.38GiB
flash-cloud-bench-publisher-1 4.18% 34.98MiB / 7.38GiB
flash-cloud-bench-reconciler-1 0.93% 34.72MiB / 7.38GiB
flash-cloud-bench-simulator-1 3.18% 34.75MiB / 7.38GiB
flash-cloud-bench-consumer-1 6.11% 34.98MiB / 7.38GiB
flash-cloud-bench-api-1 113.53% 111.2MiB / 7.38GiB
flash-cloud-bench-redis-1 11.95% 52.75MiB / 7.38GiB
flash-cloud-bench-pgbouncer-1 7.38% 1.609MiB / 7.38GiB
flash-cloud-bench-postgres-1 92.86% 184.4MiB / 7.38GiB
flash-cloud-bench-kafka-1 2.03% 949.9MiB / 7.38GiB
flash-cloud-bench-prometheus-1 0.44% 32.82MiB / 7.38GiB
Wed Sep  9 02:41:56 AM UTC 2026
flash-cloud-bench-maintenance-1 12.01% 34.98MiB / 7.38GiB
flash-cloud-bench-publisher-1 4.41% 34.98MiB / 7.38GiB
flash-cloud-bench-reconciler-1 22.60% 34.72MiB / 7.38GiB
flash-cloud-bench-simulator-1 2.84% 34.75MiB / 7.38GiB
flash-cloud-bench-consumer-1 6.44% 34.98MiB / 7.38GiB
flash-cloud-bench-api-1 82.83% 111.2MiB / 7.38GiB
flash-cloud-bench-redis-1 25.07% 52.48MiB / 7.38GiB
flash-cloud-bench-pgbouncer-1 12.31% 1.605MiB / 7.38GiB
flash-cloud-bench-postgres-1 93.75% 184.5MiB / 7.38GiB
flash-cloud-bench-kafka-1 2.18% 950MiB / 7.38GiB
flash-cloud-bench-prometheus-1 0.21% 32.82MiB / 7.38GiB
Wed Sep  9 02:42:08 AM UTC 2026
flash-cloud-bench-maintenance-1 11.52% 34.98MiB / 7.38GiB
flash-cloud-bench-publisher-1 4.53% 34.98MiB / 7.38GiB
flash-cloud-bench-reconciler-1 0.90% 34.72MiB / 7.38GiB
flash-cloud-bench-simulator-1 3.29% 34.75MiB / 7.38GiB
flash-cloud-bench-consumer-1 6.67% 34.98MiB / 7.38GiB
flash-cloud-bench-api-1 81.30% 111.6MiB / 7.38GiB
flash-cloud-bench-redis-1 11.52% 52.28MiB / 7.38GiB
flash-cloud-bench-pgbouncer-1 7.94% 1.582MiB / 7.38GiB
flash-cloud-bench-postgres-1 83.43% 184.5MiB / 7.38GiB
flash-cloud-bench-kafka-1 2.14% 950MiB / 7.38GiB
flash-cloud-bench-prometheus-1 0.13% 32.82MiB / 7.38GiB
Wed Sep  9 02:42:20 AM UTC 2026
flash-cloud-bench-maintenance-1 11.38% 34.98MiB / 7.38GiB
flash-cloud-bench-publisher-1 4.12% 34.98MiB / 7.38GiB
flash-cloud-bench-reconciler-1 18.49% 34.72MiB / 7.38GiB
flash-cloud-bench-simulator-1 2.79% 34.75MiB / 7.38GiB
flash-cloud-bench-consumer-1 6.25% 34.98MiB / 7.38GiB
flash-cloud-bench-api-1 81.37% 111.3MiB / 7.38GiB
flash-cloud-bench-redis-1 22.17% 52.58MiB / 7.38GiB
flash-cloud-bench-pgbouncer-1 11.16% 1.598MiB / 7.38GiB
flash-cloud-bench-postgres-1 98.69% 184.5MiB / 7.38GiB
flash-cloud-bench-kafka-1 2.12% 950.1MiB / 7.38GiB
flash-cloud-bench-prometheus-1 0.00% 32.82MiB / 7.38GiB
Wed Sep  9 02:42:32 AM UTC 2026
flash-cloud-bench-maintenance-1 9.48% 34.98MiB / 7.38GiB
flash-cloud-bench-publisher-1 5.90% 34.98MiB / 7.38GiB
flash-cloud-bench-reconciler-1 26.33% 34.72MiB / 7.38GiB
flash-cloud-bench-simulator-1 3.10% 34.75MiB / 7.38GiB
flash-cloud-bench-consumer-1 6.15% 34.98MiB / 7.38GiB
flash-cloud-bench-api-1 110.27% 111.1MiB / 7.38GiB
flash-cloud-bench-redis-1 26.41% 52.44MiB / 7.38GiB
flash-cloud-bench-pgbouncer-1 12.56% 1.602MiB / 7.38GiB
flash-cloud-bench-postgres-1 97.26% 184.6MiB / 7.38GiB
flash-cloud-bench-kafka-1 2.30% 950.1MiB / 7.38GiB
flash-cloud-bench-prometheus-1 0.25% 32.83MiB / 7.38GiB
Wed Sep  9 02:42:44 AM UTC 2026
flash-cloud-bench-maintenance-1 8.80% 34.98MiB / 7.38GiB
flash-cloud-bench-publisher-1 4.34% 34.98MiB / 7.38GiB
flash-cloud-bench-reconciler-1 0.88% 34.72MiB / 7.38GiB
flash-cloud-bench-simulator-1 3.14% 34.75MiB / 7.38GiB
flash-cloud-bench-consumer-1 8.06% 34.98MiB / 7.38GiB
flash-cloud-bench-api-1 75.56% 111.3MiB / 7.38GiB
flash-cloud-bench-redis-1 9.97% 52.59MiB / 7.38GiB
flash-cloud-bench-pgbouncer-1 6.97% 1.594MiB / 7.38GiB
flash-cloud-bench-postgres-1 73.64% 184.7MiB / 7.38GiB
flash-cloud-bench-kafka-1 2.29% 950.2MiB / 7.38GiB
flash-cloud-bench-prometheus-1 0.00% 32.83MiB / 7.38GiB
Wed Sep  9 02:42:56 AM UTC 2026
flash-cloud-bench-maintenance-1 10.70% 34.98MiB / 7.38GiB
flash-cloud-bench-publisher-1 5.18% 34.98MiB / 7.38GiB
flash-cloud-bench-reconciler-1 26.83% 34.73MiB / 7.38GiB
flash-cloud-bench-simulator-1 3.09% 34.75MiB / 7.38GiB
flash-cloud-bench-consumer-1 8.10% 34.98MiB / 7.38GiB
flash-cloud-bench-api-1 77.94% 111.1MiB / 7.38GiB
flash-cloud-bench-redis-1 27.52% 52.48MiB / 7.38GiB
flash-cloud-bench-pgbouncer-1 12.70% 1.613MiB / 7.38GiB
flash-cloud-bench-postgres-1 99.16% 184.7MiB / 7.38GiB
flash-cloud-bench-kafka-1 2.38% 950.2MiB / 7.38GiB
flash-cloud-bench-prometheus-1 0.10% 32.83MiB / 7.38GiB
Wed Sep  9 02:43:09 AM UTC 2026
flash-cloud-bench-maintenance-1 10.59% 34.98MiB / 7.38GiB
flash-cloud-bench-publisher-1 4.94% 34.98MiB / 7.38GiB
flash-cloud-bench-reconciler-1 0.88% 34.72MiB / 7.38GiB
flash-cloud-bench-simulator-1 3.17% 34.75MiB / 7.38GiB
flash-cloud-bench-consumer-1 6.84% 34.98MiB / 7.38GiB
flash-cloud-bench-api-1 80.15% 111.9MiB / 7.38GiB
flash-cloud-bench-redis-1 10.81% 52.28MiB / 7.38GiB
flash-cloud-bench-pgbouncer-1 8.07% 1.59MiB / 7.38GiB
flash-cloud-bench-postgres-1 83.44% 184.7MiB / 7.38GiB
flash-cloud-bench-kafka-1 2.00% 950.2MiB / 7.38GiB
flash-cloud-bench-prometheus-1 0.00% 32.83MiB / 7.38GiB
Wed Sep  9 02:43:21 AM UTC 2026
flash-cloud-bench-maintenance-1 10.97% 34.98MiB / 7.38GiB
flash-cloud-bench-publisher-1 3.93% 34.98MiB / 7.38GiB
flash-cloud-bench-reconciler-1 10.02% 34.72MiB / 7.38GiB
flash-cloud-bench-simulator-1 2.85% 34.75MiB / 7.38GiB
flash-cloud-bench-consumer-1 9.64% 34.98MiB / 7.38GiB
flash-cloud-bench-api-1 103.20% 124.3MiB / 7.38GiB
flash-cloud-bench-redis-1 16.48% 52.53MiB / 7.38GiB
flash-cloud-bench-pgbouncer-1 9.39% 1.598MiB / 7.38GiB
flash-cloud-bench-postgres-1 88.83% 184.7MiB / 7.38GiB
flash-cloud-bench-kafka-1 2.25% 950.3MiB / 7.38GiB
flash-cloud-bench-prometheus-1 0.24% 32.83MiB / 7.38GiB
Wed Sep  9 02:43:33 AM UTC 2026
flash-cloud-bench-maintenance-1 12.01% 34.98MiB / 7.38GiB
flash-cloud-bench-publisher-1 5.02% 34.99MiB / 7.38GiB
flash-cloud-bench-reconciler-1 24.05% 34.73MiB / 7.38GiB
flash-cloud-bench-simulator-1 3.29% 34.75MiB / 7.38GiB
flash-cloud-bench-consumer-1 7.85% 34.99MiB / 7.38GiB
flash-cloud-bench-api-1 71.09% 111.1MiB / 7.38GiB
flash-cloud-bench-redis-1 24.31% 52.43MiB / 7.38GiB
flash-cloud-bench-pgbouncer-1 12.47% 1.867MiB / 7.38GiB
flash-cloud-bench-postgres-1 95.96% 193.5MiB / 7.38GiB
flash-cloud-bench-kafka-1 2.16% 950.4MiB / 7.38GiB
flash-cloud-bench-prometheus-1 0.13% 32.83MiB / 7.38GiB
Wed Sep  9 02:43:45 AM UTC 2026
flash-cloud-bench-maintenance-1 10.06% 34.98MiB / 7.38GiB
flash-cloud-bench-publisher-1 4.18% 34.98MiB / 7.38GiB
flash-cloud-bench-reconciler-1 0.90% 34.72MiB / 7.38GiB
flash-cloud-bench-simulator-1 3.31% 34.76MiB / 7.38GiB
flash-cloud-bench-consumer-1 6.85% 34.98MiB / 7.38GiB
flash-cloud-bench-api-1 83.97% 111.5MiB / 7.38GiB
flash-cloud-bench-redis-1 11.52% 52.73MiB / 7.38GiB
flash-cloud-bench-pgbouncer-1 7.42% 1.594MiB / 7.38GiB
flash-cloud-bench-postgres-1 82.34% 182.1MiB / 7.38GiB
flash-cloud-bench-kafka-1 2.07% 950.4MiB / 7.38GiB
flash-cloud-bench-prometheus-1 0.00% 32.83MiB / 7.38GiB
Wed Sep  9 02:43:57 AM UTC 2026
flash-cloud-bench-maintenance-1 11.06% 34.98MiB / 7.38GiB
flash-cloud-bench-publisher-1 4.39% 34.98MiB / 7.38GiB
flash-cloud-bench-reconciler-1 26.77% 34.73MiB / 7.38GiB
flash-cloud-bench-simulator-1 3.44% 34.75MiB / 7.38GiB
flash-cloud-bench-consumer-1 6.03% 34.98MiB / 7.38GiB
flash-cloud-bench-api-1 81.95% 111.2MiB / 7.38GiB
flash-cloud-bench-redis-1 27.87% 52.46MiB / 7.38GiB
flash-cloud-bench-pgbouncer-1 13.75% 1.605MiB / 7.38GiB
flash-cloud-bench-postgres-1 103.33% 182.1MiB / 7.38GiB
flash-cloud-bench-kafka-1 2.12% 950.4MiB / 7.38GiB
flash-cloud-bench-prometheus-1 0.39% 32.84MiB / 7.38GiB
Wed Sep  9 02:44:09 AM UTC 2026
flash-cloud-bench-maintenance-1 9.19% 34.98MiB / 7.38GiB
flash-cloud-bench-publisher-1 4.67% 34.98MiB / 7.38GiB
flash-cloud-bench-reconciler-1 0.92% 34.72MiB / 7.38GiB
flash-cloud-bench-simulator-1 3.36% 34.75MiB / 7.38GiB
flash-cloud-bench-consumer-1 9.68% 34.98MiB / 7.38GiB
flash-cloud-bench-api-1 109.44% 111.5MiB / 7.38GiB
flash-cloud-bench-redis-1 11.02% 52.31MiB / 7.38GiB
flash-cloud-bench-pgbouncer-1 7.45% 1.602MiB / 7.38GiB
flash-cloud-bench-postgres-1 80.64% 182.3MiB / 7.38GiB
flash-cloud-bench-kafka-1 2.22% 950.4MiB / 7.38GiB
flash-cloud-bench-prometheus-1 0.18% 32.83MiB / 7.38GiB
Wed Sep  9 02:44:21 AM UTC 2026
flash-cloud-bench-maintenance-1 12.25% 34.98MiB / 7.38GiB
flash-cloud-bench-publisher-1 5.17% 34.98MiB / 7.38GiB
flash-cloud-bench-reconciler-1 0.91% 34.72MiB / 7.38GiB
flash-cloud-bench-simulator-1 3.20% 34.75MiB / 7.38GiB
flash-cloud-bench-consumer-1 8.21% 34.98MiB / 7.38GiB
flash-cloud-bench-api-1 77.61% 111.3MiB / 7.38GiB
flash-cloud-bench-redis-1 27.52% 52.65MiB / 7.38GiB
flash-cloud-bench-pgbouncer-1 8.42% 1.602MiB / 7.38GiB
flash-cloud-bench-postgres-1 78.14% 182.1MiB / 7.38GiB
flash-cloud-bench-kafka-1 2.47% 950.7MiB / 7.38GiB
flash-cloud-bench-prometheus-1 0.23% 32.84MiB / 7.38GiB
Wed Sep  9 02:44:33 AM UTC 2026
flash-cloud-bench-maintenance-1 7.73% 34.98MiB / 7.38GiB
flash-cloud-bench-publisher-1 4.52% 34.98MiB / 7.38GiB
flash-cloud-bench-reconciler-1 23.22% 34.73MiB / 7.38GiB
flash-cloud-bench-simulator-1 3.12% 34.75MiB / 7.38GiB
flash-cloud-bench-consumer-1 12.37% 34.98MiB / 7.38GiB
flash-cloud-bench-api-1 84.93% 111.4MiB / 7.38GiB
flash-cloud-bench-redis-1 26.04% 52.56MiB / 7.38GiB
flash-cloud-bench-pgbouncer-1 10.79% 1.602MiB / 7.38GiB
flash-cloud-bench-postgres-1 99.25% 182.2MiB / 7.38GiB
flash-cloud-bench-kafka-1 25.85% 954.7MiB / 7.38GiB
flash-cloud-bench-prometheus-1 0.25% 32.84MiB / 7.38GiB
Wed Sep  9 02:44:46 AM UTC 2026
flash-cloud-bench-maintenance-1 11.93% 34.98MiB / 7.38GiB
flash-cloud-bench-publisher-1 4.92% 34.99MiB / 7.38GiB
flash-cloud-bench-reconciler-1 0.89% 34.72MiB / 7.38GiB
flash-cloud-bench-simulator-1 3.17% 34.75MiB / 7.38GiB
flash-cloud-bench-consumer-1 6.35% 34.98MiB / 7.38GiB
flash-cloud-bench-api-1 76.28% 111.1MiB / 7.38GiB
flash-cloud-bench-redis-1 11.27% 52.2MiB / 7.38GiB
flash-cloud-bench-pgbouncer-1 8.58% 1.59MiB / 7.38GiB
flash-cloud-bench-postgres-1 81.49% 182.1MiB / 7.38GiB
flash-cloud-bench-kafka-1 55.33% 985.3MiB / 7.38GiB
flash-cloud-bench-prometheus-1 0.22% 32.85MiB / 7.38GiB
Wed Sep  9 02:44:58 AM UTC 2026
flash-cloud-bench-maintenance-1 5.41% 34.98MiB / 7.38GiB
flash-cloud-bench-publisher-1 5.05% 34.98MiB / 7.38GiB
flash-cloud-bench-reconciler-1 19.91% 34.73MiB / 7.38GiB
flash-cloud-bench-simulator-1 2.86% 34.75MiB / 7.38GiB
flash-cloud-bench-consumer-1 7.21% 34.98MiB / 7.38GiB
flash-cloud-bench-api-1 107.15% 124.6MiB / 7.38GiB
flash-cloud-bench-redis-1 25.26% 52.62MiB / 7.38GiB
flash-cloud-bench-pgbouncer-1 9.70% 1.582MiB / 7.38GiB
flash-cloud-bench-postgres-1 95.72% 182.1MiB / 7.38GiB
flash-cloud-bench-kafka-1 62.06% 986.6MiB / 7.38GiB
flash-cloud-bench-prometheus-1 0.16% 32.85MiB / 7.38GiB
Wed Sep  9 02:45:10 AM UTC 2026
flash-cloud-bench-maintenance-1 7.51% 34.98MiB / 7.38GiB
flash-cloud-bench-publisher-1 4.48% 34.98MiB / 7.38GiB
flash-cloud-bench-reconciler-1 1.35% 34.72MiB / 7.38GiB
flash-cloud-bench-simulator-1 2.91% 34.75MiB / 7.38GiB
flash-cloud-bench-consumer-1 6.97% 34.98MiB / 7.38GiB
flash-cloud-bench-api-1 83.70% 111.7MiB / 7.38GiB
flash-cloud-bench-redis-1 10.74% 52.32MiB / 7.38GiB
flash-cloud-bench-pgbouncer-1 7.00% 1.605MiB / 7.38GiB
flash-cloud-bench-postgres-1 80.37% 182.1MiB / 7.38GiB
flash-cloud-bench-kafka-1 87.86% 992.8MiB / 7.38GiB
flash-cloud-bench-prometheus-1 0.00% 32.85MiB / 7.38GiB
Wed Sep  9 02:45:22 AM UTC 2026
flash-cloud-bench-maintenance-1 7.30% 34.98MiB / 7.38GiB
flash-cloud-bench-publisher-1 4.42% 34.98MiB / 7.38GiB
flash-cloud-bench-reconciler-1 1.33% 34.72MiB / 7.38GiB
flash-cloud-bench-simulator-1 2.86% 34.75MiB / 7.38GiB
flash-cloud-bench-consumer-1 6.02% 34.98MiB / 7.38GiB
flash-cloud-bench-api-1 80.45% 111.4MiB / 7.38GiB
flash-cloud-bench-redis-1 13.22% 52.65MiB / 7.38GiB
flash-cloud-bench-pgbouncer-1 6.79% 1.594MiB / 7.38GiB
flash-cloud-bench-postgres-1 85.60% 182.1MiB / 7.38GiB
flash-cloud-bench-kafka-1 138.89% 1002MiB / 7.38GiB
flash-cloud-bench-prometheus-1 0.25% 32.86MiB / 7.38GiB
Wed Sep  9 02:45:34 AM UTC 2026
flash-cloud-bench-maintenance-1 6.98% 34.98MiB / 7.38GiB
flash-cloud-bench-publisher-1 4.27% 34.98MiB / 7.38GiB
flash-cloud-bench-reconciler-1 20.44% 34.73MiB / 7.38GiB
flash-cloud-bench-simulator-1 3.17% 34.75MiB / 7.38GiB
flash-cloud-bench-consumer-1 5.13% 34.98MiB / 7.38GiB
flash-cloud-bench-api-1 78.36% 111.8MiB / 7.38GiB
flash-cloud-bench-redis-1 26.54% 52.64MiB / 7.38GiB
flash-cloud-bench-pgbouncer-1 10.10% 1.582MiB / 7.38GiB
flash-cloud-bench-postgres-1 79.65% 184.2MiB / 7.38GiB
flash-cloud-bench-kafka-1 137.71% 1006MiB / 7.38GiB
flash-cloud-bench-prometheus-1 0.00% 32.86MiB / 7.38GiB
Wed Sep  9 02:45:46 AM UTC 2026
flash-cloud-bench-maintenance-1 7.00% 34.98MiB / 7.38GiB
flash-cloud-bench-publisher-1 4.42% 34.98MiB / 7.38GiB
flash-cloud-bench-reconciler-1 0.97% 34.72MiB / 7.38GiB
flash-cloud-bench-simulator-1 2.69% 34.75MiB / 7.38GiB
flash-cloud-bench-consumer-1 6.52% 34.98MiB / 7.38GiB
flash-cloud-bench-api-1 109.97% 110.2MiB / 7.38GiB
flash-cloud-bench-redis-1 12.79% 52.2MiB / 7.38GiB
flash-cloud-bench-pgbouncer-1 6.95% 1.605MiB / 7.38GiB
flash-cloud-bench-postgres-1 84.27% 183.1MiB / 7.38GiB
flash-cloud-bench-kafka-1 133.44% 1008MiB / 7.38GiB
flash-cloud-bench-prometheus-1 0.24% 32.86MiB / 7.38GiB
Wed Sep  9 02:45:58 AM UTC 2026
flash-cloud-bench-maintenance-1 5.38% 34.98MiB / 7.38GiB
flash-cloud-bench-publisher-1 4.79% 34.98MiB / 7.38GiB
flash-cloud-bench-reconciler-1 21.21% 34.73MiB / 7.38GiB
flash-cloud-bench-simulator-1 2.68% 34.75MiB / 7.38GiB
flash-cloud-bench-consumer-1 6.35% 34.98MiB / 7.38GiB
flash-cloud-bench-api-1 76.60% 110.3MiB / 7.38GiB
flash-cloud-bench-redis-1 25.50% 52.97MiB / 7.38GiB
flash-cloud-bench-pgbouncer-1 10.34% 1.617MiB / 7.38GiB
flash-cloud-bench-postgres-1 83.33% 183.2MiB / 7.38GiB
flash-cloud-bench-kafka-1 135.89% 1017MiB / 7.38GiB
flash-cloud-bench-prometheus-1 0.25% 32.86MiB / 7.38GiB
Wed Sep  9 02:46:11 AM UTC 2026
flash-cloud-bench-maintenance-1 8.53% 34.98MiB / 7.38GiB
flash-cloud-bench-publisher-1 5.11% 34.98MiB / 7.38GiB
flash-cloud-bench-reconciler-1 3.86% 34.72MiB / 7.38GiB
flash-cloud-bench-simulator-1 2.67% 34.75MiB / 7.38GiB
flash-cloud-bench-consumer-1 6.80% 34.98MiB / 7.38GiB
flash-cloud-bench-api-1 79.50% 110MiB / 7.38GiB
flash-cloud-bench-redis-1 14.11% 52.53MiB / 7.38GiB
flash-cloud-bench-pgbouncer-1 8.02% 1.602MiB / 7.38GiB
flash-cloud-bench-postgres-1 82.61% 183.2MiB / 7.38GiB
flash-cloud-bench-kafka-1 111.25% 1020MiB / 7.38GiB
flash-cloud-bench-prometheus-1 0.00% 32.86MiB / 7.38GiB
Wed Sep  9 02:46:23 AM UTC 2026
flash-cloud-bench-maintenance-1 13.12% 34.98MiB / 7.38GiB
flash-cloud-bench-publisher-1 4.76% 34.98MiB / 7.38GiB
flash-cloud-bench-reconciler-1 0.80% 34.72MiB / 7.38GiB
flash-cloud-bench-simulator-1 3.32% 34.75MiB / 7.38GiB
flash-cloud-bench-consumer-1 6.58% 34.98MiB / 7.38GiB
flash-cloud-bench-api-1 84.56% 110.1MiB / 7.38GiB
flash-cloud-bench-redis-1 13.64% 52.55MiB / 7.38GiB
flash-cloud-bench-pgbouncer-1 8.56% 1.598MiB / 7.38GiB
flash-cloud-bench-postgres-1 77.91% 183.2MiB / 7.38GiB
flash-cloud-bench-kafka-1 62.50% 950.8MiB / 7.38GiB
flash-cloud-bench-prometheus-1 0.13% 32.86MiB / 7.38GiB
Wed Sep  9 02:46:35 AM UTC 2026
flash-cloud-bench-maintenance-1 5.10% 34.99MiB / 7.38GiB
flash-cloud-bench-publisher-1 5.03% 34.98MiB / 7.38GiB
flash-cloud-bench-reconciler-1 19.97% 34.72MiB / 7.38GiB
flash-cloud-bench-simulator-1 2.84% 34.75MiB / 7.38GiB
flash-cloud-bench-consumer-1 6.55% 34.98MiB / 7.38GiB
flash-cloud-bench-api-1 69.87% 110.2MiB / 7.38GiB
flash-cloud-bench-redis-1 24.35% 52.52MiB / 7.38GiB
flash-cloud-bench-pgbouncer-1 10.11% 1.852MiB / 7.38GiB
flash-cloud-bench-postgres-1 95.74% 183.1MiB / 7.38GiB
flash-cloud-bench-kafka-1 44.24% 950.8MiB / 7.38GiB
flash-cloud-bench-prometheus-1 0.00% 32.86MiB / 7.38GiB
Wed Sep  9 02:46:47 AM UTC 2026
flash-cloud-bench-maintenance-1 11.77% 34.98MiB / 7.38GiB
flash-cloud-bench-publisher-1 3.85% 34.98MiB / 7.38GiB
flash-cloud-bench-reconciler-1 1.24% 34.72MiB / 7.38GiB
flash-cloud-bench-simulator-1 3.03% 34.75MiB / 7.38GiB
flash-cloud-bench-consumer-1 6.76% 34.98MiB / 7.38GiB
flash-cloud-bench-api-1 72.74% 110.2MiB / 7.38GiB
flash-cloud-bench-redis-1 11.74% 52.31MiB / 7.38GiB
flash-cloud-bench-pgbouncer-1 7.98% 1.586MiB / 7.38GiB
flash-cloud-bench-postgres-1 75.32% 183.2MiB / 7.38GiB
flash-cloud-bench-kafka-1 30.40% 950.9MiB / 7.38GiB
flash-cloud-bench-prometheus-1 0.14% 33.05MiB / 7.38GiB
Wed Sep  9 02:46:59 AM UTC 2026
flash-cloud-bench-maintenance-1 9.28% 34.98MiB / 7.38GiB
flash-cloud-bench-publisher-1 4.26% 34.98MiB / 7.38GiB
flash-cloud-bench-reconciler-1 26.68% 34.77MiB / 7.38GiB
flash-cloud-bench-simulator-1 3.06% 34.75MiB / 7.38GiB
flash-cloud-bench-consumer-1 5.43% 34.98MiB / 7.38GiB
flash-cloud-bench-api-1 86.86% 110.5MiB / 7.38GiB
flash-cloud-bench-redis-1 30.43% 52.63MiB / 7.38GiB
flash-cloud-bench-pgbouncer-1 11.84% 1.609MiB / 7.38GiB
flash-cloud-bench-postgres-1 87.70% 183.2MiB / 7.38GiB
flash-cloud-bench-kafka-1 11.91% 950.9MiB / 7.38GiB
flash-cloud-bench-prometheus-1 0.17% 33.05MiB / 7.38GiB
Wed Sep  9 02:47:11 AM UTC 2026
flash-cloud-bench-maintenance-1 11.23% 34.98MiB / 7.38GiB
flash-cloud-bench-publisher-1 4.12% 34.98MiB / 7.38GiB
flash-cloud-bench-reconciler-1 6.86% 35.01MiB / 7.38GiB
flash-cloud-bench-simulator-1 3.37% 34.75MiB / 7.38GiB
flash-cloud-bench-consumer-1 6.83% 34.98MiB / 7.38GiB
flash-cloud-bench-api-1 80.71% 110.5MiB / 7.38GiB
flash-cloud-bench-redis-1 16.93% 52.42MiB / 7.38GiB
flash-cloud-bench-pgbouncer-1 9.09% 1.598MiB / 7.38GiB
flash-cloud-bench-postgres-1 90.96% 183.2MiB / 7.38GiB
flash-cloud-bench-kafka-1 2.59% 950.9MiB / 7.38GiB
flash-cloud-bench-prometheus-1 0.00% 33.05MiB / 7.38GiB
Wed Sep  9 02:47:24 AM UTC 2026
flash-cloud-bench-maintenance-1 13.04% 34.98MiB / 7.38GiB
flash-cloud-bench-publisher-1 3.91% 34.98MiB / 7.38GiB
flash-cloud-bench-reconciler-1 0.92% 34.72MiB / 7.38GiB
flash-cloud-bench-simulator-1 3.21% 34.75MiB / 7.38GiB
flash-cloud-bench-consumer-1 5.79% 34.98MiB / 7.38GiB
flash-cloud-bench-api-1 104.67% 110.6MiB / 7.38GiB
flash-cloud-bench-redis-1 13.26% 52.54MiB / 7.38GiB
flash-cloud-bench-pgbouncer-1 8.73% 1.602MiB / 7.38GiB
flash-cloud-bench-postgres-1 82.12% 183.2MiB / 7.38GiB
flash-cloud-bench-kafka-1 67.63% 950.9MiB / 7.38GiB
flash-cloud-bench-prometheus-1 0.00% 33.05MiB / 7.38GiB
Wed Sep  9 02:47:36 AM UTC 2026
flash-cloud-bench-maintenance-1 5.46% 34.98MiB / 7.38GiB
flash-cloud-bench-publisher-1 4.78% 34.98MiB / 7.38GiB
flash-cloud-bench-reconciler-1 24.44% 34.72MiB / 7.38GiB
flash-cloud-bench-simulator-1 2.55% 34.75MiB / 7.38GiB
flash-cloud-bench-consumer-1 7.74% 34.99MiB / 7.38GiB
flash-cloud-bench-api-1 99.05% 112.5MiB / 7.38GiB
flash-cloud-bench-redis-1 30.41% 52.98MiB / 7.38GiB
flash-cloud-bench-pgbouncer-1 10.54% 1.598MiB / 7.38GiB
flash-cloud-bench-postgres-1 107.58% 183.1MiB / 7.38GiB
flash-cloud-bench-kafka-1 2.97% 950.9MiB / 7.38GiB
flash-cloud-bench-prometheus-1 0.00% 33.05MiB / 7.38GiB
Wed Sep  9 02:47:48 AM UTC 2026
flash-cloud-bench-maintenance-1 12.63% 34.99MiB / 7.38GiB
flash-cloud-bench-publisher-1 4.85% 34.98MiB / 7.38GiB
flash-cloud-bench-reconciler-1 0.85% 34.73MiB / 7.38GiB
flash-cloud-bench-simulator-1 3.60% 34.75MiB / 7.38GiB
flash-cloud-bench-consumer-1 6.09% 34.98MiB / 7.38GiB
flash-cloud-bench-api-1 79.41% 111.4MiB / 7.38GiB
flash-cloud-bench-redis-1 12.46% 52.21MiB / 7.38GiB
flash-cloud-bench-pgbouncer-1 8.25% 1.578MiB / 7.38GiB
flash-cloud-bench-postgres-1 85.07% 183.2MiB / 7.38GiB
flash-cloud-bench-kafka-1 2.08% 950.9MiB / 7.38GiB
flash-cloud-bench-prometheus-1 0.14% 33.05MiB / 7.38GiB
Wed Sep  9 02:48:00 AM UTC 2026
flash-cloud-bench-maintenance-1 9.33% 34.98MiB / 7.38GiB
flash-cloud-bench-publisher-1 4.19% 34.99MiB / 7.38GiB
flash-cloud-bench-reconciler-1 29.44% 34.73MiB / 7.38GiB
flash-cloud-bench-simulator-1 2.97% 34.75MiB / 7.38GiB
flash-cloud-bench-consumer-1 6.28% 34.98MiB / 7.38GiB
flash-cloud-bench-api-1 78.53% 111.2MiB / 7.38GiB
flash-cloud-bench-redis-1 31.14% 52.6MiB / 7.38GiB
flash-cloud-bench-pgbouncer-1 12.47% 1.586MiB / 7.38GiB
flash-cloud-bench-postgres-1 101.36% 184.6MiB / 7.38GiB
flash-cloud-bench-kafka-1 2.12% 951MiB / 7.38GiB
flash-cloud-bench-prometheus-1 0.00% 33.05MiB / 7.38GiB
Wed Sep  9 02:48:12 AM UTC 2026
flash-cloud-bench-maintenance-1 13.13% 34.98MiB / 7.38GiB
flash-cloud-bench-publisher-1 5.12% 34.99MiB / 7.38GiB
flash-cloud-bench-reconciler-1 14.46% 34.72MiB / 7.38GiB
flash-cloud-bench-simulator-1 3.24% 34.75MiB / 7.38GiB
flash-cloud-bench-consumer-1 6.20% 34.98MiB / 7.38GiB
flash-cloud-bench-api-1 111.12% 111.2MiB / 7.38GiB
flash-cloud-bench-redis-1 21.89% 52.38MiB / 7.38GiB
flash-cloud-bench-pgbouncer-1 10.47% 1.59MiB / 7.38GiB
flash-cloud-bench-postgres-1 90.04% 184.6MiB / 7.38GiB
flash-cloud-bench-kafka-1 2.22% 951MiB / 7.38GiB
flash-cloud-bench-prometheus-1 0.38% 33.07MiB / 7.38GiB
Wed Sep  9 02:48:24 AM UTC 2026
flash-cloud-bench-maintenance-1 11.23% 34.98MiB / 7.38GiB
flash-cloud-bench-publisher-1 4.40% 34.99MiB / 7.38GiB
flash-cloud-bench-reconciler-1 0.92% 34.72MiB / 7.38GiB
flash-cloud-bench-simulator-1 3.23% 34.75MiB / 7.38GiB
flash-cloud-bench-consumer-1 6.22% 34.99MiB / 7.38GiB
flash-cloud-bench-api-1 82.36% 111.4MiB / 7.38GiB
flash-cloud-bench-redis-1 13.80% 52.58MiB / 7.38GiB
flash-cloud-bench-pgbouncer-1 7.75% 1.59MiB / 7.38GiB
flash-cloud-bench-postgres-1 92.24% 184.6MiB / 7.38GiB
flash-cloud-bench-kafka-1 2.17% 951MiB / 7.38GiB
flash-cloud-bench-prometheus-1 0.15% 33.07MiB / 7.38GiB
Wed Sep  9 02:48:36 AM UTC 2026
flash-cloud-bench-maintenance-1 10.39% 34.98MiB / 7.38GiB
flash-cloud-bench-publisher-1 5.16% 34.99MiB / 7.38GiB
flash-cloud-bench-reconciler-1 25.47% 34.73MiB / 7.38GiB
flash-cloud-bench-simulator-1 2.70% 34.75MiB / 7.38GiB
flash-cloud-bench-consumer-1 6.33% 34.98MiB / 7.38GiB
flash-cloud-bench-api-1 78.21% 112.3MiB / 7.38GiB
flash-cloud-bench-redis-1 27.51% 52.52MiB / 7.38GiB
flash-cloud-bench-pgbouncer-1 12.36% 1.605MiB / 7.38GiB
flash-cloud-bench-postgres-1 100.06% 184.7MiB / 7.38GiB
flash-cloud-bench-kafka-1 2.27% 951.1MiB / 7.38GiB
flash-cloud-bench-prometheus-1 0.25% 33.07MiB / 7.38GiB
Wed Sep  9 02:48:49 AM UTC 2026
flash-cloud-bench-maintenance-1 10.27% 34.98MiB / 7.38GiB
flash-cloud-bench-publisher-1 5.10% 34.99MiB / 7.38GiB
flash-cloud-bench-reconciler-1 0.90% 34.72MiB / 7.38GiB
flash-cloud-bench-simulator-1 3.29% 34.75MiB / 7.38GiB
flash-cloud-bench-consumer-1 6.77% 34.99MiB / 7.38GiB
flash-cloud-bench-api-1 82.52% 111.9MiB / 7.38GiB
flash-cloud-bench-redis-1 13.49% 52.18MiB / 7.38GiB
flash-cloud-bench-pgbouncer-1 8.02% 1.609MiB / 7.38GiB
flash-cloud-bench-postgres-1 87.98% 184.8MiB / 7.38GiB
flash-cloud-bench-kafka-1 2.24% 951.1MiB / 7.38GiB
flash-cloud-bench-prometheus-1 0.40% 33.07MiB / 7.38GiB
Wed Sep  9 02:49:01 AM UTC 2026
flash-cloud-bench-maintenance-1 7.96% 34.98MiB / 7.38GiB
flash-cloud-bench-publisher-1 4.15% 34.99MiB / 7.38GiB
flash-cloud-bench-reconciler-1 24.08% 34.73MiB / 7.38GiB
flash-cloud-bench-simulator-1 2.63% 34.75MiB / 7.38GiB
flash-cloud-bench-consumer-1 6.67% 34.98MiB / 7.38GiB
flash-cloud-bench-api-1 112.53% 111.7MiB / 7.38GiB
flash-cloud-bench-redis-1 28.43% 52.71MiB / 7.38GiB
flash-cloud-bench-pgbouncer-1 10.96% 1.602MiB / 7.38GiB
flash-cloud-bench-postgres-1 99.60% 184.8MiB / 7.38GiB
flash-cloud-bench-kafka-1 2.07% 951.1MiB / 7.38GiB
flash-cloud-bench-prometheus-1 0.00% 33.07MiB / 7.38GiB
Wed Sep  9 02:49:13 AM UTC 2026
flash-cloud-bench-maintenance-1 12.34% 34.98MiB / 7.38GiB
flash-cloud-bench-publisher-1 4.97% 34.99MiB / 7.38GiB
flash-cloud-bench-reconciler-1 19.84% 34.72MiB / 7.38GiB
flash-cloud-bench-simulator-1 2.98% 34.75MiB / 7.38GiB
flash-cloud-bench-consumer-1 6.37% 34.98MiB / 7.38GiB
flash-cloud-bench-api-1 84.14% 111.5MiB / 7.38GiB
flash-cloud-bench-redis-1 25.70% 52.57MiB / 7.38GiB
flash-cloud-bench-pgbouncer-1 11.65% 1.609MiB / 7.38GiB
flash-cloud-bench-postgres-1 94.43% 184.8MiB / 7.38GiB
flash-cloud-bench-kafka-1 2.13% 951.2MiB / 7.38GiB
flash-cloud-bench-prometheus-1 0.15% 33.07MiB / 7.38GiB
Wed Sep  9 02:49:25 AM UTC 2026
flash-cloud-bench-maintenance-1 6.25% 34.99MiB / 7.38GiB
flash-cloud-bench-publisher-1 3.42% 34.99MiB / 7.38GiB
flash-cloud-bench-reconciler-1 0.82% 34.72MiB / 7.38GiB
flash-cloud-bench-simulator-1 3.75% 34.75MiB / 7.38GiB
flash-cloud-bench-consumer-1 3.31% 34.98MiB / 7.38GiB
flash-cloud-bench-api-1 2.12% 111.4MiB / 7.38GiB
flash-cloud-bench-redis-1 2.98% 52.5MiB / 7.38GiB
flash-cloud-bench-pgbouncer-1 4.50% 1.598MiB / 7.38GiB
flash-cloud-bench-postgres-1 69.46% 189MiB / 7.38GiB
flash-cloud-bench-kafka-1 1.44% 951.2MiB / 7.38GiB
flash-cloud-bench-prometheus-1 0.00% 33.07MiB / 7.38GiB
Wed Sep  9 02:49:37 AM UTC 2026
flash-cloud-bench-maintenance-1 9.14% 34.98MiB / 7.38GiB
flash-cloud-bench-publisher-1 3.45% 34.99MiB / 7.38GiB
flash-cloud-bench-reconciler-1 22.71% 34.72MiB / 7.38GiB
flash-cloud-bench-simulator-1 2.98% 34.75MiB / 7.38GiB
flash-cloud-bench-consumer-1 3.85% 34.98MiB / 7.38GiB
flash-cloud-bench-api-1 2.14% 111.3MiB / 7.38GiB
flash-cloud-bench-redis-1 17.35% 52.12MiB / 7.38GiB
flash-cloud-bench-pgbouncer-1 9.75% 1.59MiB / 7.38GiB
flash-cloud-bench-postgres-1 90.62% 184.8MiB / 7.38GiB
flash-cloud-bench-kafka-1 1.56% 951.2MiB / 7.38GiB
flash-cloud-bench-prometheus-1 0.25% 33.07MiB / 7.38GiB
Wed Sep  9 02:49:49 AM UTC 2026
flash-cloud-bench-maintenance-1 5.53% 34.99MiB / 7.38GiB
flash-cloud-bench-publisher-1 3.57% 35MiB / 7.38GiB
flash-cloud-bench-reconciler-1 0.91% 34.72MiB / 7.38GiB
flash-cloud-bench-simulator-1 2.65% 34.75MiB / 7.38GiB
flash-cloud-bench-consumer-1 3.24% 34.98MiB / 7.38GiB
flash-cloud-bench-api-1 4.36% 111.4MiB / 7.38GiB
flash-cloud-bench-redis-1 2.84% 51.82MiB / 7.38GiB
flash-cloud-bench-pgbouncer-1 4.37% 1.59MiB / 7.38GiB
flash-cloud-bench-postgres-1 75.85% 184.8MiB / 7.38GiB
flash-cloud-bench-kafka-1 1.54% 951.3MiB / 7.38GiB
flash-cloud-bench-prometheus-1 0.12% 43.27MiB / 7.38GiB
Wed Sep  9 02:50:01 AM UTC 2026
flash-cloud-bench-maintenance-1 7.03% 34.98MiB / 7.38GiB
flash-cloud-bench-publisher-1 3.22% 35MiB / 7.38GiB
flash-cloud-bench-reconciler-1 16.99% 34.73MiB / 7.38GiB
flash-cloud-bench-simulator-1 3.64% 34.75MiB / 7.38GiB
flash-cloud-bench-consumer-1 3.61% 34.98MiB / 7.38GiB
flash-cloud-bench-api-1 2.61% 111.4MiB / 7.38GiB
flash-cloud-bench-redis-1 11.92% 52.92MiB / 7.38GiB
flash-cloud-bench-pgbouncer-1 8.04% 1.602MiB / 7.38GiB
flash-cloud-bench-postgres-1 82.74% 184.8MiB / 7.38GiB
flash-cloud-bench-kafka-1 1.53% 951.3MiB / 7.38GiB
flash-cloud-bench-prometheus-1 0.00% 43.3MiB / 7.38GiB
Wed Sep  9 02:50:14 AM UTC 2026
flash-cloud-bench-maintenance-1 6.33% 34.98MiB / 7.38GiB
flash-cloud-bench-publisher-1 2.74% 35MiB / 7.38GiB
flash-cloud-bench-reconciler-1 20.41% 34.72MiB / 7.38GiB
flash-cloud-bench-simulator-1 3.57% 34.75MiB / 7.38GiB
flash-cloud-bench-consumer-1 2.72% 34.98MiB / 7.38GiB
flash-cloud-bench-api-1 2.07% 111.4MiB / 7.38GiB
flash-cloud-bench-redis-1 14.30% 52.02MiB / 7.38GiB
flash-cloud-bench-pgbouncer-1 8.13% 1.602MiB / 7.38GiB
flash-cloud-bench-postgres-1 74.89% 184.8MiB / 7.38GiB
flash-cloud-bench-kafka-1 1.26% 951.3MiB / 7.38GiB
flash-cloud-bench-prometheus-1 0.38% 43.3MiB / 7.38GiB
Wed Sep  9 02:50:26 AM UTC 2026
flash-cloud-bench-maintenance-1 6.99% 34.98MiB / 7.38GiB
flash-cloud-bench-publisher-1 3.26% 35MiB / 7.38GiB
flash-cloud-bench-reconciler-1 0.78% 34.72MiB / 7.38GiB
flash-cloud-bench-simulator-1 3.60% 34.75MiB / 7.38GiB
flash-cloud-bench-consumer-1 3.38% 34.98MiB / 7.38GiB
flash-cloud-bench-api-1 32.06% 111.4MiB / 7.38GiB
flash-cloud-bench-redis-1 14.23% 51.81MiB / 7.38GiB
flash-cloud-bench-pgbouncer-1 4.70% 1.578MiB / 7.38GiB
flash-cloud-bench-postgres-1 64.99% 184.8MiB / 7.38GiB
flash-cloud-bench-kafka-1 1.46% 951.3MiB / 7.38GiB
flash-cloud-bench-prometheus-1 0.00% 43.3MiB / 7.38GiB
Wed Sep  9 02:50:38 AM UTC 2026
flash-cloud-bench-maintenance-1 6.60% 34.98MiB / 7.38GiB
flash-cloud-bench-publisher-1 3.54% 35MiB / 7.38GiB
flash-cloud-bench-reconciler-1 20.18% 34.72MiB / 7.38GiB
flash-cloud-bench-simulator-1 4.00% 34.75MiB / 7.38GiB
flash-cloud-bench-consumer-1 3.24% 34.98MiB / 7.38GiB
flash-cloud-bench-api-1 2.11% 111.5MiB / 7.38GiB
flash-cloud-bench-redis-1 13.70% 52.05MiB / 7.38GiB
flash-cloud-bench-pgbouncer-1 8.41% 1.598MiB / 7.38GiB
flash-cloud-bench-postgres-1 75.51% 184.8MiB / 7.38GiB
flash-cloud-bench-kafka-1 1.47% 951.3MiB / 7.38GiB
flash-cloud-bench-prometheus-1 0.13% 43.31MiB / 7.38GiB
Wed Sep  9 02:50:50 AM UTC 2026
flash-cloud-bench-maintenance-1 6.10% 34.99MiB / 7.38GiB
flash-cloud-bench-publisher-1 2.98% 35MiB / 7.38GiB
flash-cloud-bench-reconciler-1 0.83% 34.72MiB / 7.38GiB
flash-cloud-bench-simulator-1 3.60% 34.75MiB / 7.38GiB
flash-cloud-bench-consumer-1 3.08% 34.99MiB / 7.38GiB
flash-cloud-bench-api-1 2.08% 111.5MiB / 7.38GiB
flash-cloud-bench-redis-1 0.66% 51.79MiB / 7.38GiB
flash-cloud-bench-pgbouncer-1 4.29% 1.586MiB / 7.38GiB
flash-cloud-bench-postgres-1 75.40% 184.8MiB / 7.38GiB
flash-cloud-bench-kafka-1 1.45% 951.3MiB / 7.38GiB
flash-cloud-bench-prometheus-1 0.00% 43.34MiB / 7.38GiB
Wed Sep  9 02:51:02 AM UTC 2026
flash-cloud-bench-maintenance-1 6.19% 34.99MiB / 7.38GiB
flash-cloud-bench-publisher-1 2.89% 35MiB / 7.38GiB
flash-cloud-bench-reconciler-1 11.02% 34.72MiB / 7.38GiB
flash-cloud-bench-simulator-1 3.65% 34.75MiB / 7.38GiB
flash-cloud-bench-consumer-1 3.11% 34.99MiB / 7.38GiB
flash-cloud-bench-api-1 0.10% 111.5MiB / 7.38GiB
flash-cloud-bench-redis-1 7.52% 51.91MiB / 7.38GiB
flash-cloud-bench-pgbouncer-1 6.22% 1.602MiB / 7.38GiB
flash-cloud-bench-postgres-1 79.94% 184.8MiB / 7.38GiB
flash-cloud-bench-kafka-1 9.71% 956.6MiB / 7.38GiB
flash-cloud-bench-prometheus-1 0.13% 43.4MiB / 7.38GiB
Wed Sep  9 02:51:14 AM UTC 2026
flash-cloud-bench-maintenance-1 7.11% 34.98MiB / 7.38GiB
flash-cloud-bench-publisher-1 3.08% 35MiB / 7.38GiB
flash-cloud-bench-reconciler-1 18.70% 34.72MiB / 7.38GiB
flash-cloud-bench-simulator-1 3.62% 34.75MiB / 7.38GiB
flash-cloud-bench-consumer-1 3.79% 34.99MiB / 7.38GiB
flash-cloud-bench-api-1 29.58% 111.5MiB / 7.38GiB
flash-cloud-bench-redis-1 12.13% 51.91MiB / 7.38GiB
flash-cloud-bench-pgbouncer-1 8.49% 1.586MiB / 7.38GiB
flash-cloud-bench-postgres-1 84.73% 185.1MiB / 7.38GiB
flash-cloud-bench-kafka-1 1.74% 951.4MiB / 7.38GiB
flash-cloud-bench-prometheus-1 0.00% 43.52MiB / 7.38GiB
Wed Sep  9 02:51:26 AM UTC 2026
flash-cloud-bench-maintenance-1 1.14% 34.99MiB / 7.38GiB
flash-cloud-bench-publisher-1 0.72% 35MiB / 7.38GiB
flash-cloud-bench-reconciler-1 0.76% 34.72MiB / 7.38GiB
flash-cloud-bench-simulator-1 4.12% 34.75MiB / 7.38GiB
flash-cloud-bench-consumer-1 0.57% 34.99MiB / 7.38GiB
flash-cloud-bench-api-1 0.62% 111.5MiB / 7.38GiB
flash-cloud-bench-redis-1 30.10% 51.59MiB / 7.38GiB
flash-cloud-bench-pgbouncer-1 1.86% 1.602MiB / 7.38GiB
flash-cloud-bench-postgres-1 3.59% 185.1MiB / 7.38GiB
flash-cloud-bench-kafka-1 0.64% 951.4MiB / 7.38GiB
flash-cloud-bench-prometheus-1 0.00% 43.61MiB / 7.38GiB
Wed Sep  9 02:51:38 AM UTC 2026
flash-cloud-bench-maintenance-1 1.47% 34.99MiB / 7.38GiB
flash-cloud-bench-publisher-1 0.73% 35MiB / 7.38GiB
flash-cloud-bench-reconciler-1 23.89% 34.73MiB / 7.38GiB
flash-cloud-bench-simulator-1 3.17% 34.75MiB / 7.38GiB
flash-cloud-bench-consumer-1 0.35% 34.99MiB / 7.38GiB
flash-cloud-bench-api-1 0.09% 111.5MiB / 7.38GiB
flash-cloud-bench-redis-1 16.77% 51.8MiB / 7.38GiB
flash-cloud-bench-pgbouncer-1 6.41% 1.582MiB / 7.38GiB
flash-cloud-bench-postgres-1 15.02% 185.1MiB / 7.38GiB
flash-cloud-bench-kafka-1 0.55% 951.4MiB / 7.38GiB
flash-cloud-bench-prometheus-1 0.39% 43.73MiB / 7.38GiB
Wed Sep  9 02:51:50 AM UTC 2026
flash-cloud-bench-maintenance-1 1.15% 34.99MiB / 7.38GiB
flash-cloud-bench-publisher-1 0.77% 35MiB / 7.38GiB
flash-cloud-bench-reconciler-1 0.76% 34.72MiB / 7.38GiB
flash-cloud-bench-simulator-1 3.98% 34.75MiB / 7.38GiB
flash-cloud-bench-consumer-1 0.31% 34.99MiB / 7.38GiB
flash-cloud-bench-api-1 1.32% 113.1MiB / 7.38GiB
flash-cloud-bench-redis-1 0.39% 51.59MiB / 7.38GiB
flash-cloud-bench-pgbouncer-1 1.84% 1.582MiB / 7.38GiB
flash-cloud-bench-postgres-1 9.01% 184.8MiB / 7.38GiB
flash-cloud-bench-kafka-1 0.59% 951.5MiB / 7.38GiB
flash-cloud-bench-prometheus-1 0.00% 43.98MiB / 7.38GiB
Wed Sep  9 02:52:02 AM UTC 2026
flash-cloud-bench-maintenance-1 1.23% 34.98MiB / 7.38GiB
flash-cloud-bench-publisher-1 1.11% 35MiB / 7.38GiB
flash-cloud-bench-reconciler-1 6.59% 34.72MiB / 7.38GiB
flash-cloud-bench-simulator-1 3.77% 34.75MiB / 7.38GiB
flash-cloud-bench-consumer-1 0.24% 34.99MiB / 7.38GiB
flash-cloud-bench-api-1 0.11% 111.6MiB / 7.38GiB
flash-cloud-bench-redis-1 4.14% 51.76MiB / 7.38GiB
flash-cloud-bench-pgbouncer-1 3.06% 1.594MiB / 7.38GiB
flash-cloud-bench-postgres-1 12.23% 184.8MiB / 7.38GiB
flash-cloud-bench-kafka-1 28.36% 968MiB / 7.38GiB
flash-cloud-bench-prometheus-1 0.37% 44MiB / 7.38GiB
Wed Sep  9 02:52:14 AM UTC 2026
flash-cloud-bench-maintenance-1 1.42% 34.98MiB / 7.38GiB
flash-cloud-bench-publisher-1 0.94% 35MiB / 7.38GiB
flash-cloud-bench-reconciler-1 17.49% 34.73MiB / 7.38GiB
flash-cloud-bench-simulator-1 3.16% 34.75MiB / 7.38GiB
flash-cloud-bench-consumer-1 0.16% 34.99MiB / 7.38GiB
flash-cloud-bench-api-1 0.11% 111.6MiB / 7.38GiB
flash-cloud-bench-redis-1 11.50% 51.81MiB / 7.38GiB
flash-cloud-bench-pgbouncer-1 5.38% 1.598MiB / 7.38GiB
flash-cloud-bench-postgres-1 17.81% 184.8MiB / 7.38GiB
flash-cloud-bench-kafka-1 174.05% 1010MiB / 7.38GiB
flash-cloud-bench-prometheus-1 0.12% 44MiB / 7.38GiB
Wed Sep  9 02:52:27 AM UTC 2026
flash-cloud-bench-maintenance-1 1.26% 34.99MiB / 7.38GiB
flash-cloud-bench-publisher-1 0.86% 35MiB / 7.38GiB
flash-cloud-bench-reconciler-1 1.12% 34.72MiB / 7.38GiB
flash-cloud-bench-simulator-1 3.27% 34.75MiB / 7.38GiB
flash-cloud-bench-consumer-1 0.23% 34.99MiB / 7.38GiB
flash-cloud-bench-api-1 0.12% 111.6MiB / 7.38GiB
flash-cloud-bench-redis-1 11.07% 53.18MiB / 7.38GiB
flash-cloud-bench-pgbouncer-1 1.82% 1.586MiB / 7.38GiB
flash-cloud-bench-postgres-1 9.18% 184.8MiB / 7.38GiB
flash-cloud-bench-kafka-1 96.21% 951.5MiB / 7.38GiB
flash-cloud-bench-prometheus-1 0.12% 44MiB / 7.38GiB
Wed Sep  9 02:52:39 AM UTC 2026
flash-cloud-bench-maintenance-1 1.24% 34.98MiB / 7.38GiB
flash-cloud-bench-publisher-1 0.84% 35MiB / 7.38GiB
flash-cloud-bench-reconciler-1 27.24% 34.72MiB / 7.38GiB
flash-cloud-bench-simulator-1 3.76% 34.75MiB / 7.38GiB
flash-cloud-bench-consumer-1 0.34% 34.99MiB / 7.38GiB
flash-cloud-bench-api-1 29.54% 111.6MiB / 7.38GiB
flash-cloud-bench-redis-1 19.37% 51.79MiB / 7.38GiB
flash-cloud-bench-pgbouncer-1 7.13% 1.586MiB / 7.38GiB
flash-cloud-bench-postgres-1 21.92% 184.8MiB / 7.38GiB
flash-cloud-bench-kafka-1 1.16% 951.5MiB / 7.38GiB
flash-cloud-bench-prometheus-1 0.37% 44.01MiB / 7.38GiB
Wed Sep  9 02:52:51 AM UTC 2026
flash-cloud-bench-maintenance-1 1.10% 34.99MiB / 7.38GiB
flash-cloud-bench-publisher-1 0.69% 35MiB / 7.38GiB
flash-cloud-bench-reconciler-1 0.66% 34.72MiB / 7.38GiB
flash-cloud-bench-simulator-1 3.81% 34.75MiB / 7.38GiB
flash-cloud-bench-consumer-1 0.59% 34.99MiB / 7.38GiB
flash-cloud-bench-api-1 0.61% 111.6MiB / 7.38GiB
flash-cloud-bench-redis-1 0.37% 51.57MiB / 7.38GiB
flash-cloud-bench-pgbouncer-1 1.78% 1.59MiB / 7.38GiB
flash-cloud-bench-postgres-1 3.51% 184.8MiB / 7.38GiB
flash-cloud-bench-kafka-1 0.58% 951.5MiB / 7.38GiB
flash-cloud-bench-prometheus-1 0.00% 44.01MiB / 7.38GiB
Wed Sep  9 02:53:03 AM UTC 2026
flash-cloud-bench-maintenance-1 1.61% 34.99MiB / 7.38GiB
flash-cloud-bench-publisher-1 1.04% 35MiB / 7.38GiB
flash-cloud-bench-reconciler-1 0.77% 34.72MiB / 7.38GiB
flash-cloud-bench-simulator-1 4.04% 34.75MiB / 7.38GiB
flash-cloud-bench-consumer-1 0.34% 34.99MiB / 7.38GiB
flash-cloud-bench-api-1 0.10% 111.6MiB / 7.38GiB
flash-cloud-bench-redis-1 0.40% 51.78MiB / 7.38GiB
flash-cloud-bench-pgbouncer-1 1.74% 1.582MiB / 7.38GiB
flash-cloud-bench-postgres-1 4.01% 184.8MiB / 7.38GiB
flash-cloud-bench-kafka-1 0.52% 951.5MiB / 7.38GiB
flash-cloud-bench-prometheus-1 0.15% 44.01MiB / 7.38GiB
Wed Sep  9 02:53:15 AM UTC 2026
flash-cloud-bench-maintenance-1 1.30% 34.98MiB / 7.38GiB
flash-cloud-bench-publisher-1 0.78% 35MiB / 7.38GiB
flash-cloud-bench-reconciler-1 21.09% 34.73MiB / 7.38GiB
flash-cloud-bench-simulator-1 3.58% 34.75MiB / 7.38GiB
flash-cloud-bench-consumer-1 0.40% 34.99MiB / 7.38GiB
flash-cloud-bench-api-1 0.10% 111.6MiB / 7.38GiB
flash-cloud-bench-redis-1 14.56% 51.81MiB / 7.38GiB
flash-cloud-bench-pgbouncer-1 6.10% 1.586MiB / 7.38GiB
flash-cloud-bench-postgres-1 14.28% 184.8MiB / 7.38GiB
flash-cloud-bench-kafka-1 0.56% 951.5MiB / 7.38GiB
flash-cloud-bench-prometheus-1 0.00% 44.02MiB / 7.38GiB
Wed Sep  9 02:53:27 AM UTC 2026
flash-cloud-bench-maintenance-1 1.17% 34.98MiB / 7.38GiB
flash-cloud-bench-publisher-1 0.76% 35MiB / 7.38GiB
flash-cloud-bench-reconciler-1 1.05% 34.72MiB / 7.38GiB
flash-cloud-bench-simulator-1 4.21% 34.75MiB / 7.38GiB
flash-cloud-bench-consumer-1 0.30% 34.99MiB / 7.38GiB
flash-cloud-bench-api-1 15.38% 111.6MiB / 7.38GiB
flash-cloud-bench-redis-1 0.40% 51.64MiB / 7.38GiB
flash-cloud-bench-pgbouncer-1 1.91% 1.605MiB / 7.38GiB
flash-cloud-bench-postgres-1 3.83% 185.1MiB / 7.38GiB
flash-cloud-bench-kafka-1 0.68% 951.6MiB / 7.38GiB
flash-cloud-bench-prometheus-1 0.14% 44.03MiB / 7.38GiB
Wed Sep  9 02:53:39 AM UTC 2026
flash-cloud-bench-maintenance-1 1.17% 34.99MiB / 7.38GiB
flash-cloud-bench-publisher-1 0.75% 35MiB / 7.38GiB
flash-cloud-bench-reconciler-1 27.09% 34.97MiB / 7.38GiB
flash-cloud-bench-simulator-1 3.55% 34.75MiB / 7.38GiB
flash-cloud-bench-consumer-1 0.19% 34.99MiB / 7.38GiB
flash-cloud-bench-api-1 0.10% 111MiB / 7.38GiB
flash-cloud-bench-redis-1 19.29% 51.79MiB / 7.38GiB
flash-cloud-bench-pgbouncer-1 7.23% 1.586MiB / 7.38GiB
flash-cloud-bench-postgres-1 16.77% 184.8MiB / 7.38GiB
flash-cloud-bench-kafka-1 0.54% 951.6MiB / 7.38GiB
flash-cloud-bench-prometheus-1 0.41% 44.03MiB / 7.38GiB
Wed Sep  9 02:53:51 AM UTC 2026
flash-cloud-bench-maintenance-1 0.97% 34.99MiB / 7.38GiB
flash-cloud-bench-publisher-1 0.67% 35MiB / 7.38GiB
flash-cloud-bench-reconciler-1 0.66% 34.72MiB / 7.38GiB
flash-cloud-bench-simulator-1 3.78% 34.75MiB / 7.38GiB
flash-cloud-bench-consumer-1 0.32% 34.99MiB / 7.38GiB
flash-cloud-bench-api-1 0.61% 83.77MiB / 7.38GiB
flash-cloud-bench-redis-1 0.36% 51.57MiB / 7.38GiB
flash-cloud-bench-pgbouncer-1 1.80% 1.582MiB / 7.38GiB
flash-cloud-bench-postgres-1 3.60% 182.1MiB / 7.38GiB
flash-cloud-bench-kafka-1 0.53% 951.6MiB / 7.38GiB
flash-cloud-bench-prometheus-1 0.20% 36.99MiB / 7.38GiB
Wed Sep  9 02:54:03 AM UTC 2026
flash-cloud-bench-maintenance-1 1.55% 34.99MiB / 7.38GiB
flash-cloud-bench-publisher-1 0.76% 35MiB / 7.38GiB
flash-cloud-bench-reconciler-1 0.72% 34.72MiB / 7.38GiB
flash-cloud-bench-simulator-1 3.77% 34.75MiB / 7.38GiB
flash-cloud-bench-consumer-1 0.37% 34.99MiB / 7.38GiB
flash-cloud-bench-api-1 23.36% 95.97MiB / 7.38GiB
flash-cloud-bench-redis-1 0.38% 51.81MiB / 7.38GiB
flash-cloud-bench-pgbouncer-1 1.77% 1.586MiB / 7.38GiB
flash-cloud-bench-postgres-1 3.81% 182.1MiB / 7.38GiB
flash-cloud-bench-kafka-1 0.52% 951.6MiB / 7.38GiB
flash-cloud-bench-prometheus-1 0.36% 36.99MiB / 7.38GiB
Wed Sep  9 02:54:15 AM UTC 2026
flash-cloud-bench-maintenance-1 1.31% 34.99MiB / 7.38GiB
flash-cloud-bench-publisher-1 0.76% 35MiB / 7.38GiB
flash-cloud-bench-reconciler-1 23.13% 34.73MiB / 7.38GiB
flash-cloud-bench-simulator-1 3.64% 34.75MiB / 7.38GiB
flash-cloud-bench-consumer-1 0.41% 34.99MiB / 7.38GiB
flash-cloud-bench-api-1 0.09% 83.77MiB / 7.38GiB
flash-cloud-bench-redis-1 15.74% 51.74MiB / 7.38GiB
flash-cloud-bench-pgbouncer-1 6.53% 1.582MiB / 7.38GiB
flash-cloud-bench-postgres-1 15.51% 182.1MiB / 7.38GiB
flash-cloud-bench-kafka-1 0.54% 951.7MiB / 7.38GiB
flash-cloud-bench-prometheus-1 0.00% 36.99MiB / 7.38GiB
